product,timestamp,split,model,iterations,convergence_gap,active_nodes,operator_scale,operator_norm,contraction_bound
n95,2020-04-01 00:00:00+00:00,calibration,ACM-4 (coupled),6,6.287621802786303e-05,6,0.9950009164681578,1.3366336633663365,0.36122697312326535
n95,2020-04-23 00:00:00+00:00,calibration,ACM-4 (coupled),4,1.7108606482629796e-06,1503,0.09438105431486063,1.3366336633663367,0.3612269731232654
n95,2020-04-25 00:00:00+00:00,calibration,ACM-4 (coupled),3,5.4864783407548856e-05,1770,0.08635859367604602,1.3366336633663367,0.3612269731232654
n95,2020-04-29 00:00:00+00:00,calibration,ACM-4 (coupled),3,5.502996146605765e-05,2141,0.07887828703093842,1.3366336633663367,0.3612269731232654
n95,2020-05-01 00:00:00+00:00,calibration,ACM-4 (coupled),3,2.1981092271139424e-05,2321,0.07586145361854081,1.3366336633663367,0.3612269731232654
n95,2020-05-08 00:00:00+00:00,calibration,ACM-4 (coupled),3,2.6711959311309652e-05,2388,0.0748510300504464,1.336633663366337,0.36122697312326546
n95,2020-05-15 00:00:00+00:00,calibration,ACM-4 (coupled),3,3.243280235049051e-05,2405,0.074650428232279,1.3366336633663367,0.3612269731232654
n95,2020-05-18 00:00:00+00:00,calibration,ACM-4 (coupled),3,2.382175363291328e-05,2409,0.07461502949463107,1.3366336633663367,0.3612269731232654
n95,2020-05-25 00:00:00+00:00,calibration,ACM-4 (coupled),3,2.757770046102337e-05,2423,0.0743988129779527,1.3366336633663365,0.36122697312326535
n95,2020-05-26 00:00:00+00:00,calibration,ACM-4 (coupled),3,3.8336019741957994e-05,2424,0.07439384407844513,1.3366336633663367,0.3612269731232654
n95,2020-05-26 00:00:00+00:00,calibration,ACM-4 (coupled),3,3.431940013398638e-05,2424,0.07439384407844513,1.3366336633663367,0.3612269731232654
n95,2020-05-26 00:00:00+00:00,calibration,ACM-4 (coupled),1,5.830587825328415e-07,2424,0.07439384407844513,1.3366336633663367,0.3612269731232654
n95,2020-05-26 00:00:00+00:00,calibration,ACM-4 (coupled),3,3.565708281838553e-05,2424,0.07439384407844513,1.3366336633663367,0.3612269731232654
n95,2020-05-26 00:00:00+00:00,calibration,ACM-4 (coupled),3,3.566632922202828e-05,2424,0.07439384407844513,1.3366336633663367,0.3612269731232654
n95,2020-05-26 00:00:00+00:00,calibration,ACM-4 (coupled),3,3.549403823360775e-05,2424,0.07439384407844513,1.3366336633663367,0.3612269731232654
n95,2020-05-26 00:00:00+00:00,calibration,ACM-4 (coupled),3,3.4991577337217805e-05,2424,0.07439384407844513,1.3366336633663367,0.3612269731232654
n95,2020-05-26 00:00:00+00:00,calibration,ACM-4 (coupled),3,3.5200524634515507e-05,2424,0.07439384407844513,1.3366336633663367,0.3612269731232654
n95,2020-05-26 00:00:00+00:00,calibration,ACM-4 (coupled),3,1.0264752571431668e-05,2424,0.07439384407844513,1.3366336633663367,0.3612269731232654
n95,2020-05-26 00:00:00+00:00,calibration,ACM-4 (coupled),3,2.4101141414656357e-05,2424,0.07439384407844513,1.3366336633663367,0.3612269731232654
n95,2020-05-26 00:00:00+00:00,calibration,ACM-4 (coupled),3,3.553574594472586e-05,2424,0.07439384407844513,1.3366336633663367,0.3612269731232654
n95,2020-05-27 00:00:00+00:00,calibration,ACM-4 (coupled),3,3.6400320489682336e-05,2426,0.07435472192807391,1.3366336633663365,0.36122697312326535
n95,2020-05-27 00:00:00+00:00,calibration,ACM-4 (coupled),3,2.8011679115869104e-05,2426,0.07435472192807391,1.3366336633663365,0.36122697312326535
n95,2020-05-27 00:00:00+00:00,calibration,ACM-4 (coupled),3,3.4288021033168636e-05,2426,0.07435472192807391,1.3366336633663365,0.36122697312326535
n95,2020-05-27 00:00:00+00:00,calibration,ACM-4 (coupled),3,3.40584601631333e-05,2426,0.07435472192807391,1.3366336633663365,0.36122697312326535
n95,2020-05-27 00:00:00+00:00,calibration,ACM-4 (coupled),3,3.6152916568665816e-05,2426,0.07435472192807391,1.3366336633663365,0.36122697312326535
n95,2020-05-27 00:00:00+00:00,calibration,ACM-4 (coupled),3,3.4955293497007656e-05,2426,0.07435472192807391,1.3366336633663365,0.36122697312326535
n95,2020-05-27 00:00:00+00:00,calibration,ACM-4 (coupled),1,4.423242931728133e-05,2426,0.07435472192807391,1.3366336633663365,0.36122697312326535
n95,2020-05-27 00:00:00+00:00,calibration,ACM-4 (coupled),3,3.563521096155986e-05,2426,0.07435472192807391,1.3366336633663365,0.36122697312326535
n95,2020-05-27 00:00:00+00:00,calibration,ACM-4 (coupled),3,3.56255873835698e-05,2426,0.07435472192807391,1.3366336633663365,0.36122697312326535
n95,2020-05-27 00:00:00+00:00,calibration,ACM-4 (coupled),3,3.5634797872496904e-05,2426,0.07435472192807391,1.3366336633663365,0.36122697312326535
n95,2020-05-28 00:00:00+00:00,calibration,ACM-4 (coupled),3,4.453337830867543e-05,2427,0.0743497568004257,1.3366336633663367,0.3612269731232654
n95,2020-05-28 00:00:00+00:00,calibration,ACM-4 (coupled),1,2.8785195932412577e-06,2427,0.0743497568004257,1.3366336633663367,0.3612269731232654
n95,2020-05-28 00:00:00+00:00,calibration,ACM-4 (coupled),3,3.563023354952177e-05,2427,0.0743497568004257,1.3366336633663367,0.3612269731232654
n95,2020-05-28 00:00:00+00:00,calibration,ACM-4 (coupled),3,3.5620592660545736e-05,2427,0.0743497568004257,1.3366336633663367,0.3612269731232654
n95,2020-05-28 00:00:00+00:00,calibration,ACM-4 (coupled),1,1.9190131081980866e-06,2427,0.0743497568004257,1.3366336633663367,0.3612269731232654
n95,2020-05-28 00:00:00+00:00,calibration,ACM-4 (coupled),1,6.845888312889681e-05,2427,0.0743497568004257,1.3366336633663367,0.3612269731232654
n95,2020-05-28 00:00:00+00:00,calibration,ACM-4 (coupled),1,6.826423699413109e-05,2427,0.0743497568004257,1.3366336633663367,0.3612269731232654
n95,2020-05-28 00:00:00+00:00,calibration,ACM-4 (coupled),1,5.3873147304539515e-05,2427,0.0743497568004257,1.3366336633663367,0.3612269731232654
n95,2020-05-28 00:00:00+00:00,calibration,ACM-4 (coupled),3,3.56322940981979e-05,2427,0.0743497568004257,1.3366336633663367,0.3612269731232654
n95,2020-05-28 00:00:00+00:00,calibration,ACM-4 (coupled),3,2.7786094414894436e-05,2427,0.0743497568004257,1.3366336633663367,0.3612269731232654
n95,2020-05-28 00:00:00+00:00,calibration,ACM-4 (coupled),3,3.6215779653125946e-05,2427,0.0743497568004257,1.3366336633663367,0.3612269731232654
n95,2020-05-28 00:00:00+00:00,calibration,ACM-4 (coupled),3,3.617708297198874e-05,2427,0.0743497568004257,1.3366336633663367,0.3612269731232654
n95,2020-05-28 00:00:00+00:00,calibration,ACM-4 (coupled),3,2.773219748780642e-05,2427,0.0743497568004257,1.3366336633663367,0.3612269731232654
n95,2020-05-28 00:00:00+00:00,calibration,ACM-4 (coupled),3,3.562193787387535e-05,2427,0.0743497568004257,1.3366336633663367,0.3612269731232654
n95,2020-05-28 00:00:00+00:00,calibration,ACM-4 (coupled),1,4.477701907168452e-05,2427,0.0743497568004257,1.3366336633663367,0.3612269731232654
n95,2020-05-28 00:00:00+00:00,calibration,ACM-4 (coupled),1,4.125131896737244e-05,2427,0.0743497568004257,1.3366336633663367,0.3612269731232654
n95,2020-05-29 00:00:00+00:00,calibration,ACM-4 (coupled),3,3.717582430462496e-05,2429,0.07431487728445564,1.3366336633663367,0.3612269731232654
n95,2020-05-29 00:00:00+00:00,calibration,ACM-4 (coupled),3,3.694788603769705e-05,2429,0.07431487728445564,1.3366336633663367,0.3612269731232654
n95,2020-05-30 00:00:00+00:00,calibration,ACM-4 (coupled),3,4.7711725558730045e-05,2449,0.07397274883226027,1.3366336633663365,0.36122697312326535
n95,2020-05-30 00:00:00+00:00,calibration,ACM-4 (coupled),1,5.1875012908930707e-05,2449,0.07397274883226027,1.3366336633663365,0.36122697312326535
n95,2020-05-30 00:00:00+00:00,calibration,ACM-4 (coupled),1,5.14977779452197e-05,2449,0.07397274883226027,1.3366336633663365,0.36122697312326535
n95,2020-05-30 00:00:00+00:00,calibration,ACM-4 (coupled),1,6.477433010854128e-06,2449,0.07397274883226027,1.3366336633663365,0.36122697312326535
n95,2020-05-30 00:00:00+00:00,calibration,ACM-4 (coupled),1,1.5548429901368621e-06,2449,0.07397274883226027,1.3366336633663365,0.36122697312326535
n95,2020-05-30 00:00:00+00:00,calibration,ACM-4 (coupled),1,1.2140912586167119e-05,2449,0.07397274883226027,1.3366336633663365,0.36122697312326535
n95,2020-05-30 00:00:00+00:00,calibration,ACM-4 (coupled),1,1.3490758643763812e-05,2449,0.07397274883226027,1.3366336633663365,0.36122697312326535
n95,2020-05-30 00:00:00+00:00,calibration,ACM-4 (coupled),1,4.399570983060208e-05,2449,0.07397274883226027,1.3366336633663365,0.36122697312326535
n95,2020-05-30 00:00:00+00:00,calibration,ACM-4 (coupled),1,3.6297729122614086e-05,2449,0.07397274883226027,1.3366336633663365,0.36122697312326535
n95,2020-05-31 00:00:00+00:00,calibration,ACM-4 (coupled),3,1.4323554211992384e-05,2451,0.07393425143211398,1.3366336633663367,0.3612269731232654
n95,2020-06-02 00:00:00+00:00,calibration,ACM-4 (coupled),3,3.3658198001607076e-05,2452,0.07390464650527206,1.3366336633663367,0.3612269731232654
n95,2020-06-02 00:00:00+00:00,calibration,ACM-4 (coupled),3,3.5431265945573553e-05,2452,0.07390464650527206,1.3366336633663367,0.3612269731232654
n95,2020-06-04 00:00:00+00:00,calibration,ACM-4 (coupled),3,3.666224136700258e-05,2452,0.07390464650527206,1.3366336633663367,0.3612269731232654
n95,2020-06-05 00:00:00+00:00,calibration,ACM-4 (coupled),3,4.272739447269691e-05,2464,0.07376959268409629,1.3366336633663367,0.3612269731232654
n95,2020-06-10 00:00:00+00:00,calibration,ACM-4 (coupled),3,1.76681244850041e-05,2484,0.07351291511615592,1.3366336633663365,0.36122697312326535
n95,2020-06-19 00:00:00+00:00,calibration,ACM-4 (coupled),3,4.8406922229626836e-05,2544,0.07262948656201176,1.3366336633663367,0.3612269731232654
n95,2020-06-22 00:00:00+00:00,calibration,ACM-4 (coupled),3,3.4764337682569035e-05,2548,0.07259462616140665,1.3366336633663367,0.3612269731232654
n95,2020-06-23 00:00:00+00:00,calibration,ACM-4 (coupled),3,2.3696542291673506e-05,2548,0.07259462616140665,1.3366336633663367,0.3612269731232654
n95,2020-06-23 00:00:00+00:00,calibration,ACM-4 (coupled),3,2.378571740380142e-05,2548,0.07259462616140665,1.3366336633663367,0.3612269731232654
n95,2020-06-25 00:00:00+00:00,calibration,ACM-4 (coupled),3,3.8589332056027104e-05,2551,0.07255526149501226,1.3366336633663365,0.36122697312326535
n95,2020-06-25 00:00:00+00:00,calibration,ACM-4 (coupled),3,2.6385150895091858e-05,2551,0.07255526149501226,1.3366336633663365,0.36122697312326535
n95,2020-07-08 00:00:00+00:00,validation,ACM-4 (coupled),3,4.158217451533108e-05,2458,0.0737753331382254,1.3366336633663365,0.36122697312326535
n95,2020-07-21 00:00:00+00:00,validation,ACM-4 (coupled),3,5.4549501283196467e-05,1483,0.09559334219277675,1.3366336633663367,0.3612269731232654
n95,2020-07-29 01:25:02.054000+00:00,validation,ACM-4 (coupled),3,9.821185760944262e-05,828,0.127964228028874,1.3366336633663367,0.3612269731232654
n95,2020-07-29 01:25:05.569000+00:00,validation,ACM-4 (coupled),1,5.710580453621716e-06,828,0.127964228028874,1.3366336633663367,0.3612269731232654
n95,2020-07-29 01:25:10.323000+00:00,validation,ACM-4 (coupled),2,2.3461700439764144e-05,828,0.127964228028874,1.3366336633663367,0.3612269731232654
n95,2020-08-09 17:40:00.001000+00:00,validation,ACM-4 (coupled),4,3.69047563514302e-06,701,0.1385557094866209,1.3366336633663365,0.36122697312326535
n95,2020-09-17 14:49:15.387000+00:00,validation,ACM-4 (coupled),5,2.0998936605898244e-05,165,0.27526755770475075,1.336633663366337,0.36122697312326546
n95,2020-09-29 20:29:37.026000+00:00,validation,ACM-4 (coupled),4,9.762260336923512e-05,127,0.3100807155214794,1.3366336633663367,0.3612269731232654
n95,2020-09-29 20:30:29.173000+00:00,validation,ACM-4 (coupled),4,9.040659373904525e-06,127,0.3100807155214794,1.3366336633663367,0.3612269731232654
n95,2020-09-29 20:31:16.085000+00:00,validation,ACM-4 (coupled),2,6.887611521344539e-05,127,0.3100807155214794,1.3366336633663367,0.3612269731232654
n95,2020-09-29 20:36:42.596000+00:00,validation,ACM-4 (coupled),3,9.231473931653467e-05,127,0.3100807155214794,1.3366336633663367,0.3612269731232654
n95,2020-09-29 20:38:04.726000+00:00,validation,ACM-4 (coupled),2,1.3767010160314896e-05,127,0.3100807155214794,1.3366336633663367,0.3612269731232654
n95,2020-09-29 20:53:56.482000+00:00,validation,ACM-4 (coupled),3,1.0445324350683016e-05,127,0.3100807155214794,1.3366336633663367,0.3612269731232654
n95,2020-09-29 21:08:09.906000+00:00,validation,ACM-4 (coupled),3,7.51701798035187e-06,127,0.3100807155214794,1.3366336633663367,0.3612269731232654
n95,2020-09-29 21:09:49.881000+00:00,validation,ACM-4 (coupled),2,1.372529759230412e-05,127,0.3100807155214794,1.3366336633663367,0.3612269731232654
n95,2020-09-29 21:23:06.803000+00:00,validation,ACM-4 (coupled),2,8.233768445320422e-05,127,0.3100807155214794,1.3366336633663367,0.3612269731232654
n95,2020-09-29 21:42:25.341000+00:00,validation,ACM-4 (coupled),3,1.558374856500122e-05,127,0.3100807155214794,1.3366336633663367,0.3612269731232654
n95,2020-09-29 22:15:57.843000+00:00,validation,ACM-4 (coupled),4,4.646017385442902e-05,127,0.3100807155214794,1.3366336633663367,0.3612269731232654
n95,2020-10-06 05:38:05.418000+00:00,validation,ACM-4 (coupled),5,8.895168422062838e-06,121,0.31790008067821096,1.3366336633663365,0.36122697312326535
n95,2020-11-25 01:20:47.032000+00:00,validation,ACM-4 (coupled),6,2.698657037336627e-05,72,0.4353458902464323,1.3366336633663367,0.3612269731232654
n95,2020-11-25 01:23:40.217000+00:00,validation,ACM-4 (coupled),1,4.171183762280428e-06,72,0.4353458902464323,1.3366336633663367,0.3612269731232654
n95,2020-11-25 01:24:35.287000+00:00,validation,ACM-4 (coupled),1,8.826738585321348e-07,72,0.4353458902464323,1.3366336633663367,0.3612269731232654
n95,2020-11-25 01:25:34.362000+00:00,validation,ACM-4 (coupled),1,1.5174127790396064e-07,72,0.4353458902464323,1.3366336633663367,0.3612269731232654
n95,2020-11-25 01:27:43.049000+00:00,validation,ACM-4 (coupled),1,2.986770497592772e-08,72,0.4353458902464323,1.3366336633663367,0.3612269731232654
n95,2020-11-25 01:28:07.488000+00:00,validation,ACM-4 (coupled),1,5.377442768850216e-09,72,0.4353458902464323,1.3366336633663367,0.3612269731232654
n95,2020-11-25 01:28:52.014000+00:00,validation,ACM-4 (coupled),1,1.0262930505433587e-09,72,0.4353458902464323,1.3366336633663367,0.3612269731232654
n95,2020-11-25 01:36:47.434000+00:00,validation,ACM-4 (coupled),1,1.885057943074031e-10,72,0.4353458902464323,1.3366336633663367,0.3612269731232654
n95,2020-11-25 01:37:14.960000+00:00,validation,ACM-4 (coupled),1,3.550396088236596e-11,72,0.4353458902464323,1.3366336633663367,0.3612269731232654
n95,2020-11-25 01:47:05.219000+00:00,validation,ACM-4 (coupled),1,6.577710598421049e-12,72,0.4353458902464323,1.3366336633663367,0.3612269731232654
n95,2020-11-25 01:47:33.196000+00:00,validation,ACM-4 (coupled),1,1.2319312236996893e-12,72,0.4353458902464323,1.3366336633663367,0.3612269731232654
n95,2020-11-25 01:47:58.953000+00:00,validation,ACM-4 (coupled),1,2.290390099801698e-13,72,0.4353458902464323,1.3366336633663367,0.3612269731232654
n95,2020-11-25 01:51:36.992000+00:00,validation,ACM-4 (coupled),1,4.2799097599299785e-14,72,0.4353458902464323,1.3366336633663367,0.3612269731232654
n95,2020-12-18 04:49:22.924000+00:00,validation,ACM-4 (coupled),6,2.8453752813573097e-05,71,0.44588707060106125,1.3366336633663367,0.3612269731232654
n95,2020-12-18 04:50:14.353000+00:00,validation,ACM-4 (coupled),4,1.3357161752630686e-05,71,0.44588707060106125,1.3366336633663367,0.3612269731232654
n95,2021-01-13 15:06:58.314000+00:00,test,ACM-4 (coupled),5,3.230215155705651e-05,101,0.3601359799123356,1.3366336633663367,0.3612269731232654
n95,2021-01-13 15:08:15.321000+00:00,test,ACM-4 (coupled),3,5.120600985203394e-05,101,0.3601359799123356,1.3366336633663367,0.3612269731232654
n95,2021-01-13 15:09:57.742000+00:00,test,ACM-4 (coupled),3,5.238619910158393e-05,101,0.3601359799123356,1.3366336633663367,0.3612269731232654
n95,2021-01-13 15:10:36.173000+00:00,test,ACM-4 (coupled),3,3.8285052563813426e-05,101,0.3601359799123356,1.3366336633663367,0.3612269731232654
n95,2021-01-18 21:56:33.211000+00:00,test,ACM-4 (coupled),4,8.886499032403905e-05,148,0.3061532246336493,1.3366336633663367,0.3612269731232654
n95,2021-02-24 07:33:27.950000+00:00,test,ACM-4 (coupled),5,9.161408675267824e-06,152,0.29777490010183566,1.3366336633663367,0.3612269731232654
n95,2021-02-25 19:26:49.047000+00:00,test,ACM-4 (coupled),4,3.026492648925891e-05,153,0.2968333680298961,1.3366336633663367,0.3612269731232654
n95,2021-03-02 19:09:23.329000+00:00,test,ACM-4 (coupled),4,3.519129516048325e-05,151,0.29735956032034,1.3366336633663367,0.3612269731232654
n95,2021-03-02 19:46:07.690000+00:00,test,ACM-4 (coupled),3,5.070773106752302e-05,150,0.29848262921605245,1.3366336633663367,0.3612269731232654
n95,2021-03-26 15:22:09.733000+00:00,test,ACM-4 (coupled),4,9.814976153815769e-05,187,0.2617090413434487,1.3366336633663367,0.3612269731232654
n95,2021-04-22 19:21:48.925000+00:00,test,ACM-4 (coupled),5,4.1255005771290154e-05,163,0.2740266834090426,1.336633663366337,0.36122697312326546
n95,2021-05-04 17:00:41.851000+00:00,test,ACM-4 (coupled),5,2.911958203510867e-05,165,0.2735036393090049,1.336633663366337,0.36122697312326546
n95,2021-05-12 21:21:12.575000+00:00,test,ACM-4 (coupled),4,6.0475003857973775e-06,162,0.27439429487111566,1.3366336633663367,0.3612269731232654
surgical_mask,2020-04-05 00:00:00+00:00,calibration,ACM-4 (coupled),7,5.498068869430606e-05,15,0.8196866863860612,1.3366336633663367,0.3612269731232654
surgical_mask,2020-04-24 00:00:00+00:00,calibration,ACM-4 (coupled),4,1.8388794765233918e-06,1279,0.10287991420030251,1.3366336633663367,0.3612269731232654
surgical_mask,2020-04-24 00:00:00+00:00,calibration,ACM-4 (coupled),1,4.129125652507781e-08,1279,0.10287991420030251,1.3366336633663367,0.3612269731232654
surgical_mask,2020-04-25 00:00:00+00:00,calibration,ACM-4 (coupled),3,7.196657395713846e-05,1397,0.09749359153288104,1.3366336633663365,0.36122697312326535
surgical_mask,2020-04-25 00:00:00+00:00,calibration,ACM-4 (coupled),2,3.530131140450088e-05,1397,0.09749359153288104,1.3366336633663365,0.36122697312326535
surgical_mask,2020-04-26 00:00:00+00:00,calibration,ACM-4 (coupled),3,4.436565088961064e-05,1475,0.09479075124106856,1.3366336633663367,0.3612269731232654
surgical_mask,2020-04-27 00:00:00+00:00,calibration,ACM-4 (coupled),3,5.1430216734704715e-05,1538,0.09277452316994257,1.3366336633663367,0.3612269731232654
surgical_mask,2020-04-27 00:00:00+00:00,calibration,ACM-4 (coupled),3,3.8748498344565174e-05,1538,0.09277452316994257,1.3366336633663367,0.3612269731232654
surgical_mask,2020-04-27 00:00:00+00:00,calibration,ACM-4 (coupled),3,3.560361492055408e-05,1538,0.09277452316994257,1.3366336633663367,0.3612269731232654
surgical_mask,2020-04-27 00:00:00+00:00,calibration,ACM-4 (coupled),3,5.145720688176647e-05,1538,0.09277452316994257,1.3366336633663367,0.3612269731232654
surgical_mask,2020-04-27 00:00:00+00:00,calibration,ACM-4 (coupled),3,3.0787832380974045e-05,1538,0.09277452316994257,1.3366336633663367,0.3612269731232654
surgical_mask,2020-04-29 00:00:00+00:00,calibration,ACM-4 (coupled),3,4.86270924744403e-05,1696,0.08837858231778781,1.3366336633663367,0.3612269731232654
surgical_mask,2020-05-06 00:00:00+00:00,calibration,ACM-4 (coupled),3,5.601516732156586e-05,1893,0.08389574448141954,1.3366336633663367,0.3612269731232654
surgical_mask,2020-05-08 00:00:00+00:00,calibration,ACM-4 (coupled),3,3.591622023008112e-05,1900,0.08369871856548428,1.3366336633663365,0.36122697312326535
surgical_mask,2020-05-29 00:00:00+00:00,calibration,ACM-4 (coupled),3,5.32593340969445e-05,1921,0.08328558800600158,1.3366336633663367,0.3612269731232654
surgical_mask,2020-05-29 00:00:00+00:00,calibration,ACM-4 (coupled),1,2.1204314392120338e-05,1921,0.08328558800600158,1.3366336633663367,0.3612269731232654
surgical_mask,2020-06-02 00:00:00+00:00,calibration,ACM-4 (coupled),3,3.104840870615799e-05,1936,0.08301308641330438,1.3366336633663367,0.3612269731232654
surgical_mask,2020-06-02 00:00:00+00:00,calibration,ACM-4 (coupled),1,6.301092967397892e-05,1936,0.08301308641330438,1.3366336633663367,0.3612269731232654
surgical_mask,2020-06-02 00:00:00+00:00,calibration,ACM-4 (coupled),1,7.037302955736902e-05,1936,0.08301308641330438,1.3366336633663367,0.3612269731232654
surgical_mask,2020-06-02 00:00:00+00:00,calibration,ACM-4 (coupled),3,3.579414723797747e-05,1936,0.08301308641330438,1.3366336633663367,0.3612269731232654
surgical_mask,2020-06-03 00:00:00+00:00,calibration,ACM-4 (coupled),3,2.114152699939087e-05,1936,0.08301308641330438,1.3366336633663367,0.3612269731232654
surgical_mask,2020-06-03 00:00:00+00:00,calibration,ACM-4 (coupled),3,2.8117504795865944e-05,1936,0.08301308641330438,1.3366336633663367,0.3612269731232654
surgical_mask,2020-06-05 00:00:00+00:00,calibration,ACM-4 (coupled),3,5.8318842268589854e-05,1952,0.08274806753758256,1.336633663366337,0.36122697312326546
surgical_mask,2020-06-09 00:00:00+00:00,calibration,ACM-4 (coupled),3,2.7122445121152694e-05,1972,0.08233050084189347,1.3366336633663367,0.3612269731232654
surgical_mask,2020-06-11 00:00:00+00:00,calibration,ACM-4 (coupled),3,2.3238424067817398e-05,1996,0.08188707251304733,1.3366336633663367,0.3612269731232654
surgical_mask,2020-06-11 00:00:00+00:00,calibration,ACM-4 (coupled),1,6.810117543154526e-05,1996,0.08188707251304733,1.3366336633663367,0.3612269731232654
surgical_mask,2020-06-11 00:00:00+00:00,calibration,ACM-4 (coupled),1,4.821913962760327e-05,1996,0.08188707251304733,1.3366336633663367,0.3612269731232654
surgical_mask,2020-06-12 00:00:00+00:00,calibration,ACM-4 (coupled),3,2.2351782014207178e-05,2005,0.08161371690625172,1.336633663366337,0.36122697312326546
surgical_mask,2020-06-13 00:00:00+00:00,calibration,ACM-4 (coupled),3,4.679664265128114e-05,2009,0.08145404580348109,1.3366336633663367,0.3612269731232654
surgical_mask,2020-06-15 00:00:00+00:00,calibration,ACM-4 (coupled),3,3.4420503084997556e-05,2012,0.08139339910279672,1.3366336633663367,0.3612269731232654
surgical_mask,2020-06-15 00:00:00+00:00,calibration,ACM-4 (coupled),3,3.2616083891934267e-05,2012,0.08139339910279672,1.3366336633663367,0.3612269731232654
surgical_mask,2020-06-15 00:00:00+00:00,calibration,ACM-4 (coupled),1,3.891997631733091e-06,2012,0.08139339910279672,1.3366336633663367,0.3612269731232654
surgical_mask,2020-06-23 00:00:00+00:00,calibration,ACM-4 (coupled),3,4.651119593501729e-05,2050,0.08075798819209402,1.336633663366337,0.36122697312326546
surgical_mask,2020-06-24 00:00:00+00:00,calibration,ACM-4 (coupled),3,3.962400145185452e-05,2054,0.08066543743170757,1.3366336633663367,0.3612269731232654
surgical_mask,2020-06-25 00:00:00+00:00,calibration,ACM-4 (coupled),3,4.046497774912172e-05,2058,0.08063110727195938,1.3366336633663367,0.3612269731232654
surgical_mask,2020-06-25 00:00:00+00:00,calibration,ACM-4 (coupled),3,3.2500532641588364e-05,2058,0.08063110727195938,1.3366336633663367,0.3612269731232654
surgical_mask,2020-07-07 00:00:00+00:00,validation,ACM-4 (coupled),3,4.74619182860847e-05,2041,0.08075977117224396,1.3366336633663367,0.3612269731232654
surgical_mask,2020-07-07 00:00:00+00:00,validation,ACM-4 (coupled),3,3.275958118709177e-05,2041,0.08075977117224396,1.3366336633663367,0.3612269731232654
surgical_mask,2020-07-10 00:00:00+00:00,validation,ACM-4 (coupled),3,4.592227790112258e-05,1849,0.08482260180542756,1.3366336633663367,0.3612269731232654
surgical_mask,2020-07-13 00:00:00+00:00,validation,ACM-4 (coupled),3,5.7573937145116716e-05,1693,0.08921255771812953,1.3366336633663367,0.3612269731232654
surgical_mask,2020-07-29 01:25:02.054000+00:00,validation,ACM-4 (coupled),4,3.080705253177829e-06,625,0.14517738833197127,1.3366336633663367,0.3612269731232654
surgical_mask,2020-08-04 03:58:56.007000+00:00,validation,ACM-4 (coupled),3,6.856931037046987e-05,520,0.15953987332816727,1.3366336633663367,0.3612269731232654
surgical_mask,2020-08-09 17:40:00.001000+00:00,validation,ACM-4 (coupled),4,3.7505444086538553e-06,518,0.15928934094680713,1.3366336633663367,0.3612269731232654
surgical_mask,2020-10-05 20:57:26.215000+00:00,validation,ACM-4 (coupled),6,3.033181814199315e-05,70,0.42585273945432395,1.3366336633663367,0.3612269731232654
surgical_mask,2020-10-05 21:04:13.973000+00:00,validation,ACM-4 (coupled),3,4.37628690735381e-05,70,0.42585273945432395,1.3366336633663367,0.3612269731232654
surgical_mask,2020-10-06 05:38:05.418000+00:00,validation,ACM-4 (coupled),5,3.485456381802088e-05,71,0.42419049919633145,1.3366336633663367,0.3612269731232654
surgical_mask,2020-12-02 21:25:06.171000+00:00,validation,ACM-4 (coupled),7,3.344911850178267e-05,37,0.6021431232306453,1.3366336633663367,0.3612269731232654
surgical_mask,2020-12-03 18:19:01.251000+00:00,validation,ACM-4 (coupled),5,6.13109637199738e-05,36,0.606333256450733,1.3366336633663367,0.3612269731232654
surgical_mask,2020-12-18 04:45:07.644000+00:00,validation,ACM-4 (coupled),6,7.463526913770169e-05,39,0.5831589645782445,1.3366336633663367,0.3612269731232654
surgical_mask,2020-12-18 04:49:22.924000+00:00,validation,ACM-4 (coupled),3,4.634733938008173e-05,39,0.5831589645782445,1.3366336633663367,0.3612269731232654
surgical_mask,2020-12-18 04:49:46.143000+00:00,validation,ACM-4 (coupled),3,4.618355355734405e-05,39,0.5831589645782445,1.3366336633663367,0.3612269731232654
surgical_mask,2021-01-04 17:17:46.908000+00:00,test,ACM-4 (coupled),6,2.9139925937560207e-05,39,0.5831426526486505,1.336633663366337,0.36122697312326546
surgical_mask,2021-01-04 17:18:07.925000+00:00,test,ACM-4 (coupled),3,7.905670550811816e-05,39,0.5831426526486505,1.336633663366337,0.36122697312326546
surgical_mask,2021-01-04 17:18:58.990000+00:00,test,ACM-4 (coupled),4,2.3934029021677183e-05,39,0.5831426526486505,1.336633663366337,0.36122697312326546
surgical_mask,2021-02-20 01:30:55.858000+00:00,test,ACM-4 (coupled),5,1.7947012818653185e-05,117,0.3340390411897832,1.3366336633663367,0.3612269731232654
surgical_mask,2021-02-23 03:43:14.625000+00:00,test,ACM-4 (coupled),6,1.6591601642135245e-05,115,0.33619482341819584,1.3366336633663367,0.3612269731232654
surgical_mask,2021-02-25 19:43:25.318000+00:00,test,ACM-4 (coupled),5,7.467630629701127e-05,115,0.3357975304950131,1.3366336633663365,0.36122697312326535
surgical_mask,2021-02-25 19:44:34.146000+00:00,test,ACM-4 (coupled),3,6.0780044170982706e-06,115,0.3357975304950131,1.3366336633663365,0.36122697312326535
surgical_mask,2021-03-03 00:17:03.836000+00:00,test,ACM-4 (coupled),4,2.904325022107246e-05,113,0.3364336470899064,1.3366336633663367,0.3612269731232654
surgical_mask,2021-03-06 00:53:36.189000+00:00,test,ACM-4 (coupled),5,5.718871468096687e-05,110,0.3392024836015433,1.3366336633663367,0.3612269731232654
surgical_mask,2021-03-13 00:57:01.328000+00:00,test,ACM-4 (coupled),5,3.211575848882653e-05,144,0.3046835104668303,1.3366336633663365,0.36122697312326535
surgical_mask,2021-03-13 00:57:01.522000+00:00,test,ACM-4 (coupled),2,4.716702315943344e-05,144,0.3046835104668303,1.3366336633663365,0.36122697312326535
surgical_mask,2021-03-13 00:57:02.628000+00:00,test,ACM-4 (coupled),3,5.707405195831683e-05,144,0.3046835104668303,1.3366336633663365,0.36122697312326535
surgical_mask,2021-03-25 17:44:56.969000+00:00,test,ACM-4 (coupled),4,5.456760733259236e-05,160,0.2880528176171844,1.3366336633663367,0.3612269731232654
surgical_mask,2021-03-27 01:56:52.370000+00:00,test,ACM-4 (coupled),4,2.9326675024365922e-05,160,0.2880528176171844,1.3366336633663367,0.3612269731232654
surgical_mask,2021-03-27 01:57:08.193000+00:00,test,ACM-4 (coupled),3,9.771934348257183e-06,160,0.2880528176171844,1.3366336633663367,0.3612269731232654
surgical_mask,2021-03-27 01:57:21.410000+00:00,test,ACM-4 (coupled),3,5.43084636097646e-05,160,0.2880528176171844,1.3366336633663367,0.3612269731232654
surgical_mask,2021-05-20 23:26:36.764000+00:00,test,ACM-4 (coupled),5,6.751469984744851e-05,149,0.2866657430659664,1.3366336633663367,0.3612269731232654
surgical_mask,2021-05-26 19:37:53.885000+00:00,test,ACM-4 (coupled),4,5.756439850651551e-05,153,0.2835985811828916,1.3366336633663367,0.3612269731232654
surgical_mask,2021-05-26 19:44:19.530000+00:00,test,ACM-4 (coupled),3,3.798967645984863e-05,153,0.2835985811828916,1.3366336633663367,0.3612269731232654
surgical_mask,2021-06-23 17:12:28.594000+00:00,test,ACM-4 (coupled),5,1.3629112877278082e-05,103,0.3484240414092989,1.3366336633663367,0.3612269731232654
surgical_mask,2021-06-27 20:57:23.453000+00:00,test,ACM-4 (coupled),5,4.699025043136684e-05,103,0.3484240414092989,1.3366336633663367,0.3612269731232654
surgical_mask,2021-06-27 20:57:23.819000+00:00,test,ACM-4 (coupled),3,9.303011858330379e-05,103,0.3484240414092989,1.3366336633663367,0.3612269731232654
surgical_mask,2021-06-27 20:57:24.427000+00:00,test,ACM-4 (coupled),4,1.009530657009039e-05,103,0.3484240414092989,1.3366336633663367,0.3612269731232654
surgical_mask,2021-07-09 00:18:56.401000+00:00,test,ACM-4 (coupled),5,1.1400777661596528e-05,84,0.3884304457485414,1.3366336633663367,0.3612269731232654
surgical_mask,2021-07-12 01:19:52.831000+00:00,test,ACM-4 (coupled),5,1.7590034271937338e-05,69,0.4298422888024973,1.3366336633663367,0.3612269731232654
face_shield,2020-04-24 00:00:00+00:00,calibration,ACM-4 (coupled),4,3.0422971008525757e-06,1359,0.09961259920252813,1.3366336633663367,0.3612269731232654
face_shield,2020-04-25 00:00:00+00:00,calibration,ACM-4 (coupled),3,4.4551017414407035e-05,1472,0.0949256132283356,1.3366336633663367,0.3612269731232654
face_shield,2020-05-01 00:00:00+00:00,calibration,ACM-4 (coupled),3,6.129148330691336e-05,1913,0.08340528546137158,1.3366336633663365,0.36122697312326535
face_shield,2020-05-03 00:00:00+00:00,calibration,ACM-4 (coupled),3,5.206861034617871e-05,1953,0.08261163937081271,1.3366336633663365,0.36122697312326535
face_shield,2020-05-06 00:00:00+00:00,calibration,ACM-4 (coupled),3,3.135207548937702e-05,1957,0.08250315249468933,1.3366336633663365,0.36122697312326535
face_shield,2020-05-15 00:00:00+00:00,calibration,ACM-4 (coupled),3,2.3596305169459875e-05,1971,0.08217062090686207,1.3366336633663367,0.3612269731232654
face_shield,2020-05-15 00:00:00+00:00,calibration,ACM-4 (coupled),3,2.674268021141124e-05,1971,0.08217062090686207,1.3366336633663367,0.3612269731232654
face_shield,2020-05-19 00:00:00+00:00,calibration,ACM-4 (coupled),3,4.655675927989211e-05,1976,0.08211201685678819,1.3366336633663367,0.3612269731232654
face_shield,2020-05-19 00:00:00+00:00,calibration,ACM-4 (coupled),3,3.0285734503421313e-05,1976,0.08211201685678819,1.3366336633663367,0.3612269731232654
face_shield,2020-05-20 00:00:00+00:00,calibration,ACM-4 (coupled),3,5.994877755766126e-06,1976,0.08211201685678819,1.3366336633663367,0.3612269731232654
face_shield,2020-05-22 00:00:00+00:00,calibration,ACM-4 (coupled),3,3.0148063925816704e-05,1978,0.0820925898734441,1.3366336633663367,0.3612269731232654
face_shield,2020-05-22 00:00:00+00:00,calibration,ACM-4 (coupled),3,3.0095252752992963e-05,1978,0.0820925898734441,1.3366336633663367,0.3612269731232654
face_shield,2020-05-25 00:00:00+00:00,calibration,ACM-4 (coupled),3,3.055047059086213e-05,1981,0.08202954706451776,1.3366336633663367,0.3612269731232654
face_shield,2020-05-30 00:00:00+00:00,calibration,ACM-4 (coupled),3,5.015137876607234e-05,1998,0.08169112629649265,1.3366336633663367,0.3612269731232654
face_shield,2020-06-04 00:00:00+00:00,calibration,ACM-4 (coupled),3,4.6222348006219605e-05,2000,0.08167529218235675,1.3366336633663365,0.36122697312326535
face_shield,2020-06-08 00:00:00+00:00,calibration,ACM-4 (coupled),3,4.326837681950524e-05,2015,0.08140241408110305,1.3366336633663367,0.3612269731232654
face_shield,2020-06-08 00:00:00+00:00,calibration,ACM-4 (coupled),3,3.326040710699418e-05,2015,0.08140241408110305,1.3366336633663367,0.3612269731232654
face_shield,2020-06-08 00:00:00+00:00,calibration,ACM-4 (coupled),3,4.286894050675727e-05,2015,0.08140241408110305,1.3366336633663367,0.3612269731232654
face_shield,2020-06-08 00:00:00+00:00,calibration,ACM-4 (coupled),3,4.208137361133568e-05,2015,0.08140241408110305,1.3366336633663367,0.3612269731232654
face_shield,2020-06-08 00:00:00+00:00,calibration,ACM-4 (coupled),3,3.3242918383413755e-05,2015,0.08140241408110305,1.3366336633663367,0.3612269731232654
face_shield,2020-06-08 00:00:00+00:00,calibration,ACM-4 (coupled),3,3.338762595000988e-05,2015,0.08140241408110305,1.3366336633663367,0.3612269731232654
face_shield,2020-06-08 00:00:00+00:00,calibration,ACM-4 (coupled),3,4.273583708636064e-05,2015,0.08140241408110305,1.3366336633663367,0.3612269731232654
face_shield,2020-06-09 00:00:00+00:00,calibration,ACM-4 (coupled),3,4.998632041508522e-05,2021,0.08122423633358421,1.336633663366337,0.36122697312326546
face_shield,2020-06-09 00:00:00+00:00,calibration,ACM-4 (coupled),1,1.979021042053386e-05,2021,0.08122423633358421,1.336633663366337,0.36122697312326546
face_shield,2020-06-09 00:00:00+00:00,calibration,ACM-4 (coupled),1,1.9632192139851234e-05,2021,0.08122423633358421,1.336633663366337,0.36122697312326546
face_shield,2020-06-09 00:00:00+00:00,calibration,ACM-4 (coupled),3,3.31065756176141e-05,2021,0.08122423633358421,1.336633663366337,0.36122697312326546
face_shield,2020-06-12 00:00:00+00:00,calibration,ACM-4 (coupled),3,4.7501983287956406e-05,2041,0.08085783500696249,1.3366336633663365,0.36122697312326535
face_shield,2020-06-12 00:00:00+00:00,calibration,ACM-4 (coupled),3,3.21796353794368e-05,2041,0.08085783500696249,1.3366336633663365,0.36122697312326535
face_shield,2020-06-13 00:00:00+00:00,calibration,ACM-4 (coupled),3,5.026825735365836e-05,2041,0.08085783500696249,1.3366336633663365,0.36122697312326535
face_shield,2020-06-13 00:00:00+00:00,calibration,ACM-4 (coupled),3,3.258390472532513e-05,2041,0.08085783500696249,1.3366336633663365,0.36122697312326535
face_shield,2020-06-13 00:00:00+00:00,calibration,ACM-4 (coupled),3,3.257501365167004e-05,2041,0.08085783500696249,1.3366336633663365,0.36122697312326535
face_shield,2020-06-13 00:00:00+00:00,calibration,ACM-4 (coupled),1,4.2729552307552154e-05,2041,0.08085783500696249,1.3366336633663365,0.36122697312326535
face_shield,2020-06-15 00:00:00+00:00,calibration,ACM-4 (coupled),3,4.777512620735003e-05,2044,0.08079763808692884,1.336633663366337,0.36122697312326546
face_shield,2020-06-15 00:00:00+00:00,calibration,ACM-4 (coupled),3,3.213392338691223e-05,2044,0.08079763808692884,1.336633663366337,0.36122697312326546
face_shield,2020-06-17 00:00:00+00:00,calibration,ACM-4 (coupled),3,3.9697750548295385e-05,2058,0.08053623776453138,1.3366336633663365,0.36122697312326535
face_shield,2020-06-17 00:00:00+00:00,calibration,ACM-4 (coupled),3,3.906989531271554e-05,2058,0.08053623776453138,1.3366336633663365,0.36122697312326535
face_shield,2020-06-17 00:00:00+00:00,calibration,ACM-4 (coupled),3,2.4989137747843948e-05,2058,0.08053623776453138,1.3366336633663365,0.36122697312326535
face_shield,2020-06-17 00:00:00+00:00,calibration,ACM-4 (coupled),3,1.6900458479574e-05,2058,0.08053623776453138,1.3366336633663365,0.36122697312326535
face_shield,2020-06-17 00:00:00+00:00,calibration,ACM-4 (coupled),3,2.83778061292983e-05,2058,0.08053623776453138,1.3366336633663365,0.36122697312326535
face_shield,2020-06-19 00:00:00+00:00,calibration,ACM-4 (coupled),3,5.223431117329369e-05,2065,0.08041127964403656,1.336633663366337,0.36122697312326546
face_shield,2020-06-22 00:00:00+00:00,calibration,ACM-4 (coupled),3,4.186532488936745e-05,2070,0.0803511832439056,1.3366336633663367,0.3612269731232654
face_shield,2020-06-22 00:00:00+00:00,calibration,ACM-4 (coupled),3,4.32101795946882e-05,2070,0.0803511832439056,1.3366336633663367,0.3612269731232654
face_shield,2020-06-22 00:00:00+00:00,calibration,ACM-4 (coupled),3,4.180404674081206e-05,2070,0.0803511832439056,1.3366336633663367,0.3612269731232654
face_shield,2020-06-22 00:00:00+00:00,calibration,ACM-4 (coupled),3,4.179518875591093e-05,2070,0.0803511832439056,1.3366336633663367,0.3612269731232654
face_shield,2020-06-23 00:00:00+00:00,calibration,ACM-4 (coupled),3,4.353700280884665e-05,2072,0.08030119932711345,1.3366336633663367,0.3612269731232654
face_shield,2020-06-23 00:00:00+00:00,calibration,ACM-4 (coupled),3,3.212853727518894e-05,2072,0.08030119932711345,1.3366336633663367,0.3612269731232654
face_shield,2020-06-23 00:00:00+00:00,calibration,ACM-4 (coupled),3,4.3438722395205964e-05,2072,0.08030119932711345,1.3366336633663367,0.3612269731232654
face_shield,2020-06-24 00:00:00+00:00,calibration,ACM-4 (coupled),3,4.962822862736305e-05,2073,0.08029523413476504,1.3366336633663367,0.3612269731232654
face_shield,2020-06-24 00:00:00+00:00,calibration,ACM-4 (coupled),3,4.353676593338296e-05,2073,0.08029523413476504,1.3366336633663367,0.3612269731232654
face_shield,2020-06-29 00:00:00+00:00,calibration,ACM-4 (coupled),3,3.4214876278471085e-05,2078,0.08021370690517966,1.336633663366337,0.36122697312326546
face_shield,2020-06-29 00:00:00+00:00,calibration,ACM-4 (coupled),3,2.6052585193059308e-05,2078,0.08021370690517966,1.336633663366337,0.36122697312326546
face_shield,2020-06-29 00:00:00+00:00,calibration,ACM-4 (coupled),2,1.0264014089211848e-05,2078,0.08021370690517966,1.336633663366337,0.36122697312326546
face_shield,2020-07-02 00:00:00+00:00,validation,ACM-4 (coupled),3,5.254140679689101e-05,2081,0.08012707389324648,1.3366336633663367,0.3612269731232654
face_shield,2020-07-02 00:00:00+00:00,validation,ACM-4 (coupled),1,3.088663016259652e-05,2081,0.08012707389324648,1.3366336633663367,0.3612269731232654
face_shield,2020-07-07 00:00:00+00:00,validation,ACM-4 (coupled),3,4.77491792935103e-05,2003,0.08148603374090096,1.3366336633663365,0.36122697312326535
face_shield,2020-07-07 00:00:00+00:00,validation,ACM-4 (coupled),3,4.105023195710711e-05,2003,0.08148603374090096,1.3366336633663365,0.36122697312326535
face_shield,2020-07-09 00:00:00+00:00,validation,ACM-4 (coupled),3,4.9470208136837e-05,1871,0.08416757318257567,1.3366336633663367,0.3612269731232654
face_shield,2020-07-10 00:00:00+00:00,validation,ACM-4 (coupled),3,5.730771235634702e-05,1800,0.08577139475106248,1.3366336633663367,0.3612269731232654
face_shield,2020-07-23 16:32:46.736000+00:00,validation,ACM-4 (coupled),3,9.247250810262564e-05,896,0.12132736119972963,1.3366336633663367,0.3612269731232654
face_shield,2020-07-23 16:34:27.720000+00:00,validation,ACM-4 (coupled),3,1.315683876235152e-06,896,0.12132736119972963,1.3366336633663367,0.3612269731232654
face_shield,2020-07-29 01:25:01.976000+00:00,validation,ACM-4 (coupled),4,3.2202479876008994e-06,571,0.15370061424461087,1.3366336633663367,0.3612269731232654
face_shield,2020-07-29 01:25:05.686000+00:00,validation,ACM-4 (coupled),2,5.2450483093768874e-05,571,0.15370061424461087,1.3366336633663367,0.3612269731232654
face_shield,2020-07-29 01:25:08.069000+00:00,validation,ACM-4 (coupled),3,1.844542886642042e-05,571,0.15370061424461087,1.3366336633663367,0.3612269731232654
face_shield,2020-08-13 18:01:05.597000+00:00,validation,ACM-4 (coupled),4,4.149095791550206e-06,459,0.17007955255975113,1.3366336633663367,0.3612269731232654
face_shield,2020-09-03 18:10:25.123000+00:00,validation,ACM-4 (coupled),4,6.891989462354253e-06,347,0.19477833688293933,1.336633663366337,0.36122697312326546
face_shield,2020-09-07 20:16:51.816000+00:00,validation,ACM-4 (coupled),4,4.441624576047298e-05,311,0.2050752867941497,1.3366336633663367,0.3612269731232654
face_shield,2020-09-08 20:07:41.280000+00:00,validation,ACM-4 (coupled),4,2.4443235800536076e-05,277,0.21772829574367453,1.3366336633663367,0.3612269731232654
face_shield,2020-10-06 00:00:00+00:00,validation,ACM-4 (coupled),5,7.004907957683382e-05,64,0.4162832686235852,1.3366336633663367,0.3612269731232654
face_shield,2020-11-19 04:38:41.026000+00:00,validation,ACM-4 (coupled),6,5.872537983186987e-05,37,0.5561099343193431,1.3366336633663365,0.36122697312326535
face_shield,2020-11-25 01:23:40.217000+00:00,validation,ACM-4 (coupled),7,6.494951001695393e-05,37,0.5799365835618571,1.3366336633663367,0.3612269731232654
face_shield,2020-11-25 01:25:34.362000+00:00,validation,ACM-4 (coupled),1,1.790321490635627e-05,37,0.5799365835618571,1.3366336633663367,0.3612269731232654
face_shield,2020-11-25 01:28:52.014000+00:00,validation,ACM-4 (coupled),1,4.815481146558387e-06,37,0.5799365835618571,1.3366336633663367,0.3612269731232654
face_shield,2020-11-25 02:01:45.250000+00:00,validation,ACM-4 (coupled),1,1.3101590641828587e-06,37,0.5799365835618571,1.3366336633663367,0.3612269731232654
face_shield,2020-11-25 02:09:15.051000+00:00,validation,ACM-4 (coupled),6,4.514642439495953e-05,37,0.5799365835618571,1.3366336633663367,0.3612269731232654
face_shield,2020-11-25 02:10:49.716000+00:00,validation,ACM-4 (coupled),5,4.49179698401303e-05,37,0.5799365835618571,1.3366336633663367,0.3612269731232654
face_shield,2020-11-25 02:11:10.940000+00:00,validation,ACM-4 (coupled),5,4.315995207943013e-05,37,0.5799365835618571,1.3366336633663367,0.3612269731232654
face_shield,2020-11-25 02:11:34.026000+00:00,validation,ACM-4 (coupled),5,4.1429567708750614e-05,37,0.5799365835618571,1.3366336633663367,0.3612269731232654
face_shield,2020-11-25 02:11:56.741000+00:00,validation,ACM-4 (coupled),6,5.122363080865833e-05,37,0.5799365835618571,1.3366336633663367,0.3612269731232654
face_shield,2020-11-25 02:13:20.123000+00:00,validation,ACM-4 (coupled),5,4.614967643397361e-05,37,0.5799365835618571,1.3366336633663367,0.3612269731232654
face_shield,2020-11-25 02:13:48.443000+00:00,validation,ACM-4 (coupled),4,3.06144682559184e-05,37,0.5799365835618571,1.3366336633663367,0.3612269731232654
face_shield,2020-11-25 02:14:26.031000+00:00,validation,ACM-4 (coupled),4,6.087514019520457e-05,37,0.5799365835618571,1.3366336633663367,0.3612269731232654
face_shield,2020-11-25 02:15:39.009000+00:00,validation,ACM-4 (coupled),4,8.908193938045317e-05,37,0.5799365835618571,1.3366336633663367,0.3612269731232654
face_shield,2020-11-25 02:16:01.392000+00:00,validation,ACM-4 (coupled),4,2.903640581553013e-05,37,0.5799365835618571,1.3366336633663367,0.3612269731232654
face_shield,2020-11-25 02:16:16.276000+00:00,validation,ACM-4 (coupled),4,2.8737200209960623e-05,37,0.5799365835618571,1.3366336633663367,0.3612269731232654
face_shield,2020-12-21 17:11:47.071000+00:00,validation,ACM-4 (coupled),6,3.8472007438811184e-05,48,0.5224068118161469,1.3366336633663367,0.3612269731232654
face_shield,2020-12-21 22:31:50.757000+00:00,validation,ACM-4 (coupled),6,3.1115262509817665e-05,48,0.5224068118161469,1.3366336633663367,0.3612269731232654
face_shield,2021-02-24 07:33:27.950000+00:00,test,ACM-4 (coupled),5,4.3365897504366036e-05,106,0.3430854414787383,1.3366336633663367,0.3612269731232654
face_shield,2021-03-06 00:39:47.761000+00:00,test,ACM-4 (coupled),5,1.0723562110404039e-05,100,0.3507567059004296,1.3366336633663367,0.3612269731232654
face_shield,2021-03-06 00:39:48.294000+00:00,test,ACM-4 (coupled),3,4.5438731439140234e-05,100,0.3507567059004296,1.3366336633663367,0.3612269731232654
face_shield,2021-03-17 20:17:25.593000+00:00,test,ACM-4 (coupled),5,5.30582347677e-06,127,0.31837578492117097,1.3366336633663367,0.3612269731232654
face_shield,2021-03-20 00:44:48.021000+00:00,test,ACM-4 (coupled),4,2.3155291098669872e-05,129,0.31683315862561984,1.3366336633663367,0.3612269731232654
face_shield,2021-03-20 00:44:49.315000+00:00,test,ACM-4 (coupled),3,6.172223018627299e-05,129,0.31683315862561984,1.3366336633663367,0.3612269731232654
face_shield,2021-03-20 00:44:49.583000+00:00,test,ACM-4 (coupled),4,1.1407486020853508e-05,129,0.31683315862561984,1.3366336633663367,0.3612269731232654
face_shield,2021-03-20 00:44:49.840000+00:00,test,ACM-4 (coupled),3,4.3740503316125334e-05,129,0.31683315862561984,1.3366336633663367,0.3612269731232654
face_shield,2021-03-20 00:44:50.096000+00:00,test,ACM-4 (coupled),3,1.3129659457017384e-05,129,0.31683315862561984,1.3366336633663367,0.3612269731232654
face_shield,2021-03-20 00:44:50.811000+00:00,test,ACM-4 (coupled),3,5.6686424948132474e-05,129,0.31683315862561984,1.3366336633663367,0.3612269731232654
face_shield,2021-03-20 00:44:51.324000+00:00,test,ACM-4 (coupled),3,2.6134715968462174e-05,129,0.31683315862561984,1.3366336633663367,0.3612269731232654
face_shield,2021-03-20 00:44:51.680000+00:00,test,ACM-4 (coupled),3,1.3048745790278371e-05,129,0.31683315862561984,1.3366336633663367,0.3612269731232654
face_shield,2021-04-16 20:58:06.922000+00:00,test,ACM-4 (coupled),5,1.662012932071577e-05,115,0.3253508666205834,1.3366336633663367,0.3612269731232654
face_shield,2021-04-16 21:00:04.619000+00:00,test,ACM-4 (coupled),4,3.773461150435864e-06,115,0.3253508666205834,1.3366336633663367,0.3612269731232654
face_shield,2021-04-22 19:21:48.925000+00:00,test,ACM-4 (coupled),5,3.7893238461927936e-05,111,0.3275652210503329,1.3366336633663365,0.36122697312326535
face_shield,2021-04-26 17:19:41.324000+00:00,test,ACM-4 (coupled),5,2.6206800291750376e-05,115,0.32574187633139257,1.3366336633663367,0.3612269731232654
face_shield,2021-04-26 17:19:42.975000+00:00,test,ACM-4 (coupled),4,3.9833589914273215e-05,115,0.32574187633139257,1.3366336633663367,0.3612269731232654
face_shield,2021-04-28 01:28:08.689000+00:00,test,ACM-4 (coupled),4,4.590597958203935e-05,114,0.3262450511479413,1.3366336633663367,0.3612269731232654
gown,2020-05-23 21:32:00+00:00,calibration,ACM-4 (coupled),3,8.84158598009055e-05,1969,0.0827690342580349,1.3366336633663367,0.3612269731232654
gown,2020-05-23 21:46:00+00:00,calibration,ACM-4 (coupled),3,2.9784193721016372e-05,1970,0.08272815319446063,1.3366336633663367,0.3612269731232654
gown,2020-05-23 21:46:00+00:00,calibration,ACM-4 (coupled),2,3.7173648275157234e-06,1970,0.08272815319446063,1.3366336633663367,0.3612269731232654
gown,2020-05-23 21:47:00+00:00,calibration,ACM-4 (coupled),3,5.202542595172943e-06,1970,0.08272815319446063,1.3366336633663367,0.3612269731232654
gown,2020-05-23 21:48:00+00:00,calibration,ACM-4 (coupled),3,1.0378010739831023e-05,1970,0.08272815319446063,1.3366336633663367,0.3612269731232654
gown,2020-05-23 21:53:00+00:00,calibration,ACM-4 (coupled),3,8.89160806000211e-06,1970,0.08272815319446063,1.3366336633663367,0.3612269731232654
gown,2020-05-26 00:00:00+00:00,calibration,ACM-4 (coupled),3,3.545850816583096e-05,1971,0.08272081535467311,1.3366336633663365,0.36122697312326535
gown,2020-06-02 00:00:00+00:00,calibration,ACM-4 (coupled),3,5.1194015596278675e-05,1977,0.08257063817707543,1.336633663366337,0.36122697312326546
gown,2020-06-02 00:00:00+00:00,calibration,ACM-4 (coupled),3,3.358616756565791e-05,1977,0.08257063817707543,1.336633663366337,0.36122697312326546
gown,2020-06-02 00:00:00+00:00,calibration,ACM-4 (coupled),3,3.420131573833585e-05,1977,0.08257063817707543,1.336633663366337,0.36122697312326546
gown,2020-08-28 22:37:26.667000+00:00,validation,ACM-4 (coupled),4,4.096425224471567e-05,343,0.1937538514251847,1.3366336633663367,0.3612269731232654
gown,2020-11-09 14:29:20.102000+00:00,validation,ACM-4 (coupled),7,4.3309489442089344e-05,25,0.7040707653567781,1.3366336633663367,0.3612269731232654
gown,2020-11-19 04:38:41.026000+00:00,validation,ACM-4 (coupled),6,4.228031240155472e-05,26,0.6664514199148214,1.3366336633663367,0.3612269731232654
gown,2020-11-21 07:06:42.947000+00:00,validation,ACM-4 (coupled),7,7.798057876284847e-05,25,0.6904080175498323,1.3366336633663367,0.3612269731232654
gown,2020-11-21 07:13:31.181000+00:00,validation,ACM-4 (coupled),7,3.20326109911756e-05,26,0.6664514199148248,1.3366336633663367,0.3612269731232654
gown,2020-11-21 07:14:50.397000+00:00,validation,ACM-4 (coupled),5,3.946818908401317e-05,26,0.6664514199148248,1.3366336633663367,0.3612269731232654
gown,2021-01-18 21:56:33.211000+00:00,test,ACM-4 (coupled),5,3.585632075775447e-05,93,0.38400673487396403,1.3366336633663367,0.3612269731232654
gown,2021-01-20 18:56:22.031000+00:00,test,ACM-4 (coupled),6,2.6089090969183548e-05,99,0.36959489514325145,1.3366336633663367,0.3612269731232654
gown,2021-01-20 18:56:24.523000+00:00,test,ACM-4 (coupled),4,4.652933970633599e-05,99,0.36959489514325145,1.3366336633663367,0.3612269731232654
gown,2021-01-20 18:56:26.221000+00:00,test,ACM-4 (coupled),5,1.811633618514774e-05,99,0.36959489514325145,1.3366336633663367,0.3612269731232654
gown,2021-01-20 18:56:27.471000+00:00,test,ACM-4 (coupled),4,3.940506065358562e-05,99,0.36959489514325145,1.3366336633663367,0.3612269731232654
gown,2021-01-20 18:56:32.977000+00:00,test,ACM-4 (coupled),5,6.573509321539106e-05,99,0.36959489514325145,1.3366336633663367,0.3612269731232654
gown,2021-01-20 18:56:34.173000+00:00,test,ACM-4 (coupled),4,3.0209585680007756e-05,99,0.36959489514325145,1.3366336633663367,0.3612269731232654
gown,2021-01-20 18:56:35.258000+00:00,test,ACM-4 (coupled),4,2.360204055393278e-05,99,0.36959489514325145,1.3366336633663367,0.3612269731232654
gown,2021-01-20 18:56:35.792000+00:00,test,ACM-4 (coupled),3,3.782176045219465e-05,99,0.36959489514325145,1.3366336633663367,0.3612269731232654
gown,2021-01-31 19:49:52.965000+00:00,test,ACM-4 (coupled),5,1.1087074048468648e-05,103,0.36106382239557294,1.3366336633663367,0.3612269731232654
gown,2021-01-31 19:50:41.701000+00:00,test,ACM-4 (coupled),3,5.272275053308517e-05,103,0.36106382239557294,1.3366336633663367,0.3612269731232654
gown,2021-01-31 19:52:09.675000+00:00,test,ACM-4 (coupled),4,4.4272425552271955e-06,103,0.36106382239557294,1.3366336633663367,0.3612269731232654
gown,2021-02-10 17:16:26.512000+00:00,test,ACM-4 (coupled),5,1.3834857788608268e-05,106,0.35505561308909833,1.336633663366337,0.36122697312326546
gown,2021-02-10 17:16:29.148000+00:00,test,ACM-4 (coupled),2,9.274712274837116e-05,106,0.35505561308909833,1.336633663366337,0.36122697312326546
gown,2021-02-10 17:16:31.047000+00:00,test,ACM-4 (coupled),3,2.4594484879791878e-05,106,0.35505561308909833,1.336633663366337,0.36122697312326546
gown,2021-02-10 17:16:32.421000+00:00,test,ACM-4 (coupled),3,2.4803375257675953e-05,106,0.35505561308909833,1.336633663366337,0.36122697312326546
gown,2021-02-25 19:43:25.318000+00:00,test,ACM-4 (coupled),4,6.621082284727353e-05,102,0.3615479573122747,1.3366336633663367,0.3612269731232654
gown,2021-02-25 19:44:34.146000+00:00,test,ACM-4 (coupled),2,2.3198821626935207e-05,102,0.3615479573122747,1.3366336633663367,0.3612269731232654
gown,2021-03-20 03:22:44.729000+00:00,test,ACM-4 (coupled),5,9.06687003809914e-06,135,0.2987582363522494,1.3366336633663367,0.3612269731232654
gown,2021-03-20 03:22:45.004000+00:00,test,ACM-4 (coupled),3,4.5276958684503654e-05,135,0.2987582363522494,1.3366336633663367,0.3612269731232654
gown,2021-03-20 03:22:45.251000+00:00,test,ACM-4 (coupled),3,5.167784771314965e-05,135,0.2987582363522494,1.3366336633663367,0.3612269731232654
gown,2021-04-01 14:21:13.811000+00:00,test,ACM-4 (coupled),4,4.671388631305451e-05,137,0.2980167654919339,1.336633663366337,0.36122697312326546
gown,2021-04-14 21:13:10.877000+00:00,test,ACM-4 (coupled),5,1.1575079995038151e-05,138,0.2903342343095358,1.3366336633663367,0.3612269731232654
gown,2021-04-16 20:02:20.465000+00:00,test,ACM-4 (coupled),4,4.963437411503735e-05,118,0.31519553217606294,1.3366336633663367,0.3612269731232654
gown,2021-04-16 21:25:32.324000+00:00,test,ACM-4 (coupled),5,2.2740785485711457e-05,117,0.3179388236991545,1.3366336633663367,0.3612269731232654
gown,2021-04-16 21:28:21.673000+00:00,test,ACM-4 (coupled),3,9.061284718253626e-05,117,0.3179388236991545,1.3366336633663367,0.3612269731232654
gown,2021-04-16 21:34:22.159000+00:00,test,ACM-4 (coupled),3,9.541896944054162e-05,117,0.3179388236991545,1.3366336633663367,0.3612269731232654
gown,2021-04-19 05:07:19.622000+00:00,test,ACM-4 (coupled),5,2.3588343659848576e-05,99,0.3490416578191708,1.3366336633663367,0.3612269731232654
gown,2021-04-22 19:21:48.925000+00:00,test,ACM-4 (coupled),5,3.791828465171676e-05,98,0.35003276206765527,1.3366336633663367,0.3612269731232654
gown,2021-04-22 21:02:30.701000+00:00,test,ACM-4 (coupled),5,3.235309379065465e-05,98,0.35003276206765527,1.3366336633663367,0.3612269731232654
gown,2021-05-24 22:29:54.296000+00:00,test,ACM-4 (coupled),5,1.9555354762029742e-05,98,0.3378158015874752,1.3366336633663367,0.3612269731232654
gown,2021-05-24 22:30:07.224000+00:00,test,ACM-4 (coupled),4,1.332515684276947e-05,98,0.3378158015874752,1.3366336633663367,0.3612269731232654
gown,2021-06-17 19:48:40.696000+00:00,test,ACM-4 (coupled),5,5.1902329899100597e-05,63,0.43833575362565685,1.3366336633663367,0.3612269731232654
gown,2021-06-27 20:54:01.931000+00:00,test,ACM-4 (coupled),6,3.633615009986102e-05,60,0.44825324203185446,1.3366336633663367,0.3612269731232654
gown,2021-06-27 20:54:02.739000+00:00,test,ACM-4 (coupled),4,4.019966500012906e-05,60,0.44825324203185446,1.3366336633663367,0.3612269731232654
gown,2021-06-27 20:54:03.526000+00:00,test,ACM-4 (coupled),4,3.982301548520473e-05,60,0.44825324203185446,1.3366336633663367,0.3612269731232654
gown,2021-06-27 20:54:06.145000+00:00,test,ACM-4 (coupled),5,2.851839543090151e-05,60,0.44825324203185446,1.3366336633663367,0.3612269731232654
n95,2020-04-01 00:00:00+00:00,calibration,ACM-4 (independent),6,7.114335959323981e-05,6,0.9950009164681578,1.3055527533273439,0.3528273170596692
n95,2020-04-23 00:00:00+00:00,calibration,ACM-4 (independent),4,2.2647676833909003e-06,1503,0.09438105431486063,1.2636891760258948,0.3415136312479348
n95,2020-04-25 00:00:00+00:00,calibration,ACM-4 (independent),3,5.121836562194115e-05,1770,0.08635859367604602,1.2668942239805099,0.3423797995953971
n95,2020-04-29 00:00:00+00:00,calibration,ACM-4 (independent),3,4.7620521476721134e-05,2141,0.07887828703093842,1.2643540012957182,0.3416933011353962
n95,2020-05-01 00:00:00+00:00,calibration,ACM-4 (independent),3,2.3504880689695362e-05,2321,0.07586145361854081,1.2636460587954184,0.34150197876073407
n95,2020-05-08 00:00:00+00:00,calibration,ACM-4 (independent),3,2.3768482679265013e-05,2388,0.0748510300504464,1.2630432390110726,0.3413390659357723
n95,2020-05-15 00:00:00+00:00,calibration,ACM-4 (independent),3,2.6345512207481825e-05,2405,0.074650428232279,1.2625784353355702,0.34121345214240467
n95,2020-05-18 00:00:00+00:00,calibration,ACM-4 (independent),3,2.8107531835075417e-05,2409,0.07461502949463107,1.2623483075934854,0.34115125982301053
n95,2020-05-25 00:00:00+00:00,calibration,ACM-4 (independent),3,2.9043358096780825e-05,2423,0.0743988129779527,1.2623793902692269,0.3411596599562575
n95,2020-05-26 00:00:00+00:00,calibration,ACM-4 (independent),3,3.7898746788611604e-05,2424,0.07439384407844513,1.262325549889664,0.34114510952417254
n95,2020-05-26 00:00:00+00:00,calibration,ACM-4 (independent),3,3.3839874944097126e-05,2424,0.07439384407844513,1.262325549889664,0.34114510952417254
n95,2020-05-26 00:00:00+00:00,calibration,ACM-4 (independent),1,5.603182514080096e-07,2424,0.07439384407844513,1.262325549889664,0.34114510952417254
n95,2020-05-26 00:00:00+00:00,calibration,ACM-4 (independent),3,3.510650429894291e-05,2424,0.07439384407844513,1.262325549889664,0.34114510952417254
n95,2020-05-26 00:00:00+00:00,calibration,ACM-4 (independent),3,3.5113842067169276e-05,2424,0.07439384407844513,1.262325549889664,0.34114510952417254
n95,2020-05-26 00:00:00+00:00,calibration,ACM-4 (independent),3,3.491156631191261e-05,2424,0.07439384407844513,1.262325549889664,0.34114510952417254
n95,2020-05-26 00:00:00+00:00,calibration,ACM-4 (independent),3,3.451469161808163e-05,2424,0.07439384407844513,1.262325549889664,0.34114510952417254
n95,2020-05-26 00:00:00+00:00,calibration,ACM-4 (independent),3,3.472009683297417e-05,2424,0.07439384407844513,1.262325549889664,0.34114510952417254
n95,2020-05-26 00:00:00+00:00,calibration,ACM-4 (independent),3,1.3330765967156655e-05,2424,0.07439384407844513,1.262325549889664,0.34114510952417254
n95,2020-05-26 00:00:00+00:00,calibration,ACM-4 (independent),3,2.8430857681338573e-05,2424,0.07439384407844513,1.262325549889664,0.34114510952417254
n95,2020-05-26 00:00:00+00:00,calibration,ACM-4 (independent),3,3.4953858371156166e-05,2424,0.07439384407844513,1.262325549889664,0.34114510952417254
n95,2020-05-27 00:00:00+00:00,calibration,ACM-4 (independent),3,3.580727937047001e-05,2426,0.07435472192807391,1.2623768421924142,0.34115897133520934
n95,2020-05-27 00:00:00+00:00,calibration,ACM-4 (independent),3,2.8238145098558043e-05,2426,0.07435472192807391,1.2623768421924142,0.34115897133520934
n95,2020-05-27 00:00:00+00:00,calibration,ACM-4 (independent),3,3.3806167900440887e-05,2426,0.07435472192807391,1.2623768421924142,0.34115897133520934
n95,2020-05-27 00:00:00+00:00,calibration,ACM-4 (independent),3,3.350201612056791e-05,2426,0.07435472192807391,1.2623768421924142,0.34115897133520934
n95,2020-05-27 00:00:00+00:00,calibration,ACM-4 (independent),3,3.557374349866249e-05,2426,0.07435472192807391,1.2623768421924142,0.34115897133520934
n95,2020-05-27 00:00:00+00:00,calibration,ACM-4 (independent),3,3.447777440374056e-05,2426,0.07435472192807391,1.2623768421924142,0.34115897133520934
n95,2020-05-27 00:00:00+00:00,calibration,ACM-4 (independent),1,4.4232429348367575e-05,2426,0.07435472192807391,1.2623768421924142,0.34115897133520934
n95,2020-05-27 00:00:00+00:00,calibration,ACM-4 (independent),3,3.508285256681454e-05,2426,0.07435472192807391,1.2623768421924142,0.34115897133520934
n95,2020-05-27 00:00:00+00:00,calibration,ACM-4 (independent),3,3.507517130174609e-05,2426,0.07435472192807391,1.2623768421924142,0.34115897133520934
n95,2020-05-27 00:00:00+00:00,calibration,ACM-4 (independent),3,3.508246458133746e-05,2426,0.07435472192807391,1.2623768421924142,0.34115897133520934
n95,2020-05-28 00:00:00+00:00,calibration,ACM-4 (independent),3,4.291627442176704e-05,2427,0.0743497568004257,1.2623326550532346,0.3411470297038003
n95,2020-05-28 00:00:00+00:00,calibration,ACM-4 (independent),1,2.8785195315128576e-06,2427,0.0743497568004257,1.2623326550532346,0.3411470297038003
n95,2020-05-28 00:00:00+00:00,calibration,ACM-4 (independent),3,3.507712806249952e-05,2427,0.0743497568004257,1.2623326550532346,0.3411470297038003
n95,2020-05-28 00:00:00+00:00,calibration,ACM-4 (independent),3,3.506942013897785e-05,2427,0.0743497568004257,1.2623326550532346,0.3411470297038003
n95,2020-05-28 00:00:00+00:00,calibration,ACM-4 (independent),1,1.9190131058666182e-06,2427,0.0743497568004257,1.2623326550532346,0.3411470297038003
n95,2020-05-28 00:00:00+00:00,calibration,ACM-4 (independent),1,6.845922978071517e-05,2427,0.0743497568004257,1.2623326550532346,0.3411470297038003
n95,2020-05-28 00:00:00+00:00,calibration,ACM-4 (independent),1,6.825187197101457e-05,2427,0.0743497568004257,1.2623326550532346,0.3411470297038003
n95,2020-05-28 00:00:00+00:00,calibration,ACM-4 (independent),1,5.3860815621531444e-05,2427,0.0743497568004257,1.2623326550532346,0.3411470297038003
n95,2020-05-28 00:00:00+00:00,calibration,ACM-4 (independent),3,3.5079142511218464e-05,2427,0.0743497568004257,1.2623326550532346,0.3411470297038003
n95,2020-05-28 00:00:00+00:00,calibration,ACM-4 (independent),3,2.7996423338005894e-05,2427,0.0743497568004257,1.2623326550532346,0.3411470297038003
n95,2020-05-28 00:00:00+00:00,calibration,ACM-4 (independent),3,3.568320985608553e-05,2427,0.0743497568004257,1.2623326550532346,0.3411470297038003
n95,2020-05-28 00:00:00+00:00,calibration,ACM-4 (independent),3,3.563968736680634e-05,2427,0.0743497568004257,1.2623326550532346,0.3411470297038003
n95,2020-05-28 00:00:00+00:00,calibration,ACM-4 (independent),3,2.7940389960623424e-05,2427,0.0743497568004257,1.2623326550532346,0.3411470297038003
n95,2020-05-28 00:00:00+00:00,calibration,ACM-4 (independent),3,3.507072019853785e-05,2427,0.0743497568004257,1.2623326550532346,0.3411470297038003
n95,2020-05-28 00:00:00+00:00,calibration,ACM-4 (independent),1,4.4777019088781955e-05,2427,0.0743497568004257,1.2623326550532346,0.3411470297038003
n95,2020-05-28 00:00:00+00:00,calibration,ACM-4 (independent),1,4.124323166920796e-05,2427,0.0743497568004257,1.2623326550532346,0.3411470297038003
n95,2020-05-29 00:00:00+00:00,calibration,ACM-4 (independent),3,3.658534636125088e-05,2429,0.07431487728445564,1.2623885661999004,0.3411621397633682
n95,2020-05-29 00:00:00+00:00,calibration,ACM-4 (independent),3,3.6362588065608215e-05,2429,0.07431487728445564,1.2623885661999004,0.3411621397633682
n95,2020-05-30 00:00:00+00:00,calibration,ACM-4 (independent),3,4.8015317125393864e-05,2449,0.07397274883226027,1.26272706293149,0.34125361894208067
n95,2020-05-30 00:00:00+00:00,calibration,ACM-4 (independent),1,5.187500886894014e-05,2449,0.07397274883226027,1.26272706293149,0.34125361894208067
n95,2020-05-30 00:00:00+00:00,calibration,ACM-4 (independent),1,5.148845588398565e-05,2449,0.07397274883226027,1.26272706293149,0.34125361894208067
n95,2020-05-30 00:00:00+00:00,calibration,ACM-4 (independent),1,6.486688597817647e-06,2449,0.07397274883226027,1.26272706293149,0.34125361894208067
n95,2020-05-30 00:00:00+00:00,calibration,ACM-4 (independent),1,1.5536797166593175e-06,2449,0.07397274883226027,1.26272706293149,0.34125361894208067
n95,2020-05-30 00:00:00+00:00,calibration,ACM-4 (independent),1,1.2141192640147125e-05,2449,0.07397274883226027,1.26272706293149,0.34125361894208067
n95,2020-05-30 00:00:00+00:00,calibration,ACM-4 (independent),1,1.34885767004711e-05,2449,0.07397274883226027,1.26272706293149,0.34125361894208067
n95,2020-05-30 00:00:00+00:00,calibration,ACM-4 (independent),1,4.399328499904431e-05,2449,0.07397274883226027,1.26272706293149,0.34125361894208067
n95,2020-05-30 00:00:00+00:00,calibration,ACM-4 (independent),1,3.628982251235868e-05,2449,0.07397274883226027,1.26272706293149,0.34125361894208067
n95,2020-05-31 00:00:00+00:00,calibration,ACM-4 (independent),3,1.2437398589859594e-05,2451,0.07393425143211398,1.2627684126886938,0.3412647937673477
n95,2020-06-02 00:00:00+00:00,calibration,ACM-4 (independent),3,3.38694721198074e-05,2452,0.07390464650527206,1.2628670851576063,0.34129146012945777
n95,2020-06-02 00:00:00+00:00,calibration,ACM-4 (independent),3,3.487786581518604e-05,2452,0.07390464650527206,1.2628670851576063,0.34129146012945777
n95,2020-06-04 00:00:00+00:00,calibration,ACM-4 (independent),3,3.615952957564117e-05,2452,0.07390464650527206,1.2628670851576063,0.34129146012945777
n95,2020-06-05 00:00:00+00:00,calibration,ACM-4 (independent),3,3.717327047919605e-05,2464,0.07376959268409629,1.262529941041432,0.34120034649680747
n95,2020-06-10 00:00:00+00:00,calibration,ACM-4 (independent),3,1.3530384344984103e-05,2484,0.07351291511615592,1.2622351317412956,0.34112067390284584
n95,2020-06-19 00:00:00+00:00,calibration,ACM-4 (independent),3,3.611953896093256e-05,2544,0.07262948656201176,1.2622401079567198,0.34112201873148856
n95,2020-06-22 00:00:00+00:00,calibration,ACM-4 (independent),3,3.4219495384790743e-05,2548,0.07259462616140665,1.2620194391538075,0.34106238270261735
n95,2020-06-23 00:00:00+00:00,calibration,ACM-4 (independent),3,2.773062621141964e-05,2548,0.07259462616140665,1.2620194391538075,0.34106238270261735
n95,2020-06-23 00:00:00+00:00,calibration,ACM-4 (independent),3,2.787574399121251e-05,2548,0.07259462616140665,1.2620194391538075,0.34106238270261735
n95,2020-06-25 00:00:00+00:00,calibration,ACM-4 (independent),3,3.811249563850927e-05,2551,0.07255526149501226,1.2620214179291884,0.34106291746921863
n95,2020-06-25 00:00:00+00:00,calibration,ACM-4 (independent),3,2.655952843239051e-05,2551,0.07255526149501226,1.2620214179291884,0.34106291746921863
n95,2020-07-08 00:00:00+00:00,validation,ACM-4 (independent),3,4.0886175928900315e-05,2458,0.0737753331382254,1.2629573649149661,0.34131585835043576
n95,2020-07-21 00:00:00+00:00,validation,ACM-4 (independent),3,5.4700606553936826e-05,1483,0.09559334219277675,1.255242379559891,0.3392308735981549
n95,2020-07-29 01:25:02.054000+00:00,validation,ACM-4 (independent),4,9.0519080556406e-06,828,0.127964228028874,1.2534889666982054,0.33875701150862253
n95,2020-07-29 01:25:05.569000+00:00,validation,ACM-4 (independent),1,5.70256598808605e-06,828,0.127964228028874,1.2534889666982054,0.33875701150862253
n95,2020-07-29 01:25:10.323000+00:00,validation,ACM-4 (independent),2,2.377429580069368e-05,828,0.127964228028874,1.2534889666982054,0.33875701150862253
n95,2020-08-09 17:40:00.001000+00:00,validation,ACM-4 (independent),4,5.972416713843909e-06,701,0.1385557094866209,1.2546248188199758,0.33906397701091984
n95,2020-09-17 14:49:15.387000+00:00,validation,ACM-4 (independent),5,3.397662126659873e-05,165,0.27526755770475075,1.2651965831772005,0.3419210099766428
n95,2020-09-29 20:29:37.026000+00:00,validation,ACM-4 (independent),5,2.1693633718011807e-05,127,0.3100807155214794,1.271060839898747,0.34350583292641573
n95,2020-09-29 20:30:29.173000+00:00,validation,ACM-4 (independent),4,1.1361605041060319e-05,127,0.3100807155214794,1.271060839898747,0.34350583292641573
n95,2020-09-29 20:31:16.085000+00:00,validation,ACM-4 (independent),2,6.904560121367975e-05,127,0.3100807155214794,1.271060839898747,0.34350583292641573
n95,2020-09-29 20:36:42.596000+00:00,validation,ACM-4 (independent),4,8.626956472440606e-06,127,0.3100807155214794,1.271060839898747,0.34350583292641573
n95,2020-09-29 20:38:04.726000+00:00,validation,ACM-4 (independent),2,1.3804188515043059e-05,127,0.3100807155214794,1.271060839898747,0.34350583292641573
n95,2020-09-29 20:53:56.482000+00:00,validation,ACM-4 (independent),3,1.5046937924145798e-05,127,0.3100807155214794,1.271060839898747,0.34350583292641573
n95,2020-09-29 21:08:09.906000+00:00,validation,ACM-4 (independent),3,1.0808373265697169e-05,127,0.3100807155214794,1.271060839898747,0.34350583292641573
n95,2020-09-29 21:09:49.881000+00:00,validation,ACM-4 (independent),2,1.380312406895623e-05,127,0.3100807155214794,1.271060839898747,0.34350583292641573
n95,2020-09-29 21:23:06.803000+00:00,validation,ACM-4 (independent),2,8.281538334009575e-05,127,0.3100807155214794,1.271060839898747,0.34350583292641573
n95,2020-09-29 21:42:25.341000+00:00,validation,ACM-4 (independent),3,2.2630813319379772e-05,127,0.3100807155214794,1.271060839898747,0.34350583292641573
n95,2020-09-29 22:15:57.843000+00:00,validation,ACM-4 (independent),4,5.754121347295582e-05,127,0.3100807155214794,1.271060839898747,0.34350583292641573
n95,2020-10-06 05:38:05.418000+00:00,validation,ACM-4 (independent),5,1.270815034670747e-05,121,0.31790008067821096,1.268870547833682,0.34291390366815755
n95,2020-11-25 01:20:47.032000+00:00,validation,ACM-4 (independent),6,4.671899286529113e-05,72,0.4353458902464323,1.2462163892738678,0.3367915880707736
n95,2020-11-25 01:23:40.217000+00:00,validation,ACM-4 (independent),1,8.01374426351309e-06,72,0.4353458902464323,1.2462163892738678,0.3367915880707736
n95,2020-11-25 01:24:35.287000+00:00,validation,ACM-4 (independent),1,1.9531113872039985e-06,72,0.4353458902464323,1.2462163892738678,0.3367915880707736
n95,2020-11-25 01:25:34.362000+00:00,validation,ACM-4 (independent),1,3.7664044472141e-07,72,0.4353458902464323,1.2462163892738678,0.3367915880707736
n95,2020-11-25 01:27:43.049000+00:00,validation,ACM-4 (independent),1,8.532372178238212e-08,72,0.4353458902464323,1.2462163892738678,0.3367915880707736
n95,2020-11-25 01:28:07.488000+00:00,validation,ACM-4 (independent),1,1.7349565895052876e-08,72,0.4353458902464323,1.2462163892738678,0.3367915880707736
n95,2020-11-25 01:28:52.014000+00:00,validation,ACM-4 (independent),1,3.797360204060851e-09,72,0.4353458902464323,1.2462163892738678,0.3367915880707736
n95,2020-11-25 01:36:47.434000+00:00,validation,ACM-4 (independent),1,7.909270738348795e-10,72,0.4353458902464323,1.2462163892738678,0.3367915880707736
n95,2020-11-25 01:37:14.960000+00:00,validation,ACM-4 (independent),1,1.7037676824926962e-10,72,0.4353458902464323,1.2462163892738678,0.3367915880707736
n95,2020-11-25 01:47:05.219000+00:00,validation,ACM-4 (independent),1,3.5876912551913165e-11,72,0.4353458902464323,1.2462163892738678,0.3367915880707736
n95,2020-11-25 01:47:33.196000+00:00,validation,ACM-4 (independent),1,7.67202967821845e-12,72,0.4353458902464323,1.2462163892738678,0.3367915880707736
n95,2020-11-25 01:47:58.953000+00:00,validation,ACM-4 (independent),1,1.623590151211829e-12,72,0.4353458902464323,1.2462163892738678,0.3367915880707736
n95,2020-11-25 01:51:36.992000+00:00,validation,ACM-4 (independent),1,3.4600100562443004e-13,72,0.4353458902464323,1.2462163892738678,0.3367915880707736
n95,2020-12-18 04:49:22.924000+00:00,validation,ACM-4 (independent),6,3.523062278401601e-05,71,0.44588707060106125,1.2371342386299318,0.33433712513416314
n95,2020-12-18 04:50:14.353000+00:00,validation,ACM-4 (independent),4,1.6979933650546064e-05,71,0.44588707060106125,1.2371342386299318,0.33433712513416314
n95,2021-01-13 15:06:58.314000+00:00,test,ACM-4 (independent),5,3.8220891246804056e-05,101,0.3601359799123356,1.2608931126606353,0.3407579915137463
n95,2021-01-13 15:08:15.321000+00:00,test,ACM-4 (independent),3,7.149318022459106e-05,101,0.3601359799123356,1.2608931126606353,0.3407579915137463
n95,2021-01-13 15:09:57.742000+00:00,test,ACM-4 (independent),3,7.35063472620534e-05,101,0.3601359799123356,1.2608931126606353,0.3407579915137463
n95,2021-01-13 15:10:36.173000+00:00,test,ACM-4 (independent),3,5.390087314177672e-05,101,0.3601359799123356,1.2608931126606353,0.3407579915137463
n95,2021-01-18 21:56:33.211000+00:00,test,ACM-4 (independent),5,6.042843743836457e-06,148,0.3061532246336493,1.245048321630612,0.3364759162822045
n95,2021-02-24 07:33:27.950000+00:00,test,ACM-4 (independent),5,1.4146565214867568e-05,152,0.29777490010183566,1.2484256627026185,0.33738864706707283
n95,2021-02-25 19:26:49.047000+00:00,test,ACM-4 (independent),4,7.749153846587503e-05,153,0.2968333680298961,1.2483405588945942,0.33736564765308497
n95,2021-03-02 19:09:23.329000+00:00,test,ACM-4 (independent),4,8.340587780927833e-05,151,0.29735956032034,1.2495278060092943,0.33768650271857265
n95,2021-03-02 19:46:07.690000+00:00,test,ACM-4 (independent),3,5.0266517858332804e-05,150,0.29848262921605245,1.249292431569218,0.33762289247227284
n95,2021-03-26 15:22:09.733000+00:00,test,ACM-4 (independent),5,9.05588314575878e-06,187,0.2617090413434487,1.2630752061897244,0.34134770510707263
n95,2021-04-22 19:21:48.925000+00:00,test,ACM-4 (independent),5,3.706246146456538e-05,163,0.2740266834090426,1.2709826796039776,0.34348471000584907
n95,2021-05-04 17:00:41.851000+00:00,test,ACM-4 (independent),5,3.420288814470762e-05,165,0.2735036393090049,1.2698481475093801,0.3431781012425994
n95,2021-05-12 21:21:12.575000+00:00,test,ACM-4 (independent),4,5.513155950986892e-06,162,0.27439429487111566,1.2717012994898589,0.3436789179577492
surgical_mask,2020-04-05 00:00:00+00:00,calibration,ACM-4 (independent),6,9.182216069686389e-05,15,0.8196866863860612,1.2759092276344244,0.34481611597126727
surgical_mask,2020-04-24 00:00:00+00:00,calibration,ACM-4 (independent),3,8.391637412641373e-05,1279,0.10287991420030251,1.26061372231999,0.34068248591349304
surgical_mask,2020-04-24 00:00:00+00:00,calibration,ACM-4 (independent),1,1.8453136674811965e-06,1279,0.10287991420030251,1.26061372231999,0.34068248591349304
surgical_mask,2020-04-25 00:00:00+00:00,calibration,ACM-4 (independent),3,6.512292680510567e-05,1397,0.09749359153288104,1.265646724469648,0.3420426612420607
surgical_mask,2020-04-25 00:00:00+00:00,calibration,ACM-4 (independent),2,3.6170222256104445e-05,1397,0.09749359153288104,1.265646724469648,0.3420426612420607
surgical_mask,2020-04-26 00:00:00+00:00,calibration,ACM-4 (independent),3,3.438636636310388e-05,1475,0.09479075124106856,1.2658882016066824,0.342107920750092
surgical_mask,2020-04-27 00:00:00+00:00,calibration,ACM-4 (independent),3,4.5251884639885276e-05,1538,0.09277452316994257,1.2659278350994536,0.34211863175268037
surgical_mask,2020-04-27 00:00:00+00:00,calibration,ACM-4 (independent),3,5.018065824992585e-05,1538,0.09277452316994257,1.2659278350994536,0.34211863175268037
surgical_mask,2020-04-27 00:00:00+00:00,calibration,ACM-4 (independent),3,4.252535632126575e-05,1538,0.09277452316994257,1.2659278350994536,0.34211863175268037
surgical_mask,2020-04-27 00:00:00+00:00,calibration,ACM-4 (independent),3,5.073618240342137e-05,1538,0.09277452316994257,1.2659278350994536,0.34211863175268037
surgical_mask,2020-04-27 00:00:00+00:00,calibration,ACM-4 (independent),3,3.1024470133256266e-05,1538,0.09277452316994257,1.2659278350994536,0.34211863175268037
surgical_mask,2020-04-29 00:00:00+00:00,calibration,ACM-4 (independent),3,4.8003168609866975e-05,1696,0.08837858231778781,1.2652578455784285,0.34193756621966465
surgical_mask,2020-05-06 00:00:00+00:00,calibration,ACM-4 (independent),3,5.375797821793871e-05,1893,0.08389574448141954,1.2637119723963794,0.34151979199648846
surgical_mask,2020-05-08 00:00:00+00:00,calibration,ACM-4 (independent),3,3.445787635530939e-05,1900,0.08369871856548428,1.2640252529919156,0.3416044564818784
surgical_mask,2020-05-29 00:00:00+00:00,calibration,ACM-4 (independent),3,5.280094800275137e-05,1921,0.08328558800600158,1.2637685068279738,0.34153507049961296
surgical_mask,2020-05-29 00:00:00+00:00,calibration,ACM-4 (independent),1,2.1204321275281046e-05,1921,0.08328558800600158,1.2637685068279738,0.34153507049961296
surgical_mask,2020-06-02 00:00:00+00:00,calibration,ACM-4 (independent),3,2.337130640067686e-05,1936,0.08301308641330438,1.263561237305961,0.3414790556437034
surgical_mask,2020-06-02 00:00:00+00:00,calibration,ACM-4 (independent),1,6.301092526594942e-05,1936,0.08301308641330438,1.263561237305961,0.3414790556437034
surgical_mask,2020-06-02 00:00:00+00:00,calibration,ACM-4 (independent),1,7.03603151428478e-05,1936,0.08301308641330438,1.263561237305961,0.3414790556437034
surgical_mask,2020-06-02 00:00:00+00:00,calibration,ACM-4 (independent),3,3.6202851221744936e-05,1936,0.08301308641330438,1.263561237305961,0.3414790556437034
surgical_mask,2020-06-03 00:00:00+00:00,calibration,ACM-4 (independent),3,2.3147305291792986e-05,1936,0.08301308641330438,1.263561237305961,0.3414790556437034
surgical_mask,2020-06-03 00:00:00+00:00,calibration,ACM-4 (independent),3,3.35900267038336e-05,1936,0.08301308641330438,1.263561237305961,0.3414790556437034
surgical_mask,2020-06-05 00:00:00+00:00,calibration,ACM-4 (independent),3,5.8970299431249096e-05,1952,0.08274806753758256,1.2630621575903225,0.3413441787062385
surgical_mask,2020-06-09 00:00:00+00:00,calibration,ACM-4 (independent),3,2.1124579194564674e-05,1972,0.08233050084189347,1.2630771050570042,0.34134821827840645
surgical_mask,2020-06-11 00:00:00+00:00,calibration,ACM-4 (independent),3,1.7027419988324688e-05,1996,0.08188707251304733,1.2628541163039915,0.34128795528002553
surgical_mask,2020-06-11 00:00:00+00:00,calibration,ACM-4 (independent),1,6.810118223998796e-05,1996,0.08188707251304733,1.2628541163039915,0.34128795528002553
surgical_mask,2020-06-11 00:00:00+00:00,calibration,ACM-4 (independent),1,4.823269207054892e-05,1996,0.08188707251304733,1.2628541163039915,0.34128795528002553
surgical_mask,2020-06-12 00:00:00+00:00,calibration,ACM-4 (independent),3,1.634330334876477e-05,2005,0.08161371690625172,1.2633676464912567,0.34142673747610314
surgical_mask,2020-06-13 00:00:00+00:00,calibration,ACM-4 (independent),3,3.8821209500994325e-05,2009,0.08145404580348109,1.2638358152782745,0.3415532606952022
surgical_mask,2020-06-15 00:00:00+00:00,calibration,ACM-4 (independent),3,3.4578482865921245e-05,2012,0.08139339910279672,1.2638183227597033,0.34154853331947543
surgical_mask,2020-06-15 00:00:00+00:00,calibration,ACM-4 (independent),3,3.28429287160259e-05,2012,0.08139339910279672,1.2638183227597033,0.34154853331947543
surgical_mask,2020-06-15 00:00:00+00:00,calibration,ACM-4 (independent),1,3.891997625626864e-06,2012,0.08139339910279672,1.2638183227597033,0.34154853331947543
surgical_mask,2020-06-23 00:00:00+00:00,calibration,ACM-4 (independent),3,4.78301175658169e-05,2050,0.08075798819209402,1.262788980827057,0.34127035233329384
surgical_mask,2020-06-24 00:00:00+00:00,calibration,ACM-4 (independent),3,3.99820180788657e-05,2054,0.08066543743170757,1.2629047504995607,0.34130163923674706
surgical_mask,2020-06-25 00:00:00+00:00,calibration,ACM-4 (independent),3,3.9891736351660434e-05,2058,0.08063110727195938,1.262668579011318,0.3412378135871513
surgical_mask,2020-06-25 00:00:00+00:00,calibration,ACM-4 (independent),3,3.273900268724317e-05,2058,0.08063110727195938,1.262668579011318,0.3412378135871513
surgical_mask,2020-07-07 00:00:00+00:00,validation,ACM-4 (independent),3,4.665910889495306e-05,2041,0.08075977117224396,1.2638836280218175,0.3415661821508711
surgical_mask,2020-07-07 00:00:00+00:00,validation,ACM-4 (independent),3,3.3076568637213644e-05,2041,0.08075977117224396,1.2638836280218175,0.3415661821508711
surgical_mask,2020-07-10 00:00:00+00:00,validation,ACM-4 (independent),3,4.497572011685769e-05,1849,0.08482260180542756,1.264221169443173,0.34165740315575954
surgical_mask,2020-07-13 00:00:00+00:00,validation,ACM-4 (independent),3,5.704972300518696e-05,1693,0.08921255771812953,1.2606786555139855,0.3407000341929993
surgical_mask,2020-07-29 01:25:02.054000+00:00,validation,ACM-4 (independent),4,1.1060863576231594e-05,625,0.14517738833197127,1.2590618817774792,0.3402630990034482
surgical_mask,2020-08-04 03:58:56.007000+00:00,validation,ACM-4 (independent),3,6.77413934144222e-05,520,0.15953987332816727,1.2582898827523334,0.34005446527024924
surgical_mask,2020-08-09 17:40:00.001000+00:00,validation,ACM-4 (independent),4,1.0569314552702665e-05,518,0.15928934094680713,1.2593152326766692,0.34033156741103116
surgical_mask,2020-10-05 20:57:26.215000+00:00,validation,ACM-4 (independent),6,5.172670815781211e-05,70,0.42585273945432395,1.2625660906518803,0.34121011597570045
surgical_mask,2020-10-05 21:04:13.973000+00:00,validation,ACM-4 (independent),3,5.551731066327781e-05,70,0.42585273945432395,1.2625660906518803,0.34121011597570045
surgical_mask,2020-10-06 05:38:05.418000+00:00,validation,ACM-4 (independent),5,5.993921723285167e-05,71,0.42419049919633145,1.2607499070727946,0.34071929001875345
surgical_mask,2020-12-02 21:25:06.171000+00:00,validation,ACM-4 (independent),7,2.9666661857274956e-05,37,0.6021431232306453,1.2445791011061886,0.3363491088297138
surgical_mask,2020-12-03 18:19:01.251000+00:00,validation,ACM-4 (independent),5,5.9299962497205705e-05,36,0.606333256450733,1.2478413960790309,0.3372307482577581
surgical_mask,2020-12-18 04:45:07.644000+00:00,validation,ACM-4 (independent),6,5.550595915948531e-05,39,0.5831589645782445,1.2481677745162583,0.33731895245177446
surgical_mask,2020-12-18 04:49:22.924000+00:00,validation,ACM-4 (independent),3,5.2614849138710174e-05,39,0.5831589645782445,1.2481677745162583,0.33731895245177446
surgical_mask,2020-12-18 04:49:46.143000+00:00,validation,ACM-4 (independent),3,5.281305695270522e-05,39,0.5831589645782445,1.2481677745162583,0.33731895245177446
surgical_mask,2021-01-04 17:17:46.908000+00:00,test,ACM-4 (independent),5,7.969853227673962e-05,39,0.5831426526486505,1.2481535954724754,0.33731512054688695
surgical_mask,2021-01-04 17:18:07.925000+00:00,test,ACM-4 (independent),3,8.977764114415088e-05,39,0.5831426526486505,1.2481535954724754,0.33731512054688695
surgical_mask,2021-01-04 17:18:58.990000+00:00,test,ACM-4 (independent),4,2.5088615022761385e-05,39,0.5831426526486505,1.2481535954724754,0.33731512054688695
surgical_mask,2021-02-20 01:30:55.858000+00:00,test,ACM-4 (independent),5,2.9212632046360376e-05,117,0.3340390411897832,1.255912248399421,0.3394119065168408
surgical_mask,2021-02-23 03:43:14.625000+00:00,test,ACM-4 (independent),6,1.6717630451579257e-05,115,0.33619482341819584,1.2563318213389247,0.3395252966454117
surgical_mask,2021-02-25 19:43:25.318000+00:00,test,ACM-4 (independent),5,7.653724408790419e-05,115,0.3357975304950131,1.2560915723254165,0.33946036903934884
surgical_mask,2021-02-25 19:44:34.146000+00:00,test,ACM-4 (independent),3,6.594271094950699e-06,115,0.3357975304950131,1.2560915723254165,0.33946036903934884
surgical_mask,2021-03-03 00:17:03.836000+00:00,test,ACM-4 (independent),4,3.200110822912383e-05,113,0.3364336470899064,1.257470711693523,0.33983308323405315
surgical_mask,2021-03-06 00:53:36.189000+00:00,test,ACM-4 (independent),5,5.3173440219905777e-05,110,0.3392024836015433,1.2591433857997982,0.3402851255707019
surgical_mask,2021-03-13 00:57:01.328000+00:00,test,ACM-4 (independent),5,3.6922757347068735e-05,144,0.3046835104668303,1.249947893792774,0.33780003198439273
surgical_mask,2021-03-13 00:57:01.522000+00:00,test,ACM-4 (independent),2,4.825432504751426e-05,144,0.3046835104668303,1.249947893792774,0.33780003198439273
surgical_mask,2021-03-13 00:57:02.628000+00:00,test,ACM-4 (independent),3,9.325216055255936e-05,144,0.3046835104668303,1.249947893792774,0.33780003198439273
surgical_mask,2021-03-25 17:44:56.969000+00:00,test,ACM-4 (independent),5,7.880059600839928e-06,160,0.2880528176171844,1.2507537391521408,0.3380178127331107
surgical_mask,2021-03-27 01:56:52.370000+00:00,test,ACM-4 (independent),4,7.056409358020821e-05,160,0.2880528176171844,1.2507537391521408,0.3380178127331107
surgical_mask,2021-03-27 01:57:08.193000+00:00,test,ACM-4 (independent),3,1.0079491955750086e-05,160,0.2880528176171844,1.2507537391521408,0.3380178127331107
surgical_mask,2021-03-27 01:57:21.410000+00:00,test,ACM-4 (independent),3,6.385921623008883e-05,160,0.2880528176171844,1.2507537391521408,0.3380178127331107
surgical_mask,2021-05-20 23:26:36.764000+00:00,test,ACM-4 (independent),5,6.296224176693954e-05,149,0.2866657430659664,1.272869770272183,0.3439946986951719
surgical_mask,2021-05-26 19:37:53.885000+00:00,test,ACM-4 (independent),4,7.125766288962332e-05,153,0.2835985811828916,1.2716736594589206,0.34367144820370477
surgical_mask,2021-05-26 19:44:19.530000+00:00,test,ACM-4 (independent),3,3.8022741467080845e-05,153,0.2835985811828916,1.2716736594589206,0.34367144820370477
surgical_mask,2021-06-23 17:12:28.594000+00:00,test,ACM-4 (independent),5,2.1180993358016487e-05,103,0.3484240414092989,1.265684652567132,0.342052911359371
surgical_mask,2021-06-27 20:57:23.453000+00:00,test,ACM-4 (independent),5,4.2462160683043315e-05,103,0.3484240414092989,1.265684652567132,0.342052911359371
surgical_mask,2021-06-27 20:57:23.819000+00:00,test,ACM-4 (independent),3,9.458698884692862e-05,103,0.3484240414092989,1.265684652567132,0.342052911359371
surgical_mask,2021-06-27 20:57:24.427000+00:00,test,ACM-4 (independent),4,1.0619351533569521e-05,103,0.3484240414092989,1.265684652567132,0.342052911359371
surgical_mask,2021-07-09 00:18:56.401000+00:00,test,ACM-4 (independent),5,1.8754757175054593e-05,84,0.3884304457485414,1.2618699665781605,0.34102198754607915
surgical_mask,2021-07-12 01:19:52.831000+00:00,test,ACM-4 (independent),5,2.7117124198956788e-05,69,0.4298422888024973,1.258731805162474,0.34017389537211307
face_shield,2020-04-24 00:00:00+00:00,calibration,ACM-4 (independent),4,7.135809310443442e-06,1359,0.09961259920252813,1.2611419071893986,0.3408252285563391
face_shield,2020-04-25 00:00:00+00:00,calibration,ACM-4 (independent),3,3.8501898994680595e-05,1472,0.0949256132283356,1.265179085728045,0.3419162812684193
face_shield,2020-05-01 00:00:00+00:00,calibration,ACM-4 (independent),3,4.782850994244914e-05,1913,0.08340528546137158,1.26373449172473,0.3415258778740477
face_shield,2020-05-03 00:00:00+00:00,calibration,ACM-4 (independent),3,5.149627310657712e-05,1953,0.08261163937081271,1.2630895437149647,0.34135157984177866
face_shield,2020-05-06 00:00:00+00:00,calibration,ACM-4 (independent),3,3.8453543116795386e-05,1957,0.08250315249468933,1.263187347246511,0.34137801137244367
face_shield,2020-05-15 00:00:00+00:00,calibration,ACM-4 (independent),3,2.0018618243411446e-05,1971,0.08217062090686207,1.26336679775555,0.34142650810418274
face_shield,2020-05-15 00:00:00+00:00,calibration,ACM-4 (independent),3,3.1986205708434134e-05,1971,0.08217062090686207,1.26336679775555,0.34142650810418274
face_shield,2020-05-19 00:00:00+00:00,calibration,ACM-4 (independent),3,4.5846931967685745e-05,1976,0.08211201685678819,1.2630237219975782,0.3413337914376789
face_shield,2020-05-19 00:00:00+00:00,calibration,ACM-4 (independent),3,3.553064032407738e-05,1976,0.08211201685678819,1.2630237219975782,0.3413337914376789
face_shield,2020-05-20 00:00:00+00:00,calibration,ACM-4 (independent),3,7.63311676726941e-06,1976,0.08211201685678819,1.2630237219975782,0.3413337914376789
face_shield,2020-05-22 00:00:00+00:00,calibration,ACM-4 (independent),3,3.5248168126000845e-05,1978,0.0820925898734441,1.262900526767377,0.3413004977676715
face_shield,2020-05-22 00:00:00+00:00,calibration,ACM-4 (independent),3,3.5334868026537514e-05,1978,0.0820925898734441,1.262900526767377,0.3413004977676715
face_shield,2020-05-25 00:00:00+00:00,calibration,ACM-4 (independent),3,2.871715165742028e-05,1981,0.08202954706451776,1.26288460180494,0.34129619402601374
face_shield,2020-05-30 00:00:00+00:00,calibration,ACM-4 (independent),3,5.219926039268241e-05,1998,0.08169112629649265,1.2629401824211632,0.34131121475930287
face_shield,2020-06-04 00:00:00+00:00,calibration,ACM-4 (independent),3,4.533975198339757e-05,2000,0.08167529218235675,1.2628240854938517,0.3412798394148154
face_shield,2020-06-08 00:00:00+00:00,calibration,ACM-4 (independent),3,4.2666225300469485e-05,2015,0.08140241408110305,1.2615952354558724,0.340947741105602
face_shield,2020-06-08 00:00:00+00:00,calibration,ACM-4 (independent),3,3.355115069031411e-05,2015,0.08140241408110305,1.2615952354558724,0.340947741105602
face_shield,2020-06-08 00:00:00+00:00,calibration,ACM-4 (independent),3,4.224582255363263e-05,2015,0.08140241408110305,1.2615952354558724,0.340947741105602
face_shield,2020-06-08 00:00:00+00:00,calibration,ACM-4 (independent),3,4.14709951835901e-05,2015,0.08140241408110305,1.2615952354558724,0.340947741105602
face_shield,2020-06-08 00:00:00+00:00,calibration,ACM-4 (independent),3,3.3534671629364965e-05,2015,0.08140241408110305,1.2615952354558724,0.340947741105602
face_shield,2020-06-08 00:00:00+00:00,calibration,ACM-4 (independent),3,3.369579368084352e-05,2015,0.08140241408110305,1.2615952354558724,0.340947741105602
face_shield,2020-06-08 00:00:00+00:00,calibration,ACM-4 (independent),3,4.209500996649185e-05,2015,0.08140241408110305,1.2615952354558724,0.340947741105602
face_shield,2020-06-09 00:00:00+00:00,calibration,ACM-4 (independent),3,4.936886382578276e-05,2021,0.08122423633358421,1.2629322455381142,0.3413090698064123
face_shield,2020-06-09 00:00:00+00:00,calibration,ACM-4 (independent),1,1.979020767350903e-05,2021,0.08122423633358421,1.2629322455381142,0.3413090698064123
face_shield,2020-06-09 00:00:00+00:00,calibration,ACM-4 (independent),1,1.9628285013784108e-05,2021,0.08122423633358421,1.2629322455381142,0.3413090698064123
face_shield,2020-06-09 00:00:00+00:00,calibration,ACM-4 (independent),3,3.339509299438159e-05,2021,0.08122423633358421,1.2629322455381142,0.3413090698064123
face_shield,2020-06-12 00:00:00+00:00,calibration,ACM-4 (independent),3,4.611631552309259e-05,2041,0.08085783500696249,1.2627655659468837,0.34126402443169834
face_shield,2020-06-12 00:00:00+00:00,calibration,ACM-4 (independent),3,3.240345054772442e-05,2041,0.08085783500696249,1.2627655659468837,0.34126402443169834
face_shield,2020-06-13 00:00:00+00:00,calibration,ACM-4 (independent),3,4.9360787412466856e-05,2041,0.08085783500696249,1.2627655659468837,0.34126402443169834
face_shield,2020-06-13 00:00:00+00:00,calibration,ACM-4 (independent),3,3.2873917537312725e-05,2041,0.08085783500696249,1.2627655659468837,0.34126402443169834
face_shield,2020-06-13 00:00:00+00:00,calibration,ACM-4 (independent),3,3.2866402264020156e-05,2041,0.08085783500696249,1.2627655659468837,0.34126402443169834
face_shield,2020-06-13 00:00:00+00:00,calibration,ACM-4 (independent),1,4.2729551941178556e-05,2041,0.08085783500696249,1.2627655659468837,0.34126402443169834
face_shield,2020-06-15 00:00:00+00:00,calibration,ACM-4 (independent),3,4.694992736187231e-05,2044,0.08079763808692884,1.2627523839842762,0.3412604619892857
face_shield,2020-06-15 00:00:00+00:00,calibration,ACM-4 (independent),3,3.2357548844452744e-05,2044,0.08079763808692884,1.2627523839842762,0.3412604619892857
face_shield,2020-06-17 00:00:00+00:00,calibration,ACM-4 (independent),3,3.906581984836066e-05,2058,0.08053623776453138,1.2625610697928462,0.3412087590820645
face_shield,2020-06-17 00:00:00+00:00,calibration,ACM-4 (independent),3,3.845061410312489e-05,2058,0.08053623776453138,1.2625610697928462,0.3412087590820645
face_shield,2020-06-17 00:00:00+00:00,calibration,ACM-4 (independent),3,2.9833247631227966e-05,2058,0.08053623776453138,1.2625610697928462,0.3412087590820645
face_shield,2020-06-17 00:00:00+00:00,calibration,ACM-4 (independent),3,2.0814528746582184e-05,2058,0.08053623776453138,1.2625610697928462,0.3412087590820645
face_shield,2020-06-17 00:00:00+00:00,calibration,ACM-4 (independent),3,2.8594628628364482e-05,2058,0.08053623776453138,1.2625610697928462,0.3412087590820645
face_shield,2020-06-19 00:00:00+00:00,calibration,ACM-4 (independent),3,5.274670176680374e-05,2065,0.08041127964403656,1.2624809585917047,0.3411871089265322
face_shield,2020-06-22 00:00:00+00:00,calibration,ACM-4 (independent),3,4.123262502003788e-05,2070,0.0803511832439056,1.262148672320671,0.34109730813280265
face_shield,2020-06-22 00:00:00+00:00,calibration,ACM-4 (independent),3,4.254275431631038e-05,2070,0.0803511832439056,1.262148672320671,0.34109730813280265
face_shield,2020-06-22 00:00:00+00:00,calibration,ACM-4 (independent),3,4.115925156095157e-05,2070,0.0803511832439056,1.262148672320671,0.34109730813280265
face_shield,2020-06-22 00:00:00+00:00,calibration,ACM-4 (independent),3,4.115281609096133e-05,2070,0.0803511832439056,1.262148672320671,0.34109730813280265
face_shield,2020-06-23 00:00:00+00:00,calibration,ACM-4 (independent),3,4.2871056544546704e-05,2072,0.08030119932711345,1.262196479786162,0.3411102281620712
face_shield,2020-06-23 00:00:00+00:00,calibration,ACM-4 (independent),3,3.2407338884654635e-05,2072,0.08030119932711345,1.262196479786162,0.3411102281620712
face_shield,2020-06-23 00:00:00+00:00,calibration,ACM-4 (independent),3,4.285534252734813e-05,2072,0.08030119932711345,1.262196479786162,0.3411102281620712
face_shield,2020-06-24 00:00:00+00:00,calibration,ACM-4 (independent),3,4.9102235813003325e-05,2073,0.08029523413476504,1.2621461794733078,0.3410966344375845
face_shield,2020-06-24 00:00:00+00:00,calibration,ACM-4 (independent),3,4.2881644636949545e-05,2073,0.08029523413476504,1.2621461794733078,0.3410966344375845
face_shield,2020-06-29 00:00:00+00:00,calibration,ACM-4 (independent),3,3.909178323796558e-05,2078,0.08021370690517966,1.2620092290928644,0.34105962342046625
face_shield,2020-06-29 00:00:00+00:00,calibration,ACM-4 (independent),3,3.0983755615277e-05,2078,0.08021370690517966,1.2620092290928644,0.34105962342046625
face_shield,2020-06-29 00:00:00+00:00,calibration,ACM-4 (independent),2,1.051586308009611e-05,2078,0.08021370690517966,1.2620092290928644,0.34105962342046625
face_shield,2020-07-02 00:00:00+00:00,validation,ACM-4 (independent),3,5.159719451003353e-05,2081,0.08012707389324648,1.2621718726737636,0.34110357805817765
face_shield,2020-07-02 00:00:00+00:00,validation,ACM-4 (independent),1,3.088663336159314e-05,2081,0.08012707389324648,1.2621718726737636,0.34110357805817765
face_shield,2020-07-07 00:00:00+00:00,validation,ACM-4 (independent),3,4.451429844271049e-05,2003,0.08148603374090096,1.26354063235276,0.34147348712849973
face_shield,2020-07-07 00:00:00+00:00,validation,ACM-4 (independent),3,4.0411221630953786e-05,2003,0.08148603374090096,1.26354063235276,0.34147348712849973
face_shield,2020-07-09 00:00:00+00:00,validation,ACM-4 (independent),3,4.882147264928527e-05,1871,0.08416757318257567,1.2643340703995778,0.3416879147849834
face_shield,2020-07-10 00:00:00+00:00,validation,ACM-4 (independent),3,5.670447290051506e-05,1800,0.08577139475106248,1.2645307488544133,0.34174106739131527
face_shield,2020-07-23 16:32:46.736000+00:00,validation,ACM-4 (independent),3,9.721569773585292e-05,896,0.12132736119972963,1.2617272891510847,0.3409834287872149
face_shield,2020-07-23 16:34:27.720000+00:00,validation,ACM-4 (independent),3,1.317450525339936e-06,896,0.12132736119972963,1.2617272891510847,0.3409834287872149
face_shield,2020-07-29 01:25:01.976000+00:00,validation,ACM-4 (independent),4,3.3111054050793953e-06,571,0.15370061424461087,1.2569644366462907,0.33969626174893586
face_shield,2020-07-29 01:25:05.686000+00:00,validation,ACM-4 (independent),2,5.260303349141626e-05,571,0.15370061424461087,1.2569644366462907,0.33969626174893586
face_shield,2020-07-29 01:25:08.069000+00:00,validation,ACM-4 (independent),3,1.8640195973529394e-05,571,0.15370061424461087,1.2569644366462907,0.33969626174893586
face_shield,2020-08-13 18:01:05.597000+00:00,validation,ACM-4 (independent),4,1.4729869978961918e-05,459,0.17007955255975113,1.26346546692799,0.3414531735754169
face_shield,2020-09-03 18:10:25.123000+00:00,validation,ACM-4 (independent),4,1.4573992291444689e-05,347,0.19477833688293933,1.2630339768457852,0.3413365628236459
face_shield,2020-09-07 20:16:51.816000+00:00,validation,ACM-4 (independent),5,7.196077552118485e-06,311,0.2050752867941497,1.263650582383172,0.34150320126616446
face_shield,2020-09-08 20:07:41.280000+00:00,validation,ACM-4 (independent),4,7.228709271701189e-05,277,0.21772829574367453,1.2640297730533396,0.3416056780343137
face_shield,2020-10-06 00:00:00+00:00,validation,ACM-4 (independent),5,8.845685598474207e-05,64,0.4162832686235852,1.2748048628028317,0.34451765994979067
face_shield,2020-11-19 04:38:41.026000+00:00,validation,ACM-4 (independent),6,6.0382409884374155e-05,37,0.5561099343193431,1.2747130899642634,0.3444928582216885
face_shield,2020-11-25 01:23:40.217000+00:00,validation,ACM-4 (independent),7,6.527479661322388e-05,37,0.5799365835618571,1.26057667366474,0.34067247346658175
face_shield,2020-11-25 01:25:34.362000+00:00,validation,ACM-4 (independent),1,1.7458140936343902e-05,37,0.5799365835618571,1.26057667366474,0.34067247346658175
face_shield,2020-11-25 01:28:52.014000+00:00,validation,ACM-4 (independent),1,4.600160248058316e-06,37,0.5799365835618571,1.26057667366474,0.34067247346658175
face_shield,2020-11-25 02:01:45.250000+00:00,validation,ACM-4 (independent),1,1.2187484650372227e-06,37,0.5799365835618571,1.26057667366474,0.34067247346658175
face_shield,2020-11-25 02:09:15.051000+00:00,validation,ACM-4 (independent),6,5.359557125239611e-05,37,0.5799365835618571,1.26057667366474,0.34067247346658175
face_shield,2020-11-25 02:10:49.716000+00:00,validation,ACM-4 (independent),5,5.342650090733869e-05,37,0.5799365835618571,1.26057667366474,0.34067247346658175
face_shield,2020-11-25 02:11:10.940000+00:00,validation,ACM-4 (independent),5,5.140151415244931e-05,37,0.5799365835618571,1.26057667366474,0.34067247346658175
face_shield,2020-11-25 02:11:34.026000+00:00,validation,ACM-4 (independent),5,4.939135092305036e-05,37,0.5799365835618571,1.26057667366474,0.34067247346658175
face_shield,2020-11-25 02:11:56.741000+00:00,validation,ACM-4 (independent),6,6.115732325243095e-05,37,0.5799365835618571,1.26057667366474,0.34067247346658175
face_shield,2020-11-25 02:13:20.123000+00:00,validation,ACM-4 (independent),5,4.198919378435584e-05,37,0.5799365835618571,1.26057667366474,0.34067247346658175
face_shield,2020-11-25 02:13:48.443000+00:00,validation,ACM-4 (independent),4,2.9408400674280077e-05,37,0.5799365835618571,1.26057667366474,0.34067247346658175
face_shield,2020-11-25 02:14:26.031000+00:00,validation,ACM-4 (independent),4,5.937091190721944e-05,37,0.5799365835618571,1.26057667366474,0.34067247346658175
face_shield,2020-11-25 02:15:39.009000+00:00,validation,ACM-4 (independent),4,8.877601040313543e-05,37,0.5799365835618571,1.26057667366474,0.34067247346658175
face_shield,2020-11-25 02:16:01.392000+00:00,validation,ACM-4 (independent),4,2.9485796675776665e-05,37,0.5799365835618571,1.26057667366474,0.34067247346658175
face_shield,2020-11-25 02:16:16.276000+00:00,validation,ACM-4 (independent),4,2.9557028991100687e-05,37,0.5799365835618571,1.26057667366474,0.34067247346658175
face_shield,2020-12-21 17:11:47.071000+00:00,validation,ACM-4 (independent),6,5.5009767971903045e-05,48,0.5224068118161469,1.2559454356265896,0.3394208754078279
face_shield,2020-12-21 22:31:50.757000+00:00,validation,ACM-4 (independent),6,3.1407152443041486e-05,48,0.5224068118161469,1.2559454356265896,0.3394208754078279
face_shield,2021-02-24 07:33:27.950000+00:00,test,ACM-4 (independent),5,4.8314361166867936e-05,106,0.3430854414787383,1.2655666930254086,0.3420210326409341
face_shield,2021-03-06 00:39:47.761000+00:00,test,ACM-4 (independent),5,1.978973098487602e-05,100,0.3507567059004296,1.2648220371946481,0.34181978844131794
face_shield,2021-03-06 00:39:48.294000+00:00,test,ACM-4 (independent),3,6.362190757414066e-05,100,0.3507567059004296,1.2648220371946481,0.34181978844131794
face_shield,2021-03-17 20:17:25.593000+00:00,test,ACM-4 (independent),5,1.0362501527083623e-05,127,0.31837578492117097,1.256926691247553,0.3396860610061975
face_shield,2021-03-20 00:44:48.021000+00:00,test,ACM-4 (independent),4,2.7226317217285412e-05,129,0.31683315862561984,1.2552628209499237,0.3392363979102011
face_shield,2021-03-20 00:44:49.315000+00:00,test,ACM-4 (independent),3,9.256436293547665e-05,129,0.31683315862561984,1.2552628209499237,0.3392363979102011
face_shield,2021-03-20 00:44:49.583000+00:00,test,ACM-4 (independent),4,1.2013127634269427e-05,129,0.31683315862561984,1.2552628209499237,0.3392363979102011
face_shield,2021-03-20 00:44:49.840000+00:00,test,ACM-4 (independent),3,6.671116838069535e-05,129,0.31683315862561984,1.2552628209499237,0.3392363979102011
face_shield,2021-03-20 00:44:50.096000+00:00,test,ACM-4 (independent),3,2.0089827497460355e-05,129,0.31683315862561984,1.2552628209499237,0.3392363979102011
face_shield,2021-03-20 00:44:50.811000+00:00,test,ACM-4 (independent),3,8.703082893968261e-05,129,0.31683315862561984,1.2552628209499237,0.3392363979102011
face_shield,2021-03-20 00:44:51.324000+00:00,test,ACM-4 (independent),3,4.031216982647301e-05,129,0.31683315862561984,1.2552628209499237,0.3392363979102011
face_shield,2021-03-20 00:44:51.680000+00:00,test,ACM-4 (independent),3,2.0171205990515695e-05,129,0.31683315862561984,1.2552628209499237,0.3392363979102011
face_shield,2021-04-16 20:58:06.922000+00:00,test,ACM-4 (independent),5,2.764179446348991e-05,115,0.3253508666205834,1.2734814054279036,0.34415999388562846
face_shield,2021-04-16 21:00:04.619000+00:00,test,ACM-4 (independent),4,3.5342876183452887e-06,115,0.3253508666205834,1.2734814054279036,0.34415999388562846
face_shield,2021-04-22 19:21:48.925000+00:00,test,ACM-4 (independent),5,4.549896168337675e-05,111,0.3275652210503329,1.2774247363635562,0.34522568416184196
face_shield,2021-04-26 17:19:41.324000+00:00,test,ACM-4 (independent),5,3.711369259459807e-05,115,0.32574187633139257,1.2739081768191574,0.3442753294050781
face_shield,2021-04-26 17:19:42.975000+00:00,test,ACM-4 (independent),4,4.7542990807641905e-05,115,0.32574187633139257,1.2739081768191574,0.3442753294050781
face_shield,2021-04-28 01:28:08.689000+00:00,test,ACM-4 (independent),4,7.863243133482412e-05,114,0.3262450511479413,1.2748450990103388,0.34452853383681453
gown,2020-05-23 21:32:00+00:00,calibration,ACM-4 (independent),3,7.117592736294309e-05,1969,0.0827690342580349,1.2613074747467108,0.340869973402451
gown,2020-05-23 21:46:00+00:00,calibration,ACM-4 (independent),3,3.527829530097781e-05,1970,0.08272815319446063,1.2614371674865008,0.34090502303281306
gown,2020-05-23 21:46:00+00:00,calibration,ACM-4 (independent),2,3.8092180640880713e-06,1970,0.08272815319446063,1.2614371674865008,0.34090502303281306
gown,2020-05-23 21:47:00+00:00,calibration,ACM-4 (independent),3,5.004074305203776e-06,1970,0.08272815319446063,1.2614371674865008,0.34090502303281306
gown,2020-05-23 21:48:00+00:00,calibration,ACM-4 (independent),3,1.0241491908535849e-05,1970,0.08272815319446063,1.2614371674865008,0.34090502303281306
gown,2020-05-23 21:53:00+00:00,calibration,ACM-4 (independent),3,8.725060275049934e-06,1970,0.08272815319446063,1.2614371674865008,0.34090502303281306
gown,2020-05-26 00:00:00+00:00,calibration,ACM-4 (independent),3,4.06674026003917e-05,1971,0.08272081535467311,1.2613801760440868,0.3408896210219245
gown,2020-06-02 00:00:00+00:00,calibration,ACM-4 (independent),3,5.0625724186903476e-05,1977,0.08257063817707543,1.2615713332502538,0.34094128150367575
gown,2020-06-02 00:00:00+00:00,calibration,ACM-4 (independent),3,3.382611633956367e-05,1977,0.08257063817707543,1.2615713332502538,0.34094128150367575
gown,2020-06-02 00:00:00+00:00,calibration,ACM-4 (independent),3,3.451194411102643e-05,1977,0.08257063817707543,1.2615713332502538,0.34094128150367575
gown,2020-08-28 22:37:26.667000+00:00,validation,ACM-4 (independent),4,5.635373271731248e-05,343,0.1937538514251847,1.2669078975157517,0.3423834948859488
gown,2020-11-09 14:29:20.102000+00:00,validation,ACM-4 (independent),7,7.030190428819472e-05,25,0.7040707653567781,1.2554579039054814,0.33928911933079337
gown,2020-11-19 04:38:41.026000+00:00,validation,ACM-4 (independent),6,4.4583050339636054e-05,26,0.6664514199148214,1.270758747427808,0.34342419204614205
gown,2020-11-21 07:06:42.947000+00:00,validation,ACM-4 (independent),7,6.702794071195006e-05,25,0.6904080175498323,1.2651178228794526,0.34189972490449666
gown,2020-11-21 07:13:31.181000+00:00,validation,ACM-4 (independent),7,3.2589471201105447e-05,26,0.6664514199148248,1.270758746892291,0.34342419190141793
gown,2020-11-21 07:14:50.397000+00:00,validation,ACM-4 (independent),5,3.7329436809119265e-05,26,0.6664514199148248,1.270758746892291,0.34342419190141793
gown,2021-01-18 21:56:33.211000+00:00,test,ACM-4 (independent),5,5.079028851512346e-05,93,0.38400673487396403,1.2440395817109915,0.3362033030166405
gown,2021-01-20 18:56:22.031000+00:00,test,ACM-4 (independent),6,3.322954954543267e-05,99,0.36959489514325145,1.2488457188542328,0.3375021677843405
gown,2021-01-20 18:56:24.523000+00:00,test,ACM-4 (independent),4,5.49387343271035e-05,99,0.36959489514325145,1.2488457188542328,0.3375021677843405
gown,2021-01-20 18:56:26.221000+00:00,test,ACM-4 (independent),5,2.4771436384740664e-05,99,0.36959489514325145,1.2488457188542328,0.3375021677843405
gown,2021-01-20 18:56:27.471000+00:00,test,ACM-4 (independent),4,4.645527938051952e-05,99,0.36959489514325145,1.2488457188542328,0.3375021677843405
gown,2021-01-20 18:56:32.977000+00:00,test,ACM-4 (independent),5,7.398871012107011e-05,99,0.36959489514325145,1.2488457188542328,0.3375021677843405
gown,2021-01-20 18:56:34.173000+00:00,test,ACM-4 (independent),4,3.4698050701206795e-05,99,0.36959489514325145,1.2488457188542328,0.3375021677843405
gown,2021-01-20 18:56:35.258000+00:00,test,ACM-4 (independent),4,2.7843890465117926e-05,99,0.36959489514325145,1.2488457188542328,0.3375021677843405
gown,2021-01-20 18:56:35.792000+00:00,test,ACM-4 (independent),3,5.400646033706935e-05,99,0.36959489514325145,1.2488457188542328,0.3375021677843405
gown,2021-01-31 19:49:52.965000+00:00,test,ACM-4 (independent),5,2.280232512637953e-05,103,0.36106382239557294,1.2488621886810722,0.33750661877630644
gown,2021-01-31 19:50:41.701000+00:00,test,ACM-4 (independent),3,5.801261038329564e-05,103,0.36106382239557294,1.2488621886810722,0.33750661877630644
gown,2021-01-31 19:52:09.675000+00:00,test,ACM-4 (independent),4,4.3193842819144734e-06,103,0.36106382239557294,1.2488621886810722,0.33750661877630644
gown,2021-02-10 17:16:26.512000+00:00,test,ACM-4 (independent),5,2.211127381113176e-05,106,0.35505561308909833,1.2493252431469641,0.33763175984351856
gown,2021-02-10 17:16:29.148000+00:00,test,ACM-4 (independent),2,9.546741128479974e-05,106,0.35505561308909833,1.2493252431469641,0.33763175984351856
gown,2021-02-10 17:16:31.047000+00:00,test,ACM-4 (independent),3,2.643961914228221e-05,106,0.35505561308909833,1.2493252431469641,0.33763175984351856
gown,2021-02-10 17:16:32.421000+00:00,test,ACM-4 (independent),3,2.674191806040227e-05,106,0.35505561308909833,1.2493252431469641,0.33763175984351856
gown,2021-02-25 19:43:25.318000+00:00,test,ACM-4 (independent),4,6.602841775973922e-05,102,0.3615479573122747,1.2497652584521375,0.3377506745478029
gown,2021-02-25 19:44:34.146000+00:00,test,ACM-4 (independent),2,2.352628286728109e-05,102,0.3615479573122747,1.2497652584521375,0.3377506745478029
gown,2021-03-20 03:22:44.729000+00:00,test,ACM-4 (independent),5,1.3040411925152595e-05,135,0.2987582363522494,1.2761778099821492,0.3448887006974806
gown,2021-03-20 03:22:45.004000+00:00,test,ACM-4 (independent),3,4.5594570637186305e-05,135,0.2987582363522494,1.2761778099821492,0.3448887006974806
gown,2021-03-20 03:22:45.251000+00:00,test,ACM-4 (independent),3,5.22450362350213e-05,135,0.2987582363522494,1.2761778099821492,0.3448887006974806
gown,2021-04-01 14:21:13.811000+00:00,test,ACM-4 (independent),4,7.007114151585947e-05,137,0.2980167654919339,1.2746504587351546,0.3444759320511648
gown,2021-04-14 21:13:10.877000+00:00,test,ACM-4 (independent),5,2.0332611497531072e-05,138,0.2903342343095358,1.2805736868846396,0.3460766921054704
gown,2021-04-16 20:02:20.465000+00:00,test,ACM-4 (independent),4,6.143094756379253e-05,118,0.31519553217606294,1.2796827275706353,0.34583590920062923
gown,2021-04-16 21:25:32.324000+00:00,test,ACM-4 (independent),5,4.108544283454307e-05,117,0.3179388236991545,1.2786664281611,0.34556125297315643
gown,2021-04-16 21:28:21.673000+00:00,test,ACM-4 (independent),4,1.0310255406403845e-05,117,0.3179388236991545,1.2786664281611,0.34556125297315643
gown,2021-04-16 21:34:22.159000+00:00,test,ACM-4 (independent),3,9.708263982743937e-05,117,0.3179388236991545,1.2786664281611,0.34556125297315643
gown,2021-04-19 05:07:19.622000+00:00,test,ACM-4 (independent),5,4.07432398219984e-05,99,0.3490416578191708,1.273413439721609,0.3441416260657584
gown,2021-04-22 19:21:48.925000+00:00,test,ACM-4 (independent),5,4.179508486973349e-05,98,0.35003276206765527,1.2749441258694139,0.34455529597332357
gown,2021-04-22 21:02:30.701000+00:00,test,ACM-4 (independent),5,4.201526767896868e-05,98,0.35003276206765527,1.2749441258694139,0.34455529597332357
gown,2021-05-24 22:29:54.296000+00:00,test,ACM-4 (independent),5,2.9532721810096585e-05,98,0.3378158015874752,1.2831600515348416,0.34677566049119285
gown,2021-05-24 22:30:07.224000+00:00,test,ACM-4 (independent),4,1.789919360745129e-05,98,0.3378158015874752,1.2831600515348416,0.34677566049119285
gown,2021-06-17 19:48:40.696000+00:00,test,ACM-4 (independent),5,5.302726086814369e-05,63,0.43833575362565685,1.2682169806239243,0.34273727628596307
gown,2021-06-27 20:54:01.931000+00:00,test,ACM-4 (independent),6,4.723024149713706e-05,60,0.44825324203185446,1.2690268067837926,0.3429561328511558
gown,2021-06-27 20:54:02.739000+00:00,test,ACM-4 (independent),4,5.0193691501609905e-05,60,0.44825324203185446,1.2690268067837926,0.3429561328511558
gown,2021-06-27 20:54:03.526000+00:00,test,ACM-4 (independent),4,5.065759322084307e-05,60,0.44825324203185446,1.2690268067837926,0.3429561328511558
gown,2021-06-27 20:54:06.145000+00:00,test,ACM-4 (independent),5,3.285431520040627e-05,60,0.44825324203185446,1.2690268067837926,0.3429561328511558
n95,2020-04-01 00:00:00+00:00,calibration,ACM-3,6,6.607553595350257e-05,6,0.9998628617944464,1.336633663366337,0.36122697312326546
n95,2020-04-23 00:00:00+00:00,calibration,ACM-3,4,2.4026944003274764e-06,1503,0.09540566296595059,1.3366336633663367,0.3612269731232654
n95,2020-04-25 00:00:00+00:00,calibration,ACM-3,3,5.528870823501286e-05,1770,0.08727723211297439,1.3366336633663367,0.3612269731232654
n95,2020-04-29 00:00:00+00:00,calibration,ACM-3,3,5.257027095673106e-05,2141,0.07973500777377467,1.3366336633663365,0.36122697312326535
n95,2020-05-01 00:00:00+00:00,calibration,ACM-3,3,2.226732275290022e-05,2321,0.07668959723818757,1.3366336633663367,0.3612269731232654
n95,2020-05-08 00:00:00+00:00,calibration,ACM-3,3,2.4636520062015776e-05,2388,0.07567211345468666,1.3366336633663365,0.36122697312326535
n95,2020-05-15 00:00:00+00:00,calibration,ACM-3,3,3.0216091933765732e-05,2405,0.07547191969100721,1.3366336633663367,0.3612269731232654
n95,2020-05-18 00:00:00+00:00,calibration,ACM-3,3,2.7220950261586108e-05,2409,0.07543750140702848,1.3366336633663367,0.3612269731232654
n95,2020-05-25 00:00:00+00:00,calibration,ACM-3,3,2.7855398471055004e-05,2423,0.07521864082942716,1.3366336633663365,0.36122697312326535
n95,2020-05-26 00:00:00+00:00,calibration,ACM-3,3,4.073016460864887e-05,2424,0.07521374260674035,1.3366336633663367,0.3612269731232654
n95,2020-05-26 00:00:00+00:00,calibration,ACM-3,3,3.664199826980408e-05,2424,0.07521374260674035,1.3366336633663367,0.3612269731232654
n95,2020-05-26 00:00:00+00:00,calibration,ACM-3,1,6.242639823961227e-07,2424,0.07521374260674035,1.3366336633663367,0.3612269731232654
n95,2020-05-26 00:00:00+00:00,calibration,ACM-3,3,3.7925653250558966e-05,2424,0.07521374260674035,1.3366336633663367,0.3612269731232654
n95,2020-05-26 00:00:00+00:00,calibration,ACM-3,3,3.7934640582992785e-05,2424,0.07521374260674035,1.3366336633663367,0.3612269731232654
n95,2020-05-26 00:00:00+00:00,calibration,ACM-3,3,3.7753207659640964e-05,2424,0.07521374260674035,1.3366336633663367,0.3612269731232654
n95,2020-05-26 00:00:00+00:00,calibration,ACM-3,3,3.728916515227665e-05,2424,0.07521374260674035,1.3366336633663367,0.3612269731232654
n95,2020-05-26 00:00:00+00:00,calibration,ACM-3,3,3.7491321509375286e-05,2424,0.07521374260674035,1.3366336633663367,0.3612269731232654
n95,2020-05-26 00:00:00+00:00,calibration,ACM-3,3,9.543010298929122e-06,2424,0.07521374260674035,1.3366336633663367,0.3612269731232654
n95,2020-05-26 00:00:00+00:00,calibration,ACM-3,3,2.7307726611636163e-05,2424,0.07521374260674035,1.3366336633663367,0.3612269731232654
n95,2020-05-26 00:00:00+00:00,calibration,ACM-3,3,3.779342371668104e-05,2424,0.07521374260674035,1.3366336633663367,0.3612269731232654
n95,2020-05-27 00:00:00+00:00,calibration,ACM-3,3,3.8647702143124185e-05,2426,0.07517403037032533,1.3366336633663367,0.3612269731232654
n95,2020-05-27 00:00:00+00:00,calibration,ACM-3,3,2.8810364224807206e-05,2426,0.07517403037032533,1.3366336633663367,0.3612269731232654
n95,2020-05-27 00:00:00+00:00,calibration,ACM-3,3,3.6608445646235666e-05,2426,0.07517403037032533,1.3366336633663367,0.3612269731232654
n95,2020-05-27 00:00:00+00:00,calibration,ACM-3,3,3.628146056933179e-05,2426,0.07517403037032533,1.3366336633663367,0.3612269731232654
n95,2020-05-27 00:00:00+00:00,calibration,ACM-3,3,3.839418000661787e-05,2426,0.07517403037032533,1.3366336633663367,0.3612269731232654
n95,2020-05-27 00:00:00+00:00,calibration,ACM-3,3,3.725002563154112e-05,2426,0.07517403037032533,1.3366336633663367,0.3612269731232654
n95,2020-05-27 00:00:00+00:00,calibration,ACM-3,1,4.4232430506552234e-05,2426,0.07517403037032533,1.3366336633663367,0.3612269731232654
n95,2020-05-27 00:00:00+00:00,calibration,ACM-3,3,3.790057932162583e-05,2426,0.07517403037032533,1.3366336633663367,0.3612269731232654
n95,2020-05-27 00:00:00+00:00,calibration,ACM-3,3,3.7891207580909025e-05,2426,0.07517403037032533,1.3366336633663367,0.3612269731232654
n95,2020-05-27 00:00:00+00:00,calibration,ACM-3,3,3.790015940513536e-05,2426,0.07517403037032533,1.3366336633663367,0.3612269731232654
n95,2020-05-28 00:00:00+00:00,calibration,ACM-3,3,4.809681457917936e-05,2427,0.07516913619116998,1.3366336633663367,0.3612269731232654
n95,2020-05-28 00:00:00+00:00,calibration,ACM-3,1,2.878519423821224e-06,2427,0.07516913619116998,1.3366336633663367,0.3612269731232654
n95,2020-05-28 00:00:00+00:00,calibration,ACM-3,3,3.789534364612157e-05,2427,0.07516913619116998,1.3366336633663367,0.3612269731232654
n95,2020-05-28 00:00:00+00:00,calibration,ACM-3,3,3.788595630710434e-05,2427,0.07516913619116998,1.3366336633663367,0.3612269731232654
n95,2020-05-28 00:00:00+00:00,calibration,ACM-3,1,1.9190130216006906e-06,2427,0.07516913619116998,1.3366336633663367,0.3612269731232654
n95,2020-05-28 00:00:00+00:00,calibration,ACM-3,1,6.845919913900378e-05,2427,0.07516913619116998,1.3366336633663367,0.3612269731232654
n95,2020-05-28 00:00:00+00:00,calibration,ACM-3,1,6.825296291701477e-05,2427,0.07516913619116998,1.3366336633663367,0.3612269731232654
n95,2020-05-28 00:00:00+00:00,calibration,ACM-3,1,5.386198114454288e-05,2427,0.07516913619116998,1.3366336633663367,0.3612269731232654
n95,2020-05-28 00:00:00+00:00,calibration,ACM-3,3,3.7897390194663316e-05,2427,0.07516913619116998,1.3366336633663367,0.3612269731232654
n95,2020-05-28 00:00:00+00:00,calibration,ACM-3,3,2.8583766847778413e-05,2427,0.07516913619116998,1.3366336633663367,0.3612269731232654
n95,2020-05-28 00:00:00+00:00,calibration,ACM-3,3,3.847274485313523e-05,2427,0.07516913619116998,1.3366336633663367,0.3612269731232654
n95,2020-05-28 00:00:00+00:00,calibration,ACM-3,3,3.8434001150777775e-05,2427,0.07516913619116998,1.3366336633663367,0.3612269731232654
n95,2020-05-28 00:00:00+00:00,calibration,ACM-3,3,2.853052187118399e-05,2427,0.07516913619116998,1.3366336633663367,0.3612269731232654
n95,2020-05-28 00:00:00+00:00,calibration,ACM-3,3,3.7887302231032205e-05,2427,0.07516913619116998,1.3366336633663367,0.3612269731232654
n95,2020-05-28 00:00:00+00:00,calibration,ACM-3,1,4.4777019720387834e-05,2427,0.07516913619116998,1.3366336633663367,0.3612269731232654
n95,2020-05-28 00:00:00+00:00,calibration,ACM-3,1,4.124394660132147e-05,2427,0.07516913619116998,1.3366336633663367,0.3612269731232654
n95,2020-05-29 00:00:00+00:00,calibration,ACM-3,3,3.938438419154311e-05,2429,0.07513348691386838,1.336633663366337,0.36122697312326546
n95,2020-05-29 00:00:00+00:00,calibration,ACM-3,3,3.916320031738252e-05,2429,0.07513348691386838,1.336633663366337,0.36122697312326546
n95,2020-05-30 00:00:00+00:00,calibration,ACM-3,3,5.0490860794893955e-05,2449,0.07478556577756026,1.3366336633663367,0.3612269731232654
n95,2020-05-30 00:00:00+00:00,calibration,ACM-3,1,5.1875007312518484e-05,2449,0.07478556577756026,1.3366336633663367,0.3612269731232654
n95,2020-05-30 00:00:00+00:00,calibration,ACM-3,1,5.1489292263395825e-05,2449,0.07478556577756026,1.3366336633663367,0.3612269731232654
n95,2020-05-30 00:00:00+00:00,calibration,ACM-3,1,6.485801775091282e-06,2449,0.07478556577756026,1.3366336633663367,0.3612269731232654
n95,2020-05-30 00:00:00+00:00,calibration,ACM-3,1,1.5537288261535664e-06,2449,0.07478556577756026,1.3366336633663367,0.3612269731232654
n95,2020-05-30 00:00:00+00:00,calibration,ACM-3,1,1.2141159695389092e-05,2449,0.07478556577756026,1.3366336633663367,0.3612269731232654
n95,2020-05-30 00:00:00+00:00,calibration,ACM-3,1,1.3488770856606713e-05,2449,0.07478556577756026,1.3366336633663367,0.3612269731232654
n95,2020-05-30 00:00:00+00:00,calibration,ACM-3,1,4.3993515762452695e-05,2449,0.07478556577756026,1.3366336633663367,0.3612269731232654
n95,2020-05-30 00:00:00+00:00,calibration,ACM-3,1,3.6290546338579865e-05,2449,0.07478556577756026,1.3366336633663367,0.3612269731232654
n95,2020-05-31 00:00:00+00:00,calibration,ACM-3,3,1.3899004284112504e-05,2451,0.07474648912883243,1.3366336633663367,0.3612269731232654
n95,2020-06-02 00:00:00+00:00,calibration,ACM-3,3,3.454845939354634e-05,2452,0.07471605214376272,1.3366336633663367,0.3612269731232654
n95,2020-06-02 00:00:00+00:00,calibration,ACM-3,3,3.7663018854550145e-05,2452,0.07471605214376272,1.3366336633663367,0.3612269731232654
n95,2020-06-04 00:00:00+00:00,calibration,ACM-3,3,3.888014201058887e-05,2452,0.07471605214376272,1.3366336633663367,0.3612269731232654
n95,2020-06-05 00:00:00+00:00,calibration,ACM-3,3,4.302023501040475e-05,2464,0.07458135935760665,1.3366336633663365,0.36122697312326535
n95,2020-06-10 00:00:00+00:00,calibration,ACM-3,3,1.6897979797425577e-05,2484,0.07432339003633778,1.3366336633663367,0.3612269731232654
n95,2020-06-19 00:00:00+00:00,calibration,ACM-3,3,4.308215928894299e-05,2544,0.07343049590651905,1.3366336633663367,0.3612269731232654
n95,2020-06-22 00:00:00+00:00,calibration,ACM-3,3,3.686560729498911e-05,2548,0.07339657665340221,1.336633663366337,0.36122697312326546
n95,2020-06-23 00:00:00+00:00,calibration,ACM-3,3,2.6736630087287327e-05,2548,0.07339657665340221,1.336633663366337,0.36122697312326546
n95,2020-06-23 00:00:00+00:00,calibration,ACM-3,3,2.6817819668512044e-05,2548,0.07339657665340221,1.336633663366337,0.36122697312326546
n95,2020-06-25 00:00:00+00:00,calibration,ACM-3,3,4.0863562835169454e-05,2551,0.07335667868189406,1.3366336633663367,0.3612269731232654
n95,2020-06-25 00:00:00+00:00,calibration,ACM-3,3,2.7136209371836362e-05,2551,0.07335667868189406,1.3366336633663367,0.3612269731232654
n95,2020-07-08 00:00:00+00:00,validation,ACM-3,3,4.409017089879175e-05,2458,0.07458546995048246,1.3366336633663367,0.3612269731232654
n95,2020-07-21 00:00:00+00:00,validation,ACM-3,3,5.570006033456254e-05,1483,0.096706979049883,1.3366336633663367,0.3612269731232654
n95,2020-07-29 01:25:02.054000+00:00,validation,ACM-3,4,6.036904070236271e-06,828,0.12947135528191234,1.3366336633663365,0.36122697312326535
n95,2020-07-29 01:25:05.569000+00:00,validation,ACM-3,1,5.702590796352602e-06,828,0.12947135528191234,1.3366336633663365,0.36122697312326535
n95,2020-07-29 01:25:10.323000+00:00,validation,ACM-3,2,2.3761415808398745e-05,828,0.12947135528191234,1.3366336633663365,0.36122697312326535
n95,2020-08-09 17:40:00.001000+00:00,validation,ACM-3,4,4.354442154637372e-06,701,0.14018478319406755,1.3366336633663367,0.3612269731232654
n95,2020-09-17 14:49:15.387000+00:00,validation,ACM-3,5,2.0054404145930516e-05,165,0.27835011463554754,1.3366336633663367,0.3612269731232654
n95,2020-09-29 20:29:37.026000+00:00,validation,ACM-3,4,8.376099657980696e-05,127,0.31336046465012085,1.3366336633663367,0.3612269731232654
n95,2020-09-29 20:30:29.173000+00:00,validation,ACM-3,4,1.3951480124618776e-05,127,0.31336046465012085,1.3366336633663367,0.3612269731232654
n95,2020-09-29 20:31:16.085000+00:00,validation,ACM-3,2,6.884333892887007e-05,127,0.31336046465012085,1.3366336633663367,0.3612269731232654
n95,2020-09-29 20:36:42.596000+00:00,validation,ACM-3,4,1.0417499699266752e-05,127,0.31336046465012085,1.3366336633663367,0.3612269731232654
n95,2020-09-29 20:38:04.726000+00:00,validation,ACM-3,2,1.3763431043201102e-05,127,0.31336046465012085,1.3366336633663367,0.3612269731232654
n95,2020-09-29 20:53:56.482000+00:00,validation,ACM-3,3,1.354400500686026e-05,127,0.31336046465012085,1.3366336633663367,0.3612269731232654
n95,2020-09-29 21:08:09.906000+00:00,validation,ACM-3,3,9.78004806095889e-06,127,0.31336046465012085,1.3366336633663367,0.3612269731232654
n95,2020-09-29 21:09:49.881000+00:00,validation,ACM-3,2,1.3762385085491768e-05,127,0.31336046465012085,1.3366336633663367,0.3612269731232654
n95,2020-09-29 21:23:06.803000+00:00,validation,ACM-3,2,8.256993356686726e-05,127,0.31336046465012085,1.3366336633663367,0.3612269731232654
n95,2020-09-29 21:42:25.341000+00:00,validation,ACM-3,3,1.9640779717222667e-05,127,0.31336046465012085,1.3366336633663367,0.3612269731232654
n95,2020-09-29 22:15:57.843000+00:00,validation,ACM-3,4,7.722478346755546e-05,127,0.31336046465012085,1.3366336633663367,0.3612269731232654
n95,2020-10-06 05:38:05.418000+00:00,validation,ACM-3,5,1.2971833314945336e-05,121,0.3213518116586826,1.3366336633663365,0.36122697312326535
n95,2020-11-25 01:20:47.032000+00:00,validation,ACM-3,6,2.7605643591416262e-05,72,0.4404654610177035,1.3366336633663367,0.3612269731232654
n95,2020-11-25 01:23:40.217000+00:00,validation,ACM-3,1,4.510883290204104e-06,72,0.4404654610177035,1.3366336633663367,0.3612269731232654
n95,2020-11-25 01:24:35.287000+00:00,validation,ACM-3,1,9.95614555077129e-07,72,0.4404654610177035,1.3366336633663367,0.3612269731232654
n95,2020-11-25 01:25:34.362000+00:00,validation,ACM-3,1,1.8140600854810174e-07,72,0.4404654610177035,1.3366336633663367,0.3612269731232654
n95,2020-11-25 01:27:43.049000+00:00,validation,ACM-3,1,3.7568681554578376e-08,72,0.4404654610177035,1.3366336633663367,0.3612269731232654
n95,2020-11-25 01:28:07.488000+00:00,validation,ACM-3,1,7.1588394379151765e-09,72,0.4404654610177035,1.3366336633663367,0.3612269731232654
n95,2020-11-25 01:28:52.014000+00:00,validation,ACM-3,1,1.4405971138220508e-09,72,0.4404654610177035,1.3366336633663367,0.3612269731232654
n95,2020-11-25 01:36:47.434000+00:00,validation,ACM-3,1,2.796154419115737e-10,72,0.4404654610177035,1.3366336633663367,0.3612269731232654
n95,2020-11-25 01:37:14.960000+00:00,validation,ACM-3,1,5.554914861427562e-11,72,0.4404654610177035,1.3366336633663367,0.3612269731232654
n95,2020-11-25 01:47:05.219000+00:00,validation,ACM-3,1,1.0863615562684004e-11,72,0.4404654610177035,1.3366336633663367,0.3612269731232654
n95,2020-11-25 01:47:33.196000+00:00,validation,ACM-3,1,2.1458390619955026e-12,72,0.4404654610177035,1.3366336633663367,0.3612269731232654
n95,2020-11-25 01:47:58.953000+00:00,validation,ACM-3,1,4.2088554863539684e-13,72,0.4404654610177035,1.3366336633663367,0.3612269731232654
n95,2020-11-25 01:51:36.992000+00:00,validation,ACM-3,1,8.290590436388356e-14,72,0.4404654610177035,1.3366336633663367,0.3612269731232654
n95,2020-12-18 04:49:22.924000+00:00,validation,ACM-3,6,3.6334074363264524e-05,71,0.4510688033461883,1.3366336633663367,0.3612269731232654
n95,2020-12-18 04:50:14.353000+00:00,validation,ACM-3,4,1.7890475779547277e-05,71,0.4510688033461883,1.3366336633663367,0.3612269731232654
n95,2021-01-13 15:06:58.314000+00:00,test,ACM-3,5,3.6419366337914205e-05,101,0.3641443456315348,1.3366336633663367,0.3612269731232654
n95,2021-01-13 15:08:15.321000+00:00,test,ACM-3,3,6.446359687040104e-05,101,0.3641443456315348,1.3366336633663367,0.3612269731232654
n95,2021-01-13 15:09:57.742000+00:00,test,ACM-3,3,6.626997072473051e-05,101,0.3641443456315348,1.3366336633663367,0.3612269731232654
n95,2021-01-13 15:10:36.173000+00:00,test,ACM-3,3,4.862779055964106e-05,101,0.3641443456315348,1.3366336633663367,0.3612269731232654
n95,2021-01-18 21:56:33.211000+00:00,test,ACM-3,4,8.360733863210443e-05,148,0.3097829922824105,1.3366336633663367,0.3612269731232654
n95,2021-02-24 07:33:27.950000+00:00,test,ACM-3,5,1.451041880967674e-05,152,0.30137696565287586,1.3366336633663365,0.36122697312326535
n95,2021-02-25 19:26:49.047000+00:00,test,ACM-3,4,4.770250443646672e-05,153,0.3004291834559329,1.3366336633663367,0.3612269731232654
n95,2021-03-02 19:09:23.329000+00:00,test,ACM-3,4,7.083168393642869e-05,151,0.30097431406638603,1.3366336633663367,0.3612269731232654
n95,2021-03-02 19:46:07.690000+00:00,test,ACM-3,3,5.8125043897461204e-05,150,0.30211289618308584,1.336633663366337,0.36122697312326546
n95,2021-03-26 15:22:09.733000+00:00,test,ACM-3,4,7.812027020726031e-05,187,0.26466804653106224,1.3366336633663367,0.3612269731232654
n95,2021-04-22 19:21:48.925000+00:00,test,ACM-3,5,4.515357903311923e-05,163,0.2769414457579154,1.3366336633663365,0.36122697312326535
n95,2021-05-04 17:00:41.851000+00:00,test,ACM-3,5,4.5042044063081654e-05,165,0.27643991616467484,1.3366336633663367,0.3612269731232654
n95,2021-05-12 21:21:12.575000+00:00,test,ACM-3,4,7.033604779604907e-06,162,0.2772907345716567,1.3366336633663365,0.36122697312326535
surgical_mask,2020-04-05 00:00:00+00:00,calibration,ACM-3,7,5.316696377188901e-05,15,0.8276058337661515,1.3366336633663367,0.3612269731232654
surgical_mask,2020-04-24 00:00:00+00:00,calibration,ACM-3,4,2.011744954066863e-06,1279,0.10401979077226901,1.3366336633663367,0.3612269731232654
surgical_mask,2020-04-24 00:00:00+00:00,calibration,ACM-3,1,4.587900770403053e-08,1279,0.10401979077226901,1.3366336633663367,0.3612269731232654
surgical_mask,2020-04-25 00:00:00+00:00,calibration,ACM-3,3,7.082614462394776e-05,1397,0.09853894666679372,1.3366336633663367,0.3612269731232654
surgical_mask,2020-04-25 00:00:00+00:00,calibration,ACM-3,2,3.6081540208954266e-05,1397,0.09853894666679372,1.3366336633663367,0.3612269731232654
surgical_mask,2020-04-26 00:00:00+00:00,calibration,ACM-3,3,4.050749456196989e-05,1475,0.09580642302981575,1.3366336633663367,0.3612269731232654
surgical_mask,2020-04-27 00:00:00+00:00,calibration,ACM-3,3,4.6036634146595645e-05,1538,0.09376949754066008,1.3366336633663367,0.3612269731232654
surgical_mask,2020-04-27 00:00:00+00:00,calibration,ACM-3,3,4.3663421923911816e-05,1538,0.09376949754066008,1.3366336633663367,0.3612269731232654
surgical_mask,2020-04-27 00:00:00+00:00,calibration,ACM-3,3,4.069562508579594e-05,1538,0.09376949754066008,1.3366336633663367,0.3612269731232654
surgical_mask,2020-04-27 00:00:00+00:00,calibration,ACM-3,3,5.6354533114311156e-05,1538,0.09376949754066008,1.3366336633663367,0.3612269731232654
surgical_mask,2020-04-27 00:00:00+00:00,calibration,ACM-3,3,3.1694418837546756e-05,1538,0.09376949754066008,1.3366336633663367,0.3612269731232654
surgical_mask,2020-04-29 00:00:00+00:00,calibration,ACM-3,3,5.190538023747138e-05,1696,0.0893334554810639,1.3366336633663367,0.3612269731232654
surgical_mask,2020-05-06 00:00:00+00:00,calibration,ACM-3,3,5.3145440731761084e-05,1893,0.08481269027853558,1.3366336633663367,0.3612269731232654
surgical_mask,2020-05-08 00:00:00+00:00,calibration,ACM-3,3,3.325874827508901e-05,1900,0.084611328785986,1.3366336633663367,0.3612269731232654
surgical_mask,2020-05-29 00:00:00+00:00,calibration,ACM-3,3,5.6120712806695394e-05,1921,0.08419523690046017,1.3366336633663367,0.3612269731232654
surgical_mask,2020-05-29 00:00:00+00:00,calibration,ACM-3,1,2.1204320829193435e-05,1921,0.08419523690046017,1.3366336633663367,0.3612269731232654
surgical_mask,2020-06-02 00:00:00+00:00,calibration,ACM-3,3,2.755773060536537e-05,1936,0.08392062975905472,1.3366336633663367,0.3612269731232654
surgical_mask,2020-06-02 00:00:00+00:00,calibration,ACM-3,1,6.301092855665047e-05,1936,0.08392062975905472,1.3366336633663367,0.3612269731232654
surgical_mask,2020-06-02 00:00:00+00:00,calibration,ACM-3,1,7.036148883010629e-05,1936,0.08392062975905472,1.3366336633663367,0.3612269731232654
surgical_mask,2020-06-02 00:00:00+00:00,calibration,ACM-3,3,3.680345702516963e-05,1936,0.08392062975905472,1.3366336633663367,0.3612269731232654
surgical_mask,2020-06-03 00:00:00+00:00,calibration,ACM-3,3,2.2033342426230895e-05,1936,0.08392062975905472,1.3366336633663367,0.3612269731232654
surgical_mask,2020-06-03 00:00:00+00:00,calibration,ACM-3,3,3.21146528405869e-05,1936,0.08392062975905472,1.3366336633663367,0.3612269731232654
surgical_mask,2020-06-05 00:00:00+00:00,calibration,ACM-3,3,6.115335609613304e-05,1952,0.08365585836467183,1.3366336633663365,0.36122697312326535
surgical_mask,2020-06-09 00:00:00+00:00,calibration,ACM-3,3,2.5537798878483287e-05,1972,0.0832334915386374,1.336633663366337,0.36122697312326546
surgical_mask,2020-06-11 00:00:00+00:00,calibration,ACM-3,3,2.1980734436488625e-05,1996,0.08278609584103412,1.3366336633663367,0.3612269731232654
surgical_mask,2020-06-11 00:00:00+00:00,calibration,ACM-3,1,6.810117405220417e-05,1996,0.08278609584103412,1.3366336633663367,0.3612269731232654
surgical_mask,2020-06-11 00:00:00+00:00,calibration,ACM-3,1,4.823146693699876e-05,1996,0.08278609584103412,1.3366336633663367,0.3612269731232654
surgical_mask,2020-06-12 00:00:00+00:00,calibration,ACM-3,3,2.1166410321182827e-05,2005,0.08250691738559945,1.3366336633663367,0.3612269731232654
surgical_mask,2020-06-13 00:00:00+00:00,calibration,ACM-3,3,4.333059575623022e-05,2009,0.08234277542662354,1.3366336633663367,0.3612269731232654
surgical_mask,2020-06-15 00:00:00+00:00,calibration,ACM-3,3,3.542954625268546e-05,2012,0.0822816091223649,1.336633663366337,0.36122697312326546
surgical_mask,2020-06-15 00:00:00+00:00,calibration,ACM-3,3,3.3573260172004016e-05,2012,0.0822816091223649,1.336633663366337,0.36122697312326546
surgical_mask,2020-06-15 00:00:00+00:00,calibration,ACM-3,1,3.891997407690084e-06,2012,0.0822816091223649,1.336633663366337,0.36122697312326546
surgical_mask,2020-06-23 00:00:00+00:00,calibration,ACM-3,3,4.7918693796389356e-05,2050,0.08164634379566321,1.336633663366337,0.36122697312326546
surgical_mask,2020-06-24 00:00:00+00:00,calibration,ACM-3,3,4.070794283445034e-05,2054,0.0815520440970227,1.336633663366337,0.36122697312326546
surgical_mask,2020-06-25 00:00:00+00:00,calibration,ACM-3,3,4.321840940602062e-05,2058,0.08151850551397735,1.3366336633663367,0.3612269731232654
surgical_mask,2020-06-25 00:00:00+00:00,calibration,ACM-3,3,3.343770186392536e-05,2058,0.08151850551397735,1.3366336633663367,0.3612269731232654
surgical_mask,2020-07-07 00:00:00+00:00,validation,ACM-3,3,5.0478474603321555e-05,2041,0.08164175898975382,1.3366336633663367,0.3612269731232654
surgical_mask,2020-07-07 00:00:00+00:00,validation,ACM-3,3,3.3728633785312656e-05,2041,0.08164175898975382,1.3366336633663367,0.3612269731232654
surgical_mask,2020-07-10 00:00:00+00:00,validation,ACM-3,3,5.030368431846455e-05,1849,0.08574599330144946,1.3366336633663367,0.3612269731232654
surgical_mask,2020-07-13 00:00:00+00:00,validation,ACM-3,3,6.125078623892e-05,1693,0.09020657187630737,1.3366336633663367,0.3612269731232654
surgical_mask,2020-07-29 01:25:02.054000+00:00,validation,ACM-3,4,7.368779412838741e-06,625,0.1468442907656875,1.3366336633663365,0.36122697312326535
surgical_mask,2020-08-04 03:58:56.007000+00:00,validation,ACM-3,3,6.862163191095894e-05,520,0.1613823686271967,1.336633663366337,0.36122697312326546
surgical_mask,2020-08-09 17:40:00.001000+00:00,validation,ACM-3,4,7.53809670026289e-06,518,0.1611242654950776,1.336633663366337,0.36122697312326546
surgical_mask,2020-10-05 20:57:26.215000+00:00,validation,ACM-3,6,3.2556292792890185e-05,70,0.43062183262365633,1.3366336633663367,0.3612269731232654
surgical_mask,2020-10-05 21:04:13.973000+00:00,validation,ACM-3,3,5.517167098362252e-05,70,0.43062183262365633,1.3366336633663367,0.3612269731232654
surgical_mask,2020-10-06 05:38:05.418000+00:00,validation,ACM-3,5,4.578662173247705e-05,71,0.42900349223357276,1.3366336633663367,0.3612269731232654
surgical_mask,2020-12-02 21:25:06.171000+00:00,validation,ACM-3,7,3.740620891781732e-05,37,0.609207056916553,1.3366336633663367,0.3612269731232654
surgical_mask,2020-12-03 18:19:01.251000+00:00,validation,ACM-3,5,7.17227503990725e-05,36,0.6134305299313124,1.3366336633663367,0.3612269731232654
surgical_mask,2020-12-18 04:45:07.644000+00:00,validation,ACM-3,6,7.556024569210784e-05,39,0.589977341722859,1.3366336633663367,0.3612269731232654
surgical_mask,2020-12-18 04:49:22.924000+00:00,validation,ACM-3,3,5.2047485626260936e-05,39,0.589977341722859,1.3366336633663367,0.3612269731232654
surgical_mask,2020-12-18 04:49:46.143000+00:00,validation,ACM-3,3,5.201832056495048e-05,39,0.589977341722859,1.3366336633663367,0.3612269731232654
surgical_mask,2021-01-04 17:17:46.908000+00:00,test,ACM-3,6,2.8949907097119976e-05,39,0.5899589123189094,1.336633663366337,0.36122697312326546
surgical_mask,2021-01-04 17:18:07.925000+00:00,test,ACM-3,3,8.752354139623941e-05,39,0.5899589123189094,1.336633663366337,0.36122697312326546
surgical_mask,2021-01-04 17:18:58.990000+00:00,test,ACM-3,4,2.6670007941875795e-05,39,0.5899589123189094,1.336633663366337,0.36122697312326546
surgical_mask,2021-02-20 01:30:55.858000+00:00,test,ACM-3,5,1.8028539502057406e-05,117,0.33795781255423224,1.3366336633663365,0.36122697312326535
surgical_mask,2021-02-23 03:43:14.625000+00:00,test,ACM-3,6,2.2506516508424834e-05,115,0.34014219819904595,1.3366336633663367,0.3612269731232654
surgical_mask,2021-02-25 19:43:25.318000+00:00,test,ACM-3,6,1.6081666065648204e-05,115,0.33976051157071174,1.3366336633663367,0.3612269731232654
surgical_mask,2021-02-25 19:44:34.146000+00:00,test,ACM-3,3,6.466735534393919e-06,115,0.33976051157071174,1.3366336633663367,0.3612269731232654
surgical_mask,2021-03-03 00:17:03.836000+00:00,test,ACM-3,4,4.430536790522854e-05,113,0.3404076322375615,1.3366336633663367,0.3612269731232654
surgical_mask,2021-03-06 00:53:36.189000+00:00,test,ACM-3,5,7.75502420481411e-05,110,0.3431822160213301,1.3366336633663367,0.3612269731232654
surgical_mask,2021-03-13 00:57:01.328000+00:00,test,ACM-3,5,5.222580133837362e-05,144,0.30836477628394676,1.3366336633663367,0.3612269731232654
surgical_mask,2021-03-13 00:57:01.522000+00:00,test,ACM-3,2,4.817314218608093e-05,144,0.30836477628394676,1.3366336633663367,0.3612269731232654
surgical_mask,2021-03-13 00:57:02.628000+00:00,test,ACM-3,3,8.141738441180824e-05,144,0.30836477628394676,1.3366336633663367,0.3612269731232654
surgical_mask,2021-03-25 17:44:56.969000+00:00,test,ACM-3,4,7.651332374294245e-05,160,0.2915507755174876,1.3366336633663367,0.3612269731232654
surgical_mask,2021-03-27 01:56:52.370000+00:00,test,ACM-3,4,4.592167272160497e-05,160,0.2915507755174876,1.3366336633663367,0.3612269731232654
surgical_mask,2021-03-27 01:57:08.193000+00:00,test,ACM-3,3,1.0109115939904711e-05,160,0.2915507755174876,1.3366336633663367,0.3612269731232654
surgical_mask,2021-03-27 01:57:21.410000+00:00,test,ACM-3,3,7.473601879509628e-05,160,0.2915507755174876,1.3366336633663367,0.3612269731232654
surgical_mask,2021-05-20 23:26:36.764000+00:00,test,ACM-3,5,9.125160314371605e-05,149,0.28962652471209277,1.3366336633663365,0.36122697312326535
surgical_mask,2021-05-26 19:37:53.885000+00:00,test,ACM-3,4,8.388841363426991e-05,153,0.2865687704021695,1.3366336633663367,0.3612269731232654
surgical_mask,2021-05-26 19:44:19.530000+00:00,test,ACM-3,3,4.1043663940865116e-05,153,0.2865687704021695,1.3366336633663367,0.3612269731232654
surgical_mask,2021-06-23 17:12:28.594000+00:00,test,ACM-3,5,2.3073800719142223e-05,103,0.3522874802688561,1.3366336633663367,0.3612269731232654
surgical_mask,2021-06-27 20:57:23.453000+00:00,test,ACM-3,5,6.415849820279318e-05,103,0.3522874802688561,1.3366336633663367,0.3612269731232654
surgical_mask,2021-06-27 20:57:23.819000+00:00,test,ACM-3,4,7.043837557396682e-06,103,0.3522874802688561,1.3366336633663367,0.3612269731232654
surgical_mask,2021-06-27 20:57:24.427000+00:00,test,ACM-3,4,1.4707052451545799e-05,103,0.3522874802688561,1.3366336633663367,0.3612269731232654
surgical_mask,2021-07-09 00:18:56.401000+00:00,test,ACM-3,5,1.5276716153145298e-05,84,0.39284485168393524,1.3366336633663367,0.3612269731232654
surgical_mask,2021-07-12 01:19:52.831000+00:00,test,ACM-3,5,2.529878655476575e-05,69,0.4348195997374984,1.3366336633663367,0.3612269731232654
face_shield,2020-04-24 00:00:00+00:00,calibration,ACM-3,4,6.2600668698231665e-06,1359,0.10071613483169944,1.3366336633663367,0.3612269731232654
face_shield,2020-04-25 00:00:00+00:00,calibration,ACM-3,3,3.9591719441678386e-05,1472,0.09595078877414613,1.3366336633663367,0.3612269731232654
face_shield,2020-05-01 00:00:00+00:00,calibration,ACM-3,3,5.4386940154138586e-05,1913,0.08431828281133076,1.3366336633663367,0.3612269731232654
face_shield,2020-05-03 00:00:00+00:00,calibration,ACM-3,3,5.5226830607379984e-05,1953,0.08352089171277587,1.3366336633663367,0.3612269731232654
face_shield,2020-05-06 00:00:00+00:00,calibration,ACM-3,3,3.539062757940137e-05,1957,0.08341081752010891,1.336633663366337,0.36122697312326546
face_shield,2020-05-15 00:00:00+00:00,calibration,ACM-3,3,2.153014607475523e-05,1971,0.08307382241828347,1.336633663366337,0.36122697312326546
face_shield,2020-05-15 00:00:00+00:00,calibration,ACM-3,3,3.0667540800444204e-05,1971,0.08307382241828347,1.336633663366337,0.36122697312326546
face_shield,2020-05-19 00:00:00+00:00,calibration,ACM-3,3,4.936849111408792e-05,1976,0.0830168959280406,1.3366336633663367,0.3612269731232654
face_shield,2020-05-19 00:00:00+00:00,calibration,ACM-3,3,3.4132300893441325e-05,1976,0.0830168959280406,1.3366336633663367,0.3612269731232654
face_shield,2020-05-20 00:00:00+00:00,calibration,ACM-3,3,6.471007417130359e-06,1976,0.0830168959280406,1.3366336633663367,0.3612269731232654
face_shield,2020-05-22 00:00:00+00:00,calibration,ACM-3,3,3.3865803038268805e-05,1978,0.08299792645709808,1.3366336633663367,0.3612269731232654
face_shield,2020-05-22 00:00:00+00:00,calibration,ACM-3,3,3.394604115225519e-05,1978,0.08299792645709808,1.3366336633663367,0.3612269731232654
face_shield,2020-05-25 00:00:00+00:00,calibration,ACM-3,3,2.8169255648746727e-05,1981,0.08293437451414971,1.3366336633663365,0.36122697312326535
face_shield,2020-05-30 00:00:00+00:00,calibration,ACM-3,3,5.136121555726625e-05,1998,0.08259137472476959,1.3366336633663367,0.3612269731232654
face_shield,2020-06-04 00:00:00+00:00,calibration,ACM-3,3,4.9764998850787556e-05,2000,0.08257589350688724,1.3366336633663367,0.3612269731232654
face_shield,2020-06-08 00:00:00+00:00,calibration,ACM-3,3,4.600797744780394e-05,2015,0.08230145376207595,1.3366336633663367,0.3612269731232654
face_shield,2020-06-08 00:00:00+00:00,calibration,ACM-3,3,3.4235847733321556e-05,2015,0.08230145376207595,1.3366336633663367,0.3612269731232654
face_shield,2020-06-08 00:00:00+00:00,calibration,ACM-3,3,4.561540609882009e-05,2015,0.08230145376207595,1.3366336633663367,0.3612269731232654
face_shield,2020-06-08 00:00:00+00:00,calibration,ACM-3,3,4.481838335101962e-05,2015,0.08230145376207595,1.3366336633663367,0.3612269731232654
face_shield,2020-06-08 00:00:00+00:00,calibration,ACM-3,3,3.42190039520629e-05,2015,0.08230145376207595,1.3366336633663367,0.3612269731232654
face_shield,2020-06-08 00:00:00+00:00,calibration,ACM-3,3,3.436665750639056e-05,2015,0.08230145376207595,1.3366336633663367,0.3612269731232654
face_shield,2020-06-08 00:00:00+00:00,calibration,ACM-3,3,4.547880538174898e-05,2015,0.08230145376207595,1.3366336633663367,0.3612269731232654
face_shield,2020-06-09 00:00:00+00:00,calibration,ACM-3,3,5.32863844181497e-05,2021,0.0821194382291412,1.3366336633663367,0.3612269731232654
face_shield,2020-06-09 00:00:00+00:00,calibration,ACM-3,1,1.979020818554389e-05,2021,0.0821194382291412,1.3366336633663367,0.3612269731232654
face_shield,2020-06-09 00:00:00+00:00,calibration,ACM-3,1,1.962863121907077e-05,2021,0.0821194382291412,1.3366336633663367,0.3612269731232654
face_shield,2020-06-09 00:00:00+00:00,calibration,ACM-3,3,3.407596149812564e-05,2021,0.0821194382291412,1.3366336633663367,0.3612269731232654
face_shield,2020-06-12 00:00:00+00:00,calibration,ACM-3,3,5.0315606006323677e-05,2041,0.081749816254501,1.3366336633663367,0.3612269731232654
face_shield,2020-06-12 00:00:00+00:00,calibration,ACM-3,3,3.313244749975075e-05,2041,0.081749816254501,1.3366336633663367,0.3612269731232654
face_shield,2020-06-13 00:00:00+00:00,calibration,ACM-3,3,5.44077718654945e-05,2041,0.081749816254501,1.3366336633663367,0.3612269731232654
face_shield,2020-06-13 00:00:00+00:00,calibration,ACM-3,3,3.3556897310438316e-05,2041,0.081749816254501,1.3366336633663367,0.3612269731232654
face_shield,2020-06-13 00:00:00+00:00,calibration,ACM-3,3,3.354860973575624e-05,2041,0.081749816254501,1.3366336633663367,0.3612269731232654
face_shield,2020-06-13 00:00:00+00:00,calibration,ACM-3,1,4.272953828476922e-05,2041,0.081749816254501,1.3366336633663367,0.3612269731232654
face_shield,2020-06-15 00:00:00+00:00,calibration,ACM-3,3,5.092811743778736e-05,2044,0.08168912842613035,1.3366336633663367,0.3612269731232654
face_shield,2020-06-15 00:00:00+00:00,calibration,ACM-3,3,3.3085520501852095e-05,2044,0.08168912842613035,1.3366336633663367,0.3612269731232654
face_shield,2020-06-17 00:00:00+00:00,calibration,ACM-3,3,4.2317979750516876e-05,2058,0.08142637057031163,1.3366336633663365,0.36122697312326535
face_shield,2020-06-17 00:00:00+00:00,calibration,ACM-3,3,4.167519973818923e-05,2058,0.08142637057031163,1.3366336633663365,0.36122697312326535
face_shield,2020-06-17 00:00:00+00:00,calibration,ACM-3,3,2.8451150209107823e-05,2058,0.08142637057031163,1.3366336633663365,0.36122697312326535
face_shield,2020-06-17 00:00:00+00:00,calibration,ACM-3,3,1.9601728186491307e-05,2058,0.08142637057031163,1.3366336633663365,0.36122697312326535
face_shield,2020-06-17 00:00:00+00:00,calibration,ACM-3,3,2.9233578445031494e-05,2058,0.08142637057031163,1.3366336633663365,0.36122697312326535
face_shield,2020-06-19 00:00:00+00:00,calibration,ACM-3,3,5.4901024433617884e-05,2065,0.08130051685208868,1.3366336633663367,0.3612269731232654
face_shield,2020-06-22 00:00:00+00:00,calibration,ACM-3,3,4.4578840514897244e-05,2070,0.08124200865492787,1.3366336633663367,0.3612269731232654
face_shield,2020-06-22 00:00:00+00:00,calibration,ACM-3,3,4.5801254503596844e-05,2070,0.08124200865492787,1.3366336633663367,0.3612269731232654
face_shield,2020-06-22 00:00:00+00:00,calibration,ACM-3,3,4.44402329899396e-05,2070,0.08124200865492787,1.3366336633663367,0.3612269731232654
face_shield,2020-06-22 00:00:00+00:00,calibration,ACM-3,3,4.443153669064781e-05,2070,0.08124200865492787,1.3366336633663367,0.3612269731232654
face_shield,2020-06-23 00:00:00+00:00,calibration,ACM-3,3,4.6161465097227516e-05,2072,0.08119129368703827,1.3366336633663367,0.3612269731232654
face_shield,2020-06-23 00:00:00+00:00,calibration,ACM-3,3,3.308969431636832e-05,2072,0.08119129368703827,1.3366336633663367,0.3612269731232654
face_shield,2020-06-23 00:00:00+00:00,calibration,ACM-3,3,4.6048936950704444e-05,2072,0.08119129368703827,1.3366336633663367,0.3612269731232654
face_shield,2020-06-24 00:00:00+00:00,calibration,ACM-3,3,5.238912951066599e-05,2073,0.08118540010161533,1.3366336633663367,0.3612269731232654
face_shield,2020-06-24 00:00:00+00:00,calibration,ACM-3,3,4.6118249615978435e-05,2073,0.08118540010161533,1.3366336633663367,0.3612269731232654
face_shield,2020-06-29 00:00:00+00:00,calibration,ACM-3,3,3.801566288069713e-05,2078,0.08110387746456842,1.3366336633663367,0.3612269731232654
face_shield,2020-06-29 00:00:00+00:00,calibration,ACM-3,3,2.9622788944694278e-05,2078,0.08110387746456842,1.3366336633663367,0.3612269731232654
face_shield,2020-06-29 00:00:00+00:00,calibration,ACM-3,2,1.0494182443476774e-05,2078,0.08110387746456842,1.3366336633663367,0.3612269731232654
face_shield,2020-07-02 00:00:00+00:00,validation,ACM-3,3,5.5977438649656985e-05,2081,0.08101546521067823,1.3366336633663367,0.3612269731232654
face_shield,2020-07-02 00:00:00+00:00,validation,ACM-3,1,3.0886719385336825e-05,2081,0.08101546521067823,1.3366336633663367,0.3612269731232654
face_shield,2020-07-07 00:00:00+00:00,validation,ACM-3,3,5.045845008744276e-05,2003,0.08238047593027074,1.3366336633663367,0.3612269731232654
face_shield,2020-07-07 00:00:00+00:00,validation,ACM-3,3,4.4122554996028907e-05,2003,0.08238047593027074,1.3366336633663367,0.3612269731232654
face_shield,2020-07-09 00:00:00+00:00,validation,ACM-3,3,5.2691513699132386e-05,1871,0.08508668130030811,1.3366336633663367,0.3612269731232654
face_shield,2020-07-10 00:00:00+00:00,validation,ACM-3,3,6.125503567266932e-05,1800,0.08670684403215337,1.336633663366337,0.36122697312326546
face_shield,2020-07-23 16:32:46.736000+00:00,validation,ACM-3,4,2.871545003502174e-06,896,0.12269393961442404,1.3366336633663367,0.3612269731232654
face_shield,2020-07-23 16:34:27.720000+00:00,validation,ACM-3,3,1.3431939402397397e-06,896,0.12269393961442404,1.3366336633663367,0.3612269731232654
face_shield,2020-07-29 01:25:01.976000+00:00,validation,ACM-3,4,3.5692435297329794e-06,571,0.15546365081522895,1.3366336633663367,0.3612269731232654
face_shield,2020-07-29 01:25:05.686000+00:00,validation,ACM-3,2,5.447556083776339e-05,571,0.15546365081522895,1.3366336633663367,0.3612269731232654
face_shield,2020-07-29 01:25:08.069000+00:00,validation,ACM-3,3,1.8989296108884446e-05,571,0.15546365081522895,1.3366336633663367,0.3612269731232654
face_shield,2020-08-13 18:01:05.597000+00:00,validation,ACM-3,4,8.103699886664872e-06,459,0.17194029095516747,1.3366336633663367,0.3612269731232654
face_shield,2020-09-03 18:10:25.123000+00:00,validation,ACM-3,4,1.116213758606266e-05,347,0.1969340566690067,1.3366336633663367,0.3612269731232654
face_shield,2020-09-07 20:16:51.816000+00:00,validation,ACM-3,4,9.227187810371268e-05,311,0.20734079376455739,1.3366336633663367,0.3612269731232654
face_shield,2020-09-08 20:07:41.280000+00:00,validation,ACM-3,4,5.0152137490476825e-05,277,0.22011135305267165,1.3366336633663367,0.3612269731232654
face_shield,2020-10-06 00:00:00+00:00,validation,ACM-3,5,7.434147302817773e-05,64,0.4206204123192425,1.3366336633663367,0.3612269731232654
face_shield,2020-11-19 04:38:41.026000+00:00,validation,ACM-3,6,6.289614122328979e-05,37,0.5617094491261762,1.3366336633663367,0.3612269731232654
face_shield,2020-11-25 01:23:40.217000+00:00,validation,ACM-3,7,7.318058123201299e-05,37,0.586503987045035,1.3366336633663367,0.3612269731232654
face_shield,2020-11-25 01:25:34.362000+00:00,validation,ACM-3,1,2.023992842820066e-05,37,0.586503987045035,1.3366336633663367,0.3612269731232654
face_shield,2020-11-25 01:28:52.014000+00:00,validation,ACM-3,1,5.4758134136467795e-06,37,0.586503987045035,1.3366336633663367,0.3612269731232654
face_shield,2020-11-25 02:01:45.250000+00:00,validation,ACM-3,1,1.4983201443996563e-06,37,0.586503987045035,1.3366336633663367,0.3612269731232654
face_shield,2020-11-25 02:09:15.051000+00:00,validation,ACM-3,6,5.260095685916122e-05,37,0.586503987045035,1.3366336633663367,0.3612269731232654
face_shield,2020-11-25 02:10:49.716000+00:00,validation,ACM-3,5,5.112014537828058e-05,37,0.586503987045035,1.3366336633663367,0.3612269731232654
face_shield,2020-11-25 02:11:10.940000+00:00,validation,ACM-3,5,4.8980141626686624e-05,37,0.586503987045035,1.3366336633663367,0.3612269731232654
face_shield,2020-11-25 02:11:34.026000+00:00,validation,ACM-3,5,4.6878226885205265e-05,37,0.586503987045035,1.3366336633663367,0.3612269731232654
face_shield,2020-11-25 02:11:56.741000+00:00,validation,ACM-3,6,5.821183745138847e-05,37,0.586503987045035,1.3366336633663367,0.3612269731232654
face_shield,2020-11-25 02:13:20.123000+00:00,validation,ACM-3,5,4.9451353953733346e-05,37,0.586503987045035,1.3366336633663367,0.3612269731232654
face_shield,2020-11-25 02:13:48.443000+00:00,validation,ACM-3,4,3.336759784045018e-05,37,0.586503987045035,1.3366336633663367,0.3612269731232654
face_shield,2020-11-25 02:14:26.031000+00:00,validation,ACM-3,4,6.735564455295773e-05,37,0.586503987045035,1.3366336633663367,0.3612269731232654
face_shield,2020-11-25 02:15:39.009000+00:00,validation,ACM-3,5,2.1969042691194485e-05,37,0.586503987045035,1.3366336633663367,0.3612269731232654
face_shield,2020-11-25 02:16:01.392000+00:00,validation,ACM-3,4,3.364686714746323e-05,37,0.586503987045035,1.3366336633663367,0.3612269731232654
face_shield,2020-11-25 02:16:16.276000+00:00,validation,ACM-3,4,3.383551010993635e-05,37,0.586503987045035,1.3366336633663367,0.3612269731232654
face_shield,2020-12-21 17:11:47.071000+00:00,validation,ACM-3,6,4.4942576805595547e-05,48,0.5283307296629702,1.3366336633663367,0.3612269731232654
face_shield,2020-12-21 22:31:50.757000+00:00,validation,ACM-3,6,3.357628183142669e-05,48,0.5283307296629702,1.3366336633663367,0.3612269731232654
face_shield,2021-02-24 07:33:27.950000+00:00,test,ACM-3,5,5.803728908237993e-05,106,0.3468941904386504,1.3366336633663367,0.3612269731232654
face_shield,2021-03-06 00:39:47.761000+00:00,test,ACM-3,5,1.4204115642537513e-05,100,0.35472496146295524,1.3366336633663367,0.3612269731232654
face_shield,2021-03-06 00:39:48.294000+00:00,test,ACM-3,3,5.889697751354506e-05,100,0.35472496146295524,1.3366336633663367,0.3612269731232654
face_shield,2021-03-17 20:17:25.593000+00:00,test,ACM-3,4,7.764531170024319e-05,127,0.32215052391442145,1.336633663366337,0.36122697312326546
face_shield,2021-03-20 00:44:48.021000+00:00,test,ACM-3,4,2.1930079252552304e-05,129,0.3206262141641949,1.3366336633663365,0.36122697312326535
face_shield,2021-03-20 00:44:49.315000+00:00,test,ACM-3,3,8.219753420352083e-05,129,0.3206262141641949,1.3366336633663365,0.36122697312326535
face_shield,2021-03-20 00:44:49.583000+00:00,test,ACM-3,4,1.7961011220590795e-05,129,0.3206262141641949,1.3366336633663365,0.36122697312326535
face_shield,2021-03-20 00:44:49.840000+00:00,test,ACM-3,3,5.948492298504804e-05,129,0.3206262141641949,1.3366336633663365,0.36122697312326535
face_shield,2021-03-20 00:44:50.096000+00:00,test,ACM-3,3,1.7928558717683618e-05,129,0.3206262141641949,1.3366336633663365,0.36122697312326535
face_shield,2021-03-20 00:44:50.811000+00:00,test,ACM-3,3,7.774857439191152e-05,129,0.3206262141641949,1.3366336633663365,0.36122697312326535
face_shield,2021-03-20 00:44:51.324000+00:00,test,ACM-3,3,3.604978162302652e-05,129,0.3206262141641949,1.3366336633663365,0.36122697312326535
face_shield,2021-03-20 00:44:51.680000+00:00,test,ACM-3,3,1.804483308665006e-05,129,0.3206262141641949,1.3366336633663365,0.36122697312326535
face_shield,2021-04-16 20:58:06.922000+00:00,test,ACM-3,5,1.914517195300558e-05,115,0.32867904722760816,1.3366336633663367,0.3612269731232654
face_shield,2021-04-16 21:00:04.619000+00:00,test,ACM-3,4,3.978670069404444e-06,115,0.32867904722760816,1.3366336633663367,0.3612269731232654
face_shield,2021-04-22 19:21:48.925000+00:00,test,ACM-3,5,4.485775449242224e-05,111,0.33075954805311547,1.3366336633663367,0.3612269731232654
face_shield,2021-04-26 17:19:41.324000+00:00,test,ACM-3,5,3.309414468616323e-05,115,0.3290489982451855,1.3366336633663367,0.3612269731232654
face_shield,2021-04-26 17:19:42.975000+00:00,test,ACM-3,4,6.353999850089442e-05,115,0.3290489982451855,1.3366336633663367,0.3612269731232654
face_shield,2021-04-28 01:28:08.689000+00:00,test,ACM-3,4,7.693680094400523e-05,114,0.3295226646519675,1.3366336633663367,0.3612269731232654
gown,2020-05-23 21:32:00+00:00,calibration,ACM-3,3,9.049022322982214e-05,1969,0.08368457674968105,1.3366336633663367,0.3612269731232654
gown,2020-05-23 21:46:00+00:00,calibration,ACM-3,3,3.381443777439319e-05,1970,0.08364256255096336,1.336633663366337,0.36122697312326546
gown,2020-05-23 21:46:00+00:00,calibration,ACM-3,2,3.80118779841343e-06,1970,0.08364256255096336,1.336633663366337,0.36122697312326546
gown,2020-05-23 21:47:00+00:00,calibration,ACM-3,3,5.820303525860826e-06,1970,0.08364256255096336,1.336633663366337,0.36122697312326546
gown,2020-05-23 21:48:00+00:00,calibration,ACM-3,3,1.1232729557608678e-05,1970,0.08364256255096336,1.336633663366337,0.36122697312326546
gown,2020-05-23 21:53:00+00:00,calibration,ACM-3,3,9.72065735205252e-06,1970,0.08364256255096336,1.336633663366337,0.36122697312326546
gown,2020-05-26 00:00:00+00:00,calibration,ACM-3,3,4.05527880313894e-05,1971,0.08363532856373257,1.3366336633663365,0.36122697312326535
gown,2020-06-02 00:00:00+00:00,calibration,ACM-3,3,5.414809834269896e-05,1977,0.08348231287776318,1.3366336633663367,0.3612269731232654
gown,2020-06-02 00:00:00+00:00,calibration,ACM-3,3,3.4582324623111393e-05,1977,0.08348231287776318,1.3366336633663367,0.3612269731232654
gown,2020-06-02 00:00:00+00:00,calibration,ACM-3,3,3.52084914972961e-05,1977,0.08348231287776318,1.3366336633663367,0.3612269731232654
gown,2020-08-28 22:37:26.667000+00:00,validation,ACM-3,4,2.9664163824466572e-05,343,0.1958502634765935,1.3366336633663367,0.3612269731232654
gown,2020-11-09 14:29:20.102000+00:00,validation,ACM-3,7,6.418754595424736e-05,25,0.7122218234653824,1.3366336633663367,0.3612269731232654
gown,2020-11-19 04:38:41.026000+00:00,validation,ACM-3,6,4.467869345770037e-05,26,0.6733998434360248,1.3366336633663367,0.3612269731232654
gown,2020-11-21 07:06:42.947000+00:00,validation,ACM-3,7,8.1938844200935e-05,25,0.697933517644204,1.336633663366337,0.36122697312326546
gown,2020-11-21 07:13:31.181000+00:00,validation,ACM-3,7,3.399026263897764e-05,26,0.6733998434360348,1.336633663366337,0.36122697312326546
gown,2020-11-21 07:14:50.397000+00:00,validation,ACM-3,5,4.3367269732697e-05,26,0.6733998434360348,1.336633663366337,0.36122697312326546
gown,2021-01-18 21:56:33.211000+00:00,test,ACM-3,5,5.535430598191393e-05,93,0.3885954006063234,1.3366336633663365,0.36122697312326535
gown,2021-01-20 18:56:22.031000+00:00,test,ACM-3,6,3.625769640952514e-05,99,0.37397525022067873,1.3366336633663367,0.3612269731232654
gown,2021-01-20 18:56:24.523000+00:00,test,ACM-3,4,6.172929963665919e-05,99,0.37397525022067873,1.3366336633663367,0.3612269731232654
gown,2021-01-20 18:56:26.221000+00:00,test,ACM-3,5,2.5010530750213533e-05,99,0.37397525022067873,1.3366336633663367,0.3612269731232654
gown,2021-01-20 18:56:27.471000+00:00,test,ACM-3,4,5.20249662545047e-05,99,0.37397525022067873,1.3366336633663367,0.3612269731232654
gown,2021-01-20 18:56:32.977000+00:00,test,ACM-3,5,9.02677971709176e-05,99,0.37397525022067873,1.3366336633663367,0.3612269731232654
gown,2021-01-20 18:56:34.173000+00:00,test,ACM-3,4,4.2882122793297395e-05,99,0.37397525022067873,1.3366336633663367,0.3612269731232654
gown,2021-01-20 18:56:35.258000+00:00,test,ACM-3,4,3.489507952741944e-05,99,0.37397525022067873,1.3366336633663367,0.3612269731232654
gown,2021-01-20 18:56:35.792000+00:00,test,ACM-3,3,4.8689261210904666e-05,99,0.37397525022067873,1.3366336633663367,0.3612269731232654
gown,2021-01-31 19:49:52.965000+00:00,test,ACM-3,5,1.6230182924126257e-05,103,0.36539109828687666,1.3366336633663367,0.3612269731232654
gown,2021-01-31 19:50:41.701000+00:00,test,ACM-3,3,5.646003768672303e-05,103,0.36539109828687666,1.3366336633663367,0.3612269731232654
gown,2021-01-31 19:52:09.675000+00:00,test,ACM-3,4,4.838581883936932e-06,103,0.36539109828687666,1.3366336633663367,0.3612269731232654
gown,2021-02-10 17:16:26.512000+00:00,test,ACM-3,5,2.0147293215644346e-05,106,0.35930654616176155,1.3366336633663367,0.3612269731232654
gown,2021-02-10 17:16:29.148000+00:00,test,ACM-3,2,9.373197888368212e-05,106,0.35930654616176155,1.3366336633663367,0.3612269731232654
gown,2021-02-10 17:16:31.047000+00:00,test,ACM-3,3,2.5743379568288205e-05,106,0.35930654616176155,1.3366336633663367,0.3612269731232654
gown,2021-02-10 17:16:32.421000+00:00,test,ACM-3,3,2.6017853097637378e-05,106,0.35930654616176155,1.3366336633663367,0.3612269731232654
gown,2021-02-25 19:43:25.318000+00:00,test,ACM-3,4,8.999365832157435e-05,102,0.3658917575696417,1.3366336633663367,0.3612269731232654
gown,2021-02-25 19:44:34.146000+00:00,test,ACM-3,2,2.3297214787332265e-05,102,0.3658917575696417,1.3366336633663367,0.3612269731232654
gown,2021-03-20 03:22:44.729000+00:00,test,ACM-3,4,9.858315883265467e-05,135,0.30171754959376773,1.3366336633663365,0.36122697312326535
gown,2021-03-20 03:22:45.004000+00:00,test,ACM-3,3,4.933896779446556e-05,135,0.30171754959376773,1.3366336633663365,0.36122697312326535
gown,2021-03-20 03:22:45.251000+00:00,test,ACM-3,3,5.506321483000898e-05,135,0.30171754959376773,1.3366336633663365,0.36122697312326535
gown,2021-04-01 14:21:13.811000+00:00,test,ACM-3,4,7.573401582483541e-05,137,0.30102155554655574,1.3366336633663367,0.3612269731232654
gown,2021-04-14 21:13:10.877000+00:00,test,ACM-3,5,1.7425549685812225e-05,138,0.29305800849548874,1.3366336633663367,0.3612269731232654
gown,2021-04-16 20:02:20.465000+00:00,test,ACM-3,4,6.994990441894222e-05,118,0.3181800447946148,1.3366336633663365,0.36122697312326535
gown,2021-04-16 21:25:32.324000+00:00,test,ACM-3,5,3.581949025935338e-05,117,0.3209874718762804,1.3366336633663365,0.36122697312326535
gown,2021-04-16 21:28:21.673000+00:00,test,ACM-3,4,1.328648275300548e-05,117,0.3209874718762804,1.3366336633663365,0.36122697312326535
gown,2021-04-16 21:34:22.159000+00:00,test,ACM-3,4,6.097068375038317e-06,117,0.3209874718762804,1.3366336633663365,0.36122697312326535
gown,2021-04-19 05:07:19.622000+00:00,test,ACM-3,5,3.282288182510085e-05,99,0.3526288376885056,1.3366336633663365,0.36122697312326535
gown,2021-04-22 19:21:48.925000+00:00,test,ACM-3,5,4.3362514632327986e-05,98,0.35355651697899754,1.3366336633663367,0.3612269731232654
gown,2021-04-22 21:02:30.701000+00:00,test,ACM-3,5,4.012582592949343e-05,98,0.35355651697899754,1.3366336633663367,0.3612269731232654
gown,2021-05-24 22:29:54.296000+00:00,test,ACM-3,5,2.8430789475716867e-05,98,0.3408756200172727,1.3366336633663365,0.36122697312326535
gown,2021-05-24 22:30:07.224000+00:00,test,ACM-3,4,2.0689347168034722e-05,98,0.3408756200172727,1.3366336633663365,0.36122697312326535
gown,2021-06-17 19:48:40.696000+00:00,test,ACM-3,5,7.119531173083171e-05,63,0.4431046207814233,1.3366336633663367,0.3612269731232654
gown,2021-06-27 20:54:01.931000+00:00,test,ACM-3,6,4.775929217545882e-05,60,0.4530860197872184,1.3366336633663367,0.3612269731232654
gown,2021-06-27 20:54:02.739000+00:00,test,ACM-3,4,4.589932120638296e-05,60,0.4530860197872184,1.3366336633663367,0.3612269731232654
gown,2021-06-27 20:54:03.526000+00:00,test,ACM-3,4,4.5482086058340476e-05,60,0.4530860197872184,1.3366336633663367,0.3612269731232654
gown,2021-06-27 20:54:06.145000+00:00,test,ACM-3,5,3.381907364677361e-05,60,0.4530860197872184,1.3366336633663367,0.3612269731232654
n95,2020-04-01 00:00:00+00:00,calibration,ACM-2,6,8.508351685709847e-05,6,1.0135925728455129,1.3366336633663367,0.3612269731232654
n95,2020-04-23 00:00:00+00:00,calibration,ACM-2,4,3.999087562100989e-06,1503,0.09924001244310746,1.3366336633663367,0.3612269731232654
n95,2020-04-25 00:00:00+00:00,calibration,ACM-2,3,5.953420165449863e-05,1770,0.09059450777888146,1.3366336633663367,0.3612269731232654
n95,2020-04-29 00:00:00+00:00,calibration,ACM-2,3,5.2458074942307586e-05,2141,0.0829063861281907,1.3366336633663365,0.36122697312326535
n95,2020-05-01 00:00:00+00:00,calibration,ACM-2,3,2.550981908155947e-05,2321,0.07977832534722352,1.3366336633663365,0.36122697312326535
n95,2020-05-08 00:00:00+00:00,calibration,ACM-2,3,2.5924499068019635e-05,2388,0.07875129937042981,1.3366336633663367,0.3612269731232654
n95,2020-05-15 00:00:00+00:00,calibration,ACM-2,3,2.8447998767444638e-05,2405,0.07856804306986985,1.3366336633663367,0.3612269731232654
n95,2020-05-18 00:00:00+00:00,calibration,ACM-2,3,3.11751035957375e-05,2409,0.07854439228105692,1.336633663366337,0.36122697312326546
n95,2020-05-25 00:00:00+00:00,calibration,ACM-2,3,3.220355768190908e-05,2423,0.07831500128922442,1.336633663366337,0.36122697312326546
n95,2020-05-26 00:00:00+00:00,calibration,ACM-2,3,4.423487805155224e-05,2424,0.07831243298073963,1.336633663366337,0.36122697312326546
n95,2020-05-26 00:00:00+00:00,calibration,ACM-2,3,3.9703792734879784e-05,2424,0.07831243298073963,1.336633663366337,0.36122697312326546
n95,2020-05-26 00:00:00+00:00,calibration,ACM-2,1,7.027427768035999e-07,2424,0.07831243298073963,1.336633663366337,0.36122697312326546
n95,2020-05-26 00:00:00+00:00,calibration,ACM-2,3,4.109660222612055e-05,2424,0.07831243298073963,1.336633663366337,0.36122697312326546
n95,2020-05-26 00:00:00+00:00,calibration,ACM-2,3,4.110595189926736e-05,2424,0.07831243298073963,1.336633663366337,0.36122697312326546
n95,2020-05-26 00:00:00+00:00,calibration,ACM-2,3,4.0808360210309313e-05,2424,0.07831243298073963,1.336633663366337,0.36122697312326546
n95,2020-05-26 00:00:00+00:00,calibration,ACM-2,3,4.0459466148945467e-05,2424,0.07831243298073963,1.336633663366337,0.36122697312326546
n95,2020-05-26 00:00:00+00:00,calibration,ACM-2,3,4.069189232136505e-05,2424,0.07831243298073963,1.336633663366337,0.36122697312326546
n95,2020-05-26 00:00:00+00:00,calibration,ACM-2,3,2.2546777721791506e-05,2424,0.07831243298073963,1.336633663366337,0.36122697312326546
n95,2020-05-26 00:00:00+00:00,calibration,ACM-2,3,3.155968215828864e-05,2424,0.07831243298073963,1.336633663366337,0.36122697312326546
n95,2020-05-26 00:00:00+00:00,calibration,ACM-2,3,4.085585956037363e-05,2424,0.07831243298073963,1.336633663366337,0.36122697312326546
n95,2020-05-27 00:00:00+00:00,calibration,ACM-2,3,4.1829570352036605e-05,2426,0.07826872325255371,1.3366336633663365,0.36122697312326535
n95,2020-05-27 00:00:00+00:00,calibration,ACM-2,3,3.147937942798995e-05,2426,0.07826872325255371,1.3366336633663365,0.36122697312326535
n95,2020-05-27 00:00:00+00:00,calibration,ACM-2,3,3.9664539751793626e-05,2426,0.07826872325255371,1.3366336633663365,0.36122697312326535
n95,2020-05-27 00:00:00+00:00,calibration,ACM-2,3,3.925054843106901e-05,2426,0.07826872325255371,1.3366336633663365,0.36122697312326535
n95,2020-05-27 00:00:00+00:00,calibration,ACM-2,3,4.155090373070269e-05,2426,0.07826872325255371,1.3366336633663365,0.36122697312326535
n95,2020-05-27 00:00:00+00:00,calibration,ACM-2,3,4.0412980369997076e-05,2426,0.07826872325255371,1.3366336633663365,0.36122697312326535
n95,2020-05-27 00:00:00+00:00,calibration,ACM-2,1,4.4232433269009164e-05,2426,0.07826872325255371,1.3366336633663365,0.36122697312326535
n95,2020-05-27 00:00:00+00:00,calibration,ACM-2,3,4.106608170467707e-05,2426,0.07826872325255371,1.3366336633663365,0.36122697312326535
n95,2020-05-27 00:00:00+00:00,calibration,ACM-2,3,4.1056281495532865e-05,2426,0.07826872325255371,1.3366336633663365,0.36122697312326535
n95,2020-05-27 00:00:00+00:00,calibration,ACM-2,3,4.1065596423695006e-05,2426,0.07826872325255371,1.3366336633663365,0.36122697312326535
n95,2020-05-28 00:00:00+00:00,calibration,ACM-2,3,5.15029852830029e-05,2427,0.07826615622232627,1.3366336633663367,0.3612269731232654
n95,2020-05-28 00:00:00+00:00,calibration,ACM-2,1,2.878518985061085e-06,2427,0.07826615622232627,1.3366336633663367,0.3612269731232654
n95,2020-05-28 00:00:00+00:00,calibration,ACM-2,3,4.106177932533539e-05,2427,0.07826615622232627,1.3366336633663367,0.3612269731232654
n95,2020-05-28 00:00:00+00:00,calibration,ACM-2,3,4.1051934434654935e-05,2427,0.07826615622232627,1.3366336633663367,0.3612269731232654
n95,2020-05-28 00:00:00+00:00,calibration,ACM-2,1,1.919012820206234e-06,2427,0.07826615622232627,1.3366336633663367,0.3612269731232654
n95,2020-05-28 00:00:00+00:00,calibration,ACM-2,1,6.845998675708564e-05,2427,0.07826615622232627,1.3366336633663367,0.3612269731232654
n95,2020-05-28 00:00:00+00:00,calibration,ACM-2,1,6.822486062829647e-05,2427,0.07826615622232627,1.3366336633663367,0.3612269731232654
n95,2020-05-28 00:00:00+00:00,calibration,ACM-2,1,5.38341330584835e-05,2427,0.07826615622232627,1.3366336633663367,0.3612269731232654
n95,2020-05-28 00:00:00+00:00,calibration,ACM-2,3,4.1064059119022556e-05,2427,0.07826615622232627,1.3366336633663367,0.3612269731232654
n95,2020-05-28 00:00:00+00:00,calibration,ACM-2,3,3.117852114364883e-05,2427,0.07826615622232627,1.3366336633663367,0.3612269731232654
n95,2020-05-28 00:00:00+00:00,calibration,ACM-2,3,4.1791245790845366e-05,2427,0.07826615622232627,1.3366336633663367,0.3612269731232654
n95,2020-05-28 00:00:00+00:00,calibration,ACM-2,3,4.173699465159775e-05,2427,0.07826615622232627,1.3366336633663367,0.3612269731232654
n95,2020-05-28 00:00:00+00:00,calibration,ACM-2,3,3.1109781850502394e-05,2427,0.07826615622232627,1.3366336633663367,0.3612269731232654
n95,2020-05-28 00:00:00+00:00,calibration,ACM-2,3,4.1053452818684555e-05,2427,0.07826615622232627,1.3366336633663367,0.3612269731232654
n95,2020-05-28 00:00:00+00:00,calibration,ACM-2,1,4.4777021227737634e-05,2427,0.07826615622232627,1.3366336633663367,0.3612269731232654
n95,2020-05-28 00:00:00+00:00,calibration,ACM-2,1,4.122556878760619e-05,2427,0.07826615622232627,1.3366336633663367,0.3612269731232654
n95,2020-05-29 00:00:00+00:00,calibration,ACM-2,3,4.255149526860569e-05,2429,0.07822617098301173,1.3366336633663367,0.3612269731232654
n95,2020-05-29 00:00:00+00:00,calibration,ACM-2,3,4.2403390083212145e-05,2429,0.07822617098301173,1.3366336633663367,0.3612269731232654
n95,2020-05-30 00:00:00+00:00,calibration,ACM-2,3,5.582156624539536e-05,2449,0.07784618652297803,1.3366336633663367,0.3612269731232654
n95,2020-05-30 00:00:00+00:00,calibration,ACM-2,1,5.187499632453019e-05,2449,0.07784618652297803,1.3366336633663367,0.3612269731232654
n95,2020-05-30 00:00:00+00:00,calibration,ACM-2,1,5.1468217512118386e-05,2449,0.07784618652297803,1.3366336633663367,0.3612269731232654
n95,2020-05-30 00:00:00+00:00,calibration,ACM-2,1,6.506597112654333e-06,2449,0.07784618652297803,1.3366336633663367,0.3612269731232654
n95,2020-05-30 00:00:00+00:00,calibration,ACM-2,1,1.5509727515627958e-06,2449,0.07784618652297803,1.3366336633663367,0.3612269731232654
n95,2020-05-30 00:00:00+00:00,calibration,ACM-2,1,1.2141774840657149e-05,2449,0.07784618652297803,1.3366336633663367,0.3612269731232654
n95,2020-05-30 00:00:00+00:00,calibration,ACM-2,1,1.3483834787608728e-05,2449,0.07784618652297803,1.3366336633663367,0.3612269731232654
n95,2020-05-30 00:00:00+00:00,calibration,ACM-2,1,4.398806455174764e-05,2449,0.07784618652297803,1.3366336633663367,0.3612269731232654
n95,2020-05-30 00:00:00+00:00,calibration,ACM-2,1,3.6272705216333634e-05,2449,0.07784618652297803,1.3366336633663367,0.3612269731232654
n95,2020-05-31 00:00:00+00:00,calibration,ACM-2,3,1.1124743838575313e-05,2451,0.07780322377550158,1.3366336633663367,0.3612269731232654
n95,2020-06-02 00:00:00+00:00,calibration,ACM-2,3,3.7745641060182855e-05,2452,0.0777662801973679,1.3366336633663367,0.3612269731232654
n95,2020-06-02 00:00:00+00:00,calibration,ACM-2,3,4.0743248641006424e-05,2452,0.0777662801973679,1.3366336633663367,0.3612269731232654
n95,2020-06-04 00:00:00+00:00,calibration,ACM-2,3,4.226352326663907e-05,2452,0.0777662801973679,1.3366336633663367,0.3612269731232654
n95,2020-06-05 00:00:00+00:00,calibration,ACM-2,3,4.265473906905903e-05,2464,0.07764396159597863,1.3366336633663365,0.36122697312326535
n95,2020-06-10 00:00:00+00:00,calibration,ACM-2,3,1.4349087478326972e-05,2484,0.0773910489107969,1.3366336633663367,0.3612269731232654
n95,2020-06-19 00:00:00+00:00,calibration,ACM-2,3,4.045159919763286e-05,2544,0.07646067099555934,1.3366336633663367,0.3612269731232654
n95,2020-06-22 00:00:00+00:00,calibration,ACM-2,3,3.99359690158585e-05,2548,0.07643669066603705,1.3366336633663367,0.3612269731232654
n95,2020-06-23 00:00:00+00:00,calibration,ACM-2,3,3.080059152854586e-05,2548,0.07643669066603705,1.3366336633663367,0.3612269731232654
n95,2020-06-23 00:00:00+00:00,calibration,ACM-2,3,3.101992337323223e-05,2548,0.07643669066603705,1.3366336633663367,0.3612269731232654
n95,2020-06-25 00:00:00+00:00,calibration,ACM-2,3,4.438773114934236e-05,2551,0.07639517481770264,1.3366336633663367,0.3612269731232654
n95,2020-06-25 00:00:00+00:00,calibration,ACM-2,3,2.9541990231030102e-05,2551,0.07639517481770264,1.3366336633663367,0.3612269731232654
n95,2020-07-08 00:00:00+00:00,validation,ACM-2,3,4.7767306921631114e-05,2458,0.0776247472414217,1.3366336633663365,0.36122697312326535
n95,2020-07-21 00:00:00+00:00,validation,ACM-2,3,6.142776976986175e-05,1483,0.10116095085596143,1.3366336633663367,0.3612269731232654
n95,2020-07-29 01:25:02.054000+00:00,validation,ACM-2,4,1.772508735670142e-05,828,0.13558341301179822,1.3366336633663367,0.3612269731232654
n95,2020-07-29 01:25:05.569000+00:00,validation,ACM-2,1,5.7025846459390905e-06,828,0.13558341301179822,1.3366336633663367,0.3612269731232654
n95,2020-07-29 01:25:10.323000+00:00,validation,ACM-2,2,2.5187805549942155e-05,828,0.13558341301179822,1.3366336633663367,0.3612269731232654
n95,2020-08-09 17:40:00.001000+00:00,validation,ACM-2,4,1.1503001724567918e-05,701,0.14667431152715138,1.3366336633663367,0.3612269731232654
n95,2020-09-17 14:49:15.387000+00:00,validation,ACM-2,5,1.937981304767078e-05,165,0.28896620750337565,1.336633663366337,0.36122697312326546
n95,2020-09-29 20:29:37.026000+00:00,validation,ACM-2,4,3.7346996343223804e-05,127,0.32408520930390217,1.336633663366337,0.36122697312326546
n95,2020-09-29 20:30:29.173000+00:00,validation,ACM-2,4,1.9522972783209136e-05,127,0.32408520930390217,1.336633663366337,0.36122697312326546
n95,2020-09-29 20:31:16.085000+00:00,validation,ACM-2,2,7.216817652039298e-05,127,0.32408520930390217,1.336633663366337,0.36122697312326546
n95,2020-09-29 20:36:42.596000+00:00,validation,ACM-2,4,1.483668152280071e-05,127,0.32408520930390217,1.336633663366337,0.36122697312326546
n95,2020-09-29 20:38:04.726000+00:00,validation,ACM-2,2,1.4428463567583982e-05,127,0.32408520930390217,1.336633663366337,0.36122697312326546
n95,2020-09-29 20:53:56.482000+00:00,validation,ACM-2,3,1.9761707165694142e-05,127,0.32408520930390217,1.336633663366337,0.36122697312326546
n95,2020-09-29 21:08:09.906000+00:00,validation,ACM-2,3,1.4263439328365823e-05,127,0.32408520930390217,1.336633663366337,0.36122697312326546
n95,2020-09-29 21:09:49.881000+00:00,validation,ACM-2,2,1.4427517450510408e-05,127,0.32408520930390217,1.336633663366337,0.36122697312326546
n95,2020-09-29 21:23:06.803000+00:00,validation,ACM-2,2,8.656016615488094e-05,127,0.32408520930390217,1.336633663366337,0.36122697312326546
n95,2020-09-29 21:42:25.341000+00:00,validation,ACM-2,3,2.8660698316473887e-05,127,0.32408520930390217,1.336633663366337,0.36122697312326546
n95,2020-09-29 22:15:57.843000+00:00,validation,ACM-2,5,1.9048878309724238e-05,127,0.32408520930390217,1.336633663366337,0.36122697312326546
n95,2020-10-06 05:38:05.418000+00:00,validation,ACM-2,5,1.9827004565264872e-05,121,0.33277555482726195,1.336633663366337,0.36122697312326546
n95,2020-11-25 01:20:47.032000+00:00,validation,ACM-2,5,9.64427057126016e-05,72,0.46294480589696524,1.3366336633663367,0.3612269731232654
n95,2020-11-25 01:23:40.217000+00:00,validation,ACM-2,1,2.000560290557618e-05,72,0.46294480589696524,1.3366336633663367,0.3612269731232654
n95,2020-11-25 01:24:35.287000+00:00,validation,ACM-2,1,3.319641835641818e-06,72,0.46294480589696524,1.3366336633663367,0.3612269731232654
n95,2020-11-25 01:25:34.362000+00:00,validation,ACM-2,1,6.24762074324936e-07,72,0.46294480589696524,1.3366336633663367,0.3612269731232654
n95,2020-11-25 01:27:43.049000+00:00,validation,ACM-2,1,1.0886222123751566e-07,72,0.46294480589696524,1.3366336633663367,0.3612269731232654
n95,2020-11-25 01:28:07.488000+00:00,validation,ACM-2,1,1.979954403208417e-08,72,0.46294480589696524,1.3366336633663367,0.3612269731232654
n95,2020-11-25 01:28:52.014000+00:00,validation,ACM-2,1,3.5075758131331014e-09,72,0.46294480589696524,1.3366336633663367,0.3612269731232654
n95,2020-11-25 01:36:47.434000+00:00,validation,ACM-2,1,6.305007071993884e-10,72,0.46294480589696524,1.3366336633663367,0.3612269731232654
n95,2020-11-25 01:37:14.960000+00:00,validation,ACM-2,1,1.123379722578477e-10,72,0.46294480589696524,1.3366336633663367,0.3612269731232654
n95,2020-11-25 01:47:05.219000+00:00,validation,ACM-2,1,2.0119017563047237e-11,72,0.46294480589696524,1.3366336633663367,0.3612269731232654
n95,2020-11-25 01:47:33.196000+00:00,validation,ACM-2,1,3.593236819199319e-12,72,0.46294480589696524,1.3366336633663367,0.3612269731232654
n95,2020-11-25 01:47:58.953000+00:00,validation,ACM-2,1,6.430689314385063e-13,72,0.46294480589696524,1.3366336633663367,0.3612269731232654
n95,2020-11-25 01:51:36.992000+00:00,validation,ACM-2,1,1.1507461650239748e-13,72,0.46294480589696524,1.3366336633663367,0.3612269731232654
n95,2020-12-18 04:49:22.924000+00:00,validation,ACM-2,6,4.542658483366879e-05,71,0.47702863230963605,1.3366336633663367,0.3612269731232654
n95,2020-12-18 04:50:14.353000+00:00,validation,ACM-2,4,2.657934236030557e-05,71,0.47702863230963605,1.3366336633663367,0.3612269731232654
n95,2021-01-13 15:06:58.314000+00:00,test,ACM-2,5,3.736957359612436e-05,101,0.37913603036574317,1.3366336633663367,0.3612269731232654
n95,2021-01-13 15:08:15.321000+00:00,test,ACM-2,3,9.387480767664158e-05,101,0.37913603036574317,1.3366336633663367,0.3612269731232654
n95,2021-01-13 15:09:57.742000+00:00,test,ACM-2,3,9.669165003417524e-05,101,0.37913603036574317,1.3366336633663367,0.3612269731232654
n95,2021-01-13 15:10:36.173000+00:00,test,ACM-2,3,7.096204391460192e-05,101,0.37913603036574317,1.3366336633663367,0.3612269731232654
n95,2021-01-18 21:56:33.211000+00:00,test,ACM-2,5,7.771047317139956e-06,148,0.32616668137141946,1.3366336633663367,0.3612269731232654
n95,2021-02-24 07:33:27.950000+00:00,test,ACM-2,5,2.446037180880989e-05,152,0.3164289534624213,1.3366336633663367,0.3612269731232654
n95,2021-02-25 19:26:49.047000+00:00,test,ACM-2,4,8.935108251200904e-05,153,0.3154788337627366,1.3366336633663367,0.3612269731232654
n95,2021-03-02 19:09:23.329000+00:00,test,ACM-2,5,1.4102694400608407e-05,151,0.3157528747507885,1.3366336633663367,0.3612269731232654
n95,2021-03-02 19:46:07.690000+00:00,test,ACM-2,3,6.469694079469512e-05,150,0.3169997536216036,1.3366336633663367,0.3612269731232654
n95,2021-03-26 15:22:09.733000+00:00,test,ACM-2,4,6.499842374069198e-05,187,0.2751955976920492,1.3366336633663367,0.3612269731232654
n95,2021-04-22 19:21:48.925000+00:00,test,ACM-2,5,4.6394983334308026e-05,163,0.28645806028143983,1.3366336633663367,0.3612269731232654
n95,2021-05-04 17:00:41.851000+00:00,test,ACM-2,5,6.190131620137374e-05,165,0.2861518978123229,1.3366336633663365,0.36122697312326535
n95,2021-05-12 21:21:12.575000+00:00,test,ACM-2,4,7.3410841101573254e-06,162,0.2866903232061346,1.336633663366337,0.36122697312326546
surgical_mask,2020-04-05 00:00:00+00:00,calibration,ACM-2,7,4.492834639552301e-05,15,0.8508551887756239,1.3366336633663367,0.3612269731232654
surgical_mask,2020-04-24 00:00:00+00:00,calibration,ACM-2,4,2.8563243870682875e-06,1279,0.10843577404378572,1.3366336633663365,0.36122697312326535
surgical_mask,2020-04-24 00:00:00+00:00,calibration,ACM-2,1,7.251555989018499e-08,1279,0.10843577404378572,1.3366336633663365,0.36122697312326535
surgical_mask,2020-04-25 00:00:00+00:00,calibration,ACM-2,3,7.528648050331155e-05,1397,0.10236979491758842,1.3366336633663367,0.3612269731232654
surgical_mask,2020-04-25 00:00:00+00:00,calibration,ACM-2,2,3.7978429445306716e-05,1397,0.10236979491758842,1.3366336633663367,0.3612269731232654
surgical_mask,2020-04-26 00:00:00+00:00,calibration,ACM-2,3,3.750659381207555e-05,1475,0.09951375890088128,1.3366336633663367,0.3612269731232654
surgical_mask,2020-04-27 00:00:00+00:00,calibration,ACM-2,3,5.030297406094508e-05,1538,0.09739410938738742,1.3366336633663367,0.3612269731232654
surgical_mask,2020-04-27 00:00:00+00:00,calibration,ACM-2,3,9.665359029611444e-05,1538,0.09739410938738742,1.3366336633663367,0.3612269731232654
surgical_mask,2020-04-27 00:00:00+00:00,calibration,ACM-2,3,4.610502341517719e-05,1538,0.09739410938738742,1.3366336633663367,0.3612269731232654
surgical_mask,2020-04-27 00:00:00+00:00,calibration,ACM-2,3,7.263401063267727e-05,1538,0.09739410938738742,1.3366336633663367,0.3612269731232654
surgical_mask,2020-04-27 00:00:00+00:00,calibration,ACM-2,3,3.43113941101425e-05,1538,0.09739410938738742,1.3366336633663367,0.3612269731232654
surgical_mask,2020-04-29 00:00:00+00:00,calibration,ACM-2,3,5.614256138597451e-05,1696,0.09282611528344414,1.336633663366337,0.36122697312326546
surgical_mask,2020-05-06 00:00:00+00:00,calibration,ACM-2,3,5.940737644616334e-05,1893,0.08822073555830891,1.3366336633663367,0.3612269731232654
surgical_mask,2020-05-08 00:00:00+00:00,calibration,ACM-2,3,3.754782793180533e-05,1900,0.08799283238794631,1.3366336633663367,0.3612269731232654
surgical_mask,2020-05-29 00:00:00+00:00,calibration,ACM-2,3,6.105797748501285e-05,1921,0.08757554539721733,1.3366336633663367,0.3612269731232654
surgical_mask,2020-05-29 00:00:00+00:00,calibration,ACM-2,1,2.120433336583183e-05,1921,0.08757554539721733,1.3366336633663367,0.3612269731232654
surgical_mask,2020-06-02 00:00:00+00:00,calibration,ACM-2,3,2.355365353134964e-05,1936,0.08730276824978782,1.3366336633663365,0.36122697312326535
surgical_mask,2020-06-02 00:00:00+00:00,calibration,ACM-2,1,6.301092725680135e-05,1936,0.08730276824978782,1.3366336633663365,0.36122697312326535
surgical_mask,2020-06-02 00:00:00+00:00,calibration,ACM-2,1,7.033309494386408e-05,1936,0.08730276824978782,1.3366336633663365,0.36122697312326535
surgical_mask,2020-06-02 00:00:00+00:00,calibration,ACM-2,3,4.051766258078571e-05,1936,0.08730276824978782,1.3366336633663365,0.36122697312326535
surgical_mask,2020-06-03 00:00:00+00:00,calibration,ACM-2,3,3.283180981705769e-05,1936,0.08730276824978782,1.3366336633663365,0.36122697312326535
surgical_mask,2020-06-03 00:00:00+00:00,calibration,ACM-2,3,3.684842323792292e-05,1936,0.08730276824978782,1.3366336633663365,0.36122697312326535
surgical_mask,2020-06-05 00:00:00+00:00,calibration,ACM-2,3,6.792587938930783e-05,1952,0.08705686290636135,1.3366336633663367,0.3612269731232654
surgical_mask,2020-06-09 00:00:00+00:00,calibration,ACM-2,3,2.1626911096750412e-05,1972,0.08661661521912162,1.3366336633663367,0.3612269731232654
surgical_mask,2020-06-11 00:00:00+00:00,calibration,ACM-2,3,1.8860768893014246e-05,1996,0.08616477228284339,1.3366336633663367,0.3612269731232654
surgical_mask,2020-06-11 00:00:00+00:00,calibration,ACM-2,1,6.810116859479187e-05,1996,0.08616477228284339,1.3366336633663367,0.3612269731232654
surgical_mask,2020-06-11 00:00:00+00:00,calibration,ACM-2,1,4.826202937602275e-05,1996,0.08616477228284339,1.3366336633663367,0.3612269731232654
surgical_mask,2020-06-12 00:00:00+00:00,calibration,ACM-2,3,1.837495288881108e-05,2005,0.08584384063424895,1.336633663366337,0.36122697312326546
surgical_mask,2020-06-13 00:00:00+00:00,calibration,ACM-2,3,4.3490125136658175e-05,2009,0.08564562525460372,1.3366336633663367,0.3612269731232654
surgical_mask,2020-06-15 00:00:00+00:00,calibration,ACM-2,3,3.846067994506264e-05,2012,0.08558276336010097,1.3366336633663367,0.3612269731232654
surgical_mask,2020-06-15 00:00:00+00:00,calibration,ACM-2,3,3.642509886281342e-05,2012,0.08558276336010097,1.3366336633663367,0.3612269731232654
surgical_mask,2020-06-15 00:00:00+00:00,calibration,ACM-2,1,3.89199689876385e-06,2012,0.08558276336010097,1.3366336633663367,0.3612269731232654
surgical_mask,2020-06-23 00:00:00+00:00,calibration,ACM-2,3,5.352160784322102e-05,2050,0.08498049707886648,1.3366336633663367,0.3612269731232654
surgical_mask,2020-06-24 00:00:00+00:00,calibration,ACM-2,3,4.467382562028943e-05,2054,0.08487591245315618,1.3366336633663367,0.3612269731232654
surgical_mask,2020-06-25 00:00:00+00:00,calibration,ACM-2,3,4.664116740149549e-05,2058,0.08485490541634401,1.3366336633663367,0.3612269731232654
surgical_mask,2020-06-25 00:00:00+00:00,calibration,ACM-2,3,3.639374072522683e-05,2058,0.08485490541634401,1.3366336633663367,0.3612269731232654
surgical_mask,2020-07-07 00:00:00+00:00,validation,ACM-2,3,5.455503397427952e-05,2041,0.08491230631208634,1.3366336633663367,0.3612269731232654
surgical_mask,2020-07-07 00:00:00+00:00,validation,ACM-2,3,3.687911633487584e-05,2041,0.08491230631208634,1.3366336633663367,0.3612269731232654
surgical_mask,2020-07-10 00:00:00+00:00,validation,ACM-2,3,5.480265973178966e-05,1849,0.08916136383684008,1.336633663366337,0.36122697312326546
surgical_mask,2020-07-13 00:00:00+00:00,validation,ACM-2,3,6.703450441958303e-05,1693,0.09402613960212104,1.336633663366337,0.36122697312326546
surgical_mask,2020-07-29 01:25:02.054000+00:00,validation,ACM-2,4,1.973336240297663e-05,625,0.1531088263726708,1.3366336633663365,0.36122697312326535
surgical_mask,2020-08-04 03:58:56.007000+00:00,validation,ACM-2,3,8.244919608541013e-05,520,0.16840952512941748,1.336633663366337,0.36122697312326546
surgical_mask,2020-08-09 17:40:00.001000+00:00,validation,ACM-2,4,1.785954946398067e-05,518,0.16801948403325567,1.3366336633663367,0.3612269731232654
surgical_mask,2020-10-05 20:57:26.215000+00:00,validation,ACM-2,6,2.0336530388020968e-05,70,0.44761909413795364,1.3366336633663367,0.3612269731232654
surgical_mask,2020-10-05 21:04:13.973000+00:00,validation,ACM-2,3,7.287381932208348e-05,70,0.44761909413795364,1.3366336633663367,0.3612269731232654
surgical_mask,2020-10-06 05:38:05.418000+00:00,validation,ACM-2,5,6.929407016623146e-05,71,0.44645645532598194,1.3366336633663367,0.3612269731232654
surgical_mask,2020-12-02 21:25:06.171000+00:00,validation,ACM-2,7,3.587068433402729e-05,37,0.6395790756484364,1.3366336633663367,0.3612269731232654
surgical_mask,2020-12-03 18:19:01.251000+00:00,validation,ACM-2,5,9.665799606761727e-05,36,0.6427106636498126,1.3366336633663367,0.3612269731232654
surgical_mask,2020-12-18 04:45:07.644000+00:00,validation,ACM-2,6,6.270357747201194e-05,39,0.6181768825206587,1.3366336633663367,0.3612269731232654
surgical_mask,2020-12-18 04:49:22.924000+00:00,validation,ACM-2,3,6.339957929990536e-05,39,0.6181768825206587,1.3366336633663367,0.3612269731232654
surgical_mask,2020-12-18 04:49:46.143000+00:00,validation,ACM-2,3,6.376855916506718e-05,39,0.6181768825206587,1.3366336633663367,0.3612269731232654
surgical_mask,2021-01-04 17:17:46.908000+00:00,test,ACM-2,5,8.682954236566287e-05,39,0.618142174677853,1.3366336633663367,0.3612269731232654
surgical_mask,2021-01-04 17:18:07.925000+00:00,test,ACM-2,4,1.785228575174047e-05,39,0.618142174677853,1.3366336633663367,0.3612269731232654
surgical_mask,2021-01-04 17:18:58.990000+00:00,test,ACM-2,4,3.5687455998467676e-05,39,0.618142174677853,1.3366336633663367,0.3612269731232654
surgical_mask,2021-02-20 01:30:55.858000+00:00,test,ACM-2,5,2.4181239774767604e-05,117,0.3529444716373312,1.3366336633663367,0.3612269731232654
surgical_mask,2021-02-23 03:43:14.625000+00:00,test,ACM-2,6,3.288717574256861e-05,115,0.3551081324174576,1.3366336633663367,0.3612269731232654
surgical_mask,2021-02-25 19:43:25.318000+00:00,test,ACM-2,6,2.5102438955149076e-05,115,0.3547500525172001,1.3366336633663365,0.36122697312326535
surgical_mask,2021-02-25 19:44:34.146000+00:00,test,ACM-2,3,7.373358962392551e-06,115,0.3547500525172001,1.3366336633663365,0.36122697312326535
surgical_mask,2021-03-03 00:17:03.836000+00:00,test,ACM-2,4,4.77391232779345e-05,113,0.35505471840689706,1.3366336633663367,0.3612269731232654
surgical_mask,2021-03-06 00:53:36.189000+00:00,test,ACM-2,5,9.956647637826554e-05,110,0.3575321765256902,1.3366336633663367,0.3612269731232654
surgical_mask,2021-03-13 00:57:01.328000+00:00,test,ACM-2,5,8.061775287734885e-05,144,0.32341326463249254,1.3366336633663367,0.3612269731232654
surgical_mask,2021-03-13 00:57:01.522000+00:00,test,ACM-2,2,5.120375455347492e-05,144,0.32341326463249254,1.3366336633663367,0.3612269731232654
surgical_mask,2021-03-13 00:57:02.628000+00:00,test,ACM-2,4,1.7108409083033127e-05,144,0.32341326463249254,1.3366336633663367,0.3612269731232654
surgical_mask,2021-03-25 17:44:56.969000+00:00,test,ACM-2,5,1.0916467953078768e-05,160,0.3056059804490396,1.336633663366337,0.36122697312326546
surgical_mask,2021-03-27 01:56:52.370000+00:00,test,ACM-2,4,8.654211532749256e-05,160,0.3056059804490396,1.336633663366337,0.36122697312326546
surgical_mask,2021-03-27 01:57:08.193000+00:00,test,ACM-2,3,1.124836603805246e-05,160,0.3056059804490396,1.336633663366337,0.36122697312326546
surgical_mask,2021-03-27 01:57:21.410000+00:00,test,ACM-2,3,9.414242648614346e-05,160,0.3056059804490396,1.336633663366337,0.36122697312326546
surgical_mask,2021-05-20 23:26:36.764000+00:00,test,ACM-2,6,1.580810549539624e-05,149,0.2992442579122084,1.3366336633663367,0.3612269731232654
surgical_mask,2021-05-26 19:37:53.885000+00:00,test,ACM-2,5,1.4469699156249849e-05,153,0.2963056180968628,1.336633663366337,0.36122697312326546
surgical_mask,2021-05-26 19:44:19.530000+00:00,test,ACM-2,3,4.667818509940247e-05,153,0.2963056180968628,1.336633663366337,0.36122697312326546
surgical_mask,2021-06-23 17:12:28.594000+00:00,test,ACM-2,5,3.622800567065765e-05,103,0.3655449414629501,1.3366336633663367,0.3612269731232654
surgical_mask,2021-06-27 20:57:23.453000+00:00,test,ACM-2,5,8.362057203575857e-05,103,0.3655449414629501,1.3366336633663367,0.3612269731232654
surgical_mask,2021-06-27 20:57:23.819000+00:00,test,ACM-2,4,9.839332206384999e-06,103,0.3655449414629501,1.3366336633663367,0.3612269731232654
surgical_mask,2021-06-27 20:57:24.427000+00:00,test,ACM-2,4,1.9286505041016255e-05,103,0.3655449414629501,1.3366336633663367,0.3612269731232654
surgical_mask,2021-07-09 00:18:56.401000+00:00,test,ACM-2,5,2.316796873719218e-05,84,0.4085648123792969,1.3366336633663367,0.3612269731232654
surgical_mask,2021-07-12 01:19:52.831000+00:00,test,ACM-2,5,3.563241500482983e-05,69,0.45303176015164875,1.3366336633663367,0.3612269731232654
face_shield,2020-04-24 00:00:00+00:00,calibration,ACM-2,4,1.4236110880527786e-05,1359,0.10495029697756011,1.3366336633663367,0.3612269731232654
face_shield,2020-04-25 00:00:00+00:00,calibration,ACM-2,3,3.8820358389424214e-05,1472,0.09970845240692561,1.3366336633663367,0.3612269731232654
face_shield,2020-05-01 00:00:00+00:00,calibration,ACM-2,3,5.445775574475231e-05,1913,0.08770352640884771,1.3366336633663367,0.3612269731232654
face_shield,2020-05-03 00:00:00+00:00,calibration,ACM-2,3,6.011080453666162e-05,1953,0.08691112139144117,1.3366336633663367,0.3612269731232654
face_shield,2020-05-06 00:00:00+00:00,calibration,ACM-2,3,8.073398730125414e-05,1957,0.08679052569010247,1.3366336633663367,0.3612269731232654
face_shield,2020-05-15 00:00:00+00:00,calibration,ACM-2,3,1.9977523155412236e-05,1971,0.08642900581513861,1.3366336633663365,0.36122697312326535
face_shield,2020-05-15 00:00:00+00:00,calibration,ACM-2,3,3.4857977992297506e-05,1971,0.08642900581513861,1.3366336633663365,0.36122697312326535
face_shield,2020-05-19 00:00:00+00:00,calibration,ACM-2,3,5.335592979233139e-05,1976,0.0863896698816527,1.3366336633663367,0.3612269731232654
face_shield,2020-05-19 00:00:00+00:00,calibration,ACM-2,3,6.351263615819724e-05,1976,0.0863896698816527,1.3366336633663367,0.3612269731232654
face_shield,2020-05-20 00:00:00+00:00,calibration,ACM-2,3,8.05482346094566e-06,1976,0.0863896698816527,1.3366336633663367,0.3612269731232654
face_shield,2020-05-22 00:00:00+00:00,calibration,ACM-2,3,4.868164581417478e-05,1978,0.08637726597595773,1.3366336633663367,0.3612269731232654
face_shield,2020-05-22 00:00:00+00:00,calibration,ACM-2,3,5.8390338623467986e-05,1978,0.08637726597595773,1.3366336633663367,0.3612269731232654
face_shield,2020-05-25 00:00:00+00:00,calibration,ACM-2,3,4.734731926669955e-05,1981,0.08631196334014295,1.3366336633663367,0.3612269731232654
face_shield,2020-05-30 00:00:00+00:00,calibration,ACM-2,3,5.77034432663881e-05,1998,0.0859524085330353,1.336633663366337,0.36122697312326546
face_shield,2020-06-04 00:00:00+00:00,calibration,ACM-2,3,5.3700825200952984e-05,2000,0.08594331998691876,1.3366336633663367,0.3612269731232654
face_shield,2020-06-08 00:00:00+00:00,calibration,ACM-2,3,5.003156313021506e-05,2015,0.08567099594295603,1.3366336633663367,0.3612269731232654
face_shield,2020-06-08 00:00:00+00:00,calibration,ACM-2,3,3.740038721994354e-05,2015,0.08567099594295603,1.3366336633663367,0.3612269731232654
face_shield,2020-06-08 00:00:00+00:00,calibration,ACM-2,3,4.9494610391997984e-05,2015,0.08567099594295603,1.3366336633663367,0.3612269731232654
face_shield,2020-06-08 00:00:00+00:00,calibration,ACM-2,3,4.863100853275126e-05,2015,0.08567099594295603,1.3366336633663367,0.3612269731232654
face_shield,2020-06-08 00:00:00+00:00,calibration,ACM-2,3,3.738167999289832e-05,2015,0.08567099594295603,1.3366336633663367,0.3612269731232654
face_shield,2020-06-08 00:00:00+00:00,calibration,ACM-2,3,3.759237407080507e-05,2015,0.08567099594295603,1.3366336633663367,0.3612269731232654
face_shield,2020-06-08 00:00:00+00:00,calibration,ACM-2,3,4.929577728696177e-05,2015,0.08567099594295603,1.3366336633663367,0.3612269731232654
face_shield,2020-06-09 00:00:00+00:00,calibration,ACM-2,3,5.7913265203879405e-05,2021,0.08546168161030339,1.3366336633663367,0.3612269731232654
face_shield,2020-06-09 00:00:00+00:00,calibration,ACM-2,1,1.979020472153703e-05,2021,0.08546168161030339,1.3366336633663367,0.3612269731232654
face_shield,2020-06-09 00:00:00+00:00,calibration,ACM-2,1,1.9619839692897045e-05,2021,0.08546168161030339,1.3366336633663367,0.3612269731232654
face_shield,2020-06-09 00:00:00+00:00,calibration,ACM-2,3,3.720775011223365e-05,2021,0.08546168161030339,1.3366336633663367,0.3612269731232654
face_shield,2020-06-12 00:00:00+00:00,calibration,ACM-2,3,5.4006178577314934e-05,2041,0.08508683157577497,1.3366336633663367,0.3612269731232654
face_shield,2020-06-12 00:00:00+00:00,calibration,ACM-2,3,3.5993210558527e-05,2041,0.08508683157577497,1.3366336633663367,0.3612269731232654
face_shield,2020-06-13 00:00:00+00:00,calibration,ACM-2,3,5.993959998906728e-05,2041,0.08508683157577497,1.3366336633663367,0.3612269731232654
face_shield,2020-06-13 00:00:00+00:00,calibration,ACM-2,3,3.6630323424269307e-05,2041,0.08508683157577497,1.3366336633663367,0.3612269731232654
face_shield,2020-06-13 00:00:00+00:00,calibration,ACM-2,3,3.6622249465601e-05,2041,0.08508683157577497,1.3366336633663367,0.3612269731232654
face_shield,2020-06-13 00:00:00+00:00,calibration,ACM-2,1,4.27295060165811e-05,2041,0.08508683157577497,1.3366336633663367,0.3612269731232654
face_shield,2020-06-15 00:00:00+00:00,calibration,ACM-2,3,5.4998755135815536e-05,2044,0.08502444244592101,1.3366336633663365,0.36122697312326535
face_shield,2020-06-15 00:00:00+00:00,calibration,ACM-2,3,3.594317031280214e-05,2044,0.08502444244592101,1.3366336633663365,0.36122697312326535
face_shield,2020-06-17 00:00:00+00:00,calibration,ACM-2,3,4.5759895796360084e-05,2058,0.08476150928490095,1.3366336633663367,0.3612269731232654
face_shield,2020-06-17 00:00:00+00:00,calibration,ACM-2,3,4.50505240747745e-05,2058,0.08476150928490095,1.3366336633663367,0.3612269731232654
face_shield,2020-06-17 00:00:00+00:00,calibration,ACM-2,3,4.518165529007745e-05,2058,0.08476150928490095,1.3366336633663367,0.3612269731232654
face_shield,2020-06-17 00:00:00+00:00,calibration,ACM-2,3,2.2656561017408983e-05,2058,0.08476150928490095,1.3366336633663367,0.3612269731232654
face_shield,2020-06-17 00:00:00+00:00,calibration,ACM-2,3,3.179692369753573e-05,2058,0.08476150928490095,1.3366336633663367,0.3612269731232654
face_shield,2020-06-19 00:00:00+00:00,calibration,ACM-2,3,6.070429730087312e-05,2065,0.08463510713962567,1.3366336633663367,0.3612269731232654
face_shield,2020-06-22 00:00:00+00:00,calibration,ACM-2,3,4.8345449814524155e-05,2070,0.08459302607214397,1.3366336633663367,0.3612269731232654
face_shield,2020-06-22 00:00:00+00:00,calibration,ACM-2,3,4.959258648540299e-05,2070,0.08459302607214397,1.3366336633663367,0.3612269731232654
face_shield,2020-06-22 00:00:00+00:00,calibration,ACM-2,3,4.810538488919658e-05,2070,0.08459302607214397,1.3366336633663367,0.3612269731232654
face_shield,2020-06-22 00:00:00+00:00,calibration,ACM-2,3,4.8096596005020587e-05,2070,0.08459302607214397,1.3366336633663367,0.3612269731232654
face_shield,2020-06-23 00:00:00+00:00,calibration,ACM-2,3,5.000723107173588e-05,2072,0.08453732486351503,1.3366336633663367,0.3612269731232654
face_shield,2020-06-23 00:00:00+00:00,calibration,ACM-2,3,3.6130337724371575e-05,2072,0.08453732486351503,1.3366336633663367,0.3612269731232654
face_shield,2020-06-23 00:00:00+00:00,calibration,ACM-2,3,5.013681230536804e-05,2072,0.08453732486351503,1.3366336633663367,0.3612269731232654
face_shield,2020-06-24 00:00:00+00:00,calibration,ACM-2,3,5.716738615985095e-05,2073,0.08453428363251592,1.3366336633663367,0.3612269731232654
face_shield,2020-06-24 00:00:00+00:00,calibration,ACM-2,3,4.9985387665874015e-05,2073,0.08453428363251592,1.3366336633663367,0.3612269731232654
face_shield,2020-06-29 00:00:00+00:00,calibration,ACM-2,3,4.348524466701864e-05,2078,0.0844571509804566,1.3366336633663367,0.3612269731232654
face_shield,2020-06-29 00:00:00+00:00,calibration,ACM-2,3,3.423560436188744e-05,2078,0.0844571509804566,1.3366336633663367,0.3612269731232654
face_shield,2020-06-29 00:00:00+00:00,calibration,ACM-2,2,1.1071969516662783e-05,2078,0.0844571509804566,1.3366336633663367,0.3612269731232654
face_shield,2020-07-02 00:00:00+00:00,validation,ACM-2,3,6.0627046571948284e-05,2081,0.08435556538018364,1.3366336633663367,0.3612269731232654
face_shield,2020-07-02 00:00:00+00:00,validation,ACM-2,1,3.08869263840883e-05,2081,0.08435556538018364,1.3366336633663367,0.3612269731232654
face_shield,2020-07-07 00:00:00+00:00,validation,ACM-2,3,5.344828613057517e-05,2003,0.08569762949442049,1.3366336633663365,0.36122697312326535
face_shield,2020-07-07 00:00:00+00:00,validation,ACM-2,3,4.846211909237397e-05,2003,0.08569762949442049,1.3366336633663365,0.36122697312326535
face_shield,2020-07-09 00:00:00+00:00,validation,ACM-2,3,5.6811045496041324e-05,1871,0.08846472108534878,1.3366336633663367,0.3612269731232654
face_shield,2020-07-10 00:00:00+00:00,validation,ACM-2,3,6.670176803180716e-05,1800,0.0901369288060901,1.3366336633663367,0.3612269731232654
face_shield,2020-07-23 16:32:46.736000+00:00,validation,ACM-2,4,3.599528114739403e-06,896,0.12775934527433933,1.3366336633663367,0.3612269731232654
face_shield,2020-07-23 16:34:27.720000+00:00,validation,ACM-2,3,1.470702709616134e-06,896,0.12775934527433933,1.3366336633663367,0.3612269731232654
face_shield,2020-07-29 01:25:01.976000+00:00,validation,ACM-2,4,4.313604778038993e-06,571,0.162420128454806,1.3366336633663367,0.3612269731232654
face_shield,2020-07-29 01:25:05.686000+00:00,validation,ACM-2,2,5.732197401503436e-05,571,0.162420128454806,1.3366336633663367,0.3612269731232654
face_shield,2020-07-29 01:25:08.069000+00:00,validation,ACM-2,3,2.0983852388578583e-05,571,0.162420128454806,1.3366336633663367,0.3612269731232654
face_shield,2020-08-13 18:01:05.597000+00:00,validation,ACM-2,4,2.2605797768998626e-05,459,0.17885248455212138,1.3366336633663367,0.3612269731232654
face_shield,2020-09-03 18:10:25.123000+00:00,validation,ACM-2,4,3.130744944079833e-05,347,0.20487238455349696,1.3366336633663367,0.3612269731232654
face_shield,2020-09-07 20:16:51.816000+00:00,validation,ACM-2,5,1.254012749973138e-05,311,0.2155938320575578,1.3366336633663367,0.3612269731232654
face_shield,2020-09-08 20:07:41.280000+00:00,validation,ACM-2,5,4.647574816440958e-06,277,0.2288257159549429,1.3366336633663365,0.36122697312326535
face_shield,2020-10-06 00:00:00+00:00,validation,ACM-2,5,7.568770172104722e-05,64,0.43369993627858866,1.3366336633663367,0.3612269731232654
face_shield,2020-11-19 04:38:41.026000+00:00,validation,ACM-2,6,4.6485386460126676e-05,37,0.5790271101569946,1.3366336633663367,0.3612269731232654
face_shield,2020-11-25 01:23:40.217000+00:00,validation,ACM-2,8,2.996036469399277e-05,37,0.6097323272768352,1.3366336633663367,0.3612269731232654
face_shield,2020-11-25 01:25:34.362000+00:00,validation,ACM-2,1,8.489603287531455e-06,37,0.6097323272768352,1.3366336633663367,0.3612269731232654
face_shield,2020-11-25 01:28:52.014000+00:00,validation,ACM-2,1,2.4102191273911444e-06,37,0.6097323272768352,1.3366336633663367,0.3612269731232654
face_shield,2020-11-25 02:01:45.250000+00:00,validation,ACM-2,1,6.811604102985314e-07,37,0.6097323272768352,1.3366336633663367,0.3612269731232654
face_shield,2020-11-25 02:09:15.051000+00:00,validation,ACM-2,6,7.640495884919662e-05,37,0.6097323272768352,1.3366336633663367,0.3612269731232654
face_shield,2020-11-25 02:10:49.716000+00:00,validation,ACM-2,5,7.07086386594058e-05,37,0.6097323272768352,1.3366336633663367,0.3612269731232654
face_shield,2020-11-25 02:11:10.940000+00:00,validation,ACM-2,5,6.792641776309782e-05,37,0.6097323272768352,1.3366336633663367,0.3612269731232654
face_shield,2020-11-25 02:11:34.026000+00:00,validation,ACM-2,5,6.516247877647041e-05,37,0.6097323272768352,1.3366336633663367,0.3612269731232654
face_shield,2020-11-25 02:11:56.741000+00:00,validation,ACM-2,6,8.601425561702292e-05,37,0.6097323272768352,1.3366336633663367,0.3612269731232654
face_shield,2020-11-25 02:13:20.123000+00:00,validation,ACM-2,5,6.832014742244596e-05,37,0.6097323272768352,1.3366336633663367,0.3612269731232654
face_shield,2020-11-25 02:13:48.443000+00:00,validation,ACM-2,4,4.483955190981437e-05,37,0.6097323272768352,1.3366336633663367,0.3612269731232654
face_shield,2020-11-25 02:14:26.031000+00:00,validation,ACM-2,4,9.031360835648483e-05,37,0.6097323272768352,1.3366336633663367,0.3612269731232654
face_shield,2020-11-25 02:15:39.009000+00:00,validation,ACM-2,5,3.112703077629009e-05,37,0.6097323272768352,1.3366336633663367,0.3612269731232654
face_shield,2020-11-25 02:16:01.392000+00:00,validation,ACM-2,4,4.50272237121907e-05,37,0.6097323272768352,1.3366336633663367,0.3612269731232654
face_shield,2020-11-25 02:16:16.276000+00:00,validation,ACM-2,4,4.525387067944031e-05,37,0.6097323272768352,1.3366336633663367,0.3612269731232654
face_shield,2020-12-21 17:11:47.071000+00:00,validation,ACM-2,6,3.1833978158313236e-05,48,0.5512812565890953,1.336633663366337,0.36122697312326546
face_shield,2020-12-21 22:31:50.757000+00:00,validation,ACM-2,6,4.353253553812664e-05,48,0.5512812565890953,1.336633663366337,0.36122697312326546
face_shield,2021-02-24 07:33:27.950000+00:00,test,ACM-2,5,8.573945462142518e-05,106,0.35997015852023295,1.3366336633663367,0.3612269731232654
face_shield,2021-03-06 00:39:47.761000+00:00,test,ACM-2,5,2.4429269394304898e-05,100,0.36819085579038696,1.3366336633663367,0.3612269731232654
face_shield,2021-03-06 00:39:48.294000+00:00,test,ACM-2,3,8.263287382265228e-05,100,0.36819085579038696,1.3366336633663367,0.3612269731232654
face_shield,2021-03-17 20:17:25.593000+00:00,test,ACM-2,5,8.92056028950483e-06,127,0.33619330381141316,1.3366336633663367,0.3612269731232654
face_shield,2021-03-20 00:44:48.021000+00:00,test,ACM-2,4,1.4944730591145983e-05,129,0.3349740580897578,1.3366336633663367,0.3612269731232654
face_shield,2021-03-20 00:44:49.315000+00:00,test,ACM-2,4,1.2983662822374509e-05,129,0.3349740580897578,1.3366336633663367,0.3612269731232654
face_shield,2021-03-20 00:44:49.583000+00:00,test,ACM-2,4,2.3063260145561593e-05,129,0.3349740580897578,1.3366336633663367,0.3612269731232654
face_shield,2021-03-20 00:44:49.840000+00:00,test,ACM-2,3,9.064970869476774e-05,129,0.3349740580897578,1.3366336633663367,0.3612269731232654
face_shield,2021-03-20 00:44:50.096000+00:00,test,ACM-2,3,2.736742250436519e-05,129,0.3349740580897578,1.3366336633663367,0.3612269731232654
face_shield,2021-03-20 00:44:50.811000+00:00,test,ACM-2,4,1.1897165551222333e-05,129,0.3349740580897578,1.3366336633663367,0.3612269731232654
face_shield,2021-03-20 00:44:51.324000+00:00,test,ACM-2,3,5.481070228052776e-05,129,0.3349740580897578,1.3366336633663367,0.3612269731232654
face_shield,2021-03-20 00:44:51.680000+00:00,test,ACM-2,3,2.751412348317439e-05,129,0.3349740580897578,1.3366336633663367,0.3612269731232654
face_shield,2021-04-16 20:58:06.922000+00:00,test,ACM-2,5,1.9125628112848236e-05,115,0.3394324495059993,1.3366336633663367,0.3612269731232654
face_shield,2021-04-16 21:00:04.619000+00:00,test,ACM-2,4,4.287044657491634e-06,115,0.3394324495059993,1.3366336633663367,0.3612269731232654
face_shield,2021-04-22 19:21:48.925000+00:00,test,ACM-2,5,5.354400883400556e-05,111,0.3407600263315454,1.3366336633663367,0.3612269731232654
face_shield,2021-04-26 17:19:41.324000+00:00,test,ACM-2,5,4.474661414989589e-05,115,0.33974162962478127,1.3366336633663367,0.3612269731232654
face_shield,2021-04-26 17:19:42.975000+00:00,test,ACM-2,4,8.131916882958556e-05,115,0.33974162962478127,1.3366336633663367,0.3612269731232654
face_shield,2021-04-28 01:28:08.689000+00:00,test,ACM-2,5,1.573158218715065e-05,114,0.3400317678318834,1.3366336633663367,0.3612269731232654
gown,2020-05-23 21:32:00+00:00,calibration,ACM-2,3,8.504673158515885e-05,1969,0.08719476263905726,1.3366336633663367,0.3612269731232654
gown,2020-05-23 21:46:00+00:00,calibration,ACM-2,3,3.923028048041788e-05,1970,0.08714337547421161,1.336633663366337,0.36122697312326546
gown,2020-05-23 21:46:00+00:00,calibration,ACM-2,2,4.01243785574934e-06,1970,0.08714337547421161,1.336633663366337,0.36122697312326546
gown,2020-05-23 21:47:00+00:00,calibration,ACM-2,3,6.310994624225685e-06,1970,0.08714337547421161,1.336633663366337,0.36122697312326546
gown,2020-05-23 21:48:00+00:00,calibration,ACM-2,3,1.2258365401585092e-05,1970,0.08714337547421161,1.336633663366337,0.36122697312326546
gown,2020-05-23 21:53:00+00:00,calibration,ACM-2,3,1.0601194163795125e-05,1970,0.08714337547421161,1.336633663366337,0.36122697312326546
gown,2020-05-26 00:00:00+00:00,calibration,ACM-2,3,4.667978020717056e-05,1971,0.08713945574473224,1.3366336633663367,0.3612269731232654
gown,2020-06-02 00:00:00+00:00,calibration,ACM-2,3,5.915612678486504e-05,1977,0.08696875848251079,1.3366336633663367,0.3612269731232654
gown,2020-06-02 00:00:00+00:00,calibration,ACM-2,3,3.7650309559378314e-05,1977,0.08696875848251079,1.3366336633663367,0.3612269731232654
gown,2020-06-02 00:00:00+00:00,calibration,ACM-2,3,3.853626849942282e-05,1977,0.08696875848251079,1.3366336633663367,0.3612269731232654
gown,2020-08-28 22:37:26.667000+00:00,validation,ACM-2,4,8.042616182100948e-05,343,0.20320420862379718,1.336633663366337,0.36122697312326546
gown,2020-11-09 14:29:20.102000+00:00,validation,ACM-2,6,8.383753624036094e-05,25,0.7415176410228203,1.3366336633663367,0.3612269731232654
gown,2020-11-19 04:38:41.026000+00:00,validation,ACM-2,6,3.4331823314692755e-05,26,0.6953555494751111,1.3366336633663365,0.36122697312326535
gown,2020-11-21 07:06:42.947000+00:00,validation,ACM-2,8,3.0400951210651783e-05,25,0.7228412535467876,1.3366336633663365,0.36122697312326535
gown,2020-11-21 07:13:31.181000+00:00,validation,ACM-2,7,4.621149910830069e-05,26,0.6953555494751513,1.3366336633663367,0.3612269731232654
gown,2020-11-21 07:14:50.397000+00:00,validation,ACM-2,5,5.383249816132141e-05,26,0.6953555494751513,1.3366336633663367,0.3612269731232654
gown,2021-01-18 21:56:33.211000+00:00,test,ACM-2,5,8.539110108679582e-05,93,0.40911733692881286,1.3366336633663367,0.3612269731232654
gown,2021-01-20 18:56:22.031000+00:00,test,ACM-2,6,6.0696073598875966e-05,99,0.39246878460925533,1.3366336633663367,0.3612269731232654
gown,2021-01-20 18:56:24.523000+00:00,test,ACM-2,4,8.153134885380275e-05,99,0.39246878460925533,1.3366336633663367,0.3612269731232654
gown,2021-01-20 18:56:26.221000+00:00,test,ACM-2,5,3.8049314863397576e-05,99,0.39246878460925533,1.3366336633663367,0.3612269731232654
gown,2021-01-20 18:56:27.471000+00:00,test,ACM-2,4,6.922647840862384e-05,99,0.39246878460925533,1.3366336633663367,0.3612269731232654
gown,2021-01-20 18:56:32.977000+00:00,test,ACM-2,6,2.3703751829473596e-05,99,0.39246878460925533,1.3366336633663367,0.3612269731232654
gown,2021-01-20 18:56:34.173000+00:00,test,ACM-2,4,5.8300847368575326e-05,99,0.39246878460925533,1.3366336633663367,0.3612269731232654
gown,2021-01-20 18:56:35.258000+00:00,test,ACM-2,4,4.753399301687944e-05,99,0.39246878460925533,1.3366336633663367,0.3612269731232654
gown,2021-01-20 18:56:35.792000+00:00,test,ACM-2,3,6.845987959253064e-05,99,0.39246878460925533,1.3366336633663367,0.3612269731232654
gown,2021-01-31 19:49:52.965000+00:00,test,ACM-2,5,2.717027291166546e-05,103,0.38342061332717703,1.3366336633663367,0.3612269731232654
gown,2021-01-31 19:50:41.701000+00:00,test,ACM-2,3,6.569902345709977e-05,103,0.38342061332717703,1.3366336633663367,0.3612269731232654
gown,2021-01-31 19:52:09.675000+00:00,test,ACM-2,4,5.583611087600637e-06,103,0.38342061332717703,1.3366336633663367,0.3612269731232654
gown,2021-02-10 17:16:26.512000+00:00,test,ACM-2,5,3.4366198236546186e-05,106,0.3767530332411884,1.3366336633663367,0.3612269731232654
gown,2021-02-10 17:16:29.148000+00:00,test,ACM-2,2,9.996392489597383e-05,106,0.3767530332411884,1.3366336633663367,0.3612269731232654
gown,2021-02-10 17:16:31.047000+00:00,test,ACM-2,3,2.9735653163998066e-05,106,0.3767530332411884,1.3366336633663367,0.3612269731232654
gown,2021-02-10 17:16:32.421000+00:00,test,ACM-2,3,3.0109033000602636e-05,106,0.3767530332411884,1.3366336633663367,0.3612269731232654
gown,2021-02-25 19:43:25.318000+00:00,test,ACM-2,5,1.4133712338881832e-05,102,0.3836780395093764,1.3366336633663367,0.3612269731232654
gown,2021-02-25 19:44:34.146000+00:00,test,ACM-2,2,2.4823680911501e-05,102,0.3836780395093764,1.3366336633663367,0.3612269731232654
gown,2021-03-20 03:22:44.729000+00:00,test,ACM-2,4,7.746224586269168e-05,135,0.3110952484001556,1.3366336633663365,0.36122697312326535
gown,2021-03-20 03:22:45.004000+00:00,test,ACM-2,3,5.340381606699918e-05,135,0.3110952484001556,1.3366336633663365,0.36122697312326535
gown,2021-03-20 03:22:45.251000+00:00,test,ACM-2,3,5.968763480729278e-05,135,0.3110952484001556,1.3366336633663365,0.36122697312326535
gown,2021-04-01 14:21:13.811000+00:00,test,ACM-2,5,1.2142198002662585e-05,137,0.3106726158196949,1.3366336633663367,0.3612269731232654
gown,2021-04-14 21:13:10.877000+00:00,test,ACM-2,5,2.8707822986320797e-05,138,0.3013524246605651,1.3366336633663367,0.3612269731232654
gown,2021-04-16 20:02:20.465000+00:00,test,ACM-2,4,9.034058112744603e-05,118,0.32735126738969045,1.3366336633663367,0.3612269731232654
gown,2021-04-16 21:25:32.324000+00:00,test,ACM-2,5,6.044786336559249e-05,117,0.3304447042278635,1.3366336633663367,0.3612269731232654
gown,2021-04-16 21:28:21.673000+00:00,test,ACM-2,4,1.686587857813171e-05,117,0.3304447042278635,1.3366336633663367,0.3612269731232654
gown,2021-04-16 21:34:22.159000+00:00,test,ACM-2,4,7.621586305850414e-06,117,0.3304447042278635,1.3366336633663367,0.3612269731232654
gown,2021-04-19 05:07:19.622000+00:00,test,ACM-2,5,5.204516415896476e-05,99,0.3641292898842869,1.3366336633663367,0.3612269731232654
gown,2021-04-22 19:21:48.925000+00:00,test,ACM-2,5,5.0195886705073356e-05,98,0.3647555087361607,1.3366336633663367,0.3612269731232654
gown,2021-04-22 21:02:30.701000+00:00,test,ACM-2,5,5.6909245081546156e-05,98,0.3647555087361607,1.3366336633663367,0.3612269731232654
gown,2021-05-24 22:29:54.296000+00:00,test,ACM-2,5,4.1274983496375484e-05,98,0.3499265580683571,1.3366336633663367,0.3612269731232654
gown,2021-05-24 22:30:07.224000+00:00,test,ACM-2,4,2.6081557944507283e-05,98,0.3499265580683571,1.3366336633663367,0.3612269731232654
gown,2021-06-17 19:48:40.696000+00:00,test,ACM-2,5,7.979265959784376e-05,63,0.4588332565636204,1.3366336633663367,0.3612269731232654
gown,2021-06-27 20:54:01.931000+00:00,test,ACM-2,6,7.214669812000141e-05,60,0.46891884102380915,1.3366336633663367,0.3612269731232654
gown,2021-06-27 20:54:02.739000+00:00,test,ACM-2,4,6.03025030250226e-05,60,0.46891884102380915,1.3366336633663367,0.3612269731232654
gown,2021-06-27 20:54:03.526000+00:00,test,ACM-2,4,5.995829350344262e-05,60,0.46891884102380915,1.3366336633663367,0.3612269731232654
gown,2021-06-27 20:54:06.145000+00:00,test,ACM-2,5,4.734794498839623e-05,60,0.46891884102380915,1.3366336633663367,0.3612269731232654
n95,2020-04-01 00:00:00+00:00,calibration,FCM,6,4.2089380128729204e-05,6,0.6462681854427216,1.3366336633663365,0.36122697312326535
n95,2020-04-23 00:00:00+00:00,calibration,FCM,4,1.3552729579702216e-06,1503,0.032205471940742074,1.3366336633663367,0.3612269731232654
n95,2020-04-25 00:00:00+00:00,calibration,FCM,3,1.2936847409439345e-05,1770,0.029663312677886466,1.3366336633663367,0.3612269731232654
n95,2020-04-29 00:00:00+00:00,calibration,FCM,3,8.346162517769429e-06,2141,0.026967108280977963,1.3366336633663367,0.3612269731232654
n95,2020-05-01 00:00:00+00:00,calibration,FCM,3,9.198218855144269e-06,2321,0.025899213413115792,1.3366336633663365,0.36122697312326535
n95,2020-05-08 00:00:00+00:00,calibration,FCM,3,1.6768345758588765e-06,2388,0.02553268492180761,1.3366336633663367,0.3612269731232654
n95,2020-05-15 00:00:00+00:00,calibration,FCM,3,9.835441017735924e-06,2405,0.02544267152867396,1.3366336633663367,0.3612269731232654
n95,2020-05-18 00:00:00+00:00,calibration,FCM,3,9.018123900639274e-06,2409,0.02542165379155149,1.3366336633663367,0.3612269731232654
n95,2020-05-25 00:00:00+00:00,calibration,FCM,3,8.16495548527918e-06,2423,0.025348034793547494,1.3366336633663367,0.3612269731232654
n95,2020-05-26 00:00:00+00:00,calibration,FCM,3,8.54372087411015e-06,2424,0.025342992270840616,1.3366336633663367,0.3612269731232654
n95,2020-05-26 00:00:00+00:00,calibration,FCM,3,7.795197060289638e-06,2424,0.025342992270840616,1.3366336633663367,0.3612269731232654
n95,2020-05-26 00:00:00+00:00,calibration,FCM,1,2.4362890427287454e-07,2424,0.025342992270840616,1.3366336633663367,0.3612269731232654
n95,2020-05-26 00:00:00+00:00,calibration,FCM,3,8.548073092362607e-06,2424,0.025342992270840616,1.3366336633663367,0.3612269731232654
n95,2020-05-26 00:00:00+00:00,calibration,FCM,3,8.547420499382952e-06,2424,0.025342992270840616,1.3366336633663367,0.3612269731232654
n95,2020-05-26 00:00:00+00:00,calibration,FCM,3,8.458578177106268e-06,2424,0.025342992270840616,1.3366336633663367,0.3612269731232654
n95,2020-05-26 00:00:00+00:00,calibration,FCM,3,8.172127666017381e-06,2424,0.025342992270840616,1.3366336633663367,0.3612269731232654
n95,2020-05-26 00:00:00+00:00,calibration,FCM,3,8.283184268820243e-06,2424,0.025342992270840616,1.3366336633663367,0.3612269731232654
n95,2020-05-26 00:00:00+00:00,calibration,FCM,3,7.190486341235314e-06,2424,0.025342992270840616,1.3366336633663367,0.3612269731232654
n95,2020-05-26 00:00:00+00:00,calibration,FCM,3,7.453417144587249e-06,2424,0.025342992270840616,1.3366336633663367,0.3612269731232654
n95,2020-05-26 00:00:00+00:00,calibration,FCM,3,8.483291271565996e-06,2424,0.025342992270840616,1.3366336633663367,0.3612269731232654
n95,2020-05-27 00:00:00+00:00,calibration,FCM,3,9.019574558788435e-06,2426,0.025332396304595887,1.3366336633663367,0.3612269731232654
n95,2020-05-27 00:00:00+00:00,calibration,FCM,3,3.69326225735378e-06,2426,0.025332396304595887,1.3366336633663367,0.3612269731232654
n95,2020-05-27 00:00:00+00:00,calibration,FCM,3,7.786287501754252e-06,2426,0.025332396304595887,1.3366336633663367,0.3612269731232654
n95,2020-05-27 00:00:00+00:00,calibration,FCM,3,8.050769181422446e-06,2426,0.025332396304595887,1.3366336633663367,0.3612269731232654
n95,2020-05-27 00:00:00+00:00,calibration,FCM,3,8.844781320793693e-06,2426,0.025332396304595887,1.3366336633663367,0.3612269731232654
n95,2020-05-27 00:00:00+00:00,calibration,FCM,3,8.165547206839818e-06,2426,0.025332396304595887,1.3366336633663367,0.3612269731232654
n95,2020-05-27 00:00:00+00:00,calibration,FCM,1,2.2116204698385822e-05,2426,0.025332396304595887,1.3366336633663367,0.3612269731232654
n95,2020-05-27 00:00:00+00:00,calibration,FCM,3,8.543758070578278e-06,2426,0.025332396304595887,1.3366336633663367,0.3612269731232654
n95,2020-05-27 00:00:00+00:00,calibration,FCM,3,8.544379147379377e-06,2426,0.025332396304595887,1.3366336633663367,0.3612269731232654
n95,2020-05-27 00:00:00+00:00,calibration,FCM,3,8.54361898317002e-06,2426,0.025332396304595887,1.3366336633663367,0.3612269731232654
n95,2020-05-28 00:00:00+00:00,calibration,FCM,3,1.0287561635347053e-05,2427,0.02532737023385094,1.3366336633663367,0.3612269731232654
n95,2020-05-28 00:00:00+00:00,calibration,FCM,1,1.439260911062501e-06,2427,0.02532737023385094,1.3366336633663367,0.3612269731232654
n95,2020-05-28 00:00:00+00:00,calibration,FCM,3,8.5401414177122e-06,2427,0.02532737023385094,1.3366336633663367,0.3612269731232654
n95,2020-05-28 00:00:00+00:00,calibration,FCM,3,8.540718435201544e-06,2427,0.02532737023385094,1.3366336633663367,0.3612269731232654
n95,2020-05-28 00:00:00+00:00,calibration,FCM,1,9.595072792412118e-07,2427,0.02532737023385094,1.3366336633663367,0.3612269731232654
n95,2020-05-28 00:00:00+00:00,calibration,FCM,1,3.422487671272956e-05,2427,0.02532737023385094,1.3366336633663367,0.3612269731232654
n95,2020-05-28 00:00:00+00:00,calibration,FCM,1,3.4294978782711816e-05,2427,0.02532737023385094,1.3366336633663367,0.3612269731232654
n95,2020-05-28 00:00:00+00:00,calibration,FCM,1,2.709849501303374e-05,2427,0.02532737023385094,1.3366336633663367,0.3612269731232654
n95,2020-05-28 00:00:00+00:00,calibration,FCM,3,8.541387337634987e-06,2427,0.02532737023385094,1.3366336633663367,0.3612269731232654
n95,2020-05-28 00:00:00+00:00,calibration,FCM,3,3.563142250251339e-06,2427,0.02532737023385094,1.3366336633663367,0.3612269731232654
n95,2020-05-28 00:00:00+00:00,calibration,FCM,3,8.875600744751022e-06,2427,0.02532737023385094,1.3366336633663367,0.3612269731232654
n95,2020-05-28 00:00:00+00:00,calibration,FCM,3,8.847954322543927e-06,2427,0.02532737023385094,1.3366336633663367,0.3612269731232654
n95,2020-05-28 00:00:00+00:00,calibration,FCM,3,3.536281737659408e-06,2427,0.02532737023385094,1.3366336633663367,0.3612269731232654
n95,2020-05-28 00:00:00+00:00,calibration,FCM,3,8.541422839347668e-06,2427,0.02532737023385094,1.3366336633663367,0.3612269731232654
n95,2020-05-28 00:00:00+00:00,calibration,FCM,1,2.2388504105241847e-05,2427,0.02532737023385094,1.3366336633663367,0.3612269731232654
n95,2020-05-28 00:00:00+00:00,calibration,FCM,1,2.0732173492188366e-05,2427,0.02532737023385094,1.3366336633663367,0.3612269731232654
n95,2020-05-29 00:00:00+00:00,calibration,FCM,3,8.27399510716642e-06,2429,0.02531696559124971,1.336633663366337,0.36122697312326546
n95,2020-05-29 00:00:00+00:00,calibration,FCM,3,9.303242159863778e-06,2429,0.02531696559124971,1.336633663366337,0.36122697312326546
n95,2020-05-30 00:00:00+00:00,calibration,FCM,3,1.1056509698958994e-05,2449,0.025212991881240022,1.3366336633663367,0.3612269731232654
n95,2020-05-30 00:00:00+00:00,calibration,FCM,1,2.593753612389893e-05,2449,0.025212991881240022,1.3366336633663367,0.3612269731232654
n95,2020-05-30 00:00:00+00:00,calibration,FCM,1,2.5871625476459048e-05,2449,0.025212991881240022,1.3366336633663367,0.3612269731232654
n95,2020-05-30 00:00:00+00:00,calibration,FCM,1,3.117219744219746e-06,2449,0.025212991881240022,1.3366336633663367,0.3612269731232654
n95,2020-05-30 00:00:00+00:00,calibration,FCM,1,7.930907450770519e-07,2449,0.025212991881240022,1.3366336633663367,0.3612269731232654
n95,2020-05-30 00:00:00+00:00,calibration,FCM,1,6.066822001327132e-06,2449,0.025212991881240022,1.3366336633663367,0.3612269731232654
n95,2020-05-30 00:00:00+00:00,calibration,FCM,1,6.774114975904855e-06,2449,0.025212991881240022,1.3366336633663367,0.3612269731232654
n95,2020-05-30 00:00:00+00:00,calibration,FCM,1,2.2029692721525773e-05,2449,0.025212991881240022,1.3366336633663367,0.3612269731232654
n95,2020-05-30 00:00:00+00:00,calibration,FCM,1,1.8252868493995322e-05,2449,0.025212991881240022,1.3366336633663367,0.3612269731232654
n95,2020-05-31 00:00:00+00:00,calibration,FCM,3,8.699796725242237e-07,2451,0.02520256160051761,1.3366336633663367,0.3612269731232654
n95,2020-06-02 00:00:00+00:00,calibration,FCM,3,4.6629421124322334e-06,2452,0.02519725801500148,1.3366336633663367,0.3612269731232654
n95,2020-06-02 00:00:00+00:00,calibration,FCM,3,8.590266271646385e-06,2452,0.02519725801500148,1.3366336633663367,0.3612269731232654
n95,2020-06-04 00:00:00+00:00,calibration,FCM,3,9.254828587490493e-06,2452,0.02519725801500148,1.3366336633663367,0.3612269731232654
n95,2020-06-05 00:00:00+00:00,calibration,FCM,3,8.925878935195364e-06,2464,0.025136158744218248,1.3366336633663367,0.3612269731232654
n95,2020-06-10 00:00:00+00:00,calibration,FCM,3,1.4534861197956772e-06,2484,0.02503500768777805,1.3366336633663367,0.3612269731232654
n95,2020-06-19 00:00:00+00:00,calibration,FCM,3,8.148225579929225e-06,2544,0.024737104522672623,1.336633663366337,0.36122697312326546
n95,2020-06-22 00:00:00+00:00,calibration,FCM,3,8.777906112644729e-06,2548,0.02471773108488565,1.3366336633663367,0.3612269731232654
n95,2020-06-23 00:00:00+00:00,calibration,FCM,3,7.273239150173971e-06,2548,0.02471773108488565,1.3366336633663367,0.3612269731232654
n95,2020-06-23 00:00:00+00:00,calibration,FCM,3,6.622653861865224e-06,2548,0.02471773108488565,1.3366336633663367,0.3612269731232654
n95,2020-06-25 00:00:00+00:00,calibration,FCM,3,8.697947540547979e-06,2551,0.024703271967570575,1.3366336633663367,0.3612269731232654
n95,2020-06-25 00:00:00+00:00,calibration,FCM,3,3.347654567886771e-06,2551,0.024703271967570575,1.3366336633663367,0.3612269731232654
n95,2020-07-08 00:00:00+00:00,validation,FCM,3,9.867613061653735e-06,2458,0.025165610328735454,1.3366336633663367,0.3612269731232654
n95,2020-07-21 00:00:00+00:00,validation,FCM,3,7.865031392606525e-06,1483,0.03241143959725641,1.3366336633663367,0.3612269731232654
n95,2020-07-29 01:25:02.054000+00:00,validation,FCM,3,2.1004079167386003e-05,828,0.04342341771901248,1.3366336633663367,0.3612269731232654
n95,2020-07-29 01:25:05.569000+00:00,validation,FCM,1,2.8512415639059263e-06,828,0.04342341771901248,1.3366336633663367,0.3612269731232654
n95,2020-07-29 01:25:10.323000+00:00,validation,FCM,2,3.999161397150175e-06,828,0.04342341771901248,1.3366336633663367,0.3612269731232654
n95,2020-08-09 17:40:00.001000+00:00,validation,FCM,3,2.842913669565128e-05,701,0.047204940820435214,1.3366336633663367,0.3612269731232654
n95,2020-09-17 14:49:15.387000+00:00,validation,FCM,3,4.993434037392497e-05,165,0.09803751228043638,1.3366336633663367,0.3612269731232654
n95,2020-09-29 20:29:37.026000+00:00,validation,FCM,3,9.221591267788432e-05,127,0.11211356618228127,1.3366336633663367,0.3612269731232654
n95,2020-09-29 20:30:29.173000+00:00,validation,FCM,3,1.52318227445436e-05,127,0.11211356618228127,1.3366336633663367,0.3612269731232654
n95,2020-09-29 20:31:16.085000+00:00,validation,FCM,2,2.8576556712511803e-05,127,0.11211356618228127,1.3366336633663367,0.3612269731232654
n95,2020-09-29 20:36:42.596000+00:00,validation,FCM,3,1.1387225808401347e-05,127,0.11211356618228127,1.3366336633663367,0.3612269731232654
n95,2020-09-29 20:38:04.726000+00:00,validation,FCM,2,5.728187621567571e-06,127,0.11211356618228127,1.3366336633663367,0.3612269731232654
n95,2020-09-29 20:53:56.482000+00:00,validation,FCM,2,4.8544462145416745e-05,127,0.11211356618228127,1.3366336633663367,0.3612269731232654
n95,2020-09-29 21:08:09.906000+00:00,validation,FCM,2,5.882861012573848e-05,127,0.11211356618228127,1.3366336633663367,0.3612269731232654
n95,2020-09-29 21:09:49.881000+00:00,validation,FCM,2,5.756503166365334e-06,127,0.11211356618228127,1.3366336633663367,0.3612269731232654
n95,2020-09-29 21:23:06.803000+00:00,validation,FCM,2,3.4265117791143496e-05,127,0.11211356618228127,1.3366336633663367,0.3612269731232654
n95,2020-09-29 21:42:25.341000+00:00,validation,FCM,2,7.107504045089641e-05,127,0.11211356618228127,1.3366336633663367,0.3612269731232654
n95,2020-09-29 22:15:57.843000+00:00,validation,FCM,3,8.34370096975956e-05,127,0.11211356618228127,1.3366336633663367,0.3612269731232654
n95,2020-10-06 05:38:05.418000+00:00,validation,FCM,3,6.054479000594526e-05,121,0.11492824643279582,1.3366336633663367,0.3612269731232654
n95,2020-11-25 01:20:47.032000+00:00,validation,FCM,4,1.4444070887437155e-05,72,0.15128879613360155,1.3366336633663367,0.3612269731232654
n95,2020-11-25 01:23:40.217000+00:00,validation,FCM,1,1.1275799015608712e-06,72,0.15128879613360155,1.3366336633663367,0.3612269731232654
n95,2020-11-25 01:24:35.287000+00:00,validation,FCM,1,5.994630306038751e-08,72,0.15128879613360155,1.3366336633663367,0.3612269731232654
n95,2020-11-25 01:25:34.362000+00:00,validation,FCM,1,5.085702192708652e-09,72,0.15128879613360155,1.3366336633663367,0.3612269731232654
n95,2020-11-25 01:27:43.049000+00:00,validation,FCM,1,2.810162103017433e-10,72,0.15128879613360155,1.3366336633663367,0.3612269731232654
n95,2020-11-25 01:28:07.488000+00:00,validation,FCM,1,2.4477420090818214e-11,72,0.15128879613360155,1.3366336633663367,0.3612269731232654
n95,2020-11-25 01:28:52.014000+00:00,validation,FCM,1,1.5082379789532752e-12,72,0.15128879613360155,1.3366336633663367,0.3612269731232654
n95,2020-11-25 01:36:47.434000+00:00,validation,FCM,1,1.2101430968414206e-13,72,0.15128879613360155,1.3366336633663367,0.3612269731232654
n95,2020-11-25 01:37:14.960000+00:00,validation,FCM,1,7.993605777301127e-15,72,0.15128879613360155,1.3366336633663367,0.3612269731232654
n95,2020-11-25 01:47:05.219000+00:00,validation,FCM,1,6.661338147750939e-16,72,0.15128879613360155,1.3366336633663367,0.3612269731232654
n95,2020-11-25 01:47:33.196000+00:00,validation,FCM,1,1.1102230246251565e-16,72,0.15128879613360155,1.3366336633663367,0.3612269731232654
n95,2020-11-25 01:47:58.953000+00:00,validation,FCM,1,1.1102230246251565e-16,72,0.15128879613360155,1.3366336633663367,0.3612269731232654
n95,2020-11-25 01:51:36.992000+00:00,validation,FCM,1,0.0,72,0.15128879613360155,1.3366336633663367,0.3612269731232654
n95,2020-12-18 04:49:22.924000+00:00,validation,FCM,4,6.2457997533210685e-06,71,0.15253678833372705,1.3366336633663367,0.3612269731232654
n95,2020-12-18 04:50:14.353000+00:00,validation,FCM,3,2.4792536419099287e-05,71,0.15253678833372705,1.3366336633663367,0.3612269731232654
n95,2021-01-13 15:06:58.314000+00:00,test,FCM,3,9.678072074115196e-05,101,0.1265515754043331,1.3366336633663367,0.3612269731232654
n95,2021-01-13 15:08:15.321000+00:00,test,FCM,3,9.355154602125326e-06,101,0.1265515754043331,1.3366336633663367,0.3612269731232654
n95,2021-01-13 15:09:57.742000+00:00,test,FCM,3,9.511225498026743e-06,101,0.1265515754043331,1.3366336633663367,0.3612269731232654
n95,2021-01-13 15:10:36.173000+00:00,test,FCM,3,6.914593371182276e-06,101,0.1265515754043331,1.3366336633663367,0.3612269731232654
n95,2021-01-18 21:56:33.211000+00:00,test,FCM,3,9.547696512668402e-05,148,0.10396500534653319,1.3366336633663367,0.3612269731232654
n95,2021-02-24 07:33:27.950000+00:00,test,FCM,3,9.236069368423472e-05,152,0.10242007440191675,1.3366336633663367,0.3612269731232654
n95,2021-02-25 19:26:49.047000+00:00,test,FCM,3,3.8896399320642594e-05,153,0.10207479536422398,1.3366336633663367,0.3612269731232654
n95,2021-03-02 19:09:23.329000+00:00,test,FCM,3,9.37925492814351e-05,151,0.10272026227074513,1.3366336633663365,0.36122697312326535
n95,2021-03-02 19:46:07.690000+00:00,test,FCM,3,5.253635658730715e-06,150,0.10307684687515202,1.3366336633663367,0.3612269731232654
n95,2021-03-26 15:22:09.733000+00:00,test,FCM,3,7.75664212409044e-05,187,0.0919874779038785,1.3366336633663367,0.3612269731232654
n95,2021-04-22 19:21:48.925000+00:00,test,FCM,3,2.9041685162267683e-05,163,0.09855865018516076,1.3366336633663367,0.3612269731232654
n95,2021-05-04 17:00:41.851000+00:00,test,FCM,3,8.717727228313432e-05,165,0.09797154630458672,1.3366336633663367,0.3612269731232654
n95,2021-05-12 21:21:12.575000+00:00,test,FCM,3,1.3927943144753652e-05,162,0.09886342850153326,1.3366336633663367,0.3612269731232654
surgical_mask,2020-04-05 00:00:00+00:00,calibration,FCM,7,4.726867349247321e-05,15,0.3674769361498789,1.3366336633663367,0.3612269731232654
surgical_mask,2020-04-24 00:00:00+00:00,calibration,FCM,3,5.7891920515640294e-05,1279,0.03492332667248983,1.3366336633663367,0.3612269731232654
surgical_mask,2020-04-24 00:00:00+00:00,calibration,FCM,1,6.123010719560895e-07,1279,0.03492332667248983,1.3366336633663367,0.3612269731232654
surgical_mask,2020-04-25 00:00:00+00:00,calibration,FCM,3,1.4846984289995646e-05,1397,0.033401737827138005,1.336633663366337,0.36122697312326546
surgical_mask,2020-04-25 00:00:00+00:00,calibration,FCM,2,1.3867443264592438e-05,1397,0.033401737827138005,1.336633663366337,0.36122697312326546
surgical_mask,2020-04-26 00:00:00+00:00,calibration,FCM,3,3.8053306692376054e-06,1475,0.03250212777719513,1.3366336633663367,0.3612269731232654
surgical_mask,2020-04-27 00:00:00+00:00,calibration,FCM,3,6.481778569877861e-06,1538,0.0318259312195826,1.3366336633663367,0.3612269731232654
surgical_mask,2020-04-27 00:00:00+00:00,calibration,FCM,3,1.0996105129612577e-05,1538,0.0318259312195826,1.3366336633663367,0.3612269731232654
surgical_mask,2020-04-27 00:00:00+00:00,calibration,FCM,3,1.2762623440520926e-05,1538,0.0318259312195826,1.3366336633663367,0.3612269731232654
surgical_mask,2020-04-27 00:00:00+00:00,calibration,FCM,3,1.1204586667923344e-05,1538,0.0318259312195826,1.3366336633663367,0.3612269731232654
surgical_mask,2020-04-27 00:00:00+00:00,calibration,FCM,3,3.3961139340732416e-06,1538,0.0318259312195826,1.3366336633663367,0.3612269731232654
surgical_mask,2020-04-29 00:00:00+00:00,calibration,FCM,3,1.1442589374577317e-05,1696,0.030301540903529975,1.3366336633663367,0.3612269731232654
surgical_mask,2020-05-06 00:00:00+00:00,calibration,FCM,3,8.377440267548497e-06,1893,0.02867975826278661,1.3366336633663365,0.36122697312326535
surgical_mask,2020-05-08 00:00:00+00:00,calibration,FCM,3,1.155423932741595e-05,1900,0.028626494304517202,1.3366336633663365,0.36122697312326535
surgical_mask,2020-05-29 00:00:00+00:00,calibration,FCM,3,1.2054234459046853e-05,1921,0.02846977521197437,1.336633663366337,0.36122697312326546
surgical_mask,2020-05-29 00:00:00+00:00,calibration,FCM,1,1.0602134721482415e-05,1921,0.02846977521197437,1.336633663366337,0.36122697312326546
surgical_mask,2020-06-02 00:00:00+00:00,calibration,FCM,3,2.8081487547515493e-06,1936,0.02835986070159107,1.3366336633663367,0.3612269731232654
surgical_mask,2020-06-02 00:00:00+00:00,calibration,FCM,1,3.150545360830481e-05,1936,0.02835986070159107,1.3366336633663367,0.3612269731232654
surgical_mask,2020-06-02 00:00:00+00:00,calibration,FCM,1,3.5353581492036934e-05,1936,0.02835986070159107,1.3366336633663367,0.3612269731232654
surgical_mask,2020-06-02 00:00:00+00:00,calibration,FCM,3,5.107266650150599e-06,1936,0.02835986070159107,1.3366336633663367,0.3612269731232654
surgical_mask,2020-06-03 00:00:00+00:00,calibration,FCM,3,1.0830176278231463e-05,1936,0.02835986070159107,1.3366336633663367,0.3612269731232654
surgical_mask,2020-06-03 00:00:00+00:00,calibration,FCM,3,1.040013854591848e-05,1936,0.02835986070159107,1.3366336633663367,0.3612269731232654
surgical_mask,2020-06-05 00:00:00+00:00,calibration,FCM,3,1.2695614094671015e-05,1952,0.028243883978339396,1.3366336633663367,0.3612269731232654
surgical_mask,2020-06-09 00:00:00+00:00,calibration,FCM,3,2.0677615136799332e-06,1972,0.028100099874046096,1.3366336633663367,0.3612269731232654
surgical_mask,2020-06-11 00:00:00+00:00,calibration,FCM,3,1.9618275322041967e-06,1996,0.027931162317358284,1.3366336633663367,0.3612269731232654
surgical_mask,2020-06-11 00:00:00+00:00,calibration,FCM,1,3.4050631183557556e-05,1996,0.027931162317358284,1.3366336633663367,0.3612269731232654
surgical_mask,2020-06-11 00:00:00+00:00,calibration,FCM,1,2.3931300185964233e-05,1996,0.027931162317358284,1.3366336633663367,0.3612269731232654
surgical_mask,2020-06-12 00:00:00+00:00,calibration,FCM,3,1.936459092188869e-06,2005,0.02786718732149264,1.3366336633663367,0.3612269731232654
surgical_mask,2020-06-13 00:00:00+00:00,calibration,FCM,3,5.483467845346368e-06,2009,0.02783848174586358,1.3366336633663367,0.3612269731232654
surgical_mask,2020-06-15 00:00:00+00:00,calibration,FCM,3,4.199083593947606e-06,2012,0.0278176206381002,1.3366336633663367,0.3612269731232654
surgical_mask,2020-06-15 00:00:00+00:00,calibration,FCM,3,3.913061781823934e-06,2012,0.0278176206381002,1.3366336633663367,0.3612269731232654
surgical_mask,2020-06-15 00:00:00+00:00,calibration,FCM,1,1.9460007011917746e-06,2012,0.0278176206381002,1.3366336633663367,0.3612269731232654
surgical_mask,2020-06-23 00:00:00+00:00,calibration,FCM,3,5.868635443384562e-06,2050,0.027558557469238805,1.3366336633663367,0.3612269731232654
surgical_mask,2020-06-24 00:00:00+00:00,calibration,FCM,3,5.337210324696251e-06,2054,0.027531547970081758,1.3366336633663367,0.3612269731232654
surgical_mask,2020-06-25 00:00:00+00:00,calibration,FCM,3,9.017364512642345e-06,2058,0.0275053641995192,1.3366336633663365,0.36122697312326535
surgical_mask,2020-06-25 00:00:00+00:00,calibration,FCM,3,4.103033353408669e-06,2058,0.0275053641995192,1.3366336633663365,0.36122697312326535
surgical_mask,2020-07-07 00:00:00+00:00,validation,FCM,3,1.1343079739711825e-05,2041,0.02761751378455186,1.3366336633663367,0.3612269731232654
surgical_mask,2020-07-07 00:00:00+00:00,validation,FCM,3,4.22113655396128e-06,2041,0.02761751378455186,1.3366336633663367,0.3612269731232654
surgical_mask,2020-07-10 00:00:00+00:00,validation,FCM,3,1.258582660990104e-05,1849,0.029019731356323117,1.3366336633663367,0.3612269731232654
surgical_mask,2020-07-13 00:00:00+00:00,validation,FCM,3,1.373940263238449e-05,1693,0.030336404482187402,1.3366336633663367,0.3612269731232654
surgical_mask,2020-07-29 01:25:02.054000+00:00,validation,FCM,3,2.2375910301297708e-05,625,0.049989130473283565,1.3366336633663367,0.3612269731232654
surgical_mask,2020-08-04 03:58:56.007000+00:00,validation,FCM,3,8.26745014492758e-06,520,0.05484692156290702,1.3366336633663367,0.3612269731232654
surgical_mask,2020-08-09 17:40:00.001000+00:00,validation,FCM,3,1.8273464573170806e-05,518,0.0549409961152149,1.3366336633663367,0.3612269731232654
surgical_mask,2020-10-05 20:57:26.215000+00:00,validation,FCM,4,2.1789877457489837e-05,70,0.1532261614539931,1.3366336633663367,0.3612269731232654
surgical_mask,2020-10-05 21:04:13.973000+00:00,validation,FCM,3,1.3529620030566791e-05,70,0.1532261614539931,1.3366336633663367,0.3612269731232654
surgical_mask,2020-10-06 05:38:05.418000+00:00,validation,FCM,4,4.338504922207775e-06,71,0.15209020218664768,1.3366336633663367,0.3612269731232654
surgical_mask,2020-12-02 21:25:06.171000+00:00,validation,FCM,5,3.443161971550257e-05,37,0.2172228410290893,1.3366336633663367,0.3612269731232654
surgical_mask,2020-12-03 18:19:01.251000+00:00,validation,FCM,5,1.8158595477296702e-05,36,0.22049924873333565,1.3366336633663367,0.3612269731232654
surgical_mask,2020-12-18 04:45:07.644000+00:00,validation,FCM,4,8.988444987206856e-05,39,0.21076066507592459,1.3366336633663367,0.3612269731232654
surgical_mask,2020-12-18 04:49:22.924000+00:00,validation,FCM,3,2.6912945330054283e-05,39,0.21076066507592459,1.3366336633663367,0.3612269731232654
surgical_mask,2020-12-18 04:49:46.143000+00:00,validation,FCM,3,2.6742499032950118e-05,39,0.21076066507592459,1.3366336633663367,0.3612269731232654
surgical_mask,2021-01-04 17:17:46.908000+00:00,test,FCM,4,3.498329210016582e-05,39,0.2107581773198252,1.3366336633663367,0.3612269731232654
surgical_mask,2021-01-04 17:18:07.925000+00:00,test,FCM,3,4.470561830818842e-05,39,0.2107581773198252,1.3366336633663367,0.3612269731232654
surgical_mask,2021-01-04 17:18:58.990000+00:00,test,FCM,3,8.863539721379321e-05,39,0.2107581773198252,1.3366336633663367,0.3612269731232654
surgical_mask,2021-02-20 01:30:55.858000+00:00,test,FCM,4,8.27550674098454e-06,117,0.11709033204429989,1.3366336633663367,0.3612269731232654
surgical_mask,2021-02-23 03:43:14.625000+00:00,test,FCM,4,3.393420330832786e-05,115,0.11811526315622778,1.3366336633663367,0.3612269731232654
surgical_mask,2021-02-25 19:43:25.318000+00:00,test,FCM,4,2.7318821623989464e-05,115,0.11809185366919993,1.336633663366337,0.36122697312326546
surgical_mask,2021-02-25 19:44:34.146000+00:00,test,FCM,2,1.7621189852157215e-05,115,0.11809185366919993,1.336633663366337,0.36122697312326546
surgical_mask,2021-03-03 00:17:03.836000+00:00,test,FCM,3,2.3535091134507802e-05,113,0.1190833035718711,1.3366336633663367,0.3612269731232654
surgical_mask,2021-03-06 00:53:36.189000+00:00,test,FCM,4,3.235466876405635e-05,110,0.12070082826018542,1.3366336633663367,0.3612269731232654
surgical_mask,2021-03-13 00:57:01.328000+00:00,test,FCM,4,1.0292865160632658e-05,144,0.10526083654890911,1.3366336633663367,0.3612269731232654
surgical_mask,2021-03-13 00:57:01.522000+00:00,test,FCM,2,1.914509172196155e-05,144,0.10526083654890911,1.3366336633663367,0.3612269731232654
surgical_mask,2021-03-13 00:57:02.628000+00:00,test,FCM,3,9.341879376734141e-06,144,0.10526083654890911,1.3366336633663367,0.3612269731232654
surgical_mask,2021-03-25 17:44:56.969000+00:00,test,FCM,3,4.039706830755163e-05,160,0.0996796025326722,1.3366336633663367,0.3612269731232654
surgical_mask,2021-03-27 01:56:52.370000+00:00,test,FCM,3,4.323777888526337e-05,160,0.0996796025326722,1.3366336633663367,0.3612269731232654
surgical_mask,2021-03-27 01:57:08.193000+00:00,test,FCM,2,3.890201097322965e-05,160,0.0996796025326722,1.3366336633663367,0.3612269731232654
surgical_mask,2021-03-27 01:57:21.410000+00:00,test,FCM,3,5.926386616783574e-06,160,0.0996796025326722,1.3366336633663367,0.3612269731232654
surgical_mask,2021-05-20 23:26:36.764000+00:00,test,FCM,4,1.2273999423828563e-05,149,0.10327416926228418,1.3366336633663367,0.3612269731232654
surgical_mask,2021-05-26 19:37:53.885000+00:00,test,FCM,3,1.4848659654009833e-05,153,0.10187779999271186,1.3366336633663367,0.3612269731232654
surgical_mask,2021-05-26 19:44:19.530000+00:00,test,FCM,3,2.8721349490945514e-06,153,0.10187779999271186,1.3366336633663367,0.3612269731232654
surgical_mask,2021-06-23 17:12:28.594000+00:00,test,FCM,3,8.576521183090158e-05,103,0.12497395795812016,1.3366336633663367,0.3612269731232654
surgical_mask,2021-06-27 20:57:23.453000+00:00,test,FCM,4,1.7228046933048802e-05,103,0.12497395795812016,1.3366336633663367,0.3612269731232654
surgical_mask,2021-06-27 20:57:23.819000+00:00,test,FCM,3,1.1578359505715063e-05,103,0.12497395795812016,1.3366336633663367,0.3612269731232654
surgical_mask,2021-06-27 20:57:24.427000+00:00,test,FCM,3,2.5462921195318344e-05,103,0.12497395795812016,1.3366336633663367,0.3612269731232654
surgical_mask,2021-07-09 00:18:56.401000+00:00,test,FCM,3,7.275167978826325e-05,84,0.13908955369085843,1.3366336633663367,0.3612269731232654
surgical_mask,2021-07-12 01:19:52.831000+00:00,test,FCM,3,9.185744901962778e-05,69,0.1543455369424051,1.3366336633663367,0.3612269731232654
face_shield,2020-04-24 00:00:00+00:00,calibration,FCM,3,8.378018148336164e-05,1359,0.03387154207302325,1.3366336633663365,0.36122697312326535
face_shield,2020-04-25 00:00:00+00:00,calibration,FCM,3,2.1570621245858845e-06,1472,0.03253270403519719,1.3366336633663365,0.36122697312326535
face_shield,2020-05-01 00:00:00+00:00,calibration,FCM,3,1.1131145005727205e-05,1913,0.028526451385257303,1.3366336633663367,0.3612269731232654
face_shield,2020-05-03 00:00:00+00:00,calibration,FCM,3,1.108501620683544e-05,1953,0.028231982727670128,1.3366336633663367,0.3612269731232654
face_shield,2020-05-06 00:00:00+00:00,calibration,FCM,3,8.651113938995536e-06,1957,0.02820262114657294,1.3366336633663365,0.36122697312326535
face_shield,2020-05-15 00:00:00+00:00,calibration,FCM,3,1.7606958981897236e-06,1971,0.028101331936757092,1.3366336633663367,0.3612269731232654
face_shield,2020-05-15 00:00:00+00:00,calibration,FCM,3,1.0251094082813772e-05,1971,0.028101331936757092,1.3366336633663367,0.3612269731232654
face_shield,2020-05-19 00:00:00+00:00,calibration,FCM,3,1.1223067527210695e-05,1976,0.028065948350232343,1.3366336633663367,0.3612269731232654
face_shield,2020-05-19 00:00:00+00:00,calibration,FCM,3,8.610733438829676e-06,1976,0.028065948350232343,1.3366336633663367,0.3612269731232654
face_shield,2020-05-20 00:00:00+00:00,calibration,FCM,3,1.0045782805612191e-06,1976,0.028065948350232343,1.3366336633663367,0.3612269731232654
face_shield,2020-05-22 00:00:00+00:00,calibration,FCM,3,8.796277015554743e-06,1978,0.028052044322651445,1.3366336633663367,0.3612269731232654
face_shield,2020-05-22 00:00:00+00:00,calibration,FCM,3,8.698285722530397e-06,1978,0.028052044322651445,1.3366336633663367,0.3612269731232654
face_shield,2020-05-25 00:00:00+00:00,calibration,FCM,3,9.770101938033626e-06,1981,0.028030654399393642,1.3366336633663367,0.3612269731232654
face_shield,2020-05-30 00:00:00+00:00,calibration,FCM,3,6.443764894448201e-06,1998,0.027911533198373348,1.3366336633663367,0.3612269731232654
face_shield,2020-06-04 00:00:00+00:00,calibration,FCM,3,1.0699145921888586e-05,2000,0.02789794473019558,1.336633663366337,0.36122697312326546
face_shield,2020-06-08 00:00:00+00:00,calibration,FCM,3,1.0533719330352298e-05,2015,0.027793960945559977,1.3366336633663367,0.3612269731232654
face_shield,2020-06-08 00:00:00+00:00,calibration,FCM,3,4.264468701054014e-06,2015,0.027793960945559977,1.3366336633663367,0.3612269731232654
face_shield,2020-06-08 00:00:00+00:00,calibration,FCM,3,1.038509325579362e-05,2015,0.027793960945559977,1.3366336633663367,0.3612269731232654
face_shield,2020-06-08 00:00:00+00:00,calibration,FCM,3,1.0105708970753469e-05,2015,0.027793960945559977,1.3366336633663367,0.3612269731232654
face_shield,2020-06-08 00:00:00+00:00,calibration,FCM,3,4.259269221873474e-06,2015,0.027793960945559977,1.3366336633663367,0.3612269731232654
face_shield,2020-06-08 00:00:00+00:00,calibration,FCM,3,4.3355877461515036e-06,2015,0.027793960945559977,1.3366336633663367,0.3612269731232654
face_shield,2020-06-08 00:00:00+00:00,calibration,FCM,3,1.0309381654916017e-05,2015,0.027793960945559977,1.3366336633663367,0.3612269731232654
face_shield,2020-06-09 00:00:00+00:00,calibration,FCM,3,1.2171434690455563e-05,2021,0.0277518521904082,1.3366336633663367,0.3612269731232654
face_shield,2020-06-09 00:00:00+00:00,calibration,FCM,1,9.89511235627294e-06,2021,0.0277518521904082,1.3366336633663367,0.3612269731232654
face_shield,2020-06-09 00:00:00+00:00,calibration,FCM,1,9.867435511956568e-06,2021,0.0277518521904082,1.3366336633663367,0.3612269731232654
face_shield,2020-06-09 00:00:00+00:00,calibration,FCM,3,4.246422460441046e-06,2021,0.0277518521904082,1.3366336633663367,0.3612269731232654
face_shield,2020-06-12 00:00:00+00:00,calibration,FCM,3,1.1454628861207183e-05,2041,0.027615783539912574,1.3366336633663367,0.3612269731232654
face_shield,2020-06-12 00:00:00+00:00,calibration,FCM,3,3.8542519830153665e-06,2041,0.027615783539912574,1.3366336633663367,0.3612269731232654
face_shield,2020-06-13 00:00:00+00:00,calibration,FCM,3,1.0559071651872198e-05,2041,0.027615783539912574,1.3366336633663367,0.3612269731232654
face_shield,2020-06-13 00:00:00+00:00,calibration,FCM,3,4.079770524856308e-06,2041,0.027615783539912574,1.3366336633663367,0.3612269731232654
face_shield,2020-06-13 00:00:00+00:00,calibration,FCM,3,4.079392085132305e-06,2041,0.027615783539912574,1.3366336633663367,0.3612269731232654
face_shield,2020-06-13 00:00:00+00:00,calibration,FCM,1,2.136489350340609e-05,2041,0.027615783539912574,1.3366336633663367,0.3612269731232654
face_shield,2020-06-15 00:00:00+00:00,calibration,FCM,3,1.0930243756313018e-05,2044,0.02759537955761816,1.3366336633663367,0.3612269731232654
face_shield,2020-06-15 00:00:00+00:00,calibration,FCM,3,3.850720806219954e-06,2044,0.02759537955761816,1.3366336633663367,0.3612269731232654
face_shield,2020-06-17 00:00:00+00:00,calibration,FCM,3,9.301160895147653e-06,2058,0.027500937119143858,1.336633663366337,0.36122697312326546
face_shield,2020-06-17 00:00:00+00:00,calibration,FCM,3,9.154213600925942e-06,2058,0.027500937119143858,1.336633663366337,0.36122697312326546
face_shield,2020-06-17 00:00:00+00:00,calibration,FCM,3,9.04889712638468e-06,2058,0.027500937119143858,1.336633663366337,0.36122697312326546
face_shield,2020-06-17 00:00:00+00:00,calibration,FCM,3,9.901562004310804e-06,2058,0.027500937119143858,1.336633663366337,0.36122697312326546
face_shield,2020-06-17 00:00:00+00:00,calibration,FCM,3,3.182494699882632e-06,2058,0.027500937119143858,1.336633663366337,0.36122697312326546
face_shield,2020-06-19 00:00:00+00:00,calibration,FCM,3,1.1159568231944306e-05,2065,0.02745429209435272,1.3366336633663367,0.3612269731232654
face_shield,2020-06-22 00:00:00+00:00,calibration,FCM,3,1.020098723114593e-05,2070,0.02742117495988038,1.3366336633663367,0.3612269731232654
face_shield,2020-06-22 00:00:00+00:00,calibration,FCM,3,1.0933919102118494e-05,2070,0.02742117495988038,1.3366336633663367,0.3612269731232654
face_shield,2020-06-22 00:00:00+00:00,calibration,FCM,3,1.0118872871611728e-05,2070,0.02742117495988038,1.3366336633663367,0.3612269731232654
face_shield,2020-06-22 00:00:00+00:00,calibration,FCM,3,1.0122438843962467e-05,2070,0.02742117495988038,1.3366336633663367,0.3612269731232654
face_shield,2020-06-23 00:00:00+00:00,calibration,FCM,3,1.1109494985395152e-05,2072,0.027407698672274848,1.3366336633663367,0.3612269731232654
face_shield,2020-06-23 00:00:00+00:00,calibration,FCM,3,4.0193216174766455e-06,2072,0.027407698672274848,1.3366336633663367,0.3612269731232654
face_shield,2020-06-23 00:00:00+00:00,calibration,FCM,3,1.1070306938920638e-05,2072,0.027407698672274848,1.3366336633663367,0.3612269731232654
face_shield,2020-06-24 00:00:00+00:00,calibration,FCM,3,1.1960015950496228e-05,2073,0.027401361668726577,1.3366336633663367,0.3612269731232654
face_shield,2020-06-24 00:00:00+00:00,calibration,FCM,3,1.1132804892066694e-05,2073,0.027401361668726577,1.3366336633663367,0.3612269731232654
face_shield,2020-06-29 00:00:00+00:00,calibration,FCM,3,1.0358447126934678e-05,2078,0.027368407623532248,1.3366336633663367,0.3612269731232654
face_shield,2020-06-29 00:00:00+00:00,calibration,FCM,3,9.023128943352887e-06,2078,0.027368407623532248,1.3366336633663367,0.3612269731232654
face_shield,2020-06-29 00:00:00+00:00,calibration,FCM,2,4.189401800247516e-06,2078,0.027368407623532248,1.3366336633663367,0.3612269731232654
face_shield,2020-07-02 00:00:00+00:00,validation,FCM,3,1.1833755823587033e-05,2081,0.027348239430430105,1.3366336633663367,0.3612269731232654
face_shield,2020-07-02 00:00:00+00:00,validation,FCM,1,1.5442572587676118e-05,2081,0.027348239430430105,1.3366336633663367,0.3612269731232654
face_shield,2020-07-07 00:00:00+00:00,validation,FCM,3,1.2315210349056471e-05,2003,0.02787569710577113,1.336633663366337,0.36122697312326546
face_shield,2020-07-07 00:00:00+00:00,validation,FCM,3,9.687655509682536e-06,2003,0.02787569710577113,1.336633663366337,0.36122697312326546
face_shield,2020-07-09 00:00:00+00:00,validation,FCM,3,1.1593157074329952e-05,1871,0.028842485468354728,1.3366336633663367,0.3612269731232654
face_shield,2020-07-10 00:00:00+00:00,validation,FCM,3,1.2377795140461334e-05,1800,0.029406488251184675,1.3366336633663367,0.3612269731232654
face_shield,2020-07-23 16:32:46.736000+00:00,validation,FCM,3,1.9571892370562338e-05,896,0.04171120687085566,1.3366336633663367,0.3612269731232654
face_shield,2020-07-23 16:34:27.720000+00:00,validation,FCM,2,1.908844073283955e-05,896,0.04171120687085566,1.3366336633663367,0.3612269731232654
face_shield,2020-07-29 01:25:01.976000+00:00,validation,FCM,3,2.5176649970704013e-05,571,0.05235304921874904,1.3366336633663367,0.3612269731232654
face_shield,2020-07-29 01:25:05.686000+00:00,validation,FCM,2,1.244140403966476e-05,571,0.05235304921874904,1.3366336633663367,0.3612269731232654
face_shield,2020-07-29 01:25:08.069000+00:00,validation,FCM,3,1.435195785826071e-06,571,0.05235304921874904,1.3366336633663367,0.3612269731232654
face_shield,2020-08-13 18:01:05.597000+00:00,validation,FCM,3,2.419381371532303e-05,459,0.05843757531687802,1.3366336633663367,0.3612269731232654
face_shield,2020-09-03 18:10:25.123000+00:00,validation,FCM,3,3.460291718582198e-05,347,0.06727751637071858,1.3366336633663365,0.36122697312326535
face_shield,2020-09-07 20:16:51.816000+00:00,validation,FCM,3,3.711186547450396e-05,311,0.07110497962147623,1.3366336633663367,0.3612269731232654
face_shield,2020-09-08 20:07:41.280000+00:00,validation,FCM,3,3.464348355897151e-05,277,0.07541911076578665,1.3366336633663367,0.3612269731232654
face_shield,2020-10-06 00:00:00+00:00,validation,FCM,4,8.426459219923466e-05,64,0.1597633571480671,1.3366336633663367,0.3612269731232654
face_shield,2020-11-19 04:38:41.026000+00:00,validation,FCM,5,3.113771356633155e-05,37,0.21598948720703803,1.3366336633663367,0.3612269731232654
face_shield,2020-11-25 01:23:40.217000+00:00,validation,FCM,6,1.7624855077891244e-05,37,0.21670074879057594,1.3366336633663367,0.3612269731232654
face_shield,2020-11-25 01:25:34.362000+00:00,validation,FCM,1,4.5485496998343145e-06,37,0.21670074879057594,1.3366336633663367,0.3612269731232654
face_shield,2020-11-25 01:28:52.014000+00:00,validation,FCM,1,6.064410923434238e-07,37,0.21670074879057594,1.3366336633663367,0.3612269731232654
face_shield,2020-11-25 02:01:45.250000+00:00,validation,FCM,1,1.4036877493683875e-07,37,0.21670074879057594,1.3366336633663367,0.3612269731232654
face_shield,2020-11-25 02:09:15.051000+00:00,validation,FCM,4,7.93320370214845e-05,37,0.21670074879057594,1.3366336633663367,0.3612269731232654
face_shield,2020-11-25 02:10:49.716000+00:00,validation,FCM,4,2.17422828582281e-05,37,0.21670074879057594,1.3366336633663367,0.3612269731232654
face_shield,2020-11-25 02:11:10.940000+00:00,validation,FCM,4,2.1431494433676868e-05,37,0.21670074879057594,1.3366336633663367,0.3612269731232654
face_shield,2020-11-25 02:11:34.026000+00:00,validation,FCM,4,2.117201338391883e-05,37,0.21670074879057594,1.3366336633663367,0.3612269731232654
face_shield,2020-11-25 02:11:56.741000+00:00,validation,FCM,5,3.0498810466517146e-05,37,0.21670074879057594,1.3366336633663367,0.3612269731232654
face_shield,2020-11-25 02:13:20.123000+00:00,validation,FCM,4,9.18420864228775e-05,37,0.21670074879057594,1.3366336633663367,0.3612269731232654
face_shield,2020-11-25 02:13:48.443000+00:00,validation,FCM,4,1.8014759234352695e-05,37,0.21670074879057594,1.3366336633663367,0.3612269731232654
face_shield,2020-11-25 02:14:26.031000+00:00,validation,FCM,4,3.509194902606705e-05,37,0.21670074879057594,1.3366336633663367,0.3612269731232654
face_shield,2020-11-25 02:15:39.009000+00:00,validation,FCM,4,5.0726593921801566e-05,37,0.21670074879057594,1.3366336633663367,0.3612269731232654
face_shield,2020-11-25 02:16:01.392000+00:00,validation,FCM,4,1.662582576278382e-05,37,0.21670074879057594,1.3366336633663367,0.3612269731232654
face_shield,2020-11-25 02:16:16.276000+00:00,validation,FCM,4,1.6389220282797545e-05,37,0.21670074879057594,1.3366336633663367,0.3612269731232654
face_shield,2020-12-21 17:11:47.071000+00:00,validation,FCM,4,5.575079248837378e-05,48,0.18797631331098844,1.3366336633663367,0.3612269731232654
face_shield,2020-12-21 22:31:50.757000+00:00,validation,FCM,4,4.6564444185159815e-05,48,0.18797631331098844,1.3366336633663367,0.3612269731232654
face_shield,2021-02-24 07:33:27.950000+00:00,test,FCM,4,1.5369404951615095e-05,106,0.12313365595960464,1.3366336633663367,0.3612269731232654
face_shield,2021-03-06 00:39:47.761000+00:00,test,FCM,3,6.063912577447539e-05,100,0.126764300144751,1.3366336633663365,0.36122697312326535
face_shield,2021-03-06 00:39:48.294000+00:00,test,FCM,3,1.0447203434599261e-05,100,0.126764300144751,1.3366336633663365,0.36122697312326535
face_shield,2021-03-17 20:17:25.593000+00:00,test,FCM,3,5.208164674314064e-05,127,0.1121643722782268,1.3366336633663367,0.3612269731232654
face_shield,2021-03-20 00:44:48.021000+00:00,test,FCM,3,4.421115219122029e-05,129,0.11127017496531903,1.3366336633663367,0.3612269731232654
face_shield,2021-03-20 00:44:49.315000+00:00,test,FCM,3,1.1214721251651127e-05,129,0.11127017496531903,1.3366336633663367,0.3612269731232654
face_shield,2021-03-20 00:44:49.583000+00:00,test,FCM,3,1.9520738356176848e-05,129,0.11127017496531903,1.3366336633663367,0.3612269731232654
face_shield,2021-03-20 00:44:49.840000+00:00,test,FCM,3,7.713664694514177e-06,129,0.11127017496531903,1.3366336633663367,0.3612269731232654
face_shield,2021-03-20 00:44:50.096000+00:00,test,FCM,2,7.16073835538289e-05,129,0.11127017496531903,1.3366336633663367,0.3612269731232654
face_shield,2021-03-20 00:44:50.811000+00:00,test,FCM,3,9.861914093828306e-06,129,0.11127017496531903,1.3366336633663367,0.3612269731232654
face_shield,2021-03-20 00:44:51.324000+00:00,test,FCM,3,4.518282780141547e-06,129,0.11127017496531903,1.3366336633663367,0.3612269731232654
face_shield,2021-03-20 00:44:51.680000+00:00,test,FCM,2,7.159580800997212e-05,129,0.11127017496531903,1.3366336633663367,0.3612269731232654
face_shield,2021-04-16 20:58:06.922000+00:00,test,FCM,3,4.4505381184833936e-05,115,0.11805269709317275,1.3366336633663367,0.3612269731232654
face_shield,2021-04-16 21:00:04.619000+00:00,test,FCM,3,8.255445666738304e-06,115,0.11805269709317275,1.3366336633663367,0.3612269731232654
face_shield,2021-04-22 19:21:48.925000+00:00,test,FCM,3,5.8532987179393814e-05,111,0.12022652966762627,1.3366336633663367,0.3612269731232654
face_shield,2021-04-26 17:19:41.324000+00:00,test,FCM,3,9.581268352124028e-05,115,0.11808515946681464,1.3366336633663367,0.3612269731232654
face_shield,2021-04-26 17:19:42.975000+00:00,test,FCM,3,6.410046881841214e-05,115,0.11808515946681464,1.3366336633663367,0.3612269731232654
face_shield,2021-04-28 01:28:08.689000+00:00,test,FCM,3,3.3171595877262705e-05,114,0.11861081569280324,1.3366336633663367,0.3612269731232654
gown,2020-05-23 21:32:00+00:00,calibration,FCM,3,6.835686179196276e-05,1969,0.028126281777603096,1.3366336633663367,0.3612269731232654
gown,2020-05-23 21:46:00+00:00,calibration,FCM,3,9.493123248160984e-06,1970,0.028118896260225398,1.3366336633663367,0.3612269731232654
gown,2020-05-23 21:46:00+00:00,calibration,FCM,2,1.4810358881511831e-06,1970,0.028118896260225398,1.3366336633663367,0.3612269731232654
gown,2020-05-23 21:47:00+00:00,calibration,FCM,3,9.575924980742556e-07,1970,0.028118896260225398,1.3366336633663367,0.3612269731232654
gown,2020-05-23 21:48:00+00:00,calibration,FCM,3,1.0978331714817102e-06,1970,0.028118896260225398,1.3366336633663367,0.3612269731232654
gown,2020-05-23 21:53:00+00:00,calibration,FCM,3,1.2025424338535373e-06,1970,0.028118896260225398,1.3366336633663367,0.3612269731232654
gown,2020-05-26 00:00:00+00:00,calibration,FCM,3,8.92806520880196e-06,1971,0.028111982242854282,1.336633663366337,0.36122697312326546
gown,2020-06-02 00:00:00+00:00,calibration,FCM,3,1.183261683901371e-05,1977,0.02806909394853574,1.3366336633663367,0.3612269731232654
gown,2020-06-02 00:00:00+00:00,calibration,FCM,3,4.001998835767573e-06,1977,0.02806909394853574,1.3366336633663367,0.3612269731232654
gown,2020-06-02 00:00:00+00:00,calibration,FCM,3,4.342238872523385e-06,1977,0.02806909394853574,1.3366336633663367,0.3612269731232654
gown,2020-08-28 22:37:26.667000+00:00,validation,FCM,3,5.737578289166656e-05,343,0.06763872908360623,1.3366336633663367,0.3612269731232654
gown,2020-11-09 14:29:20.102000+00:00,validation,FCM,5,5.4102040664472106e-05,25,0.27163190001340065,1.3366336633663367,0.3612269731232654
gown,2020-11-19 04:38:41.026000+00:00,validation,FCM,5,3.922629266861488e-05,26,0.2649011844959777,1.3366336633663367,0.3612269731232654
gown,2020-11-21 07:06:42.947000+00:00,validation,FCM,6,4.6290615531685564e-05,25,0.2713713483514017,1.3366336633663367,0.3612269731232654
gown,2020-11-21 07:13:31.181000+00:00,validation,FCM,6,2.4199239809785666e-05,26,0.2649011844959777,1.3366336633663367,0.3612269731232654
gown,2020-11-21 07:14:50.397000+00:00,validation,FCM,5,3.51250067177622e-05,26,0.2649011844959777,1.3366336633663367,0.3612269731232654
gown,2021-01-18 21:56:33.211000+00:00,test,FCM,4,2.503555256205825e-05,93,0.1321492674983317,1.336633663366337,0.36122697312326546
gown,2021-01-20 18:56:22.031000+00:00,test,FCM,4,5.7808227049593874e-05,99,0.12786297446368225,1.3366336633663367,0.3612269731232654
gown,2021-01-20 18:56:24.523000+00:00,test,FCM,3,2.947695238741943e-05,99,0.12786297446368225,1.3366336633663367,0.3612269731232654
gown,2021-01-20 18:56:26.221000+00:00,test,FCM,3,7.02309903447551e-05,99,0.12786297446368225,1.3366336633663367,0.3612269731232654
gown,2021-01-20 18:56:27.471000+00:00,test,FCM,3,2.637307426922586e-05,99,0.12786297446368225,1.3366336633663367,0.3612269731232654
gown,2021-01-20 18:56:32.977000+00:00,test,FCM,4,2.5190836685506923e-05,99,0.12786297446368225,1.3366336633663367,0.3612269731232654
gown,2021-01-20 18:56:34.173000+00:00,test,FCM,3,6.465992889875816e-05,99,0.12786297446368225,1.3366336633663367,0.3612269731232654
gown,2021-01-20 18:56:35.258000+00:00,test,FCM,3,5.184094995414057e-05,99,0.12786297446368225,1.3366336633663367,0.3612269731232654
gown,2021-01-20 18:56:35.792000+00:00,test,FCM,3,1.0260000164630245e-05,99,0.12786297446368225,1.3366336633663367,0.3612269731232654
gown,2021-01-31 19:49:52.965000+00:00,test,FCM,4,3.288815453306171e-06,103,0.12521182694253563,1.3366336633663367,0.3612269731232654
gown,2021-01-31 19:50:41.701000+00:00,test,FCM,3,2.7056570444106143e-06,103,0.12521182694253563,1.3366336633663367,0.3612269731232654
gown,2021-01-31 19:52:09.675000+00:00,test,FCM,3,8.268175643866282e-06,103,0.12521182694253563,1.3366336633663367,0.3612269731232654
gown,2021-02-10 17:16:26.512000+00:00,test,FCM,4,9.49494675228646e-06,106,0.12334010129730681,1.3366336633663367,0.3612269731232654
gown,2021-02-10 17:16:29.148000+00:00,test,FCM,2,2.167671609520916e-05,106,0.12334010129730681,1.3366336633663367,0.3612269731232654
gown,2021-02-10 17:16:31.047000+00:00,test,FCM,2,9.338242584017165e-05,106,0.12334010129730681,1.3366336633663367,0.3612269731232654
gown,2021-02-10 17:16:32.421000+00:00,test,FCM,2,9.705011980232214e-05,106,0.12334010129730681,1.3366336633663367,0.3612269731232654
gown,2021-02-25 19:43:25.318000+00:00,test,FCM,3,6.059461058027793e-05,102,0.12581401668359551,1.336633663366337,0.36122697312326546
gown,2021-02-25 19:44:34.146000+00:00,test,FCM,2,4.1281581459884364e-06,102,0.12581401668359551,1.336633663366337,0.36122697312326546
gown,2021-03-20 03:22:44.729000+00:00,test,FCM,3,4.4958953534401935e-05,135,0.10864636762373321,1.3366336633663367,0.3612269731232654
gown,2021-03-20 03:22:45.004000+00:00,test,FCM,3,4.070483249685175e-06,135,0.10864636762373321,1.3366336633663367,0.3612269731232654
gown,2021-03-20 03:22:45.251000+00:00,test,FCM,3,4.222206031689879e-06,135,0.10864636762373321,1.3366336633663367,0.3612269731232654
gown,2021-04-01 14:21:13.811000+00:00,test,FCM,3,3.60335405159562e-05,137,0.10783690145892695,1.3366336633663365,0.36122697312326535
gown,2021-04-14 21:13:10.877000+00:00,test,FCM,3,3.718981157052603e-05,138,0.10734779757895085,1.3366336633663367,0.3612269731232654
gown,2021-04-16 20:02:20.465000+00:00,test,FCM,3,2.5620026664285867e-05,118,0.11641937886131688,1.3366336633663367,0.3612269731232654
gown,2021-04-16 21:25:32.324000+00:00,test,FCM,3,7.269963785150324e-05,117,0.11695733417439842,1.3366336633663367,0.3612269731232654
gown,2021-04-16 21:28:21.673000+00:00,test,FCM,3,1.4398839900980898e-05,117,0.11695733417439842,1.3366336633663367,0.3612269731232654
gown,2021-04-16 21:34:22.159000+00:00,test,FCM,3,7.593749963563656e-06,117,0.11695733417439842,1.3366336633663367,0.3612269731232654
gown,2021-04-19 05:07:19.622000+00:00,test,FCM,3,6.225587605923621e-05,99,0.12750765777389778,1.3366336633663365,0.36122697312326535
gown,2021-04-22 19:21:48.925000+00:00,test,FCM,3,4.756120909255035e-05,98,0.12821342102081162,1.3366336633663365,0.36122697312326535
gown,2021-04-22 21:02:30.701000+00:00,test,FCM,3,3.965492369625845e-05,98,0.12821342102081162,1.3366336633663365,0.36122697312326535
gown,2021-05-24 22:29:54.296000+00:00,test,FCM,3,7.192177547088452e-05,98,0.1279976373726641,1.3366336633663367,0.3612269731232654
gown,2021-05-24 22:30:07.224000+00:00,test,FCM,3,3.564383048570985e-05,98,0.1279976373726641,1.3366336633663367,0.3612269731232654
gown,2021-06-17 19:48:40.696000+00:00,test,FCM,4,1.4792759588350135e-05,63,0.16171257185690202,1.336633663366337,0.36122697312326546
gown,2021-06-27 20:54:01.931000+00:00,test,FCM,4,8.917373736960776e-05,60,0.16598399087566018,1.3366336633663367,0.3612269731232654
gown,2021-06-27 20:54:02.739000+00:00,test,FCM,3,4.218004841183287e-05,60,0.16598399087566018,1.3366336633663367,0.3612269731232654
gown,2021-06-27 20:54:03.526000+00:00,test,FCM,3,3.515928666875112e-05,60,0.16598399087566018,1.3366336633663367,0.3612269731232654
gown,2021-06-27 20:54:06.145000+00:00,test,FCM,4,1.847363597051732e-05,60,0.16598399087566018,1.3366336633663367,0.3612269731232654
