date,split,product,model,donor,recipient,quantity,distance,holding_days
2020-04-03 00:00:00+00:00,calibration,respirators,ACM-4 (coupled),don0,rec12,20.0,1237.3895,6.509027777777778
2020-04-24 00:00:00+00:00,calibration,respirators,ACM-4 (coupled),don103,rec442,20.0,562.254,4.833333333333333
2020-04-24 00:00:00+00:00,calibration,respirators,ACM-4 (coupled),don108,rec89,15.0,31.625,4.833333333333333
2020-04-24 00:00:00+00:00,calibration,respirators,ACM-4 (coupled),don116,rec409,1.0,175.261,4.833333333333333
2020-04-24 00:00:00+00:00,calibration,respirators,ACM-4 (coupled),don118,rec409,2.0,151.1025,4.833333333333333
2020-04-24 00:00:00+00:00,calibration,respirators,ACM-4 (coupled),don124,rec89,100.0,31.625,4.833333333333333
2020-04-24 00:00:00+00:00,calibration,respirators,ACM-4 (coupled),don135,rec89,2.0,68.58200000000001,4.833333333333333
2020-04-24 00:00:00+00:00,calibration,respirators,ACM-4 (coupled),don141,rec0,5.0,68.58200000000001,4.833333333333333
2020-04-24 00:00:00+00:00,calibration,respirators,ACM-4 (coupled),don143,rec89,1.0,31.625,4.833333333333333
2020-04-24 00:00:00+00:00,calibration,respirators,ACM-4 (coupled),don145,rec122,19.0,14.096,4.833333333333333
2020-04-24 00:00:00+00:00,calibration,respirators,ACM-4 (coupled),don146,rec131,35.0,175.261,4.833333333333333
2020-04-24 00:00:00+00:00,calibration,respirators,ACM-4 (coupled),don149,rec89,3.0,31.625,4.833333333333333
2020-04-24 00:00:00+00:00,calibration,respirators,ACM-4 (coupled),don150,rec89,18.0,31.625,4.833333333333333
2020-04-24 00:00:00+00:00,calibration,respirators,ACM-4 (coupled),don164,rec442,2.0,408.943,4.833333333333333
2020-04-24 00:00:00+00:00,calibration,respirators,ACM-4 (coupled),don166,rec87,10.0,46.091,4.833333333333333
2020-04-24 00:00:00+00:00,calibration,respirators,ACM-4 (coupled),don167,rec89,2.0,31.625,4.833333333333333
2020-04-24 00:00:00+00:00,calibration,respirators,ACM-4 (coupled),don168,rec0,6.0,94.5685,4.833333333333333
2020-04-24 00:00:00+00:00,calibration,respirators,ACM-4 (coupled),don172,rec442,12.0,175.261,4.833333333333333
2020-04-24 00:00:00+00:00,calibration,respirators,ACM-4 (coupled),don173,rec12,5.0,214.4355,4.833333333333333
2020-04-24 00:00:00+00:00,calibration,respirators,ACM-4 (coupled),don184,rec253,140.0,68.58200000000001,4.833333333333333
2020-04-24 00:00:00+00:00,calibration,respirators,ACM-4 (coupled),don188,rec621,500.0,175.261,4.833333333333333
2020-04-24 00:00:00+00:00,calibration,respirators,ACM-4 (coupled),don199,rec409,10.0,46.091,4.833333333333333
2020-04-24 00:00:00+00:00,calibration,respirators,ACM-4 (coupled),don201,rec605,16.0,295.1365,4.833333333333333
2020-04-24 00:00:00+00:00,calibration,respirators,ACM-4 (coupled),don204,rec409,7.0,14.096,4.833333333333333
2020-04-24 00:00:00+00:00,calibration,respirators,ACM-4 (coupled),don206,rec89,20.0,14.096,4.833333333333333
2020-04-24 00:00:00+00:00,calibration,respirators,ACM-4 (coupled),don208,rec89,50.0,21.963,4.833333333333333
2020-04-24 00:00:00+00:00,calibration,respirators,ACM-4 (coupled),don209,rec0,1.0,31.625,4.833333333333333
2020-04-24 00:00:00+00:00,calibration,respirators,ACM-4 (coupled),don215,rec122,10.0,14.096,4.833333333333333
2020-04-24 00:00:00+00:00,calibration,respirators,ACM-4 (coupled),don219,rec89,1.0,31.625,4.833333333333333
2020-04-24 00:00:00+00:00,calibration,respirators,ACM-4 (coupled),don220,rec89,14.0,31.625,4.833333333333333
2020-04-24 00:00:00+00:00,calibration,respirators,ACM-4 (coupled),don224,rec12,2.0,214.4355,4.833333333333333
2020-04-24 00:00:00+00:00,calibration,respirators,ACM-4 (coupled),don233,rec409,2.0,5.1795,4.833333333333333
2020-04-24 00:00:00+00:00,calibration,respirators,ACM-4 (coupled),don234,rec89,4.0,214.4355,4.833333333333333
2020-04-24 00:00:00+00:00,calibration,respirators,ACM-4 (coupled),don235,rec89,75.0,68.58200000000001,4.833333333333333
2020-04-24 00:00:00+00:00,calibration,respirators,ACM-4 (coupled),don243,rec409,30.0,46.091,4.833333333333333
2020-04-24 00:00:00+00:00,calibration,respirators,ACM-4 (coupled),don244,rec409,2.0,31.625,4.833333333333333
2020-04-24 00:00:00+00:00,calibration,respirators,ACM-4 (coupled),don245,rec409,10.0,31.625,4.833333333333333
2020-04-24 00:00:00+00:00,calibration,respirators,ACM-4 (coupled),don247,rec89,200.0,21.963,4.833333333333333
2020-04-24 00:00:00+00:00,calibration,respirators,ACM-4 (coupled),don248,rec89,1.0,14.096,4.833333333333333
2020-04-24 00:00:00+00:00,calibration,respirators,ACM-4 (coupled),don251,rec0,5.0,14.096,4.833333333333333
2020-04-24 00:00:00+00:00,calibration,respirators,ACM-4 (coupled),don258,rec0,40.0,590.1020000000001,4.833333333333333
2020-04-24 00:00:00+00:00,calibration,respirators,ACM-4 (coupled),don264,rec89,120.0,46.091,4.833333333333333
2020-04-24 00:00:00+00:00,calibration,respirators,ACM-4 (coupled),don265,rec122,2.0,14.096,4.833333333333333
2020-04-24 00:00:00+00:00,calibration,respirators,ACM-4 (coupled),don268,rec12,300.0,349.019,4.833333333333333
2020-04-24 00:00:00+00:00,calibration,respirators,ACM-4 (coupled),don282,rec0,4.0,5.1795,4.833333333333333
2020-04-24 00:00:00+00:00,calibration,respirators,ACM-4 (coupled),don294,rec89,8.0,68.58200000000001,4.833333333333333
2020-04-24 00:00:00+00:00,calibration,respirators,ACM-4 (coupled),don295,rec0,5.0,151.1025,4.833333333333333
2020-04-24 00:00:00+00:00,calibration,respirators,ACM-4 (coupled),don299,rec89,900.0,46.091,4.833333333333333
2020-04-24 00:00:00+00:00,calibration,respirators,ACM-4 (coupled),don305,rec89,30.0,31.625,4.833333333333333
2020-04-24 00:00:00+00:00,calibration,respirators,ACM-4 (coupled),don309,rec122,20.0,14.096,4.833333333333333
2020-04-24 00:00:00+00:00,calibration,respirators,ACM-4 (coupled),don311,rec122,2.0,21.963,4.833333333333333
2020-04-24 00:00:00+00:00,calibration,respirators,ACM-4 (coupled),don314,rec89,140.0,46.091,4.833333333333333
2020-04-24 00:00:00+00:00,calibration,respirators,ACM-4 (coupled),don317,rec122,1000.0,14.096,4.833333333333333
2020-04-24 00:00:00+00:00,calibration,respirators,ACM-4 (coupled),don353,rec89,10.0,31.625,4.833333333333333
2020-04-24 00:00:00+00:00,calibration,respirators,ACM-4 (coupled),don356,rec89,300.0,31.625,4.833333333333333
2020-04-24 00:00:00+00:00,calibration,respirators,ACM-4 (coupled),don357,rec89,30.0,46.091,4.833333333333333
2020-04-24 00:00:00+00:00,calibration,respirators,ACM-4 (coupled),don358,rec409,60.0,46.091,4.833333333333333
2020-04-24 00:00:00+00:00,calibration,respirators,ACM-4 (coupled),don359,rec0,2.0,31.625,4.833333333333333
2020-04-24 00:00:00+00:00,calibration,respirators,ACM-4 (coupled),don360,rec87,10.0,68.58200000000001,4.833333333333333
2020-04-24 00:00:00+00:00,calibration,respirators,ACM-4 (coupled),don373,rec89,300.0,349.019,4.833333333333333
2020-04-24 00:00:00+00:00,calibration,respirators,ACM-4 (coupled),don376,rec38,200.0,385.7645,4.833333333333333
2020-04-24 00:00:00+00:00,calibration,respirators,ACM-4 (coupled),don381,rec89,10.0,31.625,4.833333333333333
2020-04-24 00:00:00+00:00,calibration,respirators,ACM-4 (coupled),don382,rec89,90.0,408.943,4.833333333333333
2020-04-24 00:00:00+00:00,calibration,respirators,ACM-4 (coupled),don383,rec122,11.0,5.1795,4.833333333333333
2020-04-24 00:00:00+00:00,calibration,respirators,ACM-4 (coupled),don388,rec38,10.0,237.9225,4.833333333333333
2020-04-24 00:00:00+00:00,calibration,respirators,ACM-4 (coupled),don397,rec38,1000.0,237.9225,4.833333333333333
2020-04-24 00:00:00+00:00,calibration,respirators,ACM-4 (coupled),don399,rec89,38.0,21.963,4.833333333333333
2020-04-24 00:00:00+00:00,calibration,respirators,ACM-4 (coupled),don400,rec89,5.0,5.1795,4.833333333333333
2020-04-24 00:00:00+00:00,calibration,respirators,ACM-4 (coupled),don401,rec122,950.0,14.096,4.833333333333333
2020-04-24 00:00:00+00:00,calibration,respirators,ACM-4 (coupled),don402,rec0,3.0,5.1795,4.833333333333333
2020-04-24 00:00:00+00:00,calibration,respirators,ACM-4 (coupled),don405,rec122,1.0,14.096,4.833333333333333
2020-04-24 00:00:00+00:00,calibration,respirators,ACM-4 (coupled),don411,rec0,30.0,94.5685,4.833333333333333
2020-04-24 00:00:00+00:00,calibration,respirators,ACM-4 (coupled),don412,rec89,15.0,31.625,4.833333333333333
2020-04-24 00:00:00+00:00,calibration,respirators,ACM-4 (coupled),don414,rec89,2.0,46.091,4.833333333333333
2020-04-24 00:00:00+00:00,calibration,respirators,ACM-4 (coupled),don422,rec89,1.0,46.091,4.833333333333333
2020-04-24 00:00:00+00:00,calibration,respirators,ACM-4 (coupled),don427,rec131,5.0,175.261,4.833333333333333
2020-04-24 00:00:00+00:00,calibration,respirators,ACM-4 (coupled),don429,rec0,24.0,5.1795,4.833333333333333
2020-04-24 00:00:00+00:00,calibration,respirators,ACM-4 (coupled),don430,rec0,5.0,21.963,4.833333333333333
2020-04-24 00:00:00+00:00,calibration,respirators,ACM-4 (coupled),don432,rec0,6.0,690.7964999999999,4.833333333333333
2020-04-24 00:00:00+00:00,calibration,respirators,ACM-4 (coupled),don442,rec89,3.0,31.625,4.833333333333333
2020-04-24 00:00:00+00:00,calibration,respirators,ACM-4 (coupled),don443,rec253,2.0,68.58200000000001,4.833333333333333
2020-04-24 00:00:00+00:00,calibration,respirators,ACM-4 (coupled),don445,rec131,3.0,122.0285,4.833333333333333
2020-04-24 00:00:00+00:00,calibration,respirators,ACM-4 (coupled),don446,rec0,5.0,5.1795,4.833333333333333
2020-04-24 00:00:00+00:00,calibration,respirators,ACM-4 (coupled),don466,rec605,6.0,21.963,4.833333333333333
2020-04-24 00:00:00+00:00,calibration,respirators,ACM-4 (coupled),don467,rec253,400.0,68.58200000000001,4.833333333333333
2020-04-24 00:00:00+00:00,calibration,respirators,ACM-4 (coupled),don468,rec89,5.0,46.091,4.833333333333333
2020-04-24 00:00:00+00:00,calibration,respirators,ACM-4 (coupled),don487,rec89,3.0,46.091,4.833333333333333
2020-04-24 00:00:00+00:00,calibration,respirators,ACM-4 (coupled),don490,rec122,9.0,151.1025,4.833333333333333
2020-04-24 00:00:00+00:00,calibration,respirators,ACM-4 (coupled),don493,rec122,1.0,14.096,4.833333333333333
2020-04-24 00:00:00+00:00,calibration,respirators,ACM-4 (coupled),don494,rec0,10.0,46.091,4.833333333333333
2020-04-24 00:00:00+00:00,calibration,respirators,ACM-4 (coupled),don503,rec122,4.0,14.096,4.833333333333333
2020-04-24 00:00:00+00:00,calibration,respirators,ACM-4 (coupled),don507,rec89,50.0,21.963,4.833333333333333
2020-04-24 00:00:00+00:00,calibration,respirators,ACM-4 (coupled),don511,rec0,10.0,590.1020000000001,4.833333333333333
2020-04-24 00:00:00+00:00,calibration,respirators,ACM-4 (coupled),don522,rec582,8.0,5.1795,4.833333333333333
2020-04-24 00:00:00+00:00,calibration,respirators,ACM-4 (coupled),don523,rec87,8.0,68.58200000000001,4.833333333333333
2020-04-24 00:00:00+00:00,calibration,respirators,ACM-4 (coupled),don527,rec12,15.0,366.0375,4.833333333333333
2020-04-24 00:00:00+00:00,calibration,respirators,ACM-4 (coupled),don529,rec0,20.0,5.1795,4.833333333333333
2020-04-24 00:00:00+00:00,calibration,respirators,ACM-4 (coupled),don530,rec89,10.0,46.091,4.833333333333333
2020-04-24 00:00:00+00:00,calibration,respirators,ACM-4 (coupled),don531,rec0,12.0,5.1795,4.833333333333333
2020-04-24 00:00:00+00:00,calibration,respirators,ACM-4 (coupled),don533,rec605,20.0,14.096,4.833333333333333
2020-04-24 00:00:00+00:00,calibration,respirators,ACM-4 (coupled),don536,rec38,100.0,295.1365,4.833333333333333
2020-04-24 00:00:00+00:00,calibration,respirators,ACM-4 (coupled),don538,rec89,10.0,31.625,4.833333333333333
2020-04-24 00:00:00+00:00,calibration,respirators,ACM-4 (coupled),don540,rec89,42.0,46.091,4.833333333333333
2020-04-24 00:00:00+00:00,calibration,respirators,ACM-4 (coupled),don541,rec89,20.0,31.625,4.833333333333333
2020-04-24 00:00:00+00:00,calibration,respirators,ACM-4 (coupled),don543,rec87,10.0,68.58200000000001,4.833333333333333
2020-04-24 00:00:00+00:00,calibration,respirators,ACM-4 (coupled),don544,rec122,13.0,151.1025,4.833333333333333
2020-04-24 00:00:00+00:00,calibration,respirators,ACM-4 (coupled),don545,rec0,6.0,532.017,4.833333333333333
2020-04-24 00:00:00+00:00,calibration,respirators,ACM-4 (coupled),don553,rec122,20.0,21.963,4.833333333333333
2020-04-24 00:00:00+00:00,calibration,respirators,ACM-4 (coupled),don554,rec442,500.0,562.254,4.833333333333333
2020-04-24 00:00:00+00:00,calibration,respirators,ACM-4 (coupled),don568,rec89,10.0,31.625,4.833333333333333
2020-04-24 00:00:00+00:00,calibration,respirators,ACM-4 (coupled),don570,rec89,5.0,408.943,4.833333333333333
2020-04-24 00:00:00+00:00,calibration,respirators,ACM-4 (coupled),don572,rec122,45.0,14.096,4.833333333333333
2020-04-24 00:00:00+00:00,calibration,respirators,ACM-4 (coupled),don575,rec442,7.0,366.0375,4.833333333333333
2020-04-24 00:00:00+00:00,calibration,respirators,ACM-4 (coupled),don577,rec87,40.0,122.0285,4.833333333333333
2020-04-24 00:00:00+00:00,calibration,respirators,ACM-4 (coupled),don578,rec88,15.0,194.979,4.833333333333333
2020-04-24 00:00:00+00:00,calibration,respirators,ACM-4 (coupled),don579,rec122,1.0,46.091,4.833333333333333
2020-04-24 00:00:00+00:00,calibration,respirators,ACM-4 (coupled),don580,rec635,1000.0,638.9715,4.833333333333333
2020-04-24 00:00:00+00:00,calibration,respirators,ACM-4 (coupled),don581,rec89,1.0,31.625,4.833333333333333
2020-04-24 00:00:00+00:00,calibration,respirators,ACM-4 (coupled),don589,rec87,4.0,46.091,4.833333333333333
2020-04-24 00:00:00+00:00,calibration,respirators,ACM-4 (coupled),don597,rec0,10.0,46.091,4.833333333333333
2020-04-24 00:00:00+00:00,calibration,respirators,ACM-4 (coupled),don599,rec89,5.0,31.625,4.833333333333333
2020-04-24 00:00:00+00:00,calibration,respirators,ACM-4 (coupled),don611,rec0,30.0,5.1795,4.833333333333333
2020-04-24 00:00:00+00:00,calibration,respirators,ACM-4 (coupled),don612,rec0,70.0,21.963,4.833333333333333
2020-04-24 00:00:00+00:00,calibration,respirators,ACM-4 (coupled),don614,rec89,2.0,31.625,4.833333333333333
2020-04-24 00:00:00+00:00,calibration,respirators,ACM-4 (coupled),don615,rec89,100.0,94.5685,4.833333333333333
2020-04-24 00:00:00+00:00,calibration,respirators,ACM-4 (coupled),don616,rec89,6.0,31.625,4.833333333333333
2020-04-24 00:00:00+00:00,calibration,respirators,ACM-4 (coupled),don617,rec89,4.0,21.963,4.833333333333333
2020-04-24 00:00:00+00:00,calibration,respirators,ACM-4 (coupled),don620,rec122,20.0,237.9225,4.833333333333333
2020-04-24 00:00:00+00:00,calibration,respirators,ACM-4 (coupled),don625,rec635,3.0,590.1020000000001,4.833333333333333
2020-04-24 00:00:00+00:00,calibration,respirators,ACM-4 (coupled),don627,rec89,400.0,14.096,4.833333333333333
2020-04-24 00:00:00+00:00,calibration,respirators,ACM-4 (coupled),don630,rec409,15.0,46.091,4.833333333333333
2020-04-24 00:00:00+00:00,calibration,respirators,ACM-4 (coupled),don633,rec89,1000.0,31.625,4.833333333333333
2020-04-24 00:00:00+00:00,calibration,respirators,ACM-4 (coupled),don634,rec89,25.0,46.091,4.833333333333333
2020-04-24 00:00:00+00:00,calibration,respirators,ACM-4 (coupled),don635,rec88,20.0,31.625,4.833333333333333
2020-04-24 00:00:00+00:00,calibration,respirators,ACM-4 (coupled),don637,rec605,3.0,31.625,4.833333333333333
2020-04-24 00:00:00+00:00,calibration,respirators,ACM-4 (coupled),don643,rec131,1.0,94.5685,4.833333333333333
2020-04-24 00:00:00+00:00,calibration,respirators,ACM-4 (coupled),don645,rec621,10.0,151.1025,4.833333333333333
2020-04-24 00:00:00+00:00,calibration,respirators,ACM-4 (coupled),don646,rec0,2.0,68.58200000000001,4.833333333333333
2020-04-24 00:00:00+00:00,calibration,respirators,ACM-4 (coupled),don647,rec605,1000.0,151.1025,4.833333333333333
2020-04-24 00:00:00+00:00,calibration,respirators,ACM-4 (coupled),don648,rec599,3.0,122.0285,4.833333333333333
2020-04-24 00:00:00+00:00,calibration,respirators,ACM-4 (coupled),don649,rec87,12.0,14.096,4.833333333333333
2020-04-24 00:00:00+00:00,calibration,respirators,ACM-4 (coupled),don661,rec89,2.0,46.091,4.833333333333333
2020-04-24 00:00:00+00:00,calibration,respirators,ACM-4 (coupled),don662,rec0,20.0,46.091,4.833333333333333
2020-04-24 00:00:00+00:00,calibration,respirators,ACM-4 (coupled),don666,rec0,25.0,532.017,4.833333333333333
2020-04-24 00:00:00+00:00,calibration,respirators,ACM-4 (coupled),don674,rec266,24.0,68.58200000000001,4.833333333333333
2020-04-24 00:00:00+00:00,calibration,respirators,ACM-4 (coupled),don675,rec89,3.0,31.625,4.833333333333333
2020-04-24 00:00:00+00:00,calibration,respirators,ACM-4 (coupled),don676,rec122,2.0,21.963,4.833333333333333
2020-04-24 00:00:00+00:00,calibration,respirators,ACM-4 (coupled),don677,rec582,3.0,14.096,4.833333333333333
2020-04-24 00:00:00+00:00,calibration,respirators,ACM-4 (coupled),don682,rec87,8.0,68.58200000000001,4.833333333333333
2020-04-24 00:00:00+00:00,calibration,respirators,ACM-4 (coupled),don685,rec131,6.0,175.261,4.833333333333333
2020-04-24 00:00:00+00:00,calibration,respirators,ACM-4 (coupled),don686,rec88,6.0,46.091,4.833333333333333
2020-04-24 00:00:00+00:00,calibration,respirators,ACM-4 (coupled),don687,rec442,1.0,366.0375,4.833333333333333
2020-04-24 00:00:00+00:00,calibration,respirators,ACM-4 (coupled),don688,rec89,3.0,349.019,4.833333333333333
2020-04-24 00:00:00+00:00,calibration,respirators,ACM-4 (coupled),don689,rec122,1000.0,46.091,4.833333333333333
2020-04-24 00:00:00+00:00,calibration,respirators,ACM-4 (coupled),don691,rec0,100.0,21.963,4.833333333333333
2020-04-24 00:00:00+00:00,calibration,respirators,ACM-4 (coupled),don692,rec409,15.0,21.963,4.833333333333333
2020-04-24 00:00:00+00:00,calibration,respirators,ACM-4 (coupled),don693,rec89,1000.0,14.096,4.833333333333333
2020-04-24 00:00:00+00:00,calibration,respirators,ACM-4 (coupled),don694,rec89,500.0,46.091,4.833333333333333
2020-04-24 00:00:00+00:00,calibration,respirators,ACM-4 (coupled),don698,rec310,4.0,46.091,4.833333333333333
2020-04-24 00:00:00+00:00,calibration,respirators,ACM-4 (coupled),don703,rec131,1.0,5.1795,4.833333333333333
2020-04-24 00:00:00+00:00,calibration,respirators,ACM-4 (coupled),don705,rec89,620.0,31.625,4.833333333333333
2020-04-24 00:00:00+00:00,calibration,respirators,ACM-4 (coupled),don706,rec0,10.0,5.1795,4.833333333333333
2020-04-24 00:00:00+00:00,calibration,respirators,ACM-4 (coupled),don707,rec0,500.0,68.58200000000001,4.833333333333333
2020-04-24 00:00:00+00:00,calibration,respirators,ACM-4 (coupled),don709,rec605,10.0,14.096,4.833333333333333
2020-04-24 00:00:00+00:00,calibration,respirators,ACM-4 (coupled),don717,rec409,4.0,68.58200000000001,4.833333333333333
2020-04-24 00:00:00+00:00,calibration,respirators,ACM-4 (coupled),don719,rec0,10.0,31.625,4.833333333333333
2020-04-24 00:00:00+00:00,calibration,respirators,ACM-4 (coupled),don723,rec89,180.0,31.625,4.833333333333333
2020-04-24 00:00:00+00:00,calibration,respirators,ACM-4 (coupled),don726,rec88,10.0,5.1795,4.833333333333333
2020-04-24 00:00:00+00:00,calibration,respirators,ACM-4 (coupled),don728,rec0,6.0,5.1795,4.833333333333333
2020-04-24 00:00:00+00:00,calibration,respirators,ACM-4 (coupled),don731,rec122,2.0,21.963,4.833333333333333
2020-04-24 00:00:00+00:00,calibration,respirators,ACM-4 (coupled),don740,rec409,2.0,175.261,4.833333333333333
2020-04-24 00:00:00+00:00,calibration,respirators,ACM-4 (coupled),don745,rec131,500.0,175.261,4.833333333333333
2020-04-24 00:00:00+00:00,calibration,respirators,ACM-4 (coupled),don747,rec605,20.0,385.7645,4.833333333333333
2020-04-24 00:00:00+00:00,calibration,respirators,ACM-4 (coupled),don748,rec89,6.0,5.1795,4.833333333333333
2020-04-24 00:00:00+00:00,calibration,respirators,ACM-4 (coupled),don749,rec89,60.0,46.091,4.833333333333333
2020-04-24 00:00:00+00:00,calibration,respirators,ACM-4 (coupled),don751,rec122,200.0,14.096,4.833333333333333
2020-04-24 00:00:00+00:00,calibration,respirators,ACM-4 (coupled),don752,rec0,40.0,46.091,4.833333333333333
2020-04-24 00:00:00+00:00,calibration,respirators,ACM-4 (coupled),don759,rec12,1000.0,214.4355,4.833333333333333
2020-04-24 00:00:00+00:00,calibration,respirators,ACM-4 (coupled),don761,rec89,20.0,46.091,4.833333333333333
2020-04-24 00:00:00+00:00,calibration,respirators,ACM-4 (coupled),don762,rec0,11.0,5.1795,4.833333333333333
2020-04-24 00:00:00+00:00,calibration,respirators,ACM-4 (coupled),don763,rec89,180.0,31.625,4.833333333333333
2020-04-24 00:00:00+00:00,calibration,respirators,ACM-4 (coupled),don764,rec0,1000.0,638.9715,4.833333333333333
2020-04-24 00:00:00+00:00,calibration,respirators,ACM-4 (coupled),don766,rec409,100.0,46.091,4.833333333333333
2020-04-24 00:00:00+00:00,calibration,respirators,ACM-4 (coupled),don767,rec605,20.0,333.27,4.833333333333333
2020-04-24 00:00:00+00:00,calibration,respirators,ACM-4 (coupled),don768,rec409,4.0,46.091,4.833333333333333
2020-04-24 00:00:00+00:00,calibration,respirators,ACM-4 (coupled),don769,rec409,13.0,46.091,4.833333333333333
2020-04-24 00:00:00+00:00,calibration,respirators,ACM-4 (coupled),don77,rec409,4.0,31.625,4.833333333333333
2020-04-24 00:00:00+00:00,calibration,respirators,ACM-4 (coupled),don771,rec122,20.0,21.963,4.833333333333333
2020-04-24 00:00:00+00:00,calibration,respirators,ACM-4 (coupled),don772,rec409,10.0,46.091,4.833333333333333
2020-04-24 00:00:00+00:00,calibration,respirators,ACM-4 (coupled),don91,rec442,18.0,562.254,4.833333333333333
2020-04-24 00:00:00+00:00,calibration,respirators,ACM-4 (coupled),don92,rec442,1.0,562.254,4.833333333333333
2020-04-24 00:00:00+00:00,calibration,respirators,ACM-4 (coupled),don94,rec122,1000.0,21.963,4.833333333333333
2020-04-24 00:00:00+00:00,calibration,respirators,ACM-4 (coupled),don95,rec0,5.0,690.7964999999999,4.833333333333333
2020-04-24 00:00:00+00:00,calibration,respirators,ACM-4 (coupled),don98,rec599,5.0,31.625,4.833333333333333
2020-04-24 00:00:00+00:00,calibration,respirators,ACM-4 (coupled),don778,rec621,25.0,68.58200000000001,4.499305555555556
2020-04-24 00:00:00+00:00,calibration,respirators,ACM-4 (coupled),don801,rec0,10.0,614.4975,3.25556712962963
2020-04-24 00:00:00+00:00,calibration,respirators,ACM-4 (coupled),don812,rec253,1.0,68.58200000000001,2.883263888888889
2020-04-24 00:00:00+00:00,calibration,respirators,ACM-4 (coupled),don835,rec87,1.0,94.5685,2.2685069444444443
2020-04-24 00:00:00+00:00,calibration,respirators,ACM-4 (coupled),don836,rec89,720.0,31.625,2.263587962962963
2020-04-24 00:00:00+00:00,calibration,respirators,ACM-4 (coupled),don840,rec409,4.0,46.091,2.180138888888889
2020-04-24 00:00:00+00:00,calibration,respirators,ACM-4 (coupled),don852,rec785,16.0,122.0285,1.7783217592592593
2020-04-24 00:00:00+00:00,calibration,respirators,ACM-4 (coupled),don873,rec0,300.0,21.963,1.0271064814814814
2020-04-24 00:00:00+00:00,calibration,respirators,ACM-4 (coupled),don886,rec605,20.0,94.5685,0.8513773148148148
2020-04-24 00:00:00+00:00,calibration,respirators,ACM-4 (coupled),don909,rec409,2.0,175.261,0.025902777777777778
2020-04-24 00:00:00+00:00,calibration,respirators,ACM-4 (coupled),don912,rec89,120.0,21.963,0.009155092592592593
2020-04-24 00:00:00+00:00,calibration,surgicalMasks,ACM-4 (coupled),don102,rec1052,8.0,408.943,4.833333333333333
2020-04-24 00:00:00+00:00,calibration,surgicalMasks,ACM-4 (coupled),don129,rec1052,500.0,333.27,4.833333333333333
2020-04-24 00:00:00+00:00,calibration,surgicalMasks,ACM-4 (coupled),don130,rec1037,500.0,295.1365,4.833333333333333
2020-04-24 00:00:00+00:00,calibration,surgicalMasks,ACM-4 (coupled),don131,rec571,100.0,94.5685,4.833333333333333
2020-04-24 00:00:00+00:00,calibration,surgicalMasks,ACM-4 (coupled),don142,rec1037,80.0,31.625,4.833333333333333
2020-04-24 00:00:00+00:00,calibration,surgicalMasks,ACM-4 (coupled),don159,rec571,8.0,68.58200000000001,4.833333333333333
2020-04-24 00:00:00+00:00,calibration,surgicalMasks,ACM-4 (coupled),don193,rec1037,1000.0,5.1795,4.833333333333333
2020-04-24 00:00:00+00:00,calibration,surgicalMasks,ACM-4 (coupled),don197,rec31,30.0,21.963,4.833333333333333
2020-04-24 00:00:00+00:00,calibration,surgicalMasks,ACM-4 (coupled),don200,rec571,300.0,122.0285,4.833333333333333
2020-04-24 00:00:00+00:00,calibration,surgicalMasks,ACM-4 (coupled),don205,rec31,50.0,31.625,4.833333333333333
2020-04-24 00:00:00+00:00,calibration,surgicalMasks,ACM-4 (coupled),don217,rec571,200.0,94.5685,4.833333333333333
2020-04-24 00:00:00+00:00,calibration,surgicalMasks,ACM-4 (coupled),don228,rec1037,100.0,14.096,4.833333333333333
2020-04-24 00:00:00+00:00,calibration,surgicalMasks,ACM-4 (coupled),don231,rec1037,500.0,295.1365,4.833333333333333
2020-04-24 00:00:00+00:00,calibration,surgicalMasks,ACM-4 (coupled),don242,rec31,20.0,237.9225,4.833333333333333
2020-04-24 00:00:00+00:00,calibration,surgicalMasks,ACM-4 (coupled),don293,rec571,25.0,68.58200000000001,4.833333333333333
2020-04-24 00:00:00+00:00,calibration,surgicalMasks,ACM-4 (coupled),don297,rec1037,100.0,5.1795,4.833333333333333
2020-04-24 00:00:00+00:00,calibration,surgicalMasks,ACM-4 (coupled),don307,rec1037,1000.0,46.091,4.833333333333333
2020-04-24 00:00:00+00:00,calibration,surgicalMasks,ACM-4 (coupled),don310,rec571,80.0,94.5685,4.833333333333333
2020-04-24 00:00:00+00:00,calibration,surgicalMasks,ACM-4 (coupled),don312,rec571,50.0,94.5685,4.833333333333333
2020-04-24 00:00:00+00:00,calibration,surgicalMasks,ACM-4 (coupled),don313,rec571,150.0,68.58200000000001,4.833333333333333
2020-04-24 00:00:00+00:00,calibration,surgicalMasks,ACM-4 (coupled),don323,rec571,150.0,46.091,4.833333333333333
2020-04-24 00:00:00+00:00,calibration,surgicalMasks,ACM-4 (coupled),don324,rec571,5.0,94.5685,4.833333333333333
2020-04-24 00:00:00+00:00,calibration,surgicalMasks,ACM-4 (coupled),don325,rec1037,500.0,21.963,4.833333333333333
2020-04-24 00:00:00+00:00,calibration,surgicalMasks,ACM-4 (coupled),don326,rec1052,1.0,267.284,4.833333333333333
2020-04-24 00:00:00+00:00,calibration,surgicalMasks,ACM-4 (coupled),don327,rec31,75.0,21.963,4.833333333333333
2020-04-24 00:00:00+00:00,calibration,surgicalMasks,ACM-4 (coupled),don329,rec31,10.0,21.963,4.833333333333333
2020-04-24 00:00:00+00:00,calibration,surgicalMasks,ACM-4 (coupled),don350,rec31,50.0,562.254,4.833333333333333
2020-04-24 00:00:00+00:00,calibration,surgicalMasks,ACM-4 (coupled),don352,rec185,500.0,14.096,4.833333333333333
2020-04-24 00:00:00+00:00,calibration,surgicalMasks,ACM-4 (coupled),don355,rec1037,25.0,5.1795,4.833333333333333
2020-04-24 00:00:00+00:00,calibration,surgicalMasks,ACM-4 (coupled),don371,rec31,60.0,31.625,4.833333333333333
2020-04-24 00:00:00+00:00,calibration,surgicalMasks,ACM-4 (coupled),don382,rec1037,60.0,436.4295,4.833333333333333
2020-04-24 00:00:00+00:00,calibration,surgicalMasks,ACM-4 (coupled),don387,rec31,50.0,408.943,4.833333333333333
2020-04-24 00:00:00+00:00,calibration,surgicalMasks,ACM-4 (coupled),don423,rec1037,150.0,31.625,4.833333333333333
2020-04-24 00:00:00+00:00,calibration,surgicalMasks,ACM-4 (coupled),don424,rec342,40.0,295.1365,4.833333333333333
2020-04-24 00:00:00+00:00,calibration,surgicalMasks,ACM-4 (coupled),don425,rec342,50.0,214.4355,4.833333333333333
2020-04-24 00:00:00+00:00,calibration,surgicalMasks,ACM-4 (coupled),don437,rec342,250.0,122.0285,4.833333333333333
2020-04-24 00:00:00+00:00,calibration,surgicalMasks,ACM-4 (coupled),don442,rec1037,3.0,5.1795,4.833333333333333
2020-04-24 00:00:00+00:00,calibration,surgicalMasks,ACM-4 (coupled),don453,rec31,50.0,94.5685,4.833333333333333
2020-04-24 00:00:00+00:00,calibration,surgicalMasks,ACM-4 (coupled),don455,rec31,4.0,31.625,4.833333333333333
2020-04-24 00:00:00+00:00,calibration,surgicalMasks,ACM-4 (coupled),don475,rec31,5.0,46.091,4.833333333333333
2020-04-24 00:00:00+00:00,calibration,surgicalMasks,ACM-4 (coupled),don477,rec31,100.0,349.019,4.833333333333333
2020-04-24 00:00:00+00:00,calibration,surgicalMasks,ACM-4 (coupled),don486,rec1037,95.0,5.1795,4.833333333333333
2020-04-24 00:00:00+00:00,calibration,surgicalMasks,ACM-4 (coupled),don488,rec1037,1000.0,14.096,4.833333333333333
2020-04-24 00:00:00+00:00,calibration,surgicalMasks,ACM-4 (coupled),don518,rec184,500.0,784.2255,4.833333333333333
2020-04-24 00:00:00+00:00,calibration,surgicalMasks,ACM-4 (coupled),don519,rec31,230.0,31.625,4.833333333333333
2020-04-24 00:00:00+00:00,calibration,surgicalMasks,ACM-4 (coupled),don532,rec1052,40.0,385.7645,4.833333333333333
2020-04-24 00:00:00+00:00,calibration,surgicalMasks,ACM-4 (coupled),don533,rec184,50.0,94.5685,4.833333333333333
2020-04-24 00:00:00+00:00,calibration,surgicalMasks,ACM-4 (coupled),don536,rec342,100.0,333.27,4.833333333333333
2020-04-24 00:00:00+00:00,calibration,surgicalMasks,ACM-4 (coupled),don537,rec1052,50.0,333.27,4.833333333333333
2020-04-24 00:00:00+00:00,calibration,surgicalMasks,ACM-4 (coupled),don543,rec185,35.0,14.096,4.833333333333333
2020-04-24 00:00:00+00:00,calibration,surgicalMasks,ACM-4 (coupled),don550,rec1037,15.0,295.1365,4.833333333333333
2020-04-24 00:00:00+00:00,calibration,surgicalMasks,ACM-4 (coupled),don551,rec1037,200.0,94.5685,4.833333333333333
2020-04-24 00:00:00+00:00,calibration,surgicalMasks,ACM-4 (coupled),don553,rec571,40.0,94.5685,4.833333333333333
2020-04-24 00:00:00+00:00,calibration,surgicalMasks,ACM-4 (coupled),don554,rec184,150.0,878.2284999999999,4.833333333333333
2020-04-24 00:00:00+00:00,calibration,surgicalMasks,ACM-4 (coupled),don567,rec1037,15.0,366.0375,4.833333333333333
2020-04-24 00:00:00+00:00,calibration,surgicalMasks,ACM-4 (coupled),don571,rec1037,30.0,366.0375,4.833333333333333
2020-04-24 00:00:00+00:00,calibration,surgicalMasks,ACM-4 (coupled),don572,rec571,240.0,94.5685,4.833333333333333
2020-04-24 00:00:00+00:00,calibration,surgicalMasks,ACM-4 (coupled),don577,rec185,250.0,122.0285,4.833333333333333
2020-04-24 00:00:00+00:00,calibration,surgicalMasks,ACM-4 (coupled),don578,rec31,50.0,638.9715,4.833333333333333
2020-04-24 00:00:00+00:00,calibration,surgicalMasks,ACM-4 (coupled),don586,rec571,5.0,94.5685,4.833333333333333
2020-04-24 00:00:00+00:00,calibration,surgicalMasks,ACM-4 (coupled),don589,rec185,3.0,122.0285,4.833333333333333
2020-04-24 00:00:00+00:00,calibration,surgicalMasks,ACM-4 (coupled),don600,rec31,12.0,295.1365,4.833333333333333
2020-04-24 00:00:00+00:00,calibration,surgicalMasks,ACM-4 (coupled),don605,rec1037,30.0,5.1795,4.833333333333333
2020-04-24 00:00:00+00:00,calibration,surgicalMasks,ACM-4 (coupled),don624,rec184,1.0,1018.807,4.833333333333333
2020-04-24 00:00:00+00:00,calibration,surgicalMasks,ACM-4 (coupled),don625,rec184,2.0,1110.1195,4.833333333333333
2020-04-24 00:00:00+00:00,calibration,surgicalMasks,ACM-4 (coupled),don626,rec1037,50.0,14.096,4.833333333333333
2020-04-24 00:00:00+00:00,calibration,surgicalMasks,ACM-4 (coupled),don627,rec1037,900.0,31.625,4.833333333333333
2020-04-24 00:00:00+00:00,calibration,surgicalMasks,ACM-4 (coupled),don628,rec31,12.0,905.1465,4.833333333333333
2020-04-24 00:00:00+00:00,calibration,surgicalMasks,ACM-4 (coupled),don649,rec185,15.0,94.5685,4.833333333333333
2020-04-24 00:00:00+00:00,calibration,surgicalMasks,ACM-4 (coupled),don650,rec1037,1000.0,5.1795,4.833333333333333
2020-04-24 00:00:00+00:00,calibration,surgicalMasks,ACM-4 (coupled),don654,rec184,45.0,408.943,4.833333333333333
2020-04-24 00:00:00+00:00,calibration,surgicalMasks,ACM-4 (coupled),don656,rec184,25.0,333.27,4.833333333333333
2020-04-24 00:00:00+00:00,calibration,surgicalMasks,ACM-4 (coupled),don665,rec1037,20.0,31.625,4.833333333333333
2020-04-24 00:00:00+00:00,calibration,surgicalMasks,ACM-4 (coupled),don666,rec1052,200.0,349.019,4.833333333333333
2020-04-24 00:00:00+00:00,calibration,surgicalMasks,ACM-4 (coupled),don685,rec342,100.0,237.9225,4.833333333333333
2020-04-24 00:00:00+00:00,calibration,surgicalMasks,ACM-4 (coupled),don690,rec1037,10.0,349.019,4.833333333333333
2020-04-24 00:00:00+00:00,calibration,surgicalMasks,ACM-4 (coupled),don691,rec1037,50.0,333.27,4.833333333333333
2020-04-24 00:00:00+00:00,calibration,surgicalMasks,ACM-4 (coupled),don696,rec1037,185.0,333.27,4.833333333333333
2020-04-24 00:00:00+00:00,calibration,surgicalMasks,ACM-4 (coupled),don705,rec1037,100.0,5.1795,4.833333333333333
2020-04-24 00:00:00+00:00,calibration,surgicalMasks,ACM-4 (coupled),don715,rec185,90.0,21.963,4.833333333333333
2020-04-24 00:00:00+00:00,calibration,surgicalMasks,ACM-4 (coupled),don717,rec31,6.0,68.58200000000001,4.833333333333333
2020-04-24 00:00:00+00:00,calibration,surgicalMasks,ACM-4 (coupled),don737,rec571,5.0,68.58200000000001,4.833333333333333
2020-04-24 00:00:00+00:00,calibration,surgicalMasks,ACM-4 (coupled),don738,rec1037,50.0,5.1795,4.833333333333333
2020-04-24 00:00:00+00:00,calibration,surgicalMasks,ACM-4 (coupled),don74,rec1037,20.0,408.943,4.833333333333333
2020-04-24 00:00:00+00:00,calibration,surgicalMasks,ACM-4 (coupled),don745,rec31,100.0,295.1365,4.833333333333333
2020-04-24 00:00:00+00:00,calibration,surgicalMasks,ACM-4 (coupled),don746,rec1037,15.0,21.963,4.833333333333333
2020-04-24 00:00:00+00:00,calibration,surgicalMasks,ACM-4 (coupled),don752,rec1037,500.0,295.1365,4.833333333333333
2020-04-24 00:00:00+00:00,calibration,surgicalMasks,ACM-4 (coupled),don753,rec1037,80.0,14.096,4.833333333333333
2020-04-24 00:00:00+00:00,calibration,surgicalMasks,ACM-4 (coupled),don760,rec31,50.0,31.625,4.833333333333333
2020-04-24 00:00:00+00:00,calibration,surgicalMasks,ACM-4 (coupled),don762,rec1037,35.0,333.27,4.833333333333333
2020-04-24 00:00:00+00:00,calibration,surgicalMasks,ACM-4 (coupled),don764,rec1052,1000.0,385.7645,4.833333333333333
2020-04-24 00:00:00+00:00,calibration,surgicalMasks,ACM-4 (coupled),don771,rec571,40.0,94.5685,4.833333333333333
2020-04-24 00:00:00+00:00,calibration,surgicalMasks,ACM-4 (coupled),don778,rec31,30.0,349.019,4.833333333333333
2020-04-24 00:00:00+00:00,calibration,surgicalMasks,ACM-4 (coupled),don97,rec184,95.0,878.2284999999999,4.833333333333333
2020-04-24 00:00:00+00:00,calibration,surgicalMasks,ACM-4 (coupled),don791,rec31,200.0,638.9715,4.106944444444444
2020-04-24 00:00:00+00:00,calibration,surgicalMasks,ACM-4 (coupled),don825,rec184,4.0,214.4355,2.3366435185185184
2020-04-24 00:00:00+00:00,calibration,surgicalMasks,ACM-4 (coupled),don827,rec184,4.0,214.4355,2.3366319444444446
2020-04-24 00:00:00+00:00,calibration,surgicalMasks,ACM-4 (coupled),don829,rec184,4.0,214.4355,2.3366319444444446
2020-04-24 00:00:00+00:00,calibration,surgicalMasks,ACM-4 (coupled),don833,rec31,300.0,31.625,2.280798611111111
2020-04-24 00:00:00+00:00,calibration,surgicalMasks,ACM-4 (coupled),don837,rec1037,200.0,94.5685,2.241886574074074
2020-04-24 00:00:00+00:00,calibration,surgicalMasks,ACM-4 (coupled),don839,rec1037,1000.0,316.3175,2.186898148148148
2020-04-24 00:00:00+00:00,calibration,surgicalMasks,ACM-4 (coupled),don845,rec31,75.0,21.963,2.0969328703703702
2020-04-24 00:00:00+00:00,calibration,surgicalMasks,ACM-4 (coupled),don847,rec1037,150.0,333.27,2.015601851851852
2020-04-24 00:00:00+00:00,calibration,surgicalMasks,ACM-4 (coupled),don873,rec1037,232.0,316.3175,1.0271064814814814
2020-04-24 00:00:00+00:00,calibration,surgicalMasks,ACM-4 (coupled),don875,rec185,300.0,5.1795,1.025451388888889
2020-04-24 00:00:00+00:00,calibration,surgicalMasks,ACM-4 (coupled),don882,rec31,200.0,46.091,0.916400462962963
2020-04-24 00:00:00+00:00,calibration,surgicalMasks,ACM-4 (coupled),don884,rec185,300.0,5.1795,0.8795949074074074
2020-04-24 00:00:00+00:00,calibration,surgicalMasks,ACM-4 (coupled),don887,rec1052,50.0,436.4295,0.7370023148148148
2020-04-24 00:00:00+00:00,calibration,surgicalMasks,ACM-4 (coupled),don905,rec571,165.0,94.5685,0.04400462962962963
2020-04-24 00:00:00+00:00,calibration,surgicalMasks,ACM-4 (coupled),don906,rec1050,1000.0,31.625,0.029756944444444444
2020-04-24 00:00:00+00:00,calibration,surgicalMasks,ACM-4 (coupled),don909,rec31,100.0,151.1025,0.025902777777777778
2020-04-24 00:00:00+00:00,calibration,surgicalMasks,ACM-4 (coupled),don911,rec571,139.0,68.58200000000001,0.01954861111111111
2020-04-24 00:00:00+00:00,calibration,faceShields,ACM-4 (coupled),don107,rec0,7.0,690.7964999999999,4.833333333333333
2020-04-24 00:00:00+00:00,calibration,faceShields,ACM-4 (coupled),don112,rec12,50.0,500.0335,4.833333333333333
2020-04-24 00:00:00+00:00,calibration,faceShields,ACM-4 (coupled),don114,rec266,300.0,14.096,4.833333333333333
2020-04-24 00:00:00+00:00,calibration,faceShields,ACM-4 (coupled),don115,rec266,200.0,46.091,4.833333333333333
2020-04-24 00:00:00+00:00,calibration,faceShields,ACM-4 (coupled),don127,rec12,100.0,366.0375,4.833333333333333
2020-04-24 00:00:00+00:00,calibration,faceShields,ACM-4 (coupled),don128,rec89,500.0,5.1795,4.833333333333333
2020-04-24 00:00:00+00:00,calibration,faceShields,ACM-4 (coupled),don153,rec0,50.0,46.091,4.833333333333333
2020-04-24 00:00:00+00:00,calibration,faceShields,ACM-4 (coupled),don154,rec0,10.0,122.0285,4.833333333333333
2020-04-24 00:00:00+00:00,calibration,faceShields,ACM-4 (coupled),don156,rec266,5.0,68.58200000000001,4.833333333333333
2020-04-24 00:00:00+00:00,calibration,faceShields,ACM-4 (coupled),don189,rec131,48.0,408.943,4.833333333333333
2020-04-24 00:00:00+00:00,calibration,faceShields,ACM-4 (coupled),don190,rec0,100.0,732.9655,4.833333333333333
2020-04-24 00:00:00+00:00,calibration,faceShields,ACM-4 (coupled),don191,rec185,100.0,14.096,4.833333333333333
2020-04-24 00:00:00+00:00,calibration,faceShields,ACM-4 (coupled),don238,rec88,10.0,122.0285,4.833333333333333
2020-04-24 00:00:00+00:00,calibration,faceShields,ACM-4 (coupled),don250,rec185,1.0,68.58200000000001,4.833333333333333
2020-04-24 00:00:00+00:00,calibration,faceShields,ACM-4 (coupled),don288,rec266,100.0,5.1795,4.833333333333333
2020-04-24 00:00:00+00:00,calibration,faceShields,ACM-4 (coupled),don308,rec89,100.0,31.625,4.833333333333333
2020-04-24 00:00:00+00:00,calibration,faceShields,ACM-4 (coupled),don319,rec185,100.0,21.963,4.833333333333333
2020-04-24 00:00:00+00:00,calibration,faceShields,ACM-4 (coupled),don320,rec185,14.0,122.0285,4.833333333333333
2020-04-24 00:00:00+00:00,calibration,faceShields,ACM-4 (coupled),don322,rec409,200.0,46.091,4.833333333333333
2020-04-24 00:00:00+00:00,calibration,faceShields,ACM-4 (coupled),don332,rec253,100.0,68.58200000000001,4.833333333333333
2020-04-24 00:00:00+00:00,calibration,faceShields,ACM-4 (coupled),don336,rec0,100.0,46.091,4.833333333333333
2020-04-24 00:00:00+00:00,calibration,faceShields,ACM-4 (coupled),don337,rec0,200.0,21.963,4.833333333333333
2020-04-24 00:00:00+00:00,calibration,faceShields,ACM-4 (coupled),don338,rec185,300.0,68.58200000000001,4.833333333333333
2020-04-24 00:00:00+00:00,calibration,faceShields,ACM-4 (coupled),don339,rec12,50.0,333.27,4.833333333333333
2020-04-24 00:00:00+00:00,calibration,faceShields,ACM-4 (coupled),don349,rec266,100.0,122.0285,4.833333333333333
2020-04-24 00:00:00+00:00,calibration,faceShields,ACM-4 (coupled),don363,rec38,100.0,467.0545,4.833333333333333
2020-04-24 00:00:00+00:00,calibration,faceShields,ACM-4 (coupled),don366,rec89,1000.0,31.625,4.833333333333333
2020-04-24 00:00:00+00:00,calibration,faceShields,ACM-4 (coupled),don367,rec0,50.0,690.7964999999999,4.833333333333333
2020-04-24 00:00:00+00:00,calibration,faceShields,ACM-4 (coupled),don368,rec266,400.0,122.0285,4.833333333333333
2020-04-24 00:00:00+00:00,calibration,faceShields,ACM-4 (coupled),don369,rec409,30.0,5.1795,4.833333333333333
2020-04-24 00:00:00+00:00,calibration,faceShields,ACM-4 (coupled),don370,rec266,500.0,46.091,4.833333333333333
2020-04-24 00:00:00+00:00,calibration,faceShields,ACM-4 (coupled),don378,rec38,15.0,467.0545,4.833333333333333
2020-04-24 00:00:00+00:00,calibration,faceShields,ACM-4 (coupled),don389,rec89,200.0,21.963,4.833333333333333
2020-04-24 00:00:00+00:00,calibration,faceShields,ACM-4 (coupled),don391,rec89,40.0,21.963,4.833333333333333
2020-04-24 00:00:00+00:00,calibration,faceShields,ACM-4 (coupled),don392,rec89,50.0,5.1795,4.833333333333333
2020-04-24 00:00:00+00:00,calibration,faceShields,ACM-4 (coupled),don395,rec0,30.0,31.625,4.833333333333333
2020-04-24 00:00:00+00:00,calibration,faceShields,ACM-4 (coupled),don407,rec89,15.0,14.096,4.833333333333333
2020-04-24 00:00:00+00:00,calibration,faceShields,ACM-4 (coupled),don408,rec0,50.0,21.963,4.833333333333333
2020-04-24 00:00:00+00:00,calibration,faceShields,ACM-4 (coupled),don409,rec89,40.0,31.625,4.833333333333333
2020-04-24 00:00:00+00:00,calibration,faceShields,ACM-4 (coupled),don410,rec0,500.0,532.017,4.833333333333333
2020-04-24 00:00:00+00:00,calibration,faceShields,ACM-4 (coupled),don433,rec409,20.0,46.091,4.833333333333333
2020-04-24 00:00:00+00:00,calibration,faceShields,ACM-4 (coupled),don434,rec266,100.0,14.096,4.833333333333333
2020-04-24 00:00:00+00:00,calibration,faceShields,ACM-4 (coupled),don448,rec131,82.0,94.5685,4.833333333333333
2020-04-24 00:00:00+00:00,calibration,faceShields,ACM-4 (coupled),don449,rec89,15.0,46.091,4.833333333333333
2020-04-24 00:00:00+00:00,calibration,faceShields,ACM-4 (coupled),don450,rec621,9.0,175.261,4.833333333333333
2020-04-24 00:00:00+00:00,calibration,faceShields,ACM-4 (coupled),don451,rec89,40.0,68.58200000000001,4.833333333333333
2020-04-24 00:00:00+00:00,calibration,faceShields,ACM-4 (coupled),don461,rec12,200.0,993.8215,4.833333333333333
2020-04-24 00:00:00+00:00,calibration,faceShields,ACM-4 (coupled),don463,rec88,30.0,46.091,4.833333333333333
2020-04-24 00:00:00+00:00,calibration,faceShields,ACM-4 (coupled),don472,rec266,14.0,68.58200000000001,4.833333333333333
2020-04-24 00:00:00+00:00,calibration,faceShields,ACM-4 (coupled),don484,rec0,100.0,532.017,4.833333333333333
2020-04-24 00:00:00+00:00,calibration,faceShields,ACM-4 (coupled),don489,rec131,30.0,237.9225,4.833333333333333
2020-04-24 00:00:00+00:00,calibration,faceShields,ACM-4 (coupled),don491,rec266,50.0,21.963,4.833333333333333
2020-04-24 00:00:00+00:00,calibration,faceShields,ACM-4 (coupled),don499,rec185,100.0,5.1795,4.833333333333333
2020-04-24 00:00:00+00:00,calibration,faceShields,ACM-4 (coupled),don501,rec0,100.0,5.1795,4.833333333333333
2020-04-24 00:00:00+00:00,calibration,faceShields,ACM-4 (coupled),don512,rec621,500.0,194.979,4.833333333333333
2020-04-24 00:00:00+00:00,calibration,faceShields,ACM-4 (coupled),don513,rec131,100.0,267.284,4.833333333333333
2020-04-24 00:00:00+00:00,calibration,faceShields,ACM-4 (coupled),don514,rec12,1500.0,993.8215,4.833333333333333
2020-04-24 00:00:00+00:00,calibration,faceShields,ACM-4 (coupled),don516,rec409,20.0,68.58200000000001,4.833333333333333
2020-04-24 00:00:00+00:00,calibration,faceShields,ACM-4 (coupled),don536,rec38,500.0,295.1365,4.833333333333333
2020-04-24 00:00:00+00:00,calibration,faceShields,ACM-4 (coupled),don547,rec0,25.0,14.096,4.833333333333333
2020-04-24 00:00:00+00:00,calibration,faceShields,ACM-4 (coupled),don566,rec0,25.0,664.219,4.833333333333333
2020-04-24 00:00:00+00:00,calibration,faceShields,ACM-4 (coupled),don578,rec621,5.0,214.4355,4.833333333333333
2020-04-24 00:00:00+00:00,calibration,faceShields,ACM-4 (coupled),don583,rec409,100.0,46.091,4.833333333333333
2020-04-24 00:00:00+00:00,calibration,faceShields,ACM-4 (coupled),don587,rec266,50.0,14.096,4.833333333333333
2020-04-24 00:00:00+00:00,calibration,faceShields,ACM-4 (coupled),don602,rec38,100.0,467.0545,4.833333333333333
2020-04-24 00:00:00+00:00,calibration,faceShields,ACM-4 (coupled),don603,rec131,35.0,175.261,4.833333333333333
2020-04-24 00:00:00+00:00,calibration,faceShields,ACM-4 (coupled),don604,rec0,50.0,21.963,4.833333333333333
2020-04-24 00:00:00+00:00,calibration,faceShields,ACM-4 (coupled),don605,rec89,15.0,46.091,4.833333333333333
2020-04-24 00:00:00+00:00,calibration,faceShields,ACM-4 (coupled),don653,rec0,20.0,14.096,4.833333333333333
2020-04-24 00:00:00+00:00,calibration,faceShields,ACM-4 (coupled),don666,rec0,10.0,532.017,4.833333333333333
2020-04-24 00:00:00+00:00,calibration,faceShields,ACM-4 (coupled),don667,rec12,40.0,333.27,4.833333333333333
2020-04-24 00:00:00+00:00,calibration,faceShields,ACM-4 (coupled),don668,rec88,7.0,122.0285,4.833333333333333
2020-04-24 00:00:00+00:00,calibration,faceShields,ACM-4 (coupled),don669,rec131,30.0,94.5685,4.833333333333333
2020-04-24 00:00:00+00:00,calibration,faceShields,ACM-4 (coupled),don670,rec131,50.0,408.943,4.833333333333333
2020-04-24 00:00:00+00:00,calibration,faceShields,ACM-4 (coupled),don680,rec0,70.0,690.7964999999999,4.833333333333333
2020-04-24 00:00:00+00:00,calibration,faceShields,ACM-4 (coupled),don681,rec0,70.0,46.091,4.833333333333333
2020-04-24 00:00:00+00:00,calibration,faceShields,ACM-4 (coupled),don685,rec131,300.0,175.261,4.833333333333333
2020-04-24 00:00:00+00:00,calibration,faceShields,ACM-4 (coupled),don705,rec89,200.0,31.625,4.833333333333333
2020-04-24 00:00:00+00:00,calibration,faceShields,ACM-4 (coupled),don706,rec0,1.0,5.1795,4.833333333333333
2020-04-24 00:00:00+00:00,calibration,faceShields,ACM-4 (coupled),don707,rec0,500.0,68.58200000000001,4.833333333333333
2020-04-24 00:00:00+00:00,calibration,faceShields,ACM-4 (coupled),don712,rec38,1000.0,122.0285,4.833333333333333
2020-04-24 00:00:00+00:00,calibration,faceShields,ACM-4 (coupled),don713,rec409,22.0,14.096,4.833333333333333
2020-04-24 00:00:00+00:00,calibration,faceShields,ACM-4 (coupled),don718,rec38,5.0,690.7964999999999,4.833333333333333
2020-04-24 00:00:00+00:00,calibration,faceShields,ACM-4 (coupled),don720,rec12,10.0,194.979,4.833333333333333
2020-04-24 00:00:00+00:00,calibration,faceShields,ACM-4 (coupled),don736,rec266,1100.0,14.096,4.833333333333333
2020-04-24 00:00:00+00:00,calibration,faceShields,ACM-4 (coupled),don745,rec131,10.0,175.261,4.833333333333333
2020-04-24 00:00:00+00:00,calibration,faceShields,ACM-4 (coupled),don748,rec89,50.0,5.1795,4.833333333333333
2020-04-24 00:00:00+00:00,calibration,faceShields,ACM-4 (coupled),don754,rec621,500.0,175.261,4.833333333333333
2020-04-24 00:00:00+00:00,calibration,faceShields,ACM-4 (coupled),don756,rec409,25.0,46.091,4.833333333333333
2020-04-24 00:00:00+00:00,calibration,faceShields,ACM-4 (coupled),don757,rec0,1.0,21.963,4.833333333333333
2020-04-24 00:00:00+00:00,calibration,faceShields,ACM-4 (coupled),don758,rec266,50.0,21.963,4.833333333333333
2020-04-24 00:00:00+00:00,calibration,faceShields,ACM-4 (coupled),don764,rec0,1000.0,638.9715,4.833333333333333
2020-04-24 00:00:00+00:00,calibration,faceShields,ACM-4 (coupled),don774,rec12,10.0,333.27,4.833333333333333
2020-04-24 00:00:00+00:00,calibration,faceShields,ACM-4 (coupled),don79,rec131,400.0,467.0545,4.833333333333333
2020-04-24 00:00:00+00:00,calibration,faceShields,ACM-4 (coupled),don80,rec89,100.0,68.58200000000001,4.833333333333333
2020-04-24 00:00:00+00:00,calibration,faceShields,ACM-4 (coupled),don787,rec89,130.0,94.5685,4.120138888888889
2020-04-24 00:00:00+00:00,calibration,faceShields,ACM-4 (coupled),don791,rec88,10.0,151.1025,4.106944444444444
2020-04-24 00:00:00+00:00,calibration,faceShields,ACM-4 (coupled),don792,rec38,18.0,237.9225,3.9680555555555554
2020-04-24 00:00:00+00:00,calibration,faceShields,ACM-4 (coupled),don804,rec266,30.0,31.625,3.1822800925925927
2020-04-24 00:00:00+00:00,calibration,faceShields,ACM-4 (coupled),don810,rec266,15.0,14.096,3.1121875
2020-04-24 00:00:00+00:00,calibration,faceShields,ACM-4 (coupled),don818,rec38,262.0,366.0375,2.684375
2020-04-24 00:00:00+00:00,calibration,faceShields,ACM-4 (coupled),don838,rec1052,6.0,366.0375,2.230891203703704
2020-04-24 00:00:00+00:00,calibration,faceShields,ACM-4 (coupled),don844,rec89,70.0,14.096,2.1476273148148146
2020-04-24 00:00:00+00:00,calibration,faceShields,ACM-4 (coupled),don849,rec131,80.0,68.58200000000001,1.954224537037037
2020-04-24 00:00:00+00:00,calibration,faceShields,ACM-4 (coupled),don854,rec0,1000.0,532.017,1.6799768518518519
2020-04-24 00:00:00+00:00,calibration,faceShields,ACM-4 (coupled),don855,rec131,67.0,237.9225,1.4203472222222222
2020-04-24 00:00:00+00:00,calibration,faceShields,ACM-4 (coupled),don858,rec0,200.0,21.963,1.327037037037037
2020-04-24 00:00:00+00:00,calibration,faceShields,ACM-4 (coupled),don871,rec253,40.0,68.58200000000001,1.0721643518518518
2020-04-24 00:00:00+00:00,calibration,faceShields,ACM-4 (coupled),don879,rec185,70.0,5.1795,0.9708449074074074
2020-04-24 00:00:00+00:00,calibration,faceShields,ACM-4 (coupled),don880,rec89,60.0,46.091,0.9651620370370371
2020-04-24 00:00:00+00:00,calibration,faceShields,ACM-4 (coupled),don891,rec131,10.0,562.254,0.40152777777777776
2020-04-24 00:00:00+00:00,calibration,faceShields,ACM-4 (coupled),don892,rec88,200.0,5.1795,0.39244212962962965
2020-04-24 00:00:00+00:00,calibration,faceShields,ACM-4 (coupled),don899,rec12,50.0,993.8215,0.2446412037037037
2020-04-24 00:00:00+00:00,calibration,faceShields,ACM-4 (coupled),don901,rec12,50.0,993.8215,0.2254050925925926
2020-04-24 00:00:00+00:00,calibration,faceShields,ACM-4 (coupled),don910,rec266,20.0,14.096,0.01957175925925926
2020-04-24 00:00:00+00:00,calibration,gowns,ACM-4 (coupled),don178,rec171,500.0,5.1795,4.833333333333333
2020-04-24 00:00:00+00:00,calibration,gowns,ACM-4 (coupled),don179,rec621,8.0,14.096,4.833333333333333
2020-04-24 00:00:00+00:00,calibration,gowns,ACM-4 (coupled),don247,rec89,400.0,21.963,4.833333333333333
2020-04-24 00:00:00+00:00,calibration,gowns,ACM-4 (coupled),don254,rec678,1.0,122.0285,4.833333333333333
2020-04-24 00:00:00+00:00,calibration,gowns,ACM-4 (coupled),don255,rec256,100.0,295.1365,4.833333333333333
2020-04-24 00:00:00+00:00,calibration,gowns,ACM-4 (coupled),don303,rec38,50.0,333.27,4.833333333333333
2020-04-24 00:00:00+00:00,calibration,gowns,ACM-4 (coupled),don304,rec171,9.0,14.096,4.833333333333333
2020-04-24 00:00:00+00:00,calibration,gowns,ACM-4 (coupled),don328,rec185,40.0,14.096,4.833333333333333
2020-04-24 00:00:00+00:00,calibration,gowns,ACM-4 (coupled),don342,rec87,500.0,194.979,4.833333333333333
2020-04-24 00:00:00+00:00,calibration,gowns,ACM-4 (coupled),don343,rec594,500.0,333.27,4.833333333333333
2020-04-24 00:00:00+00:00,calibration,gowns,ACM-4 (coupled),don431,rec1052,100.0,366.0375,4.833333333333333
2020-04-24 00:00:00+00:00,calibration,gowns,ACM-4 (coupled),don459,rec89,150.0,31.625,4.833333333333333
2020-04-24 00:00:00+00:00,calibration,gowns,ACM-4 (coupled),don578,rec463,50.0,68.58200000000001,4.833333333333333
2020-04-24 00:00:00+00:00,calibration,gowns,ACM-4 (coupled),don581,rec89,1.0,31.625,4.833333333333333
2020-04-24 00:00:00+00:00,calibration,gowns,ACM-4 (coupled),don588,rec87,49.0,175.261,4.833333333333333
2020-04-24 00:00:00+00:00,calibration,gowns,ACM-4 (coupled),don605,rec89,3.0,46.091,4.833333333333333
2020-04-24 00:00:00+00:00,calibration,gowns,ACM-4 (coupled),don620,rec131,10.0,237.9225,4.833333333333333
2020-04-24 00:00:00+00:00,calibration,gowns,ACM-4 (coupled),don691,rec313,100.0,14.096,4.833333333333333
2020-04-24 00:00:00+00:00,calibration,gowns,ACM-4 (coupled),don717,rec131,10.0,151.1025,4.833333333333333
2020-04-24 00:00:00+00:00,calibration,gowns,ACM-4 (coupled),don745,rec131,200.0,175.261,4.833333333333333
2020-04-24 00:00:00+00:00,calibration,gowns,ACM-4 (coupled),don756,rec131,75.0,151.1025,4.833333333333333
2020-04-24 00:00:00+00:00,calibration,gowns,ACM-4 (coupled),don760,rec274,4.0,46.091,4.833333333333333
2020-04-24 00:00:00+00:00,calibration,gowns,ACM-4 (coupled),don781,rec253,150.0,175.261,4.418055555555555
2020-05-01 00:00:00+00:00,calibration,respirators,ACM-4 (coupled),don919,rec7,100.0,349.019,6.89494212962963
2020-05-01 00:00:00+00:00,calibration,respirators,ACM-4 (coupled),don927,rec503,10.0,14.096,6.401087962962963
2020-05-01 00:00:00+00:00,calibration,respirators,ACM-4 (coupled),don940,rec503,60.0,14.096,6.1827199074074075
2020-05-01 00:00:00+00:00,calibration,respirators,ACM-4 (coupled),don943,rec7,5.0,94.5685,6.156539351851852
2020-05-01 00:00:00+00:00,calibration,respirators,ACM-4 (coupled),don953,rec23,50.0,349.019,6.040023148148149
2020-05-01 00:00:00+00:00,calibration,respirators,ACM-4 (coupled),don955,rec7,10.0,122.0285,5.990358796296296
2020-05-01 00:00:00+00:00,calibration,respirators,ACM-4 (coupled),don967,rec7,250.0,31.625,5.197708333333333
2020-05-01 00:00:00+00:00,calibration,respirators,ACM-4 (coupled),don970,rec14,50.0,5.1795,5.129675925925926
2020-05-01 00:00:00+00:00,calibration,respirators,ACM-4 (coupled),don973,rec14,480.0,31.625,5.03875
2020-05-01 00:00:00+00:00,calibration,respirators,ACM-4 (coupled),don979,rec926,15.0,21.963,4.84599537037037
2020-05-01 00:00:00+00:00,calibration,respirators,ACM-4 (coupled),don983,rec853,10.0,46.091,4.408935185185185
2020-05-01 00:00:00+00:00,calibration,respirators,ACM-4 (coupled),don986,rec864,10.0,408.943,4.356006944444444
2020-05-01 00:00:00+00:00,calibration,respirators,ACM-4 (coupled),don989,rec7,400.0,14.096,4.341284722222222
2020-05-01 00:00:00+00:00,calibration,respirators,ACM-4 (coupled),don990,rec926,1.0,21.963,4.3397800925925925
2020-05-01 00:00:00+00:00,calibration,respirators,ACM-4 (coupled),don993,rec526,2.0,214.4355,4.2505092592592595
2020-05-01 00:00:00+00:00,calibration,respirators,ACM-4 (coupled),don998,rec503,150.0,14.096,4.179965277777778
2020-05-01 00:00:00+00:00,calibration,respirators,ACM-4 (coupled),don1001,rec458,10.0,94.5685,4.149583333333333
2020-05-01 00:00:00+00:00,calibration,respirators,ACM-4 (coupled),don1014,rec14,300.0,94.5685,3.420798611111111
2020-05-01 00:00:00+00:00,calibration,respirators,ACM-4 (coupled),don1016,rec14,16.0,638.9715,3.368726851851852
2020-05-01 00:00:00+00:00,calibration,respirators,ACM-4 (coupled),don1020,rec452,30.0,122.0285,3.321597222222222
2020-05-01 00:00:00+00:00,calibration,respirators,ACM-4 (coupled),don1022,rec458,12.0,68.58200000000001,3.3034606481481483
2020-05-01 00:00:00+00:00,calibration,respirators,ACM-4 (coupled),don1023,rec853,1000.0,68.58200000000001,3.2814236111111112
2020-05-01 00:00:00+00:00,calibration,respirators,ACM-4 (coupled),don1024,rec325,60.0,316.3175,3.2427430555555556
2020-05-01 00:00:00+00:00,calibration,respirators,ACM-4 (coupled),don1028,rec7,120.0,31.625,3.207476851851852
2020-05-01 00:00:00+00:00,calibration,respirators,ACM-4 (coupled),don1030,rec23,50.0,349.019,3.205914351851852
2020-05-01 00:00:00+00:00,calibration,respirators,ACM-4 (coupled),don1032,rec23,50.0,349.019,3.205914351851852
2020-05-01 00:00:00+00:00,calibration,respirators,ACM-4 (coupled),don1036,rec7,260.0,46.091,3.19318287037037
2020-05-01 00:00:00+00:00,calibration,respirators,ACM-4 (coupled),don1051,rec7,100.0,21.963,2.899421296296296
2020-05-01 00:00:00+00:00,calibration,respirators,ACM-4 (coupled),don1066,rec503,4.0,14.096,2.387164351851852
2020-05-01 00:00:00+00:00,calibration,respirators,ACM-4 (coupled),don1071,rec458,150.0,94.5685,2.2934259259259258
2020-05-01 00:00:00+00:00,calibration,respirators,ACM-4 (coupled),don1072,rec503,750.0,21.963,2.281689814814815
2020-05-01 00:00:00+00:00,calibration,respirators,ACM-4 (coupled),don1083,rec7,21.0,94.5685,2.2072800925925926
2020-05-01 00:00:00+00:00,calibration,respirators,ACM-4 (coupled),don1084,rec458,1.0,68.58200000000001,2.1980208333333335
2020-05-01 00:00:00+00:00,calibration,respirators,ACM-4 (coupled),don1085,rec526,2.0,5.1795,2.177337962962963
2020-05-01 00:00:00+00:00,calibration,respirators,ACM-4 (coupled),don1100,rec310,1.0,175.261,2.032233796296296
2020-05-01 00:00:00+00:00,calibration,respirators,ACM-4 (coupled),don1102,rec14,5.0,68.58200000000001,2.0016782407407407
2020-05-01 00:00:00+00:00,calibration,respirators,ACM-4 (coupled),don1104,rec14,5.0,68.58200000000001,1.9846064814814814
2020-05-01 00:00:00+00:00,calibration,respirators,ACM-4 (coupled),don1113,rec458,200.0,68.58200000000001,1.307025462962963
2020-05-01 00:00:00+00:00,calibration,respirators,ACM-4 (coupled),don1114,rec452,40.0,151.1025,1.2885185185185186
2020-05-01 00:00:00+00:00,calibration,respirators,ACM-4 (coupled),don1115,rec452,40.0,151.1025,1.2885185185185186
2020-05-01 00:00:00+00:00,calibration,respirators,ACM-4 (coupled),don1132,rec23,20.0,214.4355,0.950474537037037
2020-05-01 00:00:00+00:00,calibration,respirators,ACM-4 (coupled),don1149,rec14,10.0,21.963,0.14726851851851852
2020-05-01 00:00:00+00:00,calibration,surgicalMasks,ACM-4 (coupled),don873,rec1074,68.0,316.3175,8.027106481481482
2020-05-01 00:00:00+00:00,calibration,surgicalMasks,ACM-4 (coupled),don919,rec1074,90.0,385.7645,6.89494212962963
2020-05-01 00:00:00+00:00,calibration,surgicalMasks,ACM-4 (coupled),don921,rec615,4.0,94.5685,6.8941435185185185
2020-05-01 00:00:00+00:00,calibration,surgicalMasks,ACM-4 (coupled),don927,rec912,100.0,68.58200000000001,6.401087962962963
2020-05-01 00:00:00+00:00,calibration,surgicalMasks,ACM-4 (coupled),don939,rec801,100.0,122.0285,6.182928240740741
2020-05-01 00:00:00+00:00,calibration,surgicalMasks,ACM-4 (coupled),don944,rec315,10.0,237.9225,6.153645833333333
2020-05-01 00:00:00+00:00,calibration,surgicalMasks,ACM-4 (coupled),don945,rec315,10.0,237.9225,6.153645833333333
2020-05-01 00:00:00+00:00,calibration,surgicalMasks,ACM-4 (coupled),don947,rec186,1000.0,175.261,6.112951388888889
2020-05-01 00:00:00+00:00,calibration,surgicalMasks,ACM-4 (coupled),don948,rec1074,1000.0,316.3175,6.107893518518519
2020-05-01 00:00:00+00:00,calibration,surgicalMasks,ACM-4 (coupled),don950,rec615,70.0,853.2660000000001,6.050243055555556
2020-05-01 00:00:00+00:00,calibration,surgicalMasks,ACM-4 (coupled),don959,rec912,95.0,68.58200000000001,5.387337962962963
2020-05-01 00:00:00+00:00,calibration,surgicalMasks,ACM-4 (coupled),don960,rec615,500.0,832.5285,5.381759259259259
2020-05-01 00:00:00+00:00,calibration,surgicalMasks,ACM-4 (coupled),don962,rec615,500.0,832.5285,5.3425
2020-05-01 00:00:00+00:00,calibration,surgicalMasks,ACM-4 (coupled),don964,rec1074,50.0,316.3175,5.258969907407407
2020-05-01 00:00:00+00:00,calibration,surgicalMasks,ACM-4 (coupled),don965,rec801,200.0,467.0545,5.230381944444445
2020-05-01 00:00:00+00:00,calibration,surgicalMasks,ACM-4 (coupled),don979,rec615,75.0,94.5685,4.84599537037037
2020-05-01 00:00:00+00:00,calibration,surgicalMasks,ACM-4 (coupled),don982,rec912,300.0,68.58200000000001,4.79505787037037
2020-05-01 00:00:00+00:00,calibration,surgicalMasks,ACM-4 (coupled),don986,rec615,88.0,267.284,4.356006944444444
2020-05-01 00:00:00+00:00,calibration,surgicalMasks,ACM-4 (coupled),don989,rec1074,150.0,31.625,4.341284722222222
2020-05-01 00:00:00+00:00,calibration,surgicalMasks,ACM-4 (coupled),don993,rec801,49.0,122.0285,4.2505092592592595
2020-05-01 00:00:00+00:00,calibration,surgicalMasks,ACM-4 (coupled),don994,rec1074,20.0,5.1795,4.236168981481481
2020-05-01 00:00:00+00:00,calibration,surgicalMasks,ACM-4 (coupled),don998,rec315,100.0,175.261,4.179965277777778
2020-05-01 00:00:00+00:00,calibration,surgicalMasks,ACM-4 (coupled),don1001,rec186,60.0,14.096,4.149583333333333
2020-05-01 00:00:00+00:00,calibration,surgicalMasks,ACM-4 (coupled),don1009,rec315,50.0,237.9225,3.944236111111111
2020-05-01 00:00:00+00:00,calibration,surgicalMasks,ACM-4 (coupled),don1010,rec615,60.0,878.2284999999999,3.8909606481481482
2020-05-01 00:00:00+00:00,calibration,surgicalMasks,ACM-4 (coupled),don1021,rec1074,90.0,366.0375,3.3188310185185186
2020-05-01 00:00:00+00:00,calibration,surgicalMasks,ACM-4 (coupled),don1025,rec315,50.0,237.9225,3.2413773148148146
2020-05-01 00:00:00+00:00,calibration,surgicalMasks,ACM-4 (coupled),don1027,rec1074,70.0,122.0285,3.2114930555555556
2020-05-01 00:00:00+00:00,calibration,surgicalMasks,ACM-4 (coupled),don1036,rec1074,400.0,5.1795,3.19318287037037
2020-05-01 00:00:00+00:00,calibration,surgicalMasks,ACM-4 (coupled),don1043,rec186,100.0,5.1795,3.1288657407407405
2020-05-01 00:00:00+00:00,calibration,surgicalMasks,ACM-4 (coupled),don1044,rec315,40.0,94.5685,3.1230671296296295
2020-05-01 00:00:00+00:00,calibration,surgicalMasks,ACM-4 (coupled),don1045,rec315,50.0,31.625,3.0769212962962964
2020-05-01 00:00:00+00:00,calibration,surgicalMasks,ACM-4 (coupled),don1050,rec186,950.0,14.096,2.9646875
2020-05-01 00:00:00+00:00,calibration,surgicalMasks,ACM-4 (coupled),don1065,rec186,28.0,68.58200000000001,2.3953935185185187
2020-05-01 00:00:00+00:00,calibration,surgicalMasks,ACM-4 (coupled),don1086,rec1074,40.0,349.019,2.1383680555555555
2020-05-01 00:00:00+00:00,calibration,surgicalMasks,ACM-4 (coupled),don1088,rec186,2.0,175.261,2.125474537037037
2020-05-01 00:00:00+00:00,calibration,surgicalMasks,ACM-4 (coupled),don1091,rec615,50.0,94.5685,2.1184606481481483
2020-05-01 00:00:00+00:00,calibration,surgicalMasks,ACM-4 (coupled),don1092,rec1074,30.0,5.1795,2.118425925925926
2020-05-01 00:00:00+00:00,calibration,surgicalMasks,ACM-4 (coupled),don1096,rec1074,1000.0,31.625,2.087523148148148
2020-05-01 00:00:00+00:00,calibration,surgicalMasks,ACM-4 (coupled),don1105,rec186,1000.0,68.58200000000001,1.9441435185185185
2020-05-01 00:00:00+00:00,calibration,surgicalMasks,ACM-4 (coupled),don1106,rec315,50.0,175.261,1.8982291666666666
2020-05-01 00:00:00+00:00,calibration,surgicalMasks,ACM-4 (coupled),don1108,rec615,150.0,1639.246,1.8467592592592592
2020-05-01 00:00:00+00:00,calibration,surgicalMasks,ACM-4 (coupled),don1125,rec1074,200.0,5.1795,1.086238425925926
2020-05-01 00:00:00+00:00,calibration,surgicalMasks,ACM-4 (coupled),don1132,rec615,50.0,993.8215,0.950474537037037
2020-05-01 00:00:00+00:00,calibration,surgicalMasks,ACM-4 (coupled),don1136,rec1074,100.0,366.0375,0.8791087962962963
2020-05-01 00:00:00+00:00,calibration,surgicalMasks,ACM-4 (coupled),don1146,rec1074,40.0,316.3175,0.19282407407407406
2020-05-01 00:00:00+00:00,calibration,faceShields,ACM-4 (coupled),don818,rec635,38.0,214.4355,9.684375
2020-05-01 00:00:00+00:00,calibration,faceShields,ACM-4 (coupled),don915,rec395,1000.0,5.1795,6.922523148148148
2020-05-01 00:00:00+00:00,calibration,faceShields,ACM-4 (coupled),don933,rec82,200.0,31.625,6.263819444444445
2020-05-01 00:00:00+00:00,calibration,faceShields,ACM-4 (coupled),don934,rec184,100.0,237.9225,6.252986111111111
2020-05-01 00:00:00+00:00,calibration,faceShields,ACM-4 (coupled),don951,rec336,60.0,21.963,6.044953703703704
2020-05-01 00:00:00+00:00,calibration,faceShields,ACM-4 (coupled),don961,rec452,40.0,68.58200000000001,5.372627314814815
2020-05-01 00:00:00+00:00,calibration,faceShields,ACM-4 (coupled),don972,rec14,50.0,562.254,5.090381944444444
2020-05-01 00:00:00+00:00,calibration,faceShields,ACM-4 (coupled),don981,rec336,1.0,14.096,4.830150462962963
2020-05-01 00:00:00+00:00,calibration,faceShields,ACM-4 (coupled),don989,rec307,180.0,31.625,4.341284722222222
2020-05-01 00:00:00+00:00,calibration,faceShields,ACM-4 (coupled),don999,rec110,500.0,349.019,4.165543981481481
2020-05-01 00:00:00+00:00,calibration,faceShields,ACM-4 (coupled),don1005,rec99,350.0,122.0285,3.976122685185185
2020-05-01 00:00:00+00:00,calibration,faceShields,ACM-4 (coupled),don1006,rec99,350.0,122.0285,3.976122685185185
2020-05-01 00:00:00+00:00,calibration,faceShields,ACM-4 (coupled),don1007,rec14,1000.0,14.096,3.9605671296296294
2020-05-01 00:00:00+00:00,calibration,faceShields,ACM-4 (coupled),don1015,rec82,100.0,21.963,3.4019097222222223
2020-05-01 00:00:00+00:00,calibration,faceShields,ACM-4 (coupled),don1018,rec635,100.0,562.254,3.33375
2020-05-01 00:00:00+00:00,calibration,faceShields,ACM-4 (coupled),don1037,rec635,1.0,562.254,3.187824074074074
2020-05-01 00:00:00+00:00,calibration,faceShields,ACM-4 (coupled),don1046,rec284,10.0,46.091,3.0667824074074073
2020-05-01 00:00:00+00:00,calibration,faceShields,ACM-4 (coupled),don1047,rec64,50.0,349.019,3.0573958333333335
2020-05-01 00:00:00+00:00,calibration,faceShields,ACM-4 (coupled),don1048,rec452,40.0,68.58200000000001,3.0341087962962963
2020-05-01 00:00:00+00:00,calibration,faceShields,ACM-4 (coupled),don1058,rec14,2.0,5.1795,2.8265625
2020-05-01 00:00:00+00:00,calibration,faceShields,ACM-4 (coupled),don1069,rec635,100.0,590.1020000000001,2.333090277777778
2020-05-01 00:00:00+00:00,calibration,faceShields,ACM-4 (coupled),don1082,rec14,1000.0,5.1795,2.237696759259259
2020-05-01 00:00:00+00:00,calibration,faceShields,ACM-4 (coupled),don1099,rec14,80.0,94.5685,2.0341435185185186
2020-05-01 00:00:00+00:00,calibration,faceShields,ACM-4 (coupled),don1110,rec336,130.0,14.096,1.6012962962962962
2020-05-01 00:00:00+00:00,calibration,faceShields,ACM-4 (coupled),don1116,rec336,625.0,14.096,1.2833796296296296
2020-05-01 00:00:00+00:00,calibration,faceShields,ACM-4 (coupled),don1121,rec307,50.0,31.625,1.154375
2020-05-01 00:00:00+00:00,calibration,faceShields,ACM-4 (coupled),don1123,rec23,550.0,349.019,1.142824074074074
2020-05-01 00:00:00+00:00,calibration,faceShields,ACM-4 (coupled),don1133,rec336,184.0,5.1795,0.9136921296296296
2020-05-01 00:00:00+00:00,calibration,faceShields,ACM-4 (coupled),don1140,rec82,200.0,31.625,0.38787037037037037
2020-05-01 00:00:00+00:00,calibration,faceShields,ACM-4 (coupled),don1141,rec82,200.0,31.625,0.38787037037037037
2020-05-01 00:00:00+00:00,calibration,faceShields,ACM-4 (coupled),don1144,rec82,50.0,21.963,0.2129513888888889
2020-05-01 00:00:00+00:00,calibration,gowns,ACM-4 (coupled),don921,rec268,1.0,267.284,6.8941435185185185
2020-05-01 00:00:00+00:00,calibration,gowns,ACM-4 (coupled),don1054,rec409,1.0,151.1025,2.8837384259259258
2020-05-01 00:00:00+00:00,calibration,gowns,ACM-4 (coupled),don1058,rec593,2.0,14.096,2.8265625
2020-05-01 00:00:00+00:00,calibration,gowns,ACM-4 (coupled),don1079,rec307,600.0,94.5685,2.264710648148148
2020-05-01 00:00:00+00:00,calibration,gowns,ACM-4 (coupled),don1138,rec186,30.0,194.979,0.5157060185185185
2020-05-08 00:00:00+00:00,calibration,respirators,ACM-4 (coupled),don1180,rec683,300.0,68.58200000000001,6.316979166666667
2020-05-08 00:00:00+00:00,calibration,respirators,ACM-4 (coupled),don1184,rec926,5.0,333.27,6.307650462962963
2020-05-08 00:00:00+00:00,calibration,respirators,ACM-4 (coupled),don1196,rec540,800.0,214.4355,6.014664351851851
2020-05-08 00:00:00+00:00,calibration,respirators,ACM-4 (coupled),don1208,rec228,30.0,14.096,5.356030092592593
2020-05-08 00:00:00+00:00,calibration,respirators,ACM-4 (coupled),don1215,rec692,9.0,14.096,5.283819444444444
2020-05-08 00:00:00+00:00,calibration,respirators,ACM-4 (coupled),don1230,rec171,2.0,14.096,4.322048611111111
2020-05-08 00:00:00+00:00,calibration,respirators,ACM-4 (coupled),don1237,rec692,50.0,68.58200000000001,4.185497685185185
2020-05-08 00:00:00+00:00,calibration,respirators,ACM-4 (coupled),don1238,rec171,500.0,21.963,4.173240740740741
2020-05-08 00:00:00+00:00,calibration,respirators,ACM-4 (coupled),don1239,rec20,200.0,31.625,4.170925925925926
2020-05-08 00:00:00+00:00,calibration,respirators,ACM-4 (coupled),don1244,rec171,150.0,31.625,4.005613425925926
2020-05-08 00:00:00+00:00,calibration,respirators,ACM-4 (coupled),don1254,rec881,200.0,5.1795,3.2018287037037036
2020-05-08 00:00:00+00:00,calibration,respirators,ACM-4 (coupled),don1263,rec599,250.0,68.58200000000001,3.0623958333333334
2020-05-08 00:00:00+00:00,calibration,respirators,ACM-4 (coupled),don1274,rec20,50.0,31.625,2.2183217592592595
2020-05-08 00:00:00+00:00,calibration,surgicalMasks,ACM-4 (coupled),don1156,rec687,50.0,905.1465,6.9695833333333335
2020-05-08 00:00:00+00:00,calibration,surgicalMasks,ACM-4 (coupled),don1178,rec1093,100.0,532.017,6.336377314814815
2020-05-08 00:00:00+00:00,calibration,surgicalMasks,ACM-4 (coupled),don1180,rec1093,300.0,333.27,6.316979166666667
2020-05-08 00:00:00+00:00,calibration,surgicalMasks,ACM-4 (coupled),don1187,rec768,50.0,14.096,6.276550925925926
2020-05-08 00:00:00+00:00,calibration,surgicalMasks,ACM-4 (coupled),don1191,rec687,50.0,614.4975,6.150486111111111
2020-05-08 00:00:00+00:00,calibration,surgicalMasks,ACM-4 (coupled),don1193,rec1093,9.0,532.017,6.08130787037037
2020-05-08 00:00:00+00:00,calibration,surgicalMasks,ACM-4 (coupled),don1203,rec687,112.0,267.284,5.370613425925926
2020-05-08 00:00:00+00:00,calibration,surgicalMasks,ACM-4 (coupled),don1208,rec1093,130.0,500.0335,5.356030092592593
2020-05-08 00:00:00+00:00,calibration,surgicalMasks,ACM-4 (coupled),don1209,rec687,40.0,811.1475,5.348831018518519
2020-05-08 00:00:00+00:00,calibration,surgicalMasks,ACM-4 (coupled),don1215,rec687,9.0,175.261,5.283819444444444
2020-05-08 00:00:00+00:00,calibration,surgicalMasks,ACM-4 (coupled),don1217,rec768,10.0,31.625,5.240810185185185
2020-05-08 00:00:00+00:00,calibration,surgicalMasks,ACM-4 (coupled),don1228,rec624,15.0,14.096,4.3809375
2020-05-08 00:00:00+00:00,calibration,surgicalMasks,ACM-4 (coupled),don1229,rec687,50.0,31.625,4.330092592592592
2020-05-08 00:00:00+00:00,calibration,surgicalMasks,ACM-4 (coupled),don1244,rec1333,100.0,21.963,4.005613425925926
2020-05-08 00:00:00+00:00,calibration,surgicalMasks,ACM-4 (coupled),don1246,rec624,4.0,5.1795,3.9541898148148147
2020-05-08 00:00:00+00:00,calibration,surgicalMasks,ACM-4 (coupled),don1251,rec768,50.0,122.0285,3.834247685185185
2020-05-08 00:00:00+00:00,calibration,surgicalMasks,ACM-4 (coupled),don1267,rec687,350.0,31.625,3.0500578703703702
2020-05-08 00:00:00+00:00,calibration,surgicalMasks,ACM-4 (coupled),don1271,rec687,950.0,948.4805,2.458391203703704
2020-05-08 00:00:00+00:00,calibration,surgicalMasks,ACM-4 (coupled),don1274,rec768,100.0,5.1795,2.2183217592592595
2020-05-08 00:00:00+00:00,calibration,surgicalMasks,ACM-4 (coupled),don1275,rec687,200.0,175.261,2.1790625
2020-05-08 00:00:00+00:00,calibration,surgicalMasks,ACM-4 (coupled),don1279,rec768,50.0,68.58200000000001,2.0114699074074074
2020-05-08 00:00:00+00:00,calibration,surgicalMasks,ACM-4 (coupled),don1285,rec687,6.0,175.261,1.3581828703703704
2020-05-08 00:00:00+00:00,calibration,surgicalMasks,ACM-4 (coupled),don1288,rec624,40.0,68.58200000000001,1.0986226851851852
2020-05-08 00:00:00+00:00,calibration,surgicalMasks,ACM-4 (coupled),don1289,rec1333,500.0,14.096,0.9982060185185185
2020-05-08 00:00:00+00:00,calibration,surgicalMasks,ACM-4 (coupled),don1303,rec624,100.0,175.261,0.18952546296296297
2020-05-08 00:00:00+00:00,calibration,surgicalMasks,ACM-4 (coupled),don1304,rec687,100.0,408.943,0.1675462962962963
2020-05-08 00:00:00+00:00,calibration,faceShields,ACM-4 (coupled),don1133,rec456,816.0,31.625,7.91369212962963
2020-05-08 00:00:00+00:00,calibration,faceShields,ACM-4 (coupled),don1158,rec171,50.0,21.963,6.932488425925926
2020-05-08 00:00:00+00:00,calibration,faceShields,ACM-4 (coupled),don1185,rec171,9.0,31.625,6.306979166666666
2020-05-08 00:00:00+00:00,calibration,faceShields,ACM-4 (coupled),don1202,rec456,500.0,5.1795,5.660590277777778
2020-05-08 00:00:00+00:00,calibration,faceShields,ACM-4 (coupled),don1205,rec325,1.0,385.7645,5.363877314814815
2020-05-08 00:00:00+00:00,calibration,faceShields,ACM-4 (coupled),don1217,rec456,1.0,5.1795,5.240810185185185
2020-05-08 00:00:00+00:00,calibration,faceShields,ACM-4 (coupled),don1218,rec197,30.0,31.625,5.234305555555555
2020-05-08 00:00:00+00:00,calibration,faceShields,ACM-4 (coupled),don1219,rec197,40.0,31.625,5.232916666666667
2020-05-08 00:00:00+00:00,calibration,faceShields,ACM-4 (coupled),don1231,rec463,24.0,151.1025,4.274444444444445
2020-05-08 00:00:00+00:00,calibration,faceShields,ACM-4 (coupled),don1248,rec683,2.0,175.261,3.852152777777778
2020-05-08 00:00:00+00:00,calibration,faceShields,ACM-4 (coupled),don1253,rec456,60.0,46.091,3.2237037037037037
2020-05-08 00:00:00+00:00,calibration,faceShields,ACM-4 (coupled),don1268,rec171,50.0,21.963,3.0485069444444446
2020-05-08 00:00:00+00:00,calibration,faceShields,ACM-4 (coupled),don1280,rec480,250.0,122.0285,1.9061574074074075
2020-05-08 00:00:00+00:00,calibration,faceShields,ACM-4 (coupled),don1281,rec924,68.0,214.4355,1.8218981481481482
2020-05-08 00:00:00+00:00,calibration,gowns,ACM-4 (coupled),don1202,rec456,300.0,5.1795,5.660590277777778
2020-05-08 00:00:00+00:00,calibration,gowns,ACM-4 (coupled),don1251,rec400,1.0,122.0285,3.834247685185185
2020-05-15 00:00:00+00:00,calibration,respirators,ACM-4 (coupled),don1329,rec526,600.0,175.261,2.9910763888888887
2020-05-15 00:00:00+00:00,calibration,respirators,ACM-4 (coupled),don1334,rec490,2.0,122.0285,2.4984375
2020-05-15 00:00:00+00:00,calibration,respirators,ACM-4 (coupled),don1345,rec526,1.0,194.979,2.2146296296296297
2020-05-15 00:00:00+00:00,calibration,respirators,ACM-4 (coupled),don1350,rec526,50.0,316.3175,2.1799537037037036
2020-05-15 00:00:00+00:00,calibration,respirators,ACM-4 (coupled),don1357,rec310,5.0,21.963,2.1108680555555557
2020-05-15 00:00:00+00:00,calibration,respirators,ACM-4 (coupled),don1358,rec526,50.0,214.4355,2.1100462962962965
2020-05-15 00:00:00+00:00,calibration,respirators,ACM-4 (coupled),don1360,rec924,1.0,237.9225,2.108738425925926
2020-05-15 00:00:00+00:00,calibration,respirators,ACM-4 (coupled),don1361,rec313,5.0,21.963,2.1078703703703705
2020-05-15 00:00:00+00:00,calibration,respirators,ACM-4 (coupled),don1362,rec313,15.0,46.091,2.1067476851851854
2020-05-15 00:00:00+00:00,calibration,respirators,ACM-4 (coupled),don1364,rec1052,2.0,408.943,2.105474537037037
2020-05-15 00:00:00+00:00,calibration,respirators,ACM-4 (coupled),don1365,rec1052,50.0,436.4295,2.104699074074074
2020-05-15 00:00:00+00:00,calibration,respirators,ACM-4 (coupled),don1368,rec266,100.0,14.096,1.9127662037037036
2020-05-15 00:00:00+00:00,calibration,respirators,ACM-4 (coupled),don1397,rec864,20.0,151.1025,0.9109837962962963
2020-05-15 00:00:00+00:00,calibration,respirators,ACM-4 (coupled),don1400,rec526,22.0,194.979,0.8483680555555555
2020-05-15 00:00:00+00:00,calibration,respirators,ACM-4 (coupled),don1401,rec526,20.0,237.9225,0.5260648148148148
2020-05-15 00:00:00+00:00,calibration,respirators,ACM-4 (coupled),don1413,rec864,20.0,151.1025,0.26895833333333335
2020-05-15 00:00:00+00:00,calibration,surgicalMasks,ACM-4 (coupled),don1332,rec712,50.0,175.261,2.8113657407407406
2020-05-15 00:00:00+00:00,calibration,surgicalMasks,ACM-4 (coupled),don1343,rec712,600.0,46.091,2.3242939814814814
2020-05-15 00:00:00+00:00,calibration,surgicalMasks,ACM-4 (coupled),don1346,rec712,50.0,614.4975,2.2116782407407407
2020-05-15 00:00:00+00:00,calibration,surgicalMasks,ACM-4 (coupled),don1378,rec712,400.0,590.1020000000001,1.3721296296296297
2020-05-15 00:00:00+00:00,calibration,surgicalMasks,ACM-4 (coupled),don1388,rec1224,980.0,366.0375,1.126064814814815
2020-05-15 00:00:00+00:00,calibration,surgicalMasks,ACM-4 (coupled),don1395,rec1224,40.0,175.261,0.9239583333333333
2020-05-15 00:00:00+00:00,calibration,surgicalMasks,ACM-4 (coupled),don1397,rec712,140.0,1077.7195,0.9109837962962963
2020-05-15 00:00:00+00:00,calibration,surgicalMasks,ACM-4 (coupled),don1400,rec712,70.0,46.091,0.8483680555555555
2020-05-15 00:00:00+00:00,calibration,surgicalMasks,ACM-4 (coupled),don1405,rec1224,30.0,175.261,0.3407986111111111
2020-05-15 00:00:00+00:00,calibration,surgicalMasks,ACM-4 (coupled),don1413,rec712,120.0,1077.7195,0.26895833333333335
2020-05-15 00:00:00+00:00,calibration,surgicalMasks,ACM-4 (coupled),don1415,rec624,160.0,151.1025,0.1691087962962963
2020-05-15 00:00:00+00:00,calibration,faceShields,ACM-4 (coupled),don1309,rec793,560.0,5.1795,6.14417824074074
2020-05-15 00:00:00+00:00,calibration,faceShields,ACM-4 (coupled),don1313,rec485,20.0,94.5685,5.130335648148148
2020-05-15 00:00:00+00:00,calibration,faceShields,ACM-4 (coupled),don1319,rec303,500.0,21.963,3.3868287037037037
2020-05-15 00:00:00+00:00,calibration,faceShields,ACM-4 (coupled),don1328,rec87,1000.0,68.58200000000001,3.083391203703704
2020-05-15 00:00:00+00:00,calibration,faceShields,ACM-4 (coupled),don1330,rec593,900.0,21.963,2.8819444444444446
2020-05-15 00:00:00+00:00,calibration,faceShields,ACM-4 (coupled),don1335,rec325,200.0,532.017,2.4657407407407406
2020-05-15 00:00:00+00:00,calibration,faceShields,ACM-4 (coupled),don1336,rec593,300.0,68.58200000000001,2.420023148148148
2020-05-15 00:00:00+00:00,calibration,faceShields,ACM-4 (coupled),don1371,rec303,20.0,21.963,1.8474189814814814
2020-05-15 00:00:00+00:00,calibration,faceShields,ACM-4 (coupled),don1372,rec678,200.0,21.963,1.7829398148148148
2020-05-15 00:00:00+00:00,calibration,faceShields,ACM-4 (coupled),don1373,rec678,200.0,21.963,1.779988425925926
2020-05-15 00:00:00+00:00,calibration,faceShields,ACM-4 (coupled),don1376,rec683,100.0,214.4355,1.5102662037037038
2020-05-15 00:00:00+00:00,calibration,faceShields,ACM-4 (coupled),don1377,rec186,20.0,5.1795,1.3745717592592592
2020-05-15 00:00:00+00:00,calibration,faceShields,ACM-4 (coupled),don1382,rec683,160.0,237.9225,1.2781712962962963
2020-05-15 00:00:00+00:00,calibration,faceShields,ACM-4 (coupled),don1383,rec594,45.0,21.963,1.2716550925925927
2020-05-15 00:00:00+00:00,calibration,faceShields,ACM-4 (coupled),don1384,rec594,45.0,21.963,1.270011574074074
2020-05-15 00:00:00+00:00,calibration,faceShields,ACM-4 (coupled),don1403,rec793,440.0,14.096,0.395
2020-05-15 00:00:00+00:00,calibration,faceShields,ACM-4 (coupled),don1409,rec885,500.0,175.261,0.29792824074074076
2020-05-22 00:00:00+00:00,calibration,respirators,ACM-4 (coupled),don1438,rec927,200.0,175.261,3.1656712962962965
2020-05-22 00:00:00+00:00,calibration,respirators,ACM-4 (coupled),don1453,rec456,1000.0,68.58200000000001,0.07921296296296296
2020-05-22 00:00:00+00:00,calibration,surgicalMasks,ACM-4 (coupled),don1421,rec1332,10.0,21.963,6.064050925925926
2020-05-22 00:00:00+00:00,calibration,surgicalMasks,ACM-4 (coupled),don1430,rec1332,400.0,14.096,4.366909722222222
2020-05-22 00:00:00+00:00,calibration,surgicalMasks,ACM-4 (coupled),don1438,rec712,200.0,175.261,3.1656712962962965
2020-05-22 00:00:00+00:00,calibration,surgicalMasks,ACM-4 (coupled),don1448,rec1309,980.0,366.0375,1.0618865740740742
2020-05-22 00:00:00+00:00,calibration,surgicalMasks,ACM-4 (coupled),don1453,rec1332,1000.0,31.625,0.07921296296296296
2020-05-22 00:00:00+00:00,calibration,faceShields,ACM-4 (coupled),don1403,rec858,160.0,14.096,7.395
2020-05-22 00:00:00+00:00,calibration,faceShields,ACM-4 (coupled),don1418,rec834,100.0,5.1795,6.646215277777777
2020-05-22 00:00:00+00:00,calibration,faceShields,ACM-4 (coupled),don1428,rec540,100.0,408.943,5.053796296296296
2020-05-22 00:00:00+00:00,calibration,faceShields,ACM-4 (coupled),don1432,rec526,100.0,68.58200000000001,4.211967592592592
2020-05-22 00:00:00+00:00,calibration,faceShields,ACM-4 (coupled),don1434,rec450,100.0,46.091,3.8241203703703706
2020-05-22 00:00:00+00:00,calibration,faceShields,ACM-4 (coupled),don1442,rec450,99.0,31.625,2.1559606481481484
2020-05-22 00:00:00+00:00,calibration,faceShields,ACM-4 (coupled),don1450,rec858,1000.0,14.096,0.21225694444444446
2020-05-22 00:00:00+00:00,calibration,gowns,ACM-4 (coupled),don1441,rec409,300.0,68.58200000000001,2.982060185185185
2020-05-22 00:00:00+00:00,calibration,gowns,ACM-4 (coupled),don1446,rec458,24.0,94.5685,1.302800925925926
2020-05-29 00:00:00+00:00,calibration,respirators,ACM-4 (coupled),don1468,rec290,300.0,46.091,5.508599537037037
2020-05-29 00:00:00+00:00,calibration,respirators,ACM-4 (coupled),don1479,rec478,150.0,46.091,3.2044675925925925
2020-05-29 00:00:00+00:00,calibration,respirators,ACM-4 (coupled),don1484,rec673,420.0,5.1795,2.8355439814814813
2020-05-29 00:00:00+00:00,calibration,respirators,ACM-4 (coupled),don1485,rec290,2.0,46.091,2.1637037037037037
2020-05-29 00:00:00+00:00,calibration,respirators,ACM-4 (coupled),don1497,rec582,200.0,46.091,0.319224537037037
2020-05-29 00:00:00+00:00,calibration,surgicalMasks,ACM-4 (coupled),don1456,rec1362,500.0,5.1795,6.9542476851851855
2020-05-29 00:00:00+00:00,calibration,surgicalMasks,ACM-4 (coupled),don1459,rec712,25.0,713.75,6.329224537037037
2020-05-29 00:00:00+00:00,calibration,surgicalMasks,ACM-4 (coupled),don1460,rec712,500.0,46.091,6.193668981481482
2020-05-29 00:00:00+00:00,calibration,surgicalMasks,ACM-4 (coupled),don1479,rec1362,100.0,46.091,3.2044675925925925
2020-05-29 00:00:00+00:00,calibration,surgicalMasks,ACM-4 (coupled),don1482,rec712,30.0,122.0285,2.8859953703703702
2020-05-29 00:00:00+00:00,calibration,faceShields,ACM-4 (coupled),don1461,rec750,56.0,316.3175,6.148993055555556
2020-05-29 00:00:00+00:00,calibration,faceShields,ACM-4 (coupled),don1463,rec615,500.0,94.5685,5.812048611111111
2020-05-29 00:00:00+00:00,calibration,faceShields,ACM-4 (coupled),don1472,rec420,3.0,175.261,3.359722222222222
2020-05-29 00:00:00+00:00,calibration,faceShields,ACM-4 (coupled),don1495,rec750,200.0,46.091,1.323611111111111
2020-05-29 00:00:00+00:00,calibration,faceShields,ACM-4 (coupled),don1498,rec186,200.0,68.58200000000001,0.22850694444444444
2020-05-29 00:00:00+00:00,calibration,gowns,ACM-4 (coupled),don1468,rec274,50.0,94.5685,5.508599537037037
2020-06-05 00:00:00+00:00,calibration,surgicalMasks,ACM-4 (coupled),don1499,rec1244,250.0,14.096,6.902337962962963
2020-06-05 00:00:00+00:00,calibration,faceShields,ACM-4 (coupled),don1502,rec769,112.0,316.3175,2.1164699074074074
2020-06-05 00:00:00+00:00,calibration,faceShields,ACM-4 (coupled),don1504,rec692,1000.0,5.1795,1.1952199074074075
2020-06-05 00:00:00+00:00,calibration,faceShields,ACM-4 (coupled),don1507,rec920,1000.0,408.943,1.0286342592592592
2020-06-12 00:00:00+00:00,validation,respirators,ACM-4 (coupled),don1508,rec945,25.0,237.9225,6.922256944444444
2020-06-12 00:00:00+00:00,validation,respirators,ACM-4 (coupled),don1518,rec1492,1000.0,5.1795,3.208263888888889
2020-06-12 00:00:00+00:00,validation,respirators,ACM-4 (coupled),don1520,rec1111,900.0,5.1795,2.544398148148148
2020-06-12 00:00:00+00:00,validation,respirators,ACM-4 (coupled),don1522,rec119,20.0,5.1795,2.3616550925925925
2020-06-12 00:00:00+00:00,validation,faceShields,ACM-4 (coupled),don1515,rec1435,100.0,31.625,3.3544212962962963
2020-06-12 00:00:00+00:00,validation,faceShields,ACM-4 (coupled),don1527,rec626,106.0,5.1795,1.4218287037037036
2020-06-19 00:00:00+00:00,validation,respirators,ACM-4 (coupled),don1540,rec1019,1000.0,5.1795,5.979548611111111
2020-06-19 00:00:00+00:00,validation,surgicalMasks,ACM-4 (coupled),don1542,rec1584,1000.0,5.1795,3.6922916666666667
2020-06-19 00:00:00+00:00,validation,surgicalMasks,ACM-4 (coupled),don1548,rec1520,50.0,5.1795,2.6946875
2020-06-19 00:00:00+00:00,validation,surgicalMasks,ACM-4 (coupled),don1554,rec1270,60.0,68.58200000000001,2.160740740740741
2020-06-19 00:00:00+00:00,validation,faceShields,ACM-4 (coupled),don1543,rec1113,200.0,151.1025,3.481388888888889
2020-06-19 00:00:00+00:00,validation,faceShields,ACM-4 (coupled),don1544,rec2184,50.0,14.096,3.381898148148148
2020-06-19 00:00:00+00:00,validation,faceShields,ACM-4 (coupled),don1546,rec1691,100.0,14.096,3.3454282407407407
2020-06-19 00:00:00+00:00,validation,faceShields,ACM-4 (coupled),don1557,rec1729,500.0,122.0285,0.3359490740740741
2020-06-19 00:00:00+00:00,validation,gowns,ACM-4 (coupled),don1546,rec329,100.0,122.0285,3.3454282407407407
2020-06-26 00:00:00+00:00,validation,respirators,ACM-4 (coupled),don1559,rec1520,800.0,14.096,5.375034722222222
2020-06-26 00:00:00+00:00,validation,surgicalMasks,ACM-4 (coupled),don1561,rec2035,600.0,21.963,3.279421296296296
2020-06-26 00:00:00+00:00,validation,faceShields,ACM-4 (coupled),don1562,rec1332,2.0,5.1795,2.2496296296296294
2020-06-26 00:00:00+00:00,validation,faceShields,ACM-4 (coupled),don1564,rec1243,200.0,5.1795,1.1930092592592592
2020-06-26 00:00:00+00:00,validation,faceShields,ACM-4 (coupled),don1565,rec1831,100.0,5.1795,0.5170254629629629
2020-07-03 00:00:00+00:00,test,respirators,ACM-4 (coupled),don1579,rec384,3.0,5.1795,0.7224652777777778
2020-07-03 00:00:00+00:00,test,surgicalMasks,ACM-4 (coupled),don1566,rec2397,280.0,237.9225,6.812627314814815
2020-07-03 00:00:00+00:00,test,surgicalMasks,ACM-4 (coupled),don1577,rec1400,50.0,5.1795,1.7765277777777777
2020-07-03 00:00:00+00:00,test,surgicalMasks,ACM-4 (coupled),don1580,rec1111,1000.0,5.1795,0.4565162037037037
2020-07-03 00:00:00+00:00,test,faceShields,ACM-4 (coupled),don1571,rec1520,25.0,5.1795,4.145023148148148
2020-07-03 00:00:00+00:00,test,faceShields,ACM-4 (coupled),don1573,rec2776,5.0,46.091,2.8470949074074072
2020-07-10 00:00:00+00:00,test,respirators,ACM-4 (coupled),don1584,rec2096,5.0,5.1795,6.097974537037037
2020-07-10 00:00:00+00:00,test,respirators,ACM-4 (coupled),don1592,rec138,20.0,5.1795,4.157222222222222
2020-07-10 00:00:00+00:00,test,respirators,ACM-4 (coupled),don1602,rec1523,40.0,21.963,1.2396643518518518
2020-07-10 00:00:00+00:00,test,surgicalMasks,ACM-4 (coupled),don1592,rec2747,30.0,5.1795,4.157222222222222
2020-07-10 00:00:00+00:00,test,surgicalMasks,ACM-4 (coupled),don1596,rec1159,1000.0,68.58200000000001,2.3696180555555557
2020-07-10 00:00:00+00:00,test,surgicalMasks,ACM-4 (coupled),don1599,rec1274,200.0,5.1795,1.9099884259259259
2020-07-10 00:00:00+00:00,test,surgicalMasks,ACM-4 (coupled),don1602,rec1523,50.0,21.963,1.2396643518518518
2020-07-10 00:00:00+00:00,test,surgicalMasks,ACM-4 (coupled),don1604,rec1360,1000.0,14.096,1.107337962962963
2020-07-10 00:00:00+00:00,test,surgicalMasks,ACM-4 (coupled),don1605,rec1524,450.0,5.1795,1.0484606481481482
2020-07-10 00:00:00+00:00,test,faceShields,ACM-4 (coupled),don1585,rec2280,40.0,5.1795,6.008738425925926
2020-07-10 00:00:00+00:00,test,faceShields,ACM-4 (coupled),don1589,rec1030,30.0,5.1795,4.21130787037037
2020-07-10 00:00:00+00:00,test,faceShields,ACM-4 (coupled),don1595,rec2288,25.0,5.1795,2.8978819444444444
2020-07-17 00:00:00+00:00,test,respirators,ACM-4 (coupled),don1611,rec3402,5.0,5.1795,6.970578703703704
2020-07-17 00:00:00+00:00,test,respirators,ACM-4 (coupled),don1622,rec2662,10.0,14.096,5.094039351851852
2020-07-17 00:00:00+00:00,test,surgicalMasks,ACM-4 (coupled),don1615,rec2510,20.0,122.0285,6.857303240740741
2020-07-17 00:00:00+00:00,test,faceShields,ACM-4 (coupled),don1615,rec2733,2.0,214.4355,6.857303240740741
2020-07-17 00:00:00+00:00,test,faceShields,ACM-4 (coupled),don1618,rec2125,1000.0,5.1795,6.23787037037037
2020-07-17 00:00:00+00:00,test,faceShields,ACM-4 (coupled),don1623,rec1268,200.0,5.1795,4.294733796296296
2020-07-24 00:00:00+00:00,test,respirators,ACM-4 (coupled),don1655,rec1519,500.0,5.1795,6.0881944444444445
2020-07-24 00:00:00+00:00,test,faceShields,ACM-4 (coupled),don1655,rec1519,500.0,5.1795,6.0881944444444445
2020-04-03 00:00:00+00:00,calibration,respirators,ACM-4 (independent),don0,rec12,20.0,1237.3895,6.509027777777778
2020-04-24 00:00:00+00:00,calibration,respirators,ACM-4 (independent),don103,rec442,20.0,562.254,4.833333333333333
2020-04-24 00:00:00+00:00,calibration,respirators,ACM-4 (independent),don108,rec89,15.0,31.625,4.833333333333333
2020-04-24 00:00:00+00:00,calibration,respirators,ACM-4 (independent),don116,rec409,1.0,175.261,4.833333333333333
2020-04-24 00:00:00+00:00,calibration,respirators,ACM-4 (independent),don118,rec409,2.0,151.1025,4.833333333333333
2020-04-24 00:00:00+00:00,calibration,respirators,ACM-4 (independent),don124,rec89,100.0,31.625,4.833333333333333
2020-04-24 00:00:00+00:00,calibration,respirators,ACM-4 (independent),don135,rec89,2.0,68.58200000000001,4.833333333333333
2020-04-24 00:00:00+00:00,calibration,respirators,ACM-4 (independent),don141,rec0,5.0,68.58200000000001,4.833333333333333
2020-04-24 00:00:00+00:00,calibration,respirators,ACM-4 (independent),don143,rec89,1.0,31.625,4.833333333333333
2020-04-24 00:00:00+00:00,calibration,respirators,ACM-4 (independent),don145,rec122,19.0,14.096,4.833333333333333
2020-04-24 00:00:00+00:00,calibration,respirators,ACM-4 (independent),don146,rec131,35.0,175.261,4.833333333333333
2020-04-24 00:00:00+00:00,calibration,respirators,ACM-4 (independent),don149,rec89,3.0,31.625,4.833333333333333
2020-04-24 00:00:00+00:00,calibration,respirators,ACM-4 (independent),don150,rec89,18.0,31.625,4.833333333333333
2020-04-24 00:00:00+00:00,calibration,respirators,ACM-4 (independent),don164,rec442,2.0,408.943,4.833333333333333
2020-04-24 00:00:00+00:00,calibration,respirators,ACM-4 (independent),don166,rec87,10.0,46.091,4.833333333333333
2020-04-24 00:00:00+00:00,calibration,respirators,ACM-4 (independent),don167,rec89,2.0,31.625,4.833333333333333
2020-04-24 00:00:00+00:00,calibration,respirators,ACM-4 (independent),don168,rec0,6.0,94.5685,4.833333333333333
2020-04-24 00:00:00+00:00,calibration,respirators,ACM-4 (independent),don172,rec442,12.0,175.261,4.833333333333333
2020-04-24 00:00:00+00:00,calibration,respirators,ACM-4 (independent),don173,rec12,5.0,214.4355,4.833333333333333
2020-04-24 00:00:00+00:00,calibration,respirators,ACM-4 (independent),don184,rec253,140.0,68.58200000000001,4.833333333333333
2020-04-24 00:00:00+00:00,calibration,respirators,ACM-4 (independent),don188,rec621,500.0,175.261,4.833333333333333
2020-04-24 00:00:00+00:00,calibration,respirators,ACM-4 (independent),don199,rec409,10.0,46.091,4.833333333333333
2020-04-24 00:00:00+00:00,calibration,respirators,ACM-4 (independent),don201,rec605,16.0,295.1365,4.833333333333333
2020-04-24 00:00:00+00:00,calibration,respirators,ACM-4 (independent),don204,rec409,7.0,14.096,4.833333333333333
2020-04-24 00:00:00+00:00,calibration,respirators,ACM-4 (independent),don206,rec89,20.0,14.096,4.833333333333333
2020-04-24 00:00:00+00:00,calibration,respirators,ACM-4 (independent),don208,rec89,50.0,21.963,4.833333333333333
2020-04-24 00:00:00+00:00,calibration,respirators,ACM-4 (independent),don209,rec0,1.0,31.625,4.833333333333333
2020-04-24 00:00:00+00:00,calibration,respirators,ACM-4 (independent),don215,rec122,10.0,14.096,4.833333333333333
2020-04-24 00:00:00+00:00,calibration,respirators,ACM-4 (independent),don219,rec89,1.0,31.625,4.833333333333333
2020-04-24 00:00:00+00:00,calibration,respirators,ACM-4 (independent),don220,rec89,14.0,31.625,4.833333333333333
2020-04-24 00:00:00+00:00,calibration,respirators,ACM-4 (independent),don224,rec12,2.0,214.4355,4.833333333333333
2020-04-24 00:00:00+00:00,calibration,respirators,ACM-4 (independent),don233,rec409,2.0,5.1795,4.833333333333333
2020-04-24 00:00:00+00:00,calibration,respirators,ACM-4 (independent),don234,rec89,4.0,214.4355,4.833333333333333
2020-04-24 00:00:00+00:00,calibration,respirators,ACM-4 (independent),don235,rec89,75.0,68.58200000000001,4.833333333333333
2020-04-24 00:00:00+00:00,calibration,respirators,ACM-4 (independent),don243,rec409,30.0,46.091,4.833333333333333
2020-04-24 00:00:00+00:00,calibration,respirators,ACM-4 (independent),don244,rec409,2.0,31.625,4.833333333333333
2020-04-24 00:00:00+00:00,calibration,respirators,ACM-4 (independent),don245,rec409,10.0,31.625,4.833333333333333
2020-04-24 00:00:00+00:00,calibration,respirators,ACM-4 (independent),don247,rec89,200.0,21.963,4.833333333333333
2020-04-24 00:00:00+00:00,calibration,respirators,ACM-4 (independent),don248,rec89,1.0,14.096,4.833333333333333
2020-04-24 00:00:00+00:00,calibration,respirators,ACM-4 (independent),don251,rec0,5.0,14.096,4.833333333333333
2020-04-24 00:00:00+00:00,calibration,respirators,ACM-4 (independent),don258,rec0,40.0,590.1020000000001,4.833333333333333
2020-04-24 00:00:00+00:00,calibration,respirators,ACM-4 (independent),don264,rec89,120.0,46.091,4.833333333333333
2020-04-24 00:00:00+00:00,calibration,respirators,ACM-4 (independent),don265,rec122,2.0,14.096,4.833333333333333
2020-04-24 00:00:00+00:00,calibration,respirators,ACM-4 (independent),don268,rec12,300.0,349.019,4.833333333333333
2020-04-24 00:00:00+00:00,calibration,respirators,ACM-4 (independent),don282,rec0,4.0,5.1795,4.833333333333333
2020-04-24 00:00:00+00:00,calibration,respirators,ACM-4 (independent),don294,rec89,8.0,68.58200000000001,4.833333333333333
2020-04-24 00:00:00+00:00,calibration,respirators,ACM-4 (independent),don295,rec0,5.0,151.1025,4.833333333333333
2020-04-24 00:00:00+00:00,calibration,respirators,ACM-4 (independent),don299,rec89,900.0,46.091,4.833333333333333
2020-04-24 00:00:00+00:00,calibration,respirators,ACM-4 (independent),don305,rec89,30.0,31.625,4.833333333333333
2020-04-24 00:00:00+00:00,calibration,respirators,ACM-4 (independent),don309,rec122,20.0,14.096,4.833333333333333
2020-04-24 00:00:00+00:00,calibration,respirators,ACM-4 (independent),don311,rec122,2.0,21.963,4.833333333333333
2020-04-24 00:00:00+00:00,calibration,respirators,ACM-4 (independent),don314,rec89,140.0,46.091,4.833333333333333
2020-04-24 00:00:00+00:00,calibration,respirators,ACM-4 (independent),don317,rec122,1000.0,14.096,4.833333333333333
2020-04-24 00:00:00+00:00,calibration,respirators,ACM-4 (independent),don353,rec89,10.0,31.625,4.833333333333333
2020-04-24 00:00:00+00:00,calibration,respirators,ACM-4 (independent),don356,rec89,300.0,31.625,4.833333333333333
2020-04-24 00:00:00+00:00,calibration,respirators,ACM-4 (independent),don357,rec89,30.0,46.091,4.833333333333333
2020-04-24 00:00:00+00:00,calibration,respirators,ACM-4 (independent),don358,rec409,60.0,46.091,4.833333333333333
2020-04-24 00:00:00+00:00,calibration,respirators,ACM-4 (independent),don359,rec0,2.0,31.625,4.833333333333333
2020-04-24 00:00:00+00:00,calibration,respirators,ACM-4 (independent),don360,rec87,10.0,68.58200000000001,4.833333333333333
2020-04-24 00:00:00+00:00,calibration,respirators,ACM-4 (independent),don373,rec89,300.0,349.019,4.833333333333333
2020-04-24 00:00:00+00:00,calibration,respirators,ACM-4 (independent),don376,rec38,200.0,385.7645,4.833333333333333
2020-04-24 00:00:00+00:00,calibration,respirators,ACM-4 (independent),don381,rec89,10.0,31.625,4.833333333333333
2020-04-24 00:00:00+00:00,calibration,respirators,ACM-4 (independent),don382,rec89,90.0,408.943,4.833333333333333
2020-04-24 00:00:00+00:00,calibration,respirators,ACM-4 (independent),don383,rec122,11.0,5.1795,4.833333333333333
2020-04-24 00:00:00+00:00,calibration,respirators,ACM-4 (independent),don388,rec38,10.0,237.9225,4.833333333333333
2020-04-24 00:00:00+00:00,calibration,respirators,ACM-4 (independent),don397,rec38,1000.0,237.9225,4.833333333333333
2020-04-24 00:00:00+00:00,calibration,respirators,ACM-4 (independent),don399,rec89,38.0,21.963,4.833333333333333
2020-04-24 00:00:00+00:00,calibration,respirators,ACM-4 (independent),don400,rec89,5.0,5.1795,4.833333333333333
2020-04-24 00:00:00+00:00,calibration,respirators,ACM-4 (independent),don401,rec122,950.0,14.096,4.833333333333333
2020-04-24 00:00:00+00:00,calibration,respirators,ACM-4 (independent),don402,rec0,3.0,5.1795,4.833333333333333
2020-04-24 00:00:00+00:00,calibration,respirators,ACM-4 (independent),don405,rec122,1.0,14.096,4.833333333333333
2020-04-24 00:00:00+00:00,calibration,respirators,ACM-4 (independent),don411,rec0,30.0,94.5685,4.833333333333333
2020-04-24 00:00:00+00:00,calibration,respirators,ACM-4 (independent),don412,rec89,15.0,31.625,4.833333333333333
2020-04-24 00:00:00+00:00,calibration,respirators,ACM-4 (independent),don414,rec89,2.0,46.091,4.833333333333333
2020-04-24 00:00:00+00:00,calibration,respirators,ACM-4 (independent),don422,rec89,1.0,46.091,4.833333333333333
2020-04-24 00:00:00+00:00,calibration,respirators,ACM-4 (independent),don427,rec131,5.0,175.261,4.833333333333333
2020-04-24 00:00:00+00:00,calibration,respirators,ACM-4 (independent),don429,rec0,24.0,5.1795,4.833333333333333
2020-04-24 00:00:00+00:00,calibration,respirators,ACM-4 (independent),don430,rec0,5.0,21.963,4.833333333333333
2020-04-24 00:00:00+00:00,calibration,respirators,ACM-4 (independent),don432,rec0,6.0,690.7964999999999,4.833333333333333
2020-04-24 00:00:00+00:00,calibration,respirators,ACM-4 (independent),don442,rec89,3.0,31.625,4.833333333333333
2020-04-24 00:00:00+00:00,calibration,respirators,ACM-4 (independent),don443,rec253,2.0,68.58200000000001,4.833333333333333
2020-04-24 00:00:00+00:00,calibration,respirators,ACM-4 (independent),don445,rec131,3.0,122.0285,4.833333333333333
2020-04-24 00:00:00+00:00,calibration,respirators,ACM-4 (independent),don446,rec0,5.0,5.1795,4.833333333333333
2020-04-24 00:00:00+00:00,calibration,respirators,ACM-4 (independent),don466,rec605,6.0,21.963,4.833333333333333
2020-04-24 00:00:00+00:00,calibration,respirators,ACM-4 (independent),don467,rec253,400.0,68.58200000000001,4.833333333333333
2020-04-24 00:00:00+00:00,calibration,respirators,ACM-4 (independent),don468,rec89,5.0,46.091,4.833333333333333
2020-04-24 00:00:00+00:00,calibration,respirators,ACM-4 (independent),don487,rec89,3.0,46.091,4.833333333333333
2020-04-24 00:00:00+00:00,calibration,respirators,ACM-4 (independent),don490,rec122,9.0,151.1025,4.833333333333333
2020-04-24 00:00:00+00:00,calibration,respirators,ACM-4 (independent),don493,rec122,1.0,14.096,4.833333333333333
2020-04-24 00:00:00+00:00,calibration,respirators,ACM-4 (independent),don494,rec0,10.0,46.091,4.833333333333333
2020-04-24 00:00:00+00:00,calibration,respirators,ACM-4 (independent),don503,rec122,4.0,14.096,4.833333333333333
2020-04-24 00:00:00+00:00,calibration,respirators,ACM-4 (independent),don507,rec89,50.0,21.963,4.833333333333333
2020-04-24 00:00:00+00:00,calibration,respirators,ACM-4 (independent),don511,rec0,10.0,590.1020000000001,4.833333333333333
2020-04-24 00:00:00+00:00,calibration,respirators,ACM-4 (independent),don522,rec582,8.0,5.1795,4.833333333333333
2020-04-24 00:00:00+00:00,calibration,respirators,ACM-4 (independent),don523,rec87,8.0,68.58200000000001,4.833333333333333
2020-04-24 00:00:00+00:00,calibration,respirators,ACM-4 (independent),don527,rec12,15.0,366.0375,4.833333333333333
2020-04-24 00:00:00+00:00,calibration,respirators,ACM-4 (independent),don529,rec0,20.0,5.1795,4.833333333333333
2020-04-24 00:00:00+00:00,calibration,respirators,ACM-4 (independent),don530,rec89,10.0,46.091,4.833333333333333
2020-04-24 00:00:00+00:00,calibration,respirators,ACM-4 (independent),don531,rec0,12.0,5.1795,4.833333333333333
2020-04-24 00:00:00+00:00,calibration,respirators,ACM-4 (independent),don533,rec605,20.0,14.096,4.833333333333333
2020-04-24 00:00:00+00:00,calibration,respirators,ACM-4 (independent),don536,rec38,100.0,295.1365,4.833333333333333
2020-04-24 00:00:00+00:00,calibration,respirators,ACM-4 (independent),don538,rec89,10.0,31.625,4.833333333333333
2020-04-24 00:00:00+00:00,calibration,respirators,ACM-4 (independent),don540,rec89,42.0,46.091,4.833333333333333
2020-04-24 00:00:00+00:00,calibration,respirators,ACM-4 (independent),don541,rec89,20.0,31.625,4.833333333333333
2020-04-24 00:00:00+00:00,calibration,respirators,ACM-4 (independent),don543,rec87,10.0,68.58200000000001,4.833333333333333
2020-04-24 00:00:00+00:00,calibration,respirators,ACM-4 (independent),don544,rec122,13.0,151.1025,4.833333333333333
2020-04-24 00:00:00+00:00,calibration,respirators,ACM-4 (independent),don545,rec0,6.0,532.017,4.833333333333333
2020-04-24 00:00:00+00:00,calibration,respirators,ACM-4 (independent),don553,rec122,20.0,21.963,4.833333333333333
2020-04-24 00:00:00+00:00,calibration,respirators,ACM-4 (independent),don554,rec442,500.0,562.254,4.833333333333333
2020-04-24 00:00:00+00:00,calibration,respirators,ACM-4 (independent),don568,rec89,10.0,31.625,4.833333333333333
2020-04-24 00:00:00+00:00,calibration,respirators,ACM-4 (independent),don570,rec89,5.0,408.943,4.833333333333333
2020-04-24 00:00:00+00:00,calibration,respirators,ACM-4 (independent),don572,rec122,45.0,14.096,4.833333333333333
2020-04-24 00:00:00+00:00,calibration,respirators,ACM-4 (independent),don575,rec442,7.0,366.0375,4.833333333333333
2020-04-24 00:00:00+00:00,calibration,respirators,ACM-4 (independent),don577,rec87,40.0,122.0285,4.833333333333333
2020-04-24 00:00:00+00:00,calibration,respirators,ACM-4 (independent),don578,rec88,15.0,194.979,4.833333333333333
2020-04-24 00:00:00+00:00,calibration,respirators,ACM-4 (independent),don579,rec122,1.0,46.091,4.833333333333333
2020-04-24 00:00:00+00:00,calibration,respirators,ACM-4 (independent),don580,rec635,1000.0,638.9715,4.833333333333333
2020-04-24 00:00:00+00:00,calibration,respirators,ACM-4 (independent),don581,rec89,1.0,31.625,4.833333333333333
2020-04-24 00:00:00+00:00,calibration,respirators,ACM-4 (independent),don589,rec87,4.0,46.091,4.833333333333333
2020-04-24 00:00:00+00:00,calibration,respirators,ACM-4 (independent),don597,rec0,10.0,46.091,4.833333333333333
2020-04-24 00:00:00+00:00,calibration,respirators,ACM-4 (independent),don599,rec89,5.0,31.625,4.833333333333333
2020-04-24 00:00:00+00:00,calibration,respirators,ACM-4 (independent),don611,rec0,30.0,5.1795,4.833333333333333
2020-04-24 00:00:00+00:00,calibration,respirators,ACM-4 (independent),don612,rec0,70.0,21.963,4.833333333333333
2020-04-24 00:00:00+00:00,calibration,respirators,ACM-4 (independent),don614,rec89,2.0,31.625,4.833333333333333
2020-04-24 00:00:00+00:00,calibration,respirators,ACM-4 (independent),don615,rec89,100.0,94.5685,4.833333333333333
2020-04-24 00:00:00+00:00,calibration,respirators,ACM-4 (independent),don616,rec89,6.0,31.625,4.833333333333333
2020-04-24 00:00:00+00:00,calibration,respirators,ACM-4 (independent),don617,rec89,4.0,21.963,4.833333333333333
2020-04-24 00:00:00+00:00,calibration,respirators,ACM-4 (independent),don620,rec122,20.0,237.9225,4.833333333333333
2020-04-24 00:00:00+00:00,calibration,respirators,ACM-4 (independent),don625,rec635,3.0,590.1020000000001,4.833333333333333
2020-04-24 00:00:00+00:00,calibration,respirators,ACM-4 (independent),don627,rec89,400.0,14.096,4.833333333333333
2020-04-24 00:00:00+00:00,calibration,respirators,ACM-4 (independent),don630,rec409,15.0,46.091,4.833333333333333
2020-04-24 00:00:00+00:00,calibration,respirators,ACM-4 (independent),don633,rec89,1000.0,31.625,4.833333333333333
2020-04-24 00:00:00+00:00,calibration,respirators,ACM-4 (independent),don634,rec89,25.0,46.091,4.833333333333333
2020-04-24 00:00:00+00:00,calibration,respirators,ACM-4 (independent),don635,rec88,20.0,31.625,4.833333333333333
2020-04-24 00:00:00+00:00,calibration,respirators,ACM-4 (independent),don637,rec605,3.0,31.625,4.833333333333333
2020-04-24 00:00:00+00:00,calibration,respirators,ACM-4 (independent),don643,rec131,1.0,94.5685,4.833333333333333
2020-04-24 00:00:00+00:00,calibration,respirators,ACM-4 (independent),don645,rec621,10.0,151.1025,4.833333333333333
2020-04-24 00:00:00+00:00,calibration,respirators,ACM-4 (independent),don646,rec0,2.0,68.58200000000001,4.833333333333333
2020-04-24 00:00:00+00:00,calibration,respirators,ACM-4 (independent),don647,rec605,1000.0,151.1025,4.833333333333333
2020-04-24 00:00:00+00:00,calibration,respirators,ACM-4 (independent),don648,rec599,3.0,122.0285,4.833333333333333
2020-04-24 00:00:00+00:00,calibration,respirators,ACM-4 (independent),don649,rec87,12.0,14.096,4.833333333333333
2020-04-24 00:00:00+00:00,calibration,respirators,ACM-4 (independent),don661,rec89,2.0,46.091,4.833333333333333
2020-04-24 00:00:00+00:00,calibration,respirators,ACM-4 (independent),don662,rec0,20.0,46.091,4.833333333333333
2020-04-24 00:00:00+00:00,calibration,respirators,ACM-4 (independent),don666,rec0,25.0,532.017,4.833333333333333
2020-04-24 00:00:00+00:00,calibration,respirators,ACM-4 (independent),don674,rec266,24.0,68.58200000000001,4.833333333333333
2020-04-24 00:00:00+00:00,calibration,respirators,ACM-4 (independent),don675,rec89,3.0,31.625,4.833333333333333
2020-04-24 00:00:00+00:00,calibration,respirators,ACM-4 (independent),don676,rec122,2.0,21.963,4.833333333333333
2020-04-24 00:00:00+00:00,calibration,respirators,ACM-4 (independent),don677,rec582,3.0,14.096,4.833333333333333
2020-04-24 00:00:00+00:00,calibration,respirators,ACM-4 (independent),don682,rec87,8.0,68.58200000000001,4.833333333333333
2020-04-24 00:00:00+00:00,calibration,respirators,ACM-4 (independent),don685,rec131,6.0,175.261,4.833333333333333
2020-04-24 00:00:00+00:00,calibration,respirators,ACM-4 (independent),don686,rec88,6.0,46.091,4.833333333333333
2020-04-24 00:00:00+00:00,calibration,respirators,ACM-4 (independent),don687,rec442,1.0,366.0375,4.833333333333333
2020-04-24 00:00:00+00:00,calibration,respirators,ACM-4 (independent),don688,rec89,3.0,349.019,4.833333333333333
2020-04-24 00:00:00+00:00,calibration,respirators,ACM-4 (independent),don689,rec122,1000.0,46.091,4.833333333333333
2020-04-24 00:00:00+00:00,calibration,respirators,ACM-4 (independent),don691,rec0,100.0,21.963,4.833333333333333
2020-04-24 00:00:00+00:00,calibration,respirators,ACM-4 (independent),don692,rec409,15.0,21.963,4.833333333333333
2020-04-24 00:00:00+00:00,calibration,respirators,ACM-4 (independent),don693,rec89,1000.0,14.096,4.833333333333333
2020-04-24 00:00:00+00:00,calibration,respirators,ACM-4 (independent),don694,rec89,500.0,46.091,4.833333333333333
2020-04-24 00:00:00+00:00,calibration,respirators,ACM-4 (independent),don698,rec310,4.0,46.091,4.833333333333333
2020-04-24 00:00:00+00:00,calibration,respirators,ACM-4 (independent),don703,rec131,1.0,5.1795,4.833333333333333
2020-04-24 00:00:00+00:00,calibration,respirators,ACM-4 (independent),don705,rec89,620.0,31.625,4.833333333333333
2020-04-24 00:00:00+00:00,calibration,respirators,ACM-4 (independent),don706,rec0,10.0,5.1795,4.833333333333333
2020-04-24 00:00:00+00:00,calibration,respirators,ACM-4 (independent),don707,rec0,500.0,68.58200000000001,4.833333333333333
2020-04-24 00:00:00+00:00,calibration,respirators,ACM-4 (independent),don709,rec605,10.0,14.096,4.833333333333333
2020-04-24 00:00:00+00:00,calibration,respirators,ACM-4 (independent),don717,rec409,4.0,68.58200000000001,4.833333333333333
2020-04-24 00:00:00+00:00,calibration,respirators,ACM-4 (independent),don719,rec0,10.0,31.625,4.833333333333333
2020-04-24 00:00:00+00:00,calibration,respirators,ACM-4 (independent),don723,rec89,180.0,31.625,4.833333333333333
2020-04-24 00:00:00+00:00,calibration,respirators,ACM-4 (independent),don726,rec88,10.0,5.1795,4.833333333333333
2020-04-24 00:00:00+00:00,calibration,respirators,ACM-4 (independent),don728,rec0,6.0,5.1795,4.833333333333333
2020-04-24 00:00:00+00:00,calibration,respirators,ACM-4 (independent),don731,rec122,2.0,21.963,4.833333333333333
2020-04-24 00:00:00+00:00,calibration,respirators,ACM-4 (independent),don740,rec409,2.0,175.261,4.833333333333333
2020-04-24 00:00:00+00:00,calibration,respirators,ACM-4 (independent),don745,rec131,500.0,175.261,4.833333333333333
2020-04-24 00:00:00+00:00,calibration,respirators,ACM-4 (independent),don747,rec605,20.0,385.7645,4.833333333333333
2020-04-24 00:00:00+00:00,calibration,respirators,ACM-4 (independent),don748,rec89,6.0,5.1795,4.833333333333333
2020-04-24 00:00:00+00:00,calibration,respirators,ACM-4 (independent),don749,rec89,60.0,46.091,4.833333333333333
2020-04-24 00:00:00+00:00,calibration,respirators,ACM-4 (independent),don751,rec122,200.0,14.096,4.833333333333333
2020-04-24 00:00:00+00:00,calibration,respirators,ACM-4 (independent),don752,rec0,40.0,46.091,4.833333333333333
2020-04-24 00:00:00+00:00,calibration,respirators,ACM-4 (independent),don759,rec12,1000.0,214.4355,4.833333333333333
2020-04-24 00:00:00+00:00,calibration,respirators,ACM-4 (independent),don761,rec89,20.0,46.091,4.833333333333333
2020-04-24 00:00:00+00:00,calibration,respirators,ACM-4 (independent),don762,rec0,11.0,5.1795,4.833333333333333
2020-04-24 00:00:00+00:00,calibration,respirators,ACM-4 (independent),don763,rec89,180.0,31.625,4.833333333333333
2020-04-24 00:00:00+00:00,calibration,respirators,ACM-4 (independent),don764,rec0,1000.0,638.9715,4.833333333333333
2020-04-24 00:00:00+00:00,calibration,respirators,ACM-4 (independent),don766,rec409,100.0,46.091,4.833333333333333
2020-04-24 00:00:00+00:00,calibration,respirators,ACM-4 (independent),don767,rec605,20.0,333.27,4.833333333333333
2020-04-24 00:00:00+00:00,calibration,respirators,ACM-4 (independent),don768,rec409,4.0,46.091,4.833333333333333
2020-04-24 00:00:00+00:00,calibration,respirators,ACM-4 (independent),don769,rec409,13.0,46.091,4.833333333333333
2020-04-24 00:00:00+00:00,calibration,respirators,ACM-4 (independent),don77,rec409,4.0,31.625,4.833333333333333
2020-04-24 00:00:00+00:00,calibration,respirators,ACM-4 (independent),don771,rec122,20.0,21.963,4.833333333333333
2020-04-24 00:00:00+00:00,calibration,respirators,ACM-4 (independent),don772,rec409,10.0,46.091,4.833333333333333
2020-04-24 00:00:00+00:00,calibration,respirators,ACM-4 (independent),don91,rec442,18.0,562.254,4.833333333333333
2020-04-24 00:00:00+00:00,calibration,respirators,ACM-4 (independent),don92,rec442,1.0,562.254,4.833333333333333
2020-04-24 00:00:00+00:00,calibration,respirators,ACM-4 (independent),don94,rec122,1000.0,21.963,4.833333333333333
2020-04-24 00:00:00+00:00,calibration,respirators,ACM-4 (independent),don95,rec0,5.0,690.7964999999999,4.833333333333333
2020-04-24 00:00:00+00:00,calibration,respirators,ACM-4 (independent),don98,rec599,5.0,31.625,4.833333333333333
2020-04-24 00:00:00+00:00,calibration,respirators,ACM-4 (independent),don778,rec621,25.0,68.58200000000001,4.499305555555556
2020-04-24 00:00:00+00:00,calibration,respirators,ACM-4 (independent),don801,rec0,10.0,614.4975,3.25556712962963
2020-04-24 00:00:00+00:00,calibration,respirators,ACM-4 (independent),don812,rec253,1.0,68.58200000000001,2.883263888888889
2020-04-24 00:00:00+00:00,calibration,respirators,ACM-4 (independent),don835,rec87,1.0,94.5685,2.2685069444444443
2020-04-24 00:00:00+00:00,calibration,respirators,ACM-4 (independent),don836,rec89,720.0,31.625,2.263587962962963
2020-04-24 00:00:00+00:00,calibration,respirators,ACM-4 (independent),don840,rec409,4.0,46.091,2.180138888888889
2020-04-24 00:00:00+00:00,calibration,respirators,ACM-4 (independent),don852,rec785,16.0,122.0285,1.7783217592592593
2020-04-24 00:00:00+00:00,calibration,respirators,ACM-4 (independent),don873,rec0,300.0,21.963,1.0271064814814814
2020-04-24 00:00:00+00:00,calibration,respirators,ACM-4 (independent),don886,rec605,20.0,94.5685,0.8513773148148148
2020-04-24 00:00:00+00:00,calibration,respirators,ACM-4 (independent),don909,rec409,2.0,175.261,0.025902777777777778
2020-04-24 00:00:00+00:00,calibration,respirators,ACM-4 (independent),don912,rec89,120.0,21.963,0.009155092592592593
2020-04-24 00:00:00+00:00,calibration,surgicalMasks,ACM-4 (independent),don102,rec1052,8.0,408.943,4.833333333333333
2020-04-24 00:00:00+00:00,calibration,surgicalMasks,ACM-4 (independent),don129,rec1052,500.0,333.27,4.833333333333333
2020-04-24 00:00:00+00:00,calibration,surgicalMasks,ACM-4 (independent),don130,rec1037,500.0,295.1365,4.833333333333333
2020-04-24 00:00:00+00:00,calibration,surgicalMasks,ACM-4 (independent),don131,rec571,100.0,94.5685,4.833333333333333
2020-04-24 00:00:00+00:00,calibration,surgicalMasks,ACM-4 (independent),don142,rec1037,80.0,31.625,4.833333333333333
2020-04-24 00:00:00+00:00,calibration,surgicalMasks,ACM-4 (independent),don159,rec571,8.0,68.58200000000001,4.833333333333333
2020-04-24 00:00:00+00:00,calibration,surgicalMasks,ACM-4 (independent),don193,rec1037,1000.0,5.1795,4.833333333333333
2020-04-24 00:00:00+00:00,calibration,surgicalMasks,ACM-4 (independent),don197,rec31,30.0,21.963,4.833333333333333
2020-04-24 00:00:00+00:00,calibration,surgicalMasks,ACM-4 (independent),don200,rec571,300.0,122.0285,4.833333333333333
2020-04-24 00:00:00+00:00,calibration,surgicalMasks,ACM-4 (independent),don205,rec31,50.0,31.625,4.833333333333333
2020-04-24 00:00:00+00:00,calibration,surgicalMasks,ACM-4 (independent),don217,rec571,200.0,94.5685,4.833333333333333
2020-04-24 00:00:00+00:00,calibration,surgicalMasks,ACM-4 (independent),don228,rec1037,100.0,14.096,4.833333333333333
2020-04-24 00:00:00+00:00,calibration,surgicalMasks,ACM-4 (independent),don231,rec1037,500.0,295.1365,4.833333333333333
2020-04-24 00:00:00+00:00,calibration,surgicalMasks,ACM-4 (independent),don242,rec31,20.0,237.9225,4.833333333333333
2020-04-24 00:00:00+00:00,calibration,surgicalMasks,ACM-4 (independent),don293,rec571,25.0,68.58200000000001,4.833333333333333
2020-04-24 00:00:00+00:00,calibration,surgicalMasks,ACM-4 (independent),don297,rec1037,100.0,5.1795,4.833333333333333
2020-04-24 00:00:00+00:00,calibration,surgicalMasks,ACM-4 (independent),don307,rec1037,1000.0,46.091,4.833333333333333
2020-04-24 00:00:00+00:00,calibration,surgicalMasks,ACM-4 (independent),don310,rec571,80.0,94.5685,4.833333333333333
2020-04-24 00:00:00+00:00,calibration,surgicalMasks,ACM-4 (independent),don312,rec571,50.0,94.5685,4.833333333333333
2020-04-24 00:00:00+00:00,calibration,surgicalMasks,ACM-4 (independent),don313,rec571,150.0,68.58200000000001,4.833333333333333
2020-04-24 00:00:00+00:00,calibration,surgicalMasks,ACM-4 (independent),don323,rec571,150.0,46.091,4.833333333333333
2020-04-24 00:00:00+00:00,calibration,surgicalMasks,ACM-4 (independent),don324,rec571,5.0,94.5685,4.833333333333333
2020-04-24 00:00:00+00:00,calibration,surgicalMasks,ACM-4 (independent),don325,rec1037,500.0,21.963,4.833333333333333
2020-04-24 00:00:00+00:00,calibration,surgicalMasks,ACM-4 (independent),don326,rec1052,1.0,267.284,4.833333333333333
2020-04-24 00:00:00+00:00,calibration,surgicalMasks,ACM-4 (independent),don327,rec31,75.0,21.963,4.833333333333333
2020-04-24 00:00:00+00:00,calibration,surgicalMasks,ACM-4 (independent),don329,rec31,10.0,21.963,4.833333333333333
2020-04-24 00:00:00+00:00,calibration,surgicalMasks,ACM-4 (independent),don350,rec31,50.0,562.254,4.833333333333333
2020-04-24 00:00:00+00:00,calibration,surgicalMasks,ACM-4 (independent),don352,rec185,500.0,14.096,4.833333333333333
2020-04-24 00:00:00+00:00,calibration,surgicalMasks,ACM-4 (independent),don355,rec1037,25.0,5.1795,4.833333333333333
2020-04-24 00:00:00+00:00,calibration,surgicalMasks,ACM-4 (independent),don371,rec31,60.0,31.625,4.833333333333333
2020-04-24 00:00:00+00:00,calibration,surgicalMasks,ACM-4 (independent),don382,rec1037,60.0,436.4295,4.833333333333333
2020-04-24 00:00:00+00:00,calibration,surgicalMasks,ACM-4 (independent),don387,rec31,50.0,408.943,4.833333333333333
2020-04-24 00:00:00+00:00,calibration,surgicalMasks,ACM-4 (independent),don423,rec1037,150.0,31.625,4.833333333333333
2020-04-24 00:00:00+00:00,calibration,surgicalMasks,ACM-4 (independent),don424,rec342,40.0,295.1365,4.833333333333333
2020-04-24 00:00:00+00:00,calibration,surgicalMasks,ACM-4 (independent),don425,rec342,50.0,214.4355,4.833333333333333
2020-04-24 00:00:00+00:00,calibration,surgicalMasks,ACM-4 (independent),don437,rec342,250.0,122.0285,4.833333333333333
2020-04-24 00:00:00+00:00,calibration,surgicalMasks,ACM-4 (independent),don442,rec1037,3.0,5.1795,4.833333333333333
2020-04-24 00:00:00+00:00,calibration,surgicalMasks,ACM-4 (independent),don453,rec31,50.0,94.5685,4.833333333333333
2020-04-24 00:00:00+00:00,calibration,surgicalMasks,ACM-4 (independent),don455,rec31,4.0,31.625,4.833333333333333
2020-04-24 00:00:00+00:00,calibration,surgicalMasks,ACM-4 (independent),don475,rec31,5.0,46.091,4.833333333333333
2020-04-24 00:00:00+00:00,calibration,surgicalMasks,ACM-4 (independent),don477,rec31,100.0,349.019,4.833333333333333
2020-04-24 00:00:00+00:00,calibration,surgicalMasks,ACM-4 (independent),don486,rec1037,95.0,5.1795,4.833333333333333
2020-04-24 00:00:00+00:00,calibration,surgicalMasks,ACM-4 (independent),don488,rec1037,1000.0,14.096,4.833333333333333
2020-04-24 00:00:00+00:00,calibration,surgicalMasks,ACM-4 (independent),don518,rec184,500.0,784.2255,4.833333333333333
2020-04-24 00:00:00+00:00,calibration,surgicalMasks,ACM-4 (independent),don519,rec31,230.0,31.625,4.833333333333333
2020-04-24 00:00:00+00:00,calibration,surgicalMasks,ACM-4 (independent),don532,rec1052,40.0,385.7645,4.833333333333333
2020-04-24 00:00:00+00:00,calibration,surgicalMasks,ACM-4 (independent),don533,rec184,50.0,94.5685,4.833333333333333
2020-04-24 00:00:00+00:00,calibration,surgicalMasks,ACM-4 (independent),don536,rec342,100.0,333.27,4.833333333333333
2020-04-24 00:00:00+00:00,calibration,surgicalMasks,ACM-4 (independent),don537,rec1052,50.0,333.27,4.833333333333333
2020-04-24 00:00:00+00:00,calibration,surgicalMasks,ACM-4 (independent),don543,rec185,35.0,14.096,4.833333333333333
2020-04-24 00:00:00+00:00,calibration,surgicalMasks,ACM-4 (independent),don550,rec1037,15.0,295.1365,4.833333333333333
2020-04-24 00:00:00+00:00,calibration,surgicalMasks,ACM-4 (independent),don551,rec1037,200.0,94.5685,4.833333333333333
2020-04-24 00:00:00+00:00,calibration,surgicalMasks,ACM-4 (independent),don553,rec571,40.0,94.5685,4.833333333333333
2020-04-24 00:00:00+00:00,calibration,surgicalMasks,ACM-4 (independent),don554,rec184,150.0,878.2284999999999,4.833333333333333
2020-04-24 00:00:00+00:00,calibration,surgicalMasks,ACM-4 (independent),don567,rec1037,15.0,366.0375,4.833333333333333
2020-04-24 00:00:00+00:00,calibration,surgicalMasks,ACM-4 (independent),don571,rec1037,30.0,366.0375,4.833333333333333
2020-04-24 00:00:00+00:00,calibration,surgicalMasks,ACM-4 (independent),don572,rec571,240.0,94.5685,4.833333333333333
2020-04-24 00:00:00+00:00,calibration,surgicalMasks,ACM-4 (independent),don577,rec185,250.0,122.0285,4.833333333333333
2020-04-24 00:00:00+00:00,calibration,surgicalMasks,ACM-4 (independent),don578,rec31,50.0,638.9715,4.833333333333333
2020-04-24 00:00:00+00:00,calibration,surgicalMasks,ACM-4 (independent),don586,rec571,5.0,94.5685,4.833333333333333
2020-04-24 00:00:00+00:00,calibration,surgicalMasks,ACM-4 (independent),don589,rec185,3.0,122.0285,4.833333333333333
2020-04-24 00:00:00+00:00,calibration,surgicalMasks,ACM-4 (independent),don600,rec31,12.0,295.1365,4.833333333333333
2020-04-24 00:00:00+00:00,calibration,surgicalMasks,ACM-4 (independent),don605,rec1037,30.0,5.1795,4.833333333333333
2020-04-24 00:00:00+00:00,calibration,surgicalMasks,ACM-4 (independent),don624,rec184,1.0,1018.807,4.833333333333333
2020-04-24 00:00:00+00:00,calibration,surgicalMasks,ACM-4 (independent),don625,rec184,2.0,1110.1195,4.833333333333333
2020-04-24 00:00:00+00:00,calibration,surgicalMasks,ACM-4 (independent),don626,rec1037,50.0,14.096,4.833333333333333
2020-04-24 00:00:00+00:00,calibration,surgicalMasks,ACM-4 (independent),don627,rec1037,900.0,31.625,4.833333333333333
2020-04-24 00:00:00+00:00,calibration,surgicalMasks,ACM-4 (independent),don628,rec31,12.0,905.1465,4.833333333333333
2020-04-24 00:00:00+00:00,calibration,surgicalMasks,ACM-4 (independent),don649,rec185,15.0,94.5685,4.833333333333333
2020-04-24 00:00:00+00:00,calibration,surgicalMasks,ACM-4 (independent),don650,rec1037,1000.0,5.1795,4.833333333333333
2020-04-24 00:00:00+00:00,calibration,surgicalMasks,ACM-4 (independent),don654,rec184,45.0,408.943,4.833333333333333
2020-04-24 00:00:00+00:00,calibration,surgicalMasks,ACM-4 (independent),don656,rec184,25.0,333.27,4.833333333333333
2020-04-24 00:00:00+00:00,calibration,surgicalMasks,ACM-4 (independent),don665,rec1037,20.0,31.625,4.833333333333333
2020-04-24 00:00:00+00:00,calibration,surgicalMasks,ACM-4 (independent),don666,rec1052,200.0,349.019,4.833333333333333
2020-04-24 00:00:00+00:00,calibration,surgicalMasks,ACM-4 (independent),don685,rec342,100.0,237.9225,4.833333333333333
2020-04-24 00:00:00+00:00,calibration,surgicalMasks,ACM-4 (independent),don690,rec1037,10.0,349.019,4.833333333333333
2020-04-24 00:00:00+00:00,calibration,surgicalMasks,ACM-4 (independent),don691,rec1037,50.0,333.27,4.833333333333333
2020-04-24 00:00:00+00:00,calibration,surgicalMasks,ACM-4 (independent),don696,rec1037,185.0,333.27,4.833333333333333
2020-04-24 00:00:00+00:00,calibration,surgicalMasks,ACM-4 (independent),don705,rec1037,100.0,5.1795,4.833333333333333
2020-04-24 00:00:00+00:00,calibration,surgicalMasks,ACM-4 (independent),don715,rec185,90.0,21.963,4.833333333333333
2020-04-24 00:00:00+00:00,calibration,surgicalMasks,ACM-4 (independent),don717,rec31,6.0,68.58200000000001,4.833333333333333
2020-04-24 00:00:00+00:00,calibration,surgicalMasks,ACM-4 (independent),don737,rec571,5.0,68.58200000000001,4.833333333333333
2020-04-24 00:00:00+00:00,calibration,surgicalMasks,ACM-4 (independent),don738,rec1037,50.0,5.1795,4.833333333333333
2020-04-24 00:00:00+00:00,calibration,surgicalMasks,ACM-4 (independent),don74,rec1037,20.0,408.943,4.833333333333333
2020-04-24 00:00:00+00:00,calibration,surgicalMasks,ACM-4 (independent),don745,rec31,100.0,295.1365,4.833333333333333
2020-04-24 00:00:00+00:00,calibration,surgicalMasks,ACM-4 (independent),don746,rec1037,15.0,21.963,4.833333333333333
2020-04-24 00:00:00+00:00,calibration,surgicalMasks,ACM-4 (independent),don752,rec1037,500.0,295.1365,4.833333333333333
2020-04-24 00:00:00+00:00,calibration,surgicalMasks,ACM-4 (independent),don753,rec1037,80.0,14.096,4.833333333333333
2020-04-24 00:00:00+00:00,calibration,surgicalMasks,ACM-4 (independent),don760,rec31,50.0,31.625,4.833333333333333
2020-04-24 00:00:00+00:00,calibration,surgicalMasks,ACM-4 (independent),don762,rec1037,35.0,333.27,4.833333333333333
2020-04-24 00:00:00+00:00,calibration,surgicalMasks,ACM-4 (independent),don764,rec1052,1000.0,385.7645,4.833333333333333
2020-04-24 00:00:00+00:00,calibration,surgicalMasks,ACM-4 (independent),don771,rec571,40.0,94.5685,4.833333333333333
2020-04-24 00:00:00+00:00,calibration,surgicalMasks,ACM-4 (independent),don778,rec31,30.0,349.019,4.833333333333333
2020-04-24 00:00:00+00:00,calibration,surgicalMasks,ACM-4 (independent),don97,rec184,95.0,878.2284999999999,4.833333333333333
2020-04-24 00:00:00+00:00,calibration,surgicalMasks,ACM-4 (independent),don791,rec31,200.0,638.9715,4.106944444444444
2020-04-24 00:00:00+00:00,calibration,surgicalMasks,ACM-4 (independent),don825,rec184,4.0,214.4355,2.3366435185185184
2020-04-24 00:00:00+00:00,calibration,surgicalMasks,ACM-4 (independent),don827,rec184,4.0,214.4355,2.3366319444444446
2020-04-24 00:00:00+00:00,calibration,surgicalMasks,ACM-4 (independent),don829,rec184,4.0,214.4355,2.3366319444444446
2020-04-24 00:00:00+00:00,calibration,surgicalMasks,ACM-4 (independent),don833,rec31,300.0,31.625,2.280798611111111
2020-04-24 00:00:00+00:00,calibration,surgicalMasks,ACM-4 (independent),don837,rec1037,200.0,94.5685,2.241886574074074
2020-04-24 00:00:00+00:00,calibration,surgicalMasks,ACM-4 (independent),don839,rec1037,1000.0,316.3175,2.186898148148148
2020-04-24 00:00:00+00:00,calibration,surgicalMasks,ACM-4 (independent),don845,rec31,75.0,21.963,2.0969328703703702
2020-04-24 00:00:00+00:00,calibration,surgicalMasks,ACM-4 (independent),don847,rec1037,150.0,333.27,2.015601851851852
2020-04-24 00:00:00+00:00,calibration,surgicalMasks,ACM-4 (independent),don873,rec1037,232.0,316.3175,1.0271064814814814
2020-04-24 00:00:00+00:00,calibration,surgicalMasks,ACM-4 (independent),don875,rec185,300.0,5.1795,1.025451388888889
2020-04-24 00:00:00+00:00,calibration,surgicalMasks,ACM-4 (independent),don882,rec31,200.0,46.091,0.916400462962963
2020-04-24 00:00:00+00:00,calibration,surgicalMasks,ACM-4 (independent),don884,rec185,300.0,5.1795,0.8795949074074074
2020-04-24 00:00:00+00:00,calibration,surgicalMasks,ACM-4 (independent),don887,rec1052,50.0,436.4295,0.7370023148148148
2020-04-24 00:00:00+00:00,calibration,surgicalMasks,ACM-4 (independent),don905,rec571,165.0,94.5685,0.04400462962962963
2020-04-24 00:00:00+00:00,calibration,surgicalMasks,ACM-4 (independent),don906,rec1050,1000.0,31.625,0.029756944444444444
2020-04-24 00:00:00+00:00,calibration,surgicalMasks,ACM-4 (independent),don909,rec31,100.0,151.1025,0.025902777777777778
2020-04-24 00:00:00+00:00,calibration,surgicalMasks,ACM-4 (independent),don911,rec571,139.0,68.58200000000001,0.01954861111111111
2020-04-24 00:00:00+00:00,calibration,faceShields,ACM-4 (independent),don107,rec0,7.0,690.7964999999999,4.833333333333333
2020-04-24 00:00:00+00:00,calibration,faceShields,ACM-4 (independent),don112,rec12,50.0,500.0335,4.833333333333333
2020-04-24 00:00:00+00:00,calibration,faceShields,ACM-4 (independent),don114,rec266,300.0,14.096,4.833333333333333
2020-04-24 00:00:00+00:00,calibration,faceShields,ACM-4 (independent),don115,rec266,200.0,46.091,4.833333333333333
2020-04-24 00:00:00+00:00,calibration,faceShields,ACM-4 (independent),don127,rec12,100.0,366.0375,4.833333333333333
2020-04-24 00:00:00+00:00,calibration,faceShields,ACM-4 (independent),don128,rec89,500.0,5.1795,4.833333333333333
2020-04-24 00:00:00+00:00,calibration,faceShields,ACM-4 (independent),don153,rec0,50.0,46.091,4.833333333333333
2020-04-24 00:00:00+00:00,calibration,faceShields,ACM-4 (independent),don154,rec0,10.0,122.0285,4.833333333333333
2020-04-24 00:00:00+00:00,calibration,faceShields,ACM-4 (independent),don156,rec266,5.0,68.58200000000001,4.833333333333333
2020-04-24 00:00:00+00:00,calibration,faceShields,ACM-4 (independent),don189,rec131,48.0,408.943,4.833333333333333
2020-04-24 00:00:00+00:00,calibration,faceShields,ACM-4 (independent),don190,rec0,100.0,732.9655,4.833333333333333
2020-04-24 00:00:00+00:00,calibration,faceShields,ACM-4 (independent),don191,rec185,100.0,14.096,4.833333333333333
2020-04-24 00:00:00+00:00,calibration,faceShields,ACM-4 (independent),don238,rec88,10.0,122.0285,4.833333333333333
2020-04-24 00:00:00+00:00,calibration,faceShields,ACM-4 (independent),don250,rec185,1.0,68.58200000000001,4.833333333333333
2020-04-24 00:00:00+00:00,calibration,faceShields,ACM-4 (independent),don288,rec266,100.0,5.1795,4.833333333333333
2020-04-24 00:00:00+00:00,calibration,faceShields,ACM-4 (independent),don308,rec89,100.0,31.625,4.833333333333333
2020-04-24 00:00:00+00:00,calibration,faceShields,ACM-4 (independent),don319,rec185,100.0,21.963,4.833333333333333
2020-04-24 00:00:00+00:00,calibration,faceShields,ACM-4 (independent),don320,rec185,14.0,122.0285,4.833333333333333
2020-04-24 00:00:00+00:00,calibration,faceShields,ACM-4 (independent),don322,rec409,200.0,46.091,4.833333333333333
2020-04-24 00:00:00+00:00,calibration,faceShields,ACM-4 (independent),don332,rec253,100.0,68.58200000000001,4.833333333333333
2020-04-24 00:00:00+00:00,calibration,faceShields,ACM-4 (independent),don336,rec0,100.0,46.091,4.833333333333333
2020-04-24 00:00:00+00:00,calibration,faceShields,ACM-4 (independent),don337,rec0,200.0,21.963,4.833333333333333
2020-04-24 00:00:00+00:00,calibration,faceShields,ACM-4 (independent),don338,rec185,300.0,68.58200000000001,4.833333333333333
2020-04-24 00:00:00+00:00,calibration,faceShields,ACM-4 (independent),don339,rec12,50.0,333.27,4.833333333333333
2020-04-24 00:00:00+00:00,calibration,faceShields,ACM-4 (independent),don349,rec266,100.0,122.0285,4.833333333333333
2020-04-24 00:00:00+00:00,calibration,faceShields,ACM-4 (independent),don363,rec38,100.0,467.0545,4.833333333333333
2020-04-24 00:00:00+00:00,calibration,faceShields,ACM-4 (independent),don366,rec89,1000.0,31.625,4.833333333333333
2020-04-24 00:00:00+00:00,calibration,faceShields,ACM-4 (independent),don367,rec0,50.0,690.7964999999999,4.833333333333333
2020-04-24 00:00:00+00:00,calibration,faceShields,ACM-4 (independent),don368,rec266,400.0,122.0285,4.833333333333333
2020-04-24 00:00:00+00:00,calibration,faceShields,ACM-4 (independent),don369,rec409,30.0,5.1795,4.833333333333333
2020-04-24 00:00:00+00:00,calibration,faceShields,ACM-4 (independent),don370,rec266,500.0,46.091,4.833333333333333
2020-04-24 00:00:00+00:00,calibration,faceShields,ACM-4 (independent),don378,rec38,15.0,467.0545,4.833333333333333
2020-04-24 00:00:00+00:00,calibration,faceShields,ACM-4 (independent),don389,rec89,200.0,21.963,4.833333333333333
2020-04-24 00:00:00+00:00,calibration,faceShields,ACM-4 (independent),don391,rec89,40.0,21.963,4.833333333333333
2020-04-24 00:00:00+00:00,calibration,faceShields,ACM-4 (independent),don392,rec89,50.0,5.1795,4.833333333333333
2020-04-24 00:00:00+00:00,calibration,faceShields,ACM-4 (independent),don395,rec0,30.0,31.625,4.833333333333333
2020-04-24 00:00:00+00:00,calibration,faceShields,ACM-4 (independent),don407,rec89,15.0,14.096,4.833333333333333
2020-04-24 00:00:00+00:00,calibration,faceShields,ACM-4 (independent),don408,rec0,50.0,21.963,4.833333333333333
2020-04-24 00:00:00+00:00,calibration,faceShields,ACM-4 (independent),don409,rec89,40.0,31.625,4.833333333333333
2020-04-24 00:00:00+00:00,calibration,faceShields,ACM-4 (independent),don410,rec0,500.0,532.017,4.833333333333333
2020-04-24 00:00:00+00:00,calibration,faceShields,ACM-4 (independent),don433,rec409,20.0,46.091,4.833333333333333
2020-04-24 00:00:00+00:00,calibration,faceShields,ACM-4 (independent),don434,rec266,100.0,14.096,4.833333333333333
2020-04-24 00:00:00+00:00,calibration,faceShields,ACM-4 (independent),don448,rec131,82.0,94.5685,4.833333333333333
2020-04-24 00:00:00+00:00,calibration,faceShields,ACM-4 (independent),don449,rec89,15.0,46.091,4.833333333333333
2020-04-24 00:00:00+00:00,calibration,faceShields,ACM-4 (independent),don450,rec621,9.0,175.261,4.833333333333333
2020-04-24 00:00:00+00:00,calibration,faceShields,ACM-4 (independent),don451,rec89,40.0,68.58200000000001,4.833333333333333
2020-04-24 00:00:00+00:00,calibration,faceShields,ACM-4 (independent),don461,rec12,200.0,993.8215,4.833333333333333
2020-04-24 00:00:00+00:00,calibration,faceShields,ACM-4 (independent),don463,rec88,30.0,46.091,4.833333333333333
2020-04-24 00:00:00+00:00,calibration,faceShields,ACM-4 (independent),don472,rec266,14.0,68.58200000000001,4.833333333333333
2020-04-24 00:00:00+00:00,calibration,faceShields,ACM-4 (independent),don484,rec0,100.0,532.017,4.833333333333333
2020-04-24 00:00:00+00:00,calibration,faceShields,ACM-4 (independent),don489,rec131,30.0,237.9225,4.833333333333333
2020-04-24 00:00:00+00:00,calibration,faceShields,ACM-4 (independent),don491,rec266,50.0,21.963,4.833333333333333
2020-04-24 00:00:00+00:00,calibration,faceShields,ACM-4 (independent),don499,rec185,100.0,5.1795,4.833333333333333
2020-04-24 00:00:00+00:00,calibration,faceShields,ACM-4 (independent),don501,rec0,100.0,5.1795,4.833333333333333
2020-04-24 00:00:00+00:00,calibration,faceShields,ACM-4 (independent),don512,rec621,500.0,194.979,4.833333333333333
2020-04-24 00:00:00+00:00,calibration,faceShields,ACM-4 (independent),don513,rec131,100.0,267.284,4.833333333333333
2020-04-24 00:00:00+00:00,calibration,faceShields,ACM-4 (independent),don514,rec12,1500.0,993.8215,4.833333333333333
2020-04-24 00:00:00+00:00,calibration,faceShields,ACM-4 (independent),don516,rec409,20.0,68.58200000000001,4.833333333333333
2020-04-24 00:00:00+00:00,calibration,faceShields,ACM-4 (independent),don536,rec38,500.0,295.1365,4.833333333333333
2020-04-24 00:00:00+00:00,calibration,faceShields,ACM-4 (independent),don547,rec0,25.0,14.096,4.833333333333333
2020-04-24 00:00:00+00:00,calibration,faceShields,ACM-4 (independent),don566,rec0,25.0,664.219,4.833333333333333
2020-04-24 00:00:00+00:00,calibration,faceShields,ACM-4 (independent),don578,rec621,5.0,214.4355,4.833333333333333
2020-04-24 00:00:00+00:00,calibration,faceShields,ACM-4 (independent),don583,rec409,100.0,46.091,4.833333333333333
2020-04-24 00:00:00+00:00,calibration,faceShields,ACM-4 (independent),don587,rec266,50.0,14.096,4.833333333333333
2020-04-24 00:00:00+00:00,calibration,faceShields,ACM-4 (independent),don602,rec38,100.0,467.0545,4.833333333333333
2020-04-24 00:00:00+00:00,calibration,faceShields,ACM-4 (independent),don603,rec131,35.0,175.261,4.833333333333333
2020-04-24 00:00:00+00:00,calibration,faceShields,ACM-4 (independent),don604,rec0,50.0,21.963,4.833333333333333
2020-04-24 00:00:00+00:00,calibration,faceShields,ACM-4 (independent),don605,rec89,15.0,46.091,4.833333333333333
2020-04-24 00:00:00+00:00,calibration,faceShields,ACM-4 (independent),don653,rec0,20.0,14.096,4.833333333333333
2020-04-24 00:00:00+00:00,calibration,faceShields,ACM-4 (independent),don666,rec0,10.0,532.017,4.833333333333333
2020-04-24 00:00:00+00:00,calibration,faceShields,ACM-4 (independent),don667,rec12,40.0,333.27,4.833333333333333
2020-04-24 00:00:00+00:00,calibration,faceShields,ACM-4 (independent),don668,rec88,7.0,122.0285,4.833333333333333
2020-04-24 00:00:00+00:00,calibration,faceShields,ACM-4 (independent),don669,rec131,30.0,94.5685,4.833333333333333
2020-04-24 00:00:00+00:00,calibration,faceShields,ACM-4 (independent),don670,rec131,50.0,408.943,4.833333333333333
2020-04-24 00:00:00+00:00,calibration,faceShields,ACM-4 (independent),don680,rec0,70.0,690.7964999999999,4.833333333333333
2020-04-24 00:00:00+00:00,calibration,faceShields,ACM-4 (independent),don681,rec0,70.0,46.091,4.833333333333333
2020-04-24 00:00:00+00:00,calibration,faceShields,ACM-4 (independent),don685,rec131,300.0,175.261,4.833333333333333
2020-04-24 00:00:00+00:00,calibration,faceShields,ACM-4 (independent),don705,rec89,200.0,31.625,4.833333333333333
2020-04-24 00:00:00+00:00,calibration,faceShields,ACM-4 (independent),don706,rec0,1.0,5.1795,4.833333333333333
2020-04-24 00:00:00+00:00,calibration,faceShields,ACM-4 (independent),don707,rec0,500.0,68.58200000000001,4.833333333333333
2020-04-24 00:00:00+00:00,calibration,faceShields,ACM-4 (independent),don712,rec38,1000.0,122.0285,4.833333333333333
2020-04-24 00:00:00+00:00,calibration,faceShields,ACM-4 (independent),don713,rec409,22.0,14.096,4.833333333333333
2020-04-24 00:00:00+00:00,calibration,faceShields,ACM-4 (independent),don718,rec38,5.0,690.7964999999999,4.833333333333333
2020-04-24 00:00:00+00:00,calibration,faceShields,ACM-4 (independent),don720,rec12,10.0,194.979,4.833333333333333
2020-04-24 00:00:00+00:00,calibration,faceShields,ACM-4 (independent),don736,rec266,1100.0,14.096,4.833333333333333
2020-04-24 00:00:00+00:00,calibration,faceShields,ACM-4 (independent),don745,rec131,10.0,175.261,4.833333333333333
2020-04-24 00:00:00+00:00,calibration,faceShields,ACM-4 (independent),don748,rec89,50.0,5.1795,4.833333333333333
2020-04-24 00:00:00+00:00,calibration,faceShields,ACM-4 (independent),don754,rec621,500.0,175.261,4.833333333333333
2020-04-24 00:00:00+00:00,calibration,faceShields,ACM-4 (independent),don756,rec409,25.0,46.091,4.833333333333333
2020-04-24 00:00:00+00:00,calibration,faceShields,ACM-4 (independent),don757,rec0,1.0,21.963,4.833333333333333
2020-04-24 00:00:00+00:00,calibration,faceShields,ACM-4 (independent),don758,rec266,50.0,21.963,4.833333333333333
2020-04-24 00:00:00+00:00,calibration,faceShields,ACM-4 (independent),don764,rec0,1000.0,638.9715,4.833333333333333
2020-04-24 00:00:00+00:00,calibration,faceShields,ACM-4 (independent),don774,rec12,10.0,333.27,4.833333333333333
2020-04-24 00:00:00+00:00,calibration,faceShields,ACM-4 (independent),don79,rec131,400.0,467.0545,4.833333333333333
2020-04-24 00:00:00+00:00,calibration,faceShields,ACM-4 (independent),don80,rec89,100.0,68.58200000000001,4.833333333333333
2020-04-24 00:00:00+00:00,calibration,faceShields,ACM-4 (independent),don787,rec89,130.0,94.5685,4.120138888888889
2020-04-24 00:00:00+00:00,calibration,faceShields,ACM-4 (independent),don791,rec88,10.0,151.1025,4.106944444444444
2020-04-24 00:00:00+00:00,calibration,faceShields,ACM-4 (independent),don792,rec38,18.0,237.9225,3.9680555555555554
2020-04-24 00:00:00+00:00,calibration,faceShields,ACM-4 (independent),don804,rec266,30.0,31.625,3.1822800925925927
2020-04-24 00:00:00+00:00,calibration,faceShields,ACM-4 (independent),don810,rec266,15.0,14.096,3.1121875
2020-04-24 00:00:00+00:00,calibration,faceShields,ACM-4 (independent),don818,rec38,262.0,366.0375,2.684375
2020-04-24 00:00:00+00:00,calibration,faceShields,ACM-4 (independent),don838,rec1052,6.0,366.0375,2.230891203703704
2020-04-24 00:00:00+00:00,calibration,faceShields,ACM-4 (independent),don844,rec89,70.0,14.096,2.1476273148148146
2020-04-24 00:00:00+00:00,calibration,faceShields,ACM-4 (independent),don849,rec131,80.0,68.58200000000001,1.954224537037037
2020-04-24 00:00:00+00:00,calibration,faceShields,ACM-4 (independent),don854,rec0,1000.0,532.017,1.6799768518518519
2020-04-24 00:00:00+00:00,calibration,faceShields,ACM-4 (independent),don855,rec131,67.0,237.9225,1.4203472222222222
2020-04-24 00:00:00+00:00,calibration,faceShields,ACM-4 (independent),don858,rec0,200.0,21.963,1.327037037037037
2020-04-24 00:00:00+00:00,calibration,faceShields,ACM-4 (independent),don871,rec253,40.0,68.58200000000001,1.0721643518518518
2020-04-24 00:00:00+00:00,calibration,faceShields,ACM-4 (independent),don879,rec185,70.0,5.1795,0.9708449074074074
2020-04-24 00:00:00+00:00,calibration,faceShields,ACM-4 (independent),don880,rec89,60.0,46.091,0.9651620370370371
2020-04-24 00:00:00+00:00,calibration,faceShields,ACM-4 (independent),don891,rec131,10.0,562.254,0.40152777777777776
2020-04-24 00:00:00+00:00,calibration,faceShields,ACM-4 (independent),don892,rec88,200.0,5.1795,0.39244212962962965
2020-04-24 00:00:00+00:00,calibration,faceShields,ACM-4 (independent),don899,rec12,50.0,993.8215,0.2446412037037037
2020-04-24 00:00:00+00:00,calibration,faceShields,ACM-4 (independent),don901,rec12,50.0,993.8215,0.2254050925925926
2020-04-24 00:00:00+00:00,calibration,faceShields,ACM-4 (independent),don910,rec266,20.0,14.096,0.01957175925925926
2020-04-24 00:00:00+00:00,calibration,gowns,ACM-4 (independent),don178,rec171,500.0,5.1795,4.833333333333333
2020-04-24 00:00:00+00:00,calibration,gowns,ACM-4 (independent),don179,rec621,8.0,14.096,4.833333333333333
2020-04-24 00:00:00+00:00,calibration,gowns,ACM-4 (independent),don247,rec89,400.0,21.963,4.833333333333333
2020-04-24 00:00:00+00:00,calibration,gowns,ACM-4 (independent),don254,rec678,1.0,122.0285,4.833333333333333
2020-04-24 00:00:00+00:00,calibration,gowns,ACM-4 (independent),don255,rec256,100.0,295.1365,4.833333333333333
2020-04-24 00:00:00+00:00,calibration,gowns,ACM-4 (independent),don303,rec38,50.0,333.27,4.833333333333333
2020-04-24 00:00:00+00:00,calibration,gowns,ACM-4 (independent),don304,rec171,9.0,14.096,4.833333333333333
2020-04-24 00:00:00+00:00,calibration,gowns,ACM-4 (independent),don328,rec185,40.0,14.096,4.833333333333333
2020-04-24 00:00:00+00:00,calibration,gowns,ACM-4 (independent),don342,rec87,500.0,194.979,4.833333333333333
2020-04-24 00:00:00+00:00,calibration,gowns,ACM-4 (independent),don343,rec594,500.0,333.27,4.833333333333333
2020-04-24 00:00:00+00:00,calibration,gowns,ACM-4 (independent),don431,rec1052,100.0,366.0375,4.833333333333333
2020-04-24 00:00:00+00:00,calibration,gowns,ACM-4 (independent),don459,rec89,150.0,31.625,4.833333333333333
2020-04-24 00:00:00+00:00,calibration,gowns,ACM-4 (independent),don578,rec463,50.0,68.58200000000001,4.833333333333333
2020-04-24 00:00:00+00:00,calibration,gowns,ACM-4 (independent),don581,rec89,1.0,31.625,4.833333333333333
2020-04-24 00:00:00+00:00,calibration,gowns,ACM-4 (independent),don588,rec87,49.0,175.261,4.833333333333333
2020-04-24 00:00:00+00:00,calibration,gowns,ACM-4 (independent),don605,rec89,3.0,46.091,4.833333333333333
2020-04-24 00:00:00+00:00,calibration,gowns,ACM-4 (independent),don620,rec131,10.0,237.9225,4.833333333333333
2020-04-24 00:00:00+00:00,calibration,gowns,ACM-4 (independent),don691,rec313,100.0,14.096,4.833333333333333
2020-04-24 00:00:00+00:00,calibration,gowns,ACM-4 (independent),don717,rec131,10.0,151.1025,4.833333333333333
2020-04-24 00:00:00+00:00,calibration,gowns,ACM-4 (independent),don745,rec131,200.0,175.261,4.833333333333333
2020-04-24 00:00:00+00:00,calibration,gowns,ACM-4 (independent),don756,rec131,75.0,151.1025,4.833333333333333
2020-04-24 00:00:00+00:00,calibration,gowns,ACM-4 (independent),don760,rec274,4.0,46.091,4.833333333333333
2020-04-24 00:00:00+00:00,calibration,gowns,ACM-4 (independent),don781,rec253,150.0,175.261,4.418055555555555
2020-05-01 00:00:00+00:00,calibration,respirators,ACM-4 (independent),don919,rec7,100.0,349.019,6.89494212962963
2020-05-01 00:00:00+00:00,calibration,respirators,ACM-4 (independent),don927,rec503,10.0,14.096,6.401087962962963
2020-05-01 00:00:00+00:00,calibration,respirators,ACM-4 (independent),don940,rec503,60.0,14.096,6.1827199074074075
2020-05-01 00:00:00+00:00,calibration,respirators,ACM-4 (independent),don943,rec7,5.0,94.5685,6.156539351851852
2020-05-01 00:00:00+00:00,calibration,respirators,ACM-4 (independent),don953,rec23,50.0,349.019,6.040023148148149
2020-05-01 00:00:00+00:00,calibration,respirators,ACM-4 (independent),don955,rec7,10.0,122.0285,5.990358796296296
2020-05-01 00:00:00+00:00,calibration,respirators,ACM-4 (independent),don967,rec7,250.0,31.625,5.197708333333333
2020-05-01 00:00:00+00:00,calibration,respirators,ACM-4 (independent),don970,rec14,50.0,5.1795,5.129675925925926
2020-05-01 00:00:00+00:00,calibration,respirators,ACM-4 (independent),don973,rec14,480.0,31.625,5.03875
2020-05-01 00:00:00+00:00,calibration,respirators,ACM-4 (independent),don979,rec926,15.0,21.963,4.84599537037037
2020-05-01 00:00:00+00:00,calibration,respirators,ACM-4 (independent),don983,rec853,10.0,46.091,4.408935185185185
2020-05-01 00:00:00+00:00,calibration,respirators,ACM-4 (independent),don986,rec864,10.0,408.943,4.356006944444444
2020-05-01 00:00:00+00:00,calibration,respirators,ACM-4 (independent),don989,rec7,400.0,14.096,4.341284722222222
2020-05-01 00:00:00+00:00,calibration,respirators,ACM-4 (independent),don990,rec926,1.0,21.963,4.3397800925925925
2020-05-01 00:00:00+00:00,calibration,respirators,ACM-4 (independent),don993,rec526,2.0,214.4355,4.2505092592592595
2020-05-01 00:00:00+00:00,calibration,respirators,ACM-4 (independent),don998,rec503,150.0,14.096,4.179965277777778
2020-05-01 00:00:00+00:00,calibration,respirators,ACM-4 (independent),don1001,rec458,10.0,94.5685,4.149583333333333
2020-05-01 00:00:00+00:00,calibration,respirators,ACM-4 (independent),don1014,rec14,300.0,94.5685,3.420798611111111
2020-05-01 00:00:00+00:00,calibration,respirators,ACM-4 (independent),don1016,rec14,16.0,638.9715,3.368726851851852
2020-05-01 00:00:00+00:00,calibration,respirators,ACM-4 (independent),don1020,rec452,30.0,122.0285,3.321597222222222
2020-05-01 00:00:00+00:00,calibration,respirators,ACM-4 (independent),don1022,rec458,12.0,68.58200000000001,3.3034606481481483
2020-05-01 00:00:00+00:00,calibration,respirators,ACM-4 (independent),don1023,rec853,1000.0,68.58200000000001,3.2814236111111112
2020-05-01 00:00:00+00:00,calibration,respirators,ACM-4 (independent),don1024,rec325,60.0,316.3175,3.2427430555555556
2020-05-01 00:00:00+00:00,calibration,respirators,ACM-4 (independent),don1028,rec7,120.0,31.625,3.207476851851852
2020-05-01 00:00:00+00:00,calibration,respirators,ACM-4 (independent),don1030,rec23,50.0,349.019,3.205914351851852
2020-05-01 00:00:00+00:00,calibration,respirators,ACM-4 (independent),don1032,rec23,50.0,349.019,3.205914351851852
2020-05-01 00:00:00+00:00,calibration,respirators,ACM-4 (independent),don1036,rec7,260.0,46.091,3.19318287037037
2020-05-01 00:00:00+00:00,calibration,respirators,ACM-4 (independent),don1051,rec7,100.0,21.963,2.899421296296296
2020-05-01 00:00:00+00:00,calibration,respirators,ACM-4 (independent),don1066,rec503,4.0,14.096,2.387164351851852
2020-05-01 00:00:00+00:00,calibration,respirators,ACM-4 (independent),don1071,rec458,150.0,94.5685,2.2934259259259258
2020-05-01 00:00:00+00:00,calibration,respirators,ACM-4 (independent),don1072,rec503,750.0,21.963,2.281689814814815
2020-05-01 00:00:00+00:00,calibration,respirators,ACM-4 (independent),don1083,rec7,21.0,94.5685,2.2072800925925926
2020-05-01 00:00:00+00:00,calibration,respirators,ACM-4 (independent),don1084,rec458,1.0,68.58200000000001,2.1980208333333335
2020-05-01 00:00:00+00:00,calibration,respirators,ACM-4 (independent),don1085,rec526,2.0,5.1795,2.177337962962963
2020-05-01 00:00:00+00:00,calibration,respirators,ACM-4 (independent),don1100,rec310,1.0,175.261,2.032233796296296
2020-05-01 00:00:00+00:00,calibration,respirators,ACM-4 (independent),don1102,rec14,5.0,68.58200000000001,2.0016782407407407
2020-05-01 00:00:00+00:00,calibration,respirators,ACM-4 (independent),don1104,rec14,5.0,68.58200000000001,1.9846064814814814
2020-05-01 00:00:00+00:00,calibration,respirators,ACM-4 (independent),don1113,rec458,200.0,68.58200000000001,1.307025462962963
2020-05-01 00:00:00+00:00,calibration,respirators,ACM-4 (independent),don1114,rec452,40.0,151.1025,1.2885185185185186
2020-05-01 00:00:00+00:00,calibration,respirators,ACM-4 (independent),don1115,rec452,40.0,151.1025,1.2885185185185186
2020-05-01 00:00:00+00:00,calibration,respirators,ACM-4 (independent),don1132,rec23,20.0,214.4355,0.950474537037037
2020-05-01 00:00:00+00:00,calibration,respirators,ACM-4 (independent),don1149,rec14,10.0,21.963,0.14726851851851852
2020-05-01 00:00:00+00:00,calibration,surgicalMasks,ACM-4 (independent),don873,rec1074,68.0,316.3175,8.027106481481482
2020-05-01 00:00:00+00:00,calibration,surgicalMasks,ACM-4 (independent),don919,rec1074,90.0,385.7645,6.89494212962963
2020-05-01 00:00:00+00:00,calibration,surgicalMasks,ACM-4 (independent),don921,rec615,4.0,94.5685,6.8941435185185185
2020-05-01 00:00:00+00:00,calibration,surgicalMasks,ACM-4 (independent),don927,rec912,100.0,68.58200000000001,6.401087962962963
2020-05-01 00:00:00+00:00,calibration,surgicalMasks,ACM-4 (independent),don939,rec801,100.0,122.0285,6.182928240740741
2020-05-01 00:00:00+00:00,calibration,surgicalMasks,ACM-4 (independent),don944,rec315,10.0,237.9225,6.153645833333333
2020-05-01 00:00:00+00:00,calibration,surgicalMasks,ACM-4 (independent),don945,rec315,10.0,237.9225,6.153645833333333
2020-05-01 00:00:00+00:00,calibration,surgicalMasks,ACM-4 (independent),don947,rec186,1000.0,175.261,6.112951388888889
2020-05-01 00:00:00+00:00,calibration,surgicalMasks,ACM-4 (independent),don948,rec1074,1000.0,316.3175,6.107893518518519
2020-05-01 00:00:00+00:00,calibration,surgicalMasks,ACM-4 (independent),don950,rec615,70.0,853.2660000000001,6.050243055555556
2020-05-01 00:00:00+00:00,calibration,surgicalMasks,ACM-4 (independent),don959,rec912,95.0,68.58200000000001,5.387337962962963
2020-05-01 00:00:00+00:00,calibration,surgicalMasks,ACM-4 (independent),don960,rec615,500.0,832.5285,5.381759259259259
2020-05-01 00:00:00+00:00,calibration,surgicalMasks,ACM-4 (independent),don962,rec615,500.0,832.5285,5.3425
2020-05-01 00:00:00+00:00,calibration,surgicalMasks,ACM-4 (independent),don964,rec1074,50.0,316.3175,5.258969907407407
2020-05-01 00:00:00+00:00,calibration,surgicalMasks,ACM-4 (independent),don965,rec801,200.0,467.0545,5.230381944444445
2020-05-01 00:00:00+00:00,calibration,surgicalMasks,ACM-4 (independent),don979,rec615,75.0,94.5685,4.84599537037037
2020-05-01 00:00:00+00:00,calibration,surgicalMasks,ACM-4 (independent),don982,rec912,300.0,68.58200000000001,4.79505787037037
2020-05-01 00:00:00+00:00,calibration,surgicalMasks,ACM-4 (independent),don986,rec615,88.0,267.284,4.356006944444444
2020-05-01 00:00:00+00:00,calibration,surgicalMasks,ACM-4 (independent),don989,rec1074,150.0,31.625,4.341284722222222
2020-05-01 00:00:00+00:00,calibration,surgicalMasks,ACM-4 (independent),don993,rec801,49.0,122.0285,4.2505092592592595
2020-05-01 00:00:00+00:00,calibration,surgicalMasks,ACM-4 (independent),don994,rec1074,20.0,5.1795,4.236168981481481
2020-05-01 00:00:00+00:00,calibration,surgicalMasks,ACM-4 (independent),don998,rec315,100.0,175.261,4.179965277777778
2020-05-01 00:00:00+00:00,calibration,surgicalMasks,ACM-4 (independent),don1001,rec186,60.0,14.096,4.149583333333333
2020-05-01 00:00:00+00:00,calibration,surgicalMasks,ACM-4 (independent),don1009,rec315,50.0,237.9225,3.944236111111111
2020-05-01 00:00:00+00:00,calibration,surgicalMasks,ACM-4 (independent),don1010,rec615,60.0,878.2284999999999,3.8909606481481482
2020-05-01 00:00:00+00:00,calibration,surgicalMasks,ACM-4 (independent),don1021,rec1074,90.0,366.0375,3.3188310185185186
2020-05-01 00:00:00+00:00,calibration,surgicalMasks,ACM-4 (independent),don1025,rec315,50.0,237.9225,3.2413773148148146
2020-05-01 00:00:00+00:00,calibration,surgicalMasks,ACM-4 (independent),don1027,rec1074,70.0,122.0285,3.2114930555555556
2020-05-01 00:00:00+00:00,calibration,surgicalMasks,ACM-4 (independent),don1036,rec1074,400.0,5.1795,3.19318287037037
2020-05-01 00:00:00+00:00,calibration,surgicalMasks,ACM-4 (independent),don1043,rec186,100.0,5.1795,3.1288657407407405
2020-05-01 00:00:00+00:00,calibration,surgicalMasks,ACM-4 (independent),don1044,rec315,40.0,94.5685,3.1230671296296295
2020-05-01 00:00:00+00:00,calibration,surgicalMasks,ACM-4 (independent),don1045,rec315,50.0,31.625,3.0769212962962964
2020-05-01 00:00:00+00:00,calibration,surgicalMasks,ACM-4 (independent),don1050,rec186,950.0,14.096,2.9646875
2020-05-01 00:00:00+00:00,calibration,surgicalMasks,ACM-4 (independent),don1065,rec186,28.0,68.58200000000001,2.3953935185185187
2020-05-01 00:00:00+00:00,calibration,surgicalMasks,ACM-4 (independent),don1086,rec1074,40.0,349.019,2.1383680555555555
2020-05-01 00:00:00+00:00,calibration,surgicalMasks,ACM-4 (independent),don1088,rec186,2.0,175.261,2.125474537037037
2020-05-01 00:00:00+00:00,calibration,surgicalMasks,ACM-4 (independent),don1091,rec615,50.0,94.5685,2.1184606481481483
2020-05-01 00:00:00+00:00,calibration,surgicalMasks,ACM-4 (independent),don1092,rec1074,30.0,5.1795,2.118425925925926
2020-05-01 00:00:00+00:00,calibration,surgicalMasks,ACM-4 (independent),don1096,rec1074,1000.0,31.625,2.087523148148148
2020-05-01 00:00:00+00:00,calibration,surgicalMasks,ACM-4 (independent),don1105,rec186,1000.0,68.58200000000001,1.9441435185185185
2020-05-01 00:00:00+00:00,calibration,surgicalMasks,ACM-4 (independent),don1106,rec315,50.0,175.261,1.8982291666666666
2020-05-01 00:00:00+00:00,calibration,surgicalMasks,ACM-4 (independent),don1108,rec615,150.0,1639.246,1.8467592592592592
2020-05-01 00:00:00+00:00,calibration,surgicalMasks,ACM-4 (independent),don1125,rec1074,200.0,5.1795,1.086238425925926
2020-05-01 00:00:00+00:00,calibration,surgicalMasks,ACM-4 (independent),don1132,rec615,50.0,993.8215,0.950474537037037
2020-05-01 00:00:00+00:00,calibration,surgicalMasks,ACM-4 (independent),don1136,rec1074,100.0,366.0375,0.8791087962962963
2020-05-01 00:00:00+00:00,calibration,surgicalMasks,ACM-4 (independent),don1146,rec1074,40.0,316.3175,0.19282407407407406
2020-05-01 00:00:00+00:00,calibration,faceShields,ACM-4 (independent),don818,rec635,38.0,214.4355,9.684375
2020-05-01 00:00:00+00:00,calibration,faceShields,ACM-4 (independent),don915,rec395,1000.0,5.1795,6.922523148148148
2020-05-01 00:00:00+00:00,calibration,faceShields,ACM-4 (independent),don933,rec82,200.0,31.625,6.263819444444445
2020-05-01 00:00:00+00:00,calibration,faceShields,ACM-4 (independent),don934,rec184,100.0,237.9225,6.252986111111111
2020-05-01 00:00:00+00:00,calibration,faceShields,ACM-4 (independent),don951,rec336,60.0,21.963,6.044953703703704
2020-05-01 00:00:00+00:00,calibration,faceShields,ACM-4 (independent),don961,rec452,40.0,68.58200000000001,5.372627314814815
2020-05-01 00:00:00+00:00,calibration,faceShields,ACM-4 (independent),don972,rec14,50.0,562.254,5.090381944444444
2020-05-01 00:00:00+00:00,calibration,faceShields,ACM-4 (independent),don981,rec336,1.0,14.096,4.830150462962963
2020-05-01 00:00:00+00:00,calibration,faceShields,ACM-4 (independent),don989,rec307,180.0,31.625,4.341284722222222
2020-05-01 00:00:00+00:00,calibration,faceShields,ACM-4 (independent),don999,rec110,500.0,349.019,4.165543981481481
2020-05-01 00:00:00+00:00,calibration,faceShields,ACM-4 (independent),don1005,rec99,350.0,122.0285,3.976122685185185
2020-05-01 00:00:00+00:00,calibration,faceShields,ACM-4 (independent),don1006,rec99,350.0,122.0285,3.976122685185185
2020-05-01 00:00:00+00:00,calibration,faceShields,ACM-4 (independent),don1007,rec14,1000.0,14.096,3.9605671296296294
2020-05-01 00:00:00+00:00,calibration,faceShields,ACM-4 (independent),don1015,rec82,100.0,21.963,3.4019097222222223
2020-05-01 00:00:00+00:00,calibration,faceShields,ACM-4 (independent),don1018,rec635,100.0,562.254,3.33375
2020-05-01 00:00:00+00:00,calibration,faceShields,ACM-4 (independent),don1037,rec635,1.0,562.254,3.187824074074074
2020-05-01 00:00:00+00:00,calibration,faceShields,ACM-4 (independent),don1046,rec284,10.0,46.091,3.0667824074074073
2020-05-01 00:00:00+00:00,calibration,faceShields,ACM-4 (independent),don1047,rec64,50.0,349.019,3.0573958333333335
2020-05-01 00:00:00+00:00,calibration,faceShields,ACM-4 (independent),don1048,rec452,40.0,68.58200000000001,3.0341087962962963
2020-05-01 00:00:00+00:00,calibration,faceShields,ACM-4 (independent),don1058,rec14,2.0,5.1795,2.8265625
2020-05-01 00:00:00+00:00,calibration,faceShields,ACM-4 (independent),don1069,rec635,100.0,590.1020000000001,2.333090277777778
2020-05-01 00:00:00+00:00,calibration,faceShields,ACM-4 (independent),don1082,rec14,1000.0,5.1795,2.237696759259259
2020-05-01 00:00:00+00:00,calibration,faceShields,ACM-4 (independent),don1099,rec14,80.0,94.5685,2.0341435185185186
2020-05-01 00:00:00+00:00,calibration,faceShields,ACM-4 (independent),don1110,rec336,130.0,14.096,1.6012962962962962
2020-05-01 00:00:00+00:00,calibration,faceShields,ACM-4 (independent),don1116,rec336,625.0,14.096,1.2833796296296296
2020-05-01 00:00:00+00:00,calibration,faceShields,ACM-4 (independent),don1121,rec307,50.0,31.625,1.154375
2020-05-01 00:00:00+00:00,calibration,faceShields,ACM-4 (independent),don1123,rec23,550.0,349.019,1.142824074074074
2020-05-01 00:00:00+00:00,calibration,faceShields,ACM-4 (independent),don1133,rec336,184.0,5.1795,0.9136921296296296
2020-05-01 00:00:00+00:00,calibration,faceShields,ACM-4 (independent),don1140,rec82,200.0,31.625,0.38787037037037037
2020-05-01 00:00:00+00:00,calibration,faceShields,ACM-4 (independent),don1141,rec82,200.0,31.625,0.38787037037037037
2020-05-01 00:00:00+00:00,calibration,faceShields,ACM-4 (independent),don1144,rec82,50.0,21.963,0.2129513888888889
2020-05-01 00:00:00+00:00,calibration,gowns,ACM-4 (independent),don921,rec268,1.0,267.284,6.8941435185185185
2020-05-01 00:00:00+00:00,calibration,gowns,ACM-4 (independent),don1054,rec409,1.0,151.1025,2.8837384259259258
2020-05-01 00:00:00+00:00,calibration,gowns,ACM-4 (independent),don1058,rec593,2.0,14.096,2.8265625
2020-05-01 00:00:00+00:00,calibration,gowns,ACM-4 (independent),don1079,rec307,600.0,94.5685,2.264710648148148
2020-05-01 00:00:00+00:00,calibration,gowns,ACM-4 (independent),don1138,rec186,30.0,194.979,0.5157060185185185
2020-05-08 00:00:00+00:00,calibration,respirators,ACM-4 (independent),don1180,rec683,300.0,68.58200000000001,6.316979166666667
2020-05-08 00:00:00+00:00,calibration,respirators,ACM-4 (independent),don1184,rec926,5.0,333.27,6.307650462962963
2020-05-08 00:00:00+00:00,calibration,respirators,ACM-4 (independent),don1196,rec540,800.0,214.4355,6.014664351851851
2020-05-08 00:00:00+00:00,calibration,respirators,ACM-4 (independent),don1208,rec228,30.0,14.096,5.356030092592593
2020-05-08 00:00:00+00:00,calibration,respirators,ACM-4 (independent),don1215,rec692,9.0,14.096,5.283819444444444
2020-05-08 00:00:00+00:00,calibration,respirators,ACM-4 (independent),don1230,rec171,2.0,14.096,4.322048611111111
2020-05-08 00:00:00+00:00,calibration,respirators,ACM-4 (independent),don1237,rec692,50.0,68.58200000000001,4.185497685185185
2020-05-08 00:00:00+00:00,calibration,respirators,ACM-4 (independent),don1238,rec171,500.0,21.963,4.173240740740741
2020-05-08 00:00:00+00:00,calibration,respirators,ACM-4 (independent),don1239,rec20,200.0,31.625,4.170925925925926
2020-05-08 00:00:00+00:00,calibration,respirators,ACM-4 (independent),don1244,rec171,150.0,31.625,4.005613425925926
2020-05-08 00:00:00+00:00,calibration,respirators,ACM-4 (independent),don1254,rec881,200.0,5.1795,3.2018287037037036
2020-05-08 00:00:00+00:00,calibration,respirators,ACM-4 (independent),don1263,rec599,250.0,68.58200000000001,3.0623958333333334
2020-05-08 00:00:00+00:00,calibration,respirators,ACM-4 (independent),don1274,rec20,50.0,31.625,2.2183217592592595
2020-05-08 00:00:00+00:00,calibration,surgicalMasks,ACM-4 (independent),don1156,rec687,50.0,905.1465,6.9695833333333335
2020-05-08 00:00:00+00:00,calibration,surgicalMasks,ACM-4 (independent),don1178,rec1093,100.0,532.017,6.336377314814815
2020-05-08 00:00:00+00:00,calibration,surgicalMasks,ACM-4 (independent),don1180,rec1093,300.0,333.27,6.316979166666667
2020-05-08 00:00:00+00:00,calibration,surgicalMasks,ACM-4 (independent),don1187,rec768,50.0,14.096,6.276550925925926
2020-05-08 00:00:00+00:00,calibration,surgicalMasks,ACM-4 (independent),don1191,rec687,50.0,614.4975,6.150486111111111
2020-05-08 00:00:00+00:00,calibration,surgicalMasks,ACM-4 (independent),don1193,rec1093,9.0,532.017,6.08130787037037
2020-05-08 00:00:00+00:00,calibration,surgicalMasks,ACM-4 (independent),don1203,rec687,112.0,267.284,5.370613425925926
2020-05-08 00:00:00+00:00,calibration,surgicalMasks,ACM-4 (independent),don1208,rec1093,130.0,500.0335,5.356030092592593
2020-05-08 00:00:00+00:00,calibration,surgicalMasks,ACM-4 (independent),don1209,rec687,40.0,811.1475,5.348831018518519
2020-05-08 00:00:00+00:00,calibration,surgicalMasks,ACM-4 (independent),don1215,rec687,9.0,175.261,5.283819444444444
2020-05-08 00:00:00+00:00,calibration,surgicalMasks,ACM-4 (independent),don1217,rec768,10.0,31.625,5.240810185185185
2020-05-08 00:00:00+00:00,calibration,surgicalMasks,ACM-4 (independent),don1228,rec624,15.0,14.096,4.3809375
2020-05-08 00:00:00+00:00,calibration,surgicalMasks,ACM-4 (independent),don1229,rec687,50.0,31.625,4.330092592592592
2020-05-08 00:00:00+00:00,calibration,surgicalMasks,ACM-4 (independent),don1244,rec1333,100.0,21.963,4.005613425925926
2020-05-08 00:00:00+00:00,calibration,surgicalMasks,ACM-4 (independent),don1246,rec624,4.0,5.1795,3.9541898148148147
2020-05-08 00:00:00+00:00,calibration,surgicalMasks,ACM-4 (independent),don1251,rec768,50.0,122.0285,3.834247685185185
2020-05-08 00:00:00+00:00,calibration,surgicalMasks,ACM-4 (independent),don1267,rec687,350.0,31.625,3.0500578703703702
2020-05-08 00:00:00+00:00,calibration,surgicalMasks,ACM-4 (independent),don1271,rec687,950.0,948.4805,2.458391203703704
2020-05-08 00:00:00+00:00,calibration,surgicalMasks,ACM-4 (independent),don1274,rec768,100.0,5.1795,2.2183217592592595
2020-05-08 00:00:00+00:00,calibration,surgicalMasks,ACM-4 (independent),don1275,rec687,200.0,175.261,2.1790625
2020-05-08 00:00:00+00:00,calibration,surgicalMasks,ACM-4 (independent),don1279,rec768,50.0,68.58200000000001,2.0114699074074074
2020-05-08 00:00:00+00:00,calibration,surgicalMasks,ACM-4 (independent),don1285,rec687,6.0,175.261,1.3581828703703704
2020-05-08 00:00:00+00:00,calibration,surgicalMasks,ACM-4 (independent),don1288,rec624,40.0,68.58200000000001,1.0986226851851852
2020-05-08 00:00:00+00:00,calibration,surgicalMasks,ACM-4 (independent),don1289,rec1333,500.0,14.096,0.9982060185185185
2020-05-08 00:00:00+00:00,calibration,surgicalMasks,ACM-4 (independent),don1303,rec624,100.0,175.261,0.18952546296296297
2020-05-08 00:00:00+00:00,calibration,surgicalMasks,ACM-4 (independent),don1304,rec687,100.0,408.943,0.1675462962962963
2020-05-08 00:00:00+00:00,calibration,faceShields,ACM-4 (independent),don1133,rec456,816.0,31.625,7.91369212962963
2020-05-08 00:00:00+00:00,calibration,faceShields,ACM-4 (independent),don1158,rec171,50.0,21.963,6.932488425925926
2020-05-08 00:00:00+00:00,calibration,faceShields,ACM-4 (independent),don1185,rec171,9.0,31.625,6.306979166666666
2020-05-08 00:00:00+00:00,calibration,faceShields,ACM-4 (independent),don1202,rec456,500.0,5.1795,5.660590277777778
2020-05-08 00:00:00+00:00,calibration,faceShields,ACM-4 (independent),don1205,rec325,1.0,385.7645,5.363877314814815
2020-05-08 00:00:00+00:00,calibration,faceShields,ACM-4 (independent),don1217,rec456,1.0,5.1795,5.240810185185185
2020-05-08 00:00:00+00:00,calibration,faceShields,ACM-4 (independent),don1218,rec197,30.0,31.625,5.234305555555555
2020-05-08 00:00:00+00:00,calibration,faceShields,ACM-4 (independent),don1219,rec197,40.0,31.625,5.232916666666667
2020-05-08 00:00:00+00:00,calibration,faceShields,ACM-4 (independent),don1231,rec463,24.0,151.1025,4.274444444444445
2020-05-08 00:00:00+00:00,calibration,faceShields,ACM-4 (independent),don1248,rec683,2.0,175.261,3.852152777777778
2020-05-08 00:00:00+00:00,calibration,faceShields,ACM-4 (independent),don1253,rec456,60.0,46.091,3.2237037037037037
2020-05-08 00:00:00+00:00,calibration,faceShields,ACM-4 (independent),don1268,rec171,50.0,21.963,3.0485069444444446
2020-05-08 00:00:00+00:00,calibration,faceShields,ACM-4 (independent),don1280,rec480,250.0,122.0285,1.9061574074074075
2020-05-08 00:00:00+00:00,calibration,faceShields,ACM-4 (independent),don1281,rec924,68.0,214.4355,1.8218981481481482
2020-05-08 00:00:00+00:00,calibration,gowns,ACM-4 (independent),don1202,rec456,300.0,5.1795,5.660590277777778
2020-05-08 00:00:00+00:00,calibration,gowns,ACM-4 (independent),don1251,rec400,1.0,122.0285,3.834247685185185
2020-05-15 00:00:00+00:00,calibration,respirators,ACM-4 (independent),don1329,rec526,600.0,175.261,2.9910763888888887
2020-05-15 00:00:00+00:00,calibration,respirators,ACM-4 (independent),don1334,rec490,2.0,122.0285,2.4984375
2020-05-15 00:00:00+00:00,calibration,respirators,ACM-4 (independent),don1345,rec526,1.0,194.979,2.2146296296296297
2020-05-15 00:00:00+00:00,calibration,respirators,ACM-4 (independent),don1350,rec526,50.0,316.3175,2.1799537037037036
2020-05-15 00:00:00+00:00,calibration,respirators,ACM-4 (independent),don1357,rec310,5.0,21.963,2.1108680555555557
2020-05-15 00:00:00+00:00,calibration,respirators,ACM-4 (independent),don1358,rec526,50.0,214.4355,2.1100462962962965
2020-05-15 00:00:00+00:00,calibration,respirators,ACM-4 (independent),don1360,rec924,1.0,237.9225,2.108738425925926
2020-05-15 00:00:00+00:00,calibration,respirators,ACM-4 (independent),don1361,rec313,5.0,21.963,2.1078703703703705
2020-05-15 00:00:00+00:00,calibration,respirators,ACM-4 (independent),don1362,rec313,15.0,46.091,2.1067476851851854
2020-05-15 00:00:00+00:00,calibration,respirators,ACM-4 (independent),don1364,rec1052,2.0,408.943,2.105474537037037
2020-05-15 00:00:00+00:00,calibration,respirators,ACM-4 (independent),don1365,rec1052,50.0,436.4295,2.104699074074074
2020-05-15 00:00:00+00:00,calibration,respirators,ACM-4 (independent),don1368,rec266,100.0,14.096,1.9127662037037036
2020-05-15 00:00:00+00:00,calibration,respirators,ACM-4 (independent),don1397,rec864,20.0,151.1025,0.9109837962962963
2020-05-15 00:00:00+00:00,calibration,respirators,ACM-4 (independent),don1400,rec526,22.0,194.979,0.8483680555555555
2020-05-15 00:00:00+00:00,calibration,respirators,ACM-4 (independent),don1401,rec526,20.0,237.9225,0.5260648148148148
2020-05-15 00:00:00+00:00,calibration,respirators,ACM-4 (independent),don1413,rec864,20.0,151.1025,0.26895833333333335
2020-05-15 00:00:00+00:00,calibration,surgicalMasks,ACM-4 (independent),don1332,rec712,50.0,175.261,2.8113657407407406
2020-05-15 00:00:00+00:00,calibration,surgicalMasks,ACM-4 (independent),don1343,rec712,600.0,46.091,2.3242939814814814
2020-05-15 00:00:00+00:00,calibration,surgicalMasks,ACM-4 (independent),don1346,rec712,50.0,614.4975,2.2116782407407407
2020-05-15 00:00:00+00:00,calibration,surgicalMasks,ACM-4 (independent),don1378,rec712,400.0,590.1020000000001,1.3721296296296297
2020-05-15 00:00:00+00:00,calibration,surgicalMasks,ACM-4 (independent),don1388,rec1224,980.0,366.0375,1.126064814814815
2020-05-15 00:00:00+00:00,calibration,surgicalMasks,ACM-4 (independent),don1395,rec1224,40.0,175.261,0.9239583333333333
2020-05-15 00:00:00+00:00,calibration,surgicalMasks,ACM-4 (independent),don1397,rec712,140.0,1077.7195,0.9109837962962963
2020-05-15 00:00:00+00:00,calibration,surgicalMasks,ACM-4 (independent),don1400,rec712,70.0,46.091,0.8483680555555555
2020-05-15 00:00:00+00:00,calibration,surgicalMasks,ACM-4 (independent),don1405,rec1224,30.0,175.261,0.3407986111111111
2020-05-15 00:00:00+00:00,calibration,surgicalMasks,ACM-4 (independent),don1413,rec712,120.0,1077.7195,0.26895833333333335
2020-05-15 00:00:00+00:00,calibration,surgicalMasks,ACM-4 (independent),don1415,rec624,160.0,151.1025,0.1691087962962963
2020-05-15 00:00:00+00:00,calibration,faceShields,ACM-4 (independent),don1309,rec793,560.0,5.1795,6.14417824074074
2020-05-15 00:00:00+00:00,calibration,faceShields,ACM-4 (independent),don1313,rec485,20.0,94.5685,5.130335648148148
2020-05-15 00:00:00+00:00,calibration,faceShields,ACM-4 (independent),don1319,rec303,500.0,21.963,3.3868287037037037
2020-05-15 00:00:00+00:00,calibration,faceShields,ACM-4 (independent),don1328,rec87,1000.0,68.58200000000001,3.083391203703704
2020-05-15 00:00:00+00:00,calibration,faceShields,ACM-4 (independent),don1330,rec593,900.0,21.963,2.8819444444444446
2020-05-15 00:00:00+00:00,calibration,faceShields,ACM-4 (independent),don1335,rec325,200.0,532.017,2.4657407407407406
2020-05-15 00:00:00+00:00,calibration,faceShields,ACM-4 (independent),don1336,rec593,300.0,68.58200000000001,2.420023148148148
2020-05-15 00:00:00+00:00,calibration,faceShields,ACM-4 (independent),don1371,rec303,20.0,21.963,1.8474189814814814
2020-05-15 00:00:00+00:00,calibration,faceShields,ACM-4 (independent),don1372,rec678,200.0,21.963,1.7829398148148148
2020-05-15 00:00:00+00:00,calibration,faceShields,ACM-4 (independent),don1373,rec678,200.0,21.963,1.779988425925926
2020-05-15 00:00:00+00:00,calibration,faceShields,ACM-4 (independent),don1376,rec683,100.0,214.4355,1.5102662037037038
2020-05-15 00:00:00+00:00,calibration,faceShields,ACM-4 (independent),don1377,rec186,20.0,5.1795,1.3745717592592592
2020-05-15 00:00:00+00:00,calibration,faceShields,ACM-4 (independent),don1382,rec683,160.0,237.9225,1.2781712962962963
2020-05-15 00:00:00+00:00,calibration,faceShields,ACM-4 (independent),don1383,rec594,45.0,21.963,1.2716550925925927
2020-05-15 00:00:00+00:00,calibration,faceShields,ACM-4 (independent),don1384,rec594,45.0,21.963,1.270011574074074
2020-05-15 00:00:00+00:00,calibration,faceShields,ACM-4 (independent),don1403,rec793,440.0,14.096,0.395
2020-05-15 00:00:00+00:00,calibration,faceShields,ACM-4 (independent),don1409,rec885,500.0,175.261,0.29792824074074076
2020-05-22 00:00:00+00:00,calibration,respirators,ACM-4 (independent),don1438,rec927,200.0,175.261,3.1656712962962965
2020-05-22 00:00:00+00:00,calibration,respirators,ACM-4 (independent),don1453,rec456,1000.0,68.58200000000001,0.07921296296296296
2020-05-22 00:00:00+00:00,calibration,surgicalMasks,ACM-4 (independent),don1421,rec1332,10.0,21.963,6.064050925925926
2020-05-22 00:00:00+00:00,calibration,surgicalMasks,ACM-4 (independent),don1430,rec1332,400.0,14.096,4.366909722222222
2020-05-22 00:00:00+00:00,calibration,surgicalMasks,ACM-4 (independent),don1438,rec712,200.0,175.261,3.1656712962962965
2020-05-22 00:00:00+00:00,calibration,surgicalMasks,ACM-4 (independent),don1448,rec1309,980.0,366.0375,1.0618865740740742
2020-05-22 00:00:00+00:00,calibration,surgicalMasks,ACM-4 (independent),don1453,rec1332,1000.0,31.625,0.07921296296296296
2020-05-22 00:00:00+00:00,calibration,faceShields,ACM-4 (independent),don1403,rec858,160.0,14.096,7.395
2020-05-22 00:00:00+00:00,calibration,faceShields,ACM-4 (independent),don1418,rec834,100.0,5.1795,6.646215277777777
2020-05-22 00:00:00+00:00,calibration,faceShields,ACM-4 (independent),don1428,rec540,100.0,408.943,5.053796296296296
2020-05-22 00:00:00+00:00,calibration,faceShields,ACM-4 (independent),don1432,rec526,100.0,68.58200000000001,4.211967592592592
2020-05-22 00:00:00+00:00,calibration,faceShields,ACM-4 (independent),don1434,rec450,100.0,46.091,3.8241203703703706
2020-05-22 00:00:00+00:00,calibration,faceShields,ACM-4 (independent),don1442,rec450,99.0,31.625,2.1559606481481484
2020-05-22 00:00:00+00:00,calibration,faceShields,ACM-4 (independent),don1450,rec858,1000.0,14.096,0.21225694444444446
2020-05-22 00:00:00+00:00,calibration,gowns,ACM-4 (independent),don1441,rec409,300.0,68.58200000000001,2.982060185185185
2020-05-22 00:00:00+00:00,calibration,gowns,ACM-4 (independent),don1446,rec458,24.0,94.5685,1.302800925925926
2020-05-29 00:00:00+00:00,calibration,respirators,ACM-4 (independent),don1468,rec290,300.0,46.091,5.508599537037037
2020-05-29 00:00:00+00:00,calibration,respirators,ACM-4 (independent),don1479,rec478,150.0,46.091,3.2044675925925925
2020-05-29 00:00:00+00:00,calibration,respirators,ACM-4 (independent),don1484,rec673,420.0,5.1795,2.8355439814814813
2020-05-29 00:00:00+00:00,calibration,respirators,ACM-4 (independent),don1485,rec290,2.0,46.091,2.1637037037037037
2020-05-29 00:00:00+00:00,calibration,respirators,ACM-4 (independent),don1497,rec582,200.0,46.091,0.319224537037037
2020-05-29 00:00:00+00:00,calibration,surgicalMasks,ACM-4 (independent),don1456,rec1362,500.0,5.1795,6.9542476851851855
2020-05-29 00:00:00+00:00,calibration,surgicalMasks,ACM-4 (independent),don1459,rec712,25.0,713.75,6.329224537037037
2020-05-29 00:00:00+00:00,calibration,surgicalMasks,ACM-4 (independent),don1460,rec712,500.0,46.091,6.193668981481482
2020-05-29 00:00:00+00:00,calibration,surgicalMasks,ACM-4 (independent),don1479,rec1362,100.0,46.091,3.2044675925925925
2020-05-29 00:00:00+00:00,calibration,surgicalMasks,ACM-4 (independent),don1482,rec712,30.0,122.0285,2.8859953703703702
2020-05-29 00:00:00+00:00,calibration,faceShields,ACM-4 (independent),don1461,rec750,56.0,316.3175,6.148993055555556
2020-05-29 00:00:00+00:00,calibration,faceShields,ACM-4 (independent),don1463,rec615,500.0,94.5685,5.812048611111111
2020-05-29 00:00:00+00:00,calibration,faceShields,ACM-4 (independent),don1472,rec420,3.0,175.261,3.359722222222222
2020-05-29 00:00:00+00:00,calibration,faceShields,ACM-4 (independent),don1495,rec750,200.0,46.091,1.323611111111111
2020-05-29 00:00:00+00:00,calibration,faceShields,ACM-4 (independent),don1498,rec186,200.0,68.58200000000001,0.22850694444444444
2020-05-29 00:00:00+00:00,calibration,gowns,ACM-4 (independent),don1468,rec274,50.0,94.5685,5.508599537037037
2020-06-05 00:00:00+00:00,calibration,surgicalMasks,ACM-4 (independent),don1499,rec1244,250.0,14.096,6.902337962962963
2020-06-05 00:00:00+00:00,calibration,faceShields,ACM-4 (independent),don1502,rec769,112.0,316.3175,2.1164699074074074
2020-06-05 00:00:00+00:00,calibration,faceShields,ACM-4 (independent),don1504,rec692,1000.0,5.1795,1.1952199074074075
2020-06-05 00:00:00+00:00,calibration,faceShields,ACM-4 (independent),don1507,rec920,1000.0,408.943,1.0286342592592592
2020-06-12 00:00:00+00:00,validation,respirators,ACM-4 (independent),don1508,rec945,25.0,237.9225,6.922256944444444
2020-06-12 00:00:00+00:00,validation,respirators,ACM-4 (independent),don1518,rec1492,1000.0,5.1795,3.208263888888889
2020-06-12 00:00:00+00:00,validation,respirators,ACM-4 (independent),don1520,rec1111,900.0,5.1795,2.544398148148148
2020-06-12 00:00:00+00:00,validation,respirators,ACM-4 (independent),don1522,rec119,20.0,5.1795,2.3616550925925925
2020-06-12 00:00:00+00:00,validation,faceShields,ACM-4 (independent),don1515,rec1435,100.0,31.625,3.3544212962962963
2020-06-12 00:00:00+00:00,validation,faceShields,ACM-4 (independent),don1527,rec626,106.0,5.1795,1.4218287037037036
2020-06-19 00:00:00+00:00,validation,respirators,ACM-4 (independent),don1540,rec1019,1000.0,5.1795,5.979548611111111
2020-06-19 00:00:00+00:00,validation,surgicalMasks,ACM-4 (independent),don1542,rec1584,1000.0,5.1795,3.6922916666666667
2020-06-19 00:00:00+00:00,validation,surgicalMasks,ACM-4 (independent),don1548,rec1520,50.0,5.1795,2.6946875
2020-06-19 00:00:00+00:00,validation,surgicalMasks,ACM-4 (independent),don1554,rec1270,60.0,68.58200000000001,2.160740740740741
2020-06-19 00:00:00+00:00,validation,faceShields,ACM-4 (independent),don1543,rec1113,200.0,151.1025,3.481388888888889
2020-06-19 00:00:00+00:00,validation,faceShields,ACM-4 (independent),don1544,rec2184,50.0,14.096,3.381898148148148
2020-06-19 00:00:00+00:00,validation,faceShields,ACM-4 (independent),don1546,rec1691,100.0,14.096,3.3454282407407407
2020-06-19 00:00:00+00:00,validation,faceShields,ACM-4 (independent),don1557,rec1729,500.0,122.0285,0.3359490740740741
2020-06-19 00:00:00+00:00,validation,gowns,ACM-4 (independent),don1546,rec329,100.0,122.0285,3.3454282407407407
2020-06-26 00:00:00+00:00,validation,respirators,ACM-4 (independent),don1559,rec1520,800.0,14.096,5.375034722222222
2020-06-26 00:00:00+00:00,validation,surgicalMasks,ACM-4 (independent),don1561,rec2035,600.0,21.963,3.279421296296296
2020-06-26 00:00:00+00:00,validation,faceShields,ACM-4 (independent),don1562,rec1332,2.0,5.1795,2.2496296296296294
2020-06-26 00:00:00+00:00,validation,faceShields,ACM-4 (independent),don1564,rec1243,200.0,5.1795,1.1930092592592592
2020-06-26 00:00:00+00:00,validation,faceShields,ACM-4 (independent),don1565,rec1831,100.0,5.1795,0.5170254629629629
2020-07-03 00:00:00+00:00,test,respirators,ACM-4 (independent),don1579,rec384,3.0,5.1795,0.7224652777777778
2020-07-03 00:00:00+00:00,test,surgicalMasks,ACM-4 (independent),don1566,rec2397,280.0,237.9225,6.812627314814815
2020-07-03 00:00:00+00:00,test,surgicalMasks,ACM-4 (independent),don1577,rec1400,50.0,5.1795,1.7765277777777777
2020-07-03 00:00:00+00:00,test,surgicalMasks,ACM-4 (independent),don1580,rec1111,1000.0,5.1795,0.4565162037037037
2020-07-03 00:00:00+00:00,test,faceShields,ACM-4 (independent),don1571,rec1520,25.0,5.1795,4.145023148148148
2020-07-03 00:00:00+00:00,test,faceShields,ACM-4 (independent),don1573,rec2776,5.0,46.091,2.8470949074074072
2020-07-10 00:00:00+00:00,test,respirators,ACM-4 (independent),don1584,rec2096,5.0,5.1795,6.097974537037037
2020-07-10 00:00:00+00:00,test,respirators,ACM-4 (independent),don1592,rec138,20.0,5.1795,4.157222222222222
2020-07-10 00:00:00+00:00,test,respirators,ACM-4 (independent),don1602,rec1523,40.0,21.963,1.2396643518518518
2020-07-10 00:00:00+00:00,test,surgicalMasks,ACM-4 (independent),don1592,rec2747,30.0,5.1795,4.157222222222222
2020-07-10 00:00:00+00:00,test,surgicalMasks,ACM-4 (independent),don1596,rec1159,1000.0,68.58200000000001,2.3696180555555557
2020-07-10 00:00:00+00:00,test,surgicalMasks,ACM-4 (independent),don1599,rec1274,200.0,5.1795,1.9099884259259259
2020-07-10 00:00:00+00:00,test,surgicalMasks,ACM-4 (independent),don1602,rec1523,50.0,21.963,1.2396643518518518
2020-07-10 00:00:00+00:00,test,surgicalMasks,ACM-4 (independent),don1604,rec1360,1000.0,14.096,1.107337962962963
2020-07-10 00:00:00+00:00,test,surgicalMasks,ACM-4 (independent),don1605,rec1524,450.0,5.1795,1.0484606481481482
2020-07-10 00:00:00+00:00,test,faceShields,ACM-4 (independent),don1585,rec2280,40.0,5.1795,6.008738425925926
2020-07-10 00:00:00+00:00,test,faceShields,ACM-4 (independent),don1589,rec1030,30.0,5.1795,4.21130787037037
2020-07-10 00:00:00+00:00,test,faceShields,ACM-4 (independent),don1595,rec2288,25.0,5.1795,2.8978819444444444
2020-07-17 00:00:00+00:00,test,respirators,ACM-4 (independent),don1611,rec3402,5.0,5.1795,6.970578703703704
2020-07-17 00:00:00+00:00,test,respirators,ACM-4 (independent),don1622,rec2662,10.0,14.096,5.094039351851852
2020-07-17 00:00:00+00:00,test,surgicalMasks,ACM-4 (independent),don1615,rec2510,20.0,122.0285,6.857303240740741
2020-07-17 00:00:00+00:00,test,faceShields,ACM-4 (independent),don1615,rec2733,2.0,214.4355,6.857303240740741
2020-07-17 00:00:00+00:00,test,faceShields,ACM-4 (independent),don1618,rec2125,1000.0,5.1795,6.23787037037037
2020-07-17 00:00:00+00:00,test,faceShields,ACM-4 (independent),don1623,rec1268,200.0,5.1795,4.294733796296296
2020-07-24 00:00:00+00:00,test,respirators,ACM-4 (independent),don1655,rec1519,500.0,5.1795,6.0881944444444445
2020-07-24 00:00:00+00:00,test,faceShields,ACM-4 (independent),don1655,rec1519,500.0,5.1795,6.0881944444444445
2020-04-03 00:00:00+00:00,calibration,respirators,ACM-3,don0,rec12,20.0,1237.3895,6.509027777777778
2020-04-24 00:00:00+00:00,calibration,respirators,ACM-3,don103,rec442,20.0,562.254,4.833333333333333
2020-04-24 00:00:00+00:00,calibration,respirators,ACM-3,don108,rec89,15.0,31.625,4.833333333333333
2020-04-24 00:00:00+00:00,calibration,respirators,ACM-3,don116,rec409,1.0,175.261,4.833333333333333
2020-04-24 00:00:00+00:00,calibration,respirators,ACM-3,don118,rec409,2.0,151.1025,4.833333333333333
2020-04-24 00:00:00+00:00,calibration,respirators,ACM-3,don124,rec89,100.0,31.625,4.833333333333333
2020-04-24 00:00:00+00:00,calibration,respirators,ACM-3,don135,rec89,2.0,68.58200000000001,4.833333333333333
2020-04-24 00:00:00+00:00,calibration,respirators,ACM-3,don141,rec0,5.0,68.58200000000001,4.833333333333333
2020-04-24 00:00:00+00:00,calibration,respirators,ACM-3,don143,rec89,1.0,31.625,4.833333333333333
2020-04-24 00:00:00+00:00,calibration,respirators,ACM-3,don145,rec122,19.0,14.096,4.833333333333333
2020-04-24 00:00:00+00:00,calibration,respirators,ACM-3,don146,rec131,35.0,175.261,4.833333333333333
2020-04-24 00:00:00+00:00,calibration,respirators,ACM-3,don149,rec89,3.0,31.625,4.833333333333333
2020-04-24 00:00:00+00:00,calibration,respirators,ACM-3,don150,rec89,18.0,31.625,4.833333333333333
2020-04-24 00:00:00+00:00,calibration,respirators,ACM-3,don164,rec442,2.0,408.943,4.833333333333333
2020-04-24 00:00:00+00:00,calibration,respirators,ACM-3,don166,rec87,10.0,46.091,4.833333333333333
2020-04-24 00:00:00+00:00,calibration,respirators,ACM-3,don167,rec89,2.0,31.625,4.833333333333333
2020-04-24 00:00:00+00:00,calibration,respirators,ACM-3,don168,rec0,6.0,94.5685,4.833333333333333
2020-04-24 00:00:00+00:00,calibration,respirators,ACM-3,don172,rec442,12.0,175.261,4.833333333333333
2020-04-24 00:00:00+00:00,calibration,respirators,ACM-3,don173,rec12,5.0,214.4355,4.833333333333333
2020-04-24 00:00:00+00:00,calibration,respirators,ACM-3,don184,rec253,140.0,68.58200000000001,4.833333333333333
2020-04-24 00:00:00+00:00,calibration,respirators,ACM-3,don188,rec621,500.0,175.261,4.833333333333333
2020-04-24 00:00:00+00:00,calibration,respirators,ACM-3,don199,rec409,10.0,46.091,4.833333333333333
2020-04-24 00:00:00+00:00,calibration,respirators,ACM-3,don201,rec605,16.0,295.1365,4.833333333333333
2020-04-24 00:00:00+00:00,calibration,respirators,ACM-3,don204,rec409,7.0,14.096,4.833333333333333
2020-04-24 00:00:00+00:00,calibration,respirators,ACM-3,don206,rec89,20.0,14.096,4.833333333333333
2020-04-24 00:00:00+00:00,calibration,respirators,ACM-3,don208,rec89,50.0,21.963,4.833333333333333
2020-04-24 00:00:00+00:00,calibration,respirators,ACM-3,don209,rec0,1.0,31.625,4.833333333333333
2020-04-24 00:00:00+00:00,calibration,respirators,ACM-3,don215,rec122,10.0,14.096,4.833333333333333
2020-04-24 00:00:00+00:00,calibration,respirators,ACM-3,don219,rec89,1.0,31.625,4.833333333333333
2020-04-24 00:00:00+00:00,calibration,respirators,ACM-3,don220,rec89,14.0,31.625,4.833333333333333
2020-04-24 00:00:00+00:00,calibration,respirators,ACM-3,don224,rec12,2.0,214.4355,4.833333333333333
2020-04-24 00:00:00+00:00,calibration,respirators,ACM-3,don233,rec409,2.0,5.1795,4.833333333333333
2020-04-24 00:00:00+00:00,calibration,respirators,ACM-3,don234,rec89,4.0,214.4355,4.833333333333333
2020-04-24 00:00:00+00:00,calibration,respirators,ACM-3,don235,rec89,75.0,68.58200000000001,4.833333333333333
2020-04-24 00:00:00+00:00,calibration,respirators,ACM-3,don243,rec409,30.0,46.091,4.833333333333333
2020-04-24 00:00:00+00:00,calibration,respirators,ACM-3,don244,rec409,2.0,31.625,4.833333333333333
2020-04-24 00:00:00+00:00,calibration,respirators,ACM-3,don245,rec409,10.0,31.625,4.833333333333333
2020-04-24 00:00:00+00:00,calibration,respirators,ACM-3,don247,rec89,200.0,21.963,4.833333333333333
2020-04-24 00:00:00+00:00,calibration,respirators,ACM-3,don248,rec89,1.0,14.096,4.833333333333333
2020-04-24 00:00:00+00:00,calibration,respirators,ACM-3,don251,rec0,5.0,14.096,4.833333333333333
2020-04-24 00:00:00+00:00,calibration,respirators,ACM-3,don258,rec0,40.0,590.1020000000001,4.833333333333333
2020-04-24 00:00:00+00:00,calibration,respirators,ACM-3,don264,rec89,120.0,46.091,4.833333333333333
2020-04-24 00:00:00+00:00,calibration,respirators,ACM-3,don265,rec122,2.0,14.096,4.833333333333333
2020-04-24 00:00:00+00:00,calibration,respirators,ACM-3,don268,rec12,300.0,349.019,4.833333333333333
2020-04-24 00:00:00+00:00,calibration,respirators,ACM-3,don282,rec0,4.0,5.1795,4.833333333333333
2020-04-24 00:00:00+00:00,calibration,respirators,ACM-3,don294,rec89,8.0,68.58200000000001,4.833333333333333
2020-04-24 00:00:00+00:00,calibration,respirators,ACM-3,don295,rec0,5.0,151.1025,4.833333333333333
2020-04-24 00:00:00+00:00,calibration,respirators,ACM-3,don299,rec89,900.0,46.091,4.833333333333333
2020-04-24 00:00:00+00:00,calibration,respirators,ACM-3,don305,rec89,30.0,31.625,4.833333333333333
2020-04-24 00:00:00+00:00,calibration,respirators,ACM-3,don309,rec122,20.0,14.096,4.833333333333333
2020-04-24 00:00:00+00:00,calibration,respirators,ACM-3,don311,rec122,2.0,21.963,4.833333333333333
2020-04-24 00:00:00+00:00,calibration,respirators,ACM-3,don314,rec89,140.0,46.091,4.833333333333333
2020-04-24 00:00:00+00:00,calibration,respirators,ACM-3,don317,rec122,1000.0,14.096,4.833333333333333
2020-04-24 00:00:00+00:00,calibration,respirators,ACM-3,don353,rec89,10.0,31.625,4.833333333333333
2020-04-24 00:00:00+00:00,calibration,respirators,ACM-3,don356,rec89,300.0,31.625,4.833333333333333
2020-04-24 00:00:00+00:00,calibration,respirators,ACM-3,don357,rec89,30.0,46.091,4.833333333333333
2020-04-24 00:00:00+00:00,calibration,respirators,ACM-3,don358,rec409,60.0,46.091,4.833333333333333
2020-04-24 00:00:00+00:00,calibration,respirators,ACM-3,don359,rec0,2.0,31.625,4.833333333333333
2020-04-24 00:00:00+00:00,calibration,respirators,ACM-3,don360,rec87,10.0,68.58200000000001,4.833333333333333
2020-04-24 00:00:00+00:00,calibration,respirators,ACM-3,don373,rec89,300.0,349.019,4.833333333333333
2020-04-24 00:00:00+00:00,calibration,respirators,ACM-3,don376,rec38,200.0,385.7645,4.833333333333333
2020-04-24 00:00:00+00:00,calibration,respirators,ACM-3,don381,rec89,10.0,31.625,4.833333333333333
2020-04-24 00:00:00+00:00,calibration,respirators,ACM-3,don382,rec89,90.0,408.943,4.833333333333333
2020-04-24 00:00:00+00:00,calibration,respirators,ACM-3,don383,rec122,11.0,5.1795,4.833333333333333
2020-04-24 00:00:00+00:00,calibration,respirators,ACM-3,don388,rec38,10.0,237.9225,4.833333333333333
2020-04-24 00:00:00+00:00,calibration,respirators,ACM-3,don397,rec38,1000.0,237.9225,4.833333333333333
2020-04-24 00:00:00+00:00,calibration,respirators,ACM-3,don399,rec89,38.0,21.963,4.833333333333333
2020-04-24 00:00:00+00:00,calibration,respirators,ACM-3,don400,rec89,5.0,5.1795,4.833333333333333
2020-04-24 00:00:00+00:00,calibration,respirators,ACM-3,don401,rec122,950.0,14.096,4.833333333333333
2020-04-24 00:00:00+00:00,calibration,respirators,ACM-3,don402,rec0,3.0,5.1795,4.833333333333333
2020-04-24 00:00:00+00:00,calibration,respirators,ACM-3,don405,rec122,1.0,14.096,4.833333333333333
2020-04-24 00:00:00+00:00,calibration,respirators,ACM-3,don411,rec0,30.0,94.5685,4.833333333333333
2020-04-24 00:00:00+00:00,calibration,respirators,ACM-3,don412,rec89,15.0,31.625,4.833333333333333
2020-04-24 00:00:00+00:00,calibration,respirators,ACM-3,don414,rec89,2.0,46.091,4.833333333333333
2020-04-24 00:00:00+00:00,calibration,respirators,ACM-3,don422,rec89,1.0,46.091,4.833333333333333
2020-04-24 00:00:00+00:00,calibration,respirators,ACM-3,don427,rec131,5.0,175.261,4.833333333333333
2020-04-24 00:00:00+00:00,calibration,respirators,ACM-3,don429,rec0,24.0,5.1795,4.833333333333333
2020-04-24 00:00:00+00:00,calibration,respirators,ACM-3,don430,rec0,5.0,21.963,4.833333333333333
2020-04-24 00:00:00+00:00,calibration,respirators,ACM-3,don432,rec0,6.0,690.7964999999999,4.833333333333333
2020-04-24 00:00:00+00:00,calibration,respirators,ACM-3,don442,rec89,3.0,31.625,4.833333333333333
2020-04-24 00:00:00+00:00,calibration,respirators,ACM-3,don443,rec253,2.0,68.58200000000001,4.833333333333333
2020-04-24 00:00:00+00:00,calibration,respirators,ACM-3,don445,rec131,3.0,122.0285,4.833333333333333
2020-04-24 00:00:00+00:00,calibration,respirators,ACM-3,don446,rec0,5.0,5.1795,4.833333333333333
2020-04-24 00:00:00+00:00,calibration,respirators,ACM-3,don466,rec605,6.0,21.963,4.833333333333333
2020-04-24 00:00:00+00:00,calibration,respirators,ACM-3,don467,rec253,400.0,68.58200000000001,4.833333333333333
2020-04-24 00:00:00+00:00,calibration,respirators,ACM-3,don468,rec89,5.0,46.091,4.833333333333333
2020-04-24 00:00:00+00:00,calibration,respirators,ACM-3,don487,rec89,3.0,46.091,4.833333333333333
2020-04-24 00:00:00+00:00,calibration,respirators,ACM-3,don490,rec122,9.0,151.1025,4.833333333333333
2020-04-24 00:00:00+00:00,calibration,respirators,ACM-3,don493,rec122,1.0,14.096,4.833333333333333
2020-04-24 00:00:00+00:00,calibration,respirators,ACM-3,don494,rec0,10.0,46.091,4.833333333333333
2020-04-24 00:00:00+00:00,calibration,respirators,ACM-3,don503,rec122,4.0,14.096,4.833333333333333
2020-04-24 00:00:00+00:00,calibration,respirators,ACM-3,don507,rec89,50.0,21.963,4.833333333333333
2020-04-24 00:00:00+00:00,calibration,respirators,ACM-3,don511,rec0,10.0,590.1020000000001,4.833333333333333
2020-04-24 00:00:00+00:00,calibration,respirators,ACM-3,don522,rec582,8.0,5.1795,4.833333333333333
2020-04-24 00:00:00+00:00,calibration,respirators,ACM-3,don523,rec87,8.0,68.58200000000001,4.833333333333333
2020-04-24 00:00:00+00:00,calibration,respirators,ACM-3,don527,rec12,15.0,366.0375,4.833333333333333
2020-04-24 00:00:00+00:00,calibration,respirators,ACM-3,don529,rec0,20.0,5.1795,4.833333333333333
2020-04-24 00:00:00+00:00,calibration,respirators,ACM-3,don530,rec89,10.0,46.091,4.833333333333333
2020-04-24 00:00:00+00:00,calibration,respirators,ACM-3,don531,rec0,12.0,5.1795,4.833333333333333
2020-04-24 00:00:00+00:00,calibration,respirators,ACM-3,don533,rec605,20.0,14.096,4.833333333333333
2020-04-24 00:00:00+00:00,calibration,respirators,ACM-3,don536,rec38,100.0,295.1365,4.833333333333333
2020-04-24 00:00:00+00:00,calibration,respirators,ACM-3,don538,rec89,10.0,31.625,4.833333333333333
2020-04-24 00:00:00+00:00,calibration,respirators,ACM-3,don540,rec89,42.0,46.091,4.833333333333333
2020-04-24 00:00:00+00:00,calibration,respirators,ACM-3,don541,rec89,20.0,31.625,4.833333333333333
2020-04-24 00:00:00+00:00,calibration,respirators,ACM-3,don543,rec87,10.0,68.58200000000001,4.833333333333333
2020-04-24 00:00:00+00:00,calibration,respirators,ACM-3,don544,rec122,13.0,151.1025,4.833333333333333
2020-04-24 00:00:00+00:00,calibration,respirators,ACM-3,don545,rec0,6.0,532.017,4.833333333333333
2020-04-24 00:00:00+00:00,calibration,respirators,ACM-3,don553,rec122,20.0,21.963,4.833333333333333
2020-04-24 00:00:00+00:00,calibration,respirators,ACM-3,don554,rec442,500.0,562.254,4.833333333333333
2020-04-24 00:00:00+00:00,calibration,respirators,ACM-3,don568,rec89,10.0,31.625,4.833333333333333
2020-04-24 00:00:00+00:00,calibration,respirators,ACM-3,don570,rec89,5.0,408.943,4.833333333333333
2020-04-24 00:00:00+00:00,calibration,respirators,ACM-3,don572,rec122,45.0,14.096,4.833333333333333
2020-04-24 00:00:00+00:00,calibration,respirators,ACM-3,don575,rec442,7.0,366.0375,4.833333333333333
2020-04-24 00:00:00+00:00,calibration,respirators,ACM-3,don577,rec87,40.0,122.0285,4.833333333333333
2020-04-24 00:00:00+00:00,calibration,respirators,ACM-3,don578,rec88,15.0,194.979,4.833333333333333
2020-04-24 00:00:00+00:00,calibration,respirators,ACM-3,don579,rec122,1.0,46.091,4.833333333333333
2020-04-24 00:00:00+00:00,calibration,respirators,ACM-3,don580,rec635,1000.0,638.9715,4.833333333333333
2020-04-24 00:00:00+00:00,calibration,respirators,ACM-3,don581,rec89,1.0,31.625,4.833333333333333
2020-04-24 00:00:00+00:00,calibration,respirators,ACM-3,don589,rec87,4.0,46.091,4.833333333333333
2020-04-24 00:00:00+00:00,calibration,respirators,ACM-3,don597,rec0,10.0,46.091,4.833333333333333
2020-04-24 00:00:00+00:00,calibration,respirators,ACM-3,don599,rec89,5.0,31.625,4.833333333333333
2020-04-24 00:00:00+00:00,calibration,respirators,ACM-3,don611,rec0,30.0,5.1795,4.833333333333333
2020-04-24 00:00:00+00:00,calibration,respirators,ACM-3,don612,rec0,70.0,21.963,4.833333333333333
2020-04-24 00:00:00+00:00,calibration,respirators,ACM-3,don614,rec89,2.0,31.625,4.833333333333333
2020-04-24 00:00:00+00:00,calibration,respirators,ACM-3,don615,rec89,100.0,94.5685,4.833333333333333
2020-04-24 00:00:00+00:00,calibration,respirators,ACM-3,don616,rec89,6.0,31.625,4.833333333333333
2020-04-24 00:00:00+00:00,calibration,respirators,ACM-3,don617,rec89,4.0,21.963,4.833333333333333
2020-04-24 00:00:00+00:00,calibration,respirators,ACM-3,don620,rec122,20.0,237.9225,4.833333333333333
2020-04-24 00:00:00+00:00,calibration,respirators,ACM-3,don625,rec635,3.0,590.1020000000001,4.833333333333333
2020-04-24 00:00:00+00:00,calibration,respirators,ACM-3,don627,rec89,400.0,14.096,4.833333333333333
2020-04-24 00:00:00+00:00,calibration,respirators,ACM-3,don630,rec409,15.0,46.091,4.833333333333333
2020-04-24 00:00:00+00:00,calibration,respirators,ACM-3,don633,rec89,1000.0,31.625,4.833333333333333
2020-04-24 00:00:00+00:00,calibration,respirators,ACM-3,don634,rec89,25.0,46.091,4.833333333333333
2020-04-24 00:00:00+00:00,calibration,respirators,ACM-3,don635,rec88,20.0,31.625,4.833333333333333
2020-04-24 00:00:00+00:00,calibration,respirators,ACM-3,don637,rec605,3.0,31.625,4.833333333333333
2020-04-24 00:00:00+00:00,calibration,respirators,ACM-3,don643,rec131,1.0,94.5685,4.833333333333333
2020-04-24 00:00:00+00:00,calibration,respirators,ACM-3,don645,rec621,10.0,151.1025,4.833333333333333
2020-04-24 00:00:00+00:00,calibration,respirators,ACM-3,don646,rec0,2.0,68.58200000000001,4.833333333333333
2020-04-24 00:00:00+00:00,calibration,respirators,ACM-3,don647,rec605,1000.0,151.1025,4.833333333333333
2020-04-24 00:00:00+00:00,calibration,respirators,ACM-3,don648,rec599,3.0,122.0285,4.833333333333333
2020-04-24 00:00:00+00:00,calibration,respirators,ACM-3,don649,rec87,12.0,14.096,4.833333333333333
2020-04-24 00:00:00+00:00,calibration,respirators,ACM-3,don661,rec89,2.0,46.091,4.833333333333333
2020-04-24 00:00:00+00:00,calibration,respirators,ACM-3,don662,rec0,20.0,46.091,4.833333333333333
2020-04-24 00:00:00+00:00,calibration,respirators,ACM-3,don666,rec0,25.0,532.017,4.833333333333333
2020-04-24 00:00:00+00:00,calibration,respirators,ACM-3,don674,rec266,24.0,68.58200000000001,4.833333333333333
2020-04-24 00:00:00+00:00,calibration,respirators,ACM-3,don675,rec89,3.0,31.625,4.833333333333333
2020-04-24 00:00:00+00:00,calibration,respirators,ACM-3,don676,rec122,2.0,21.963,4.833333333333333
2020-04-24 00:00:00+00:00,calibration,respirators,ACM-3,don677,rec582,3.0,14.096,4.833333333333333
2020-04-24 00:00:00+00:00,calibration,respirators,ACM-3,don682,rec87,8.0,68.58200000000001,4.833333333333333
2020-04-24 00:00:00+00:00,calibration,respirators,ACM-3,don685,rec131,6.0,175.261,4.833333333333333
2020-04-24 00:00:00+00:00,calibration,respirators,ACM-3,don686,rec88,6.0,46.091,4.833333333333333
2020-04-24 00:00:00+00:00,calibration,respirators,ACM-3,don687,rec442,1.0,366.0375,4.833333333333333
2020-04-24 00:00:00+00:00,calibration,respirators,ACM-3,don688,rec89,3.0,349.019,4.833333333333333
2020-04-24 00:00:00+00:00,calibration,respirators,ACM-3,don689,rec122,1000.0,46.091,4.833333333333333
2020-04-24 00:00:00+00:00,calibration,respirators,ACM-3,don691,rec0,100.0,21.963,4.833333333333333
2020-04-24 00:00:00+00:00,calibration,respirators,ACM-3,don692,rec409,15.0,21.963,4.833333333333333
2020-04-24 00:00:00+00:00,calibration,respirators,ACM-3,don693,rec89,1000.0,14.096,4.833333333333333
2020-04-24 00:00:00+00:00,calibration,respirators,ACM-3,don694,rec89,500.0,46.091,4.833333333333333
2020-04-24 00:00:00+00:00,calibration,respirators,ACM-3,don698,rec310,4.0,46.091,4.833333333333333
2020-04-24 00:00:00+00:00,calibration,respirators,ACM-3,don703,rec131,1.0,5.1795,4.833333333333333
2020-04-24 00:00:00+00:00,calibration,respirators,ACM-3,don705,rec89,620.0,31.625,4.833333333333333
2020-04-24 00:00:00+00:00,calibration,respirators,ACM-3,don706,rec0,10.0,5.1795,4.833333333333333
2020-04-24 00:00:00+00:00,calibration,respirators,ACM-3,don707,rec0,500.0,68.58200000000001,4.833333333333333
2020-04-24 00:00:00+00:00,calibration,respirators,ACM-3,don709,rec605,10.0,14.096,4.833333333333333
2020-04-24 00:00:00+00:00,calibration,respirators,ACM-3,don717,rec409,4.0,68.58200000000001,4.833333333333333
2020-04-24 00:00:00+00:00,calibration,respirators,ACM-3,don719,rec0,10.0,31.625,4.833333333333333
2020-04-24 00:00:00+00:00,calibration,respirators,ACM-3,don723,rec89,180.0,31.625,4.833333333333333
2020-04-24 00:00:00+00:00,calibration,respirators,ACM-3,don726,rec88,10.0,5.1795,4.833333333333333
2020-04-24 00:00:00+00:00,calibration,respirators,ACM-3,don728,rec0,6.0,5.1795,4.833333333333333
2020-04-24 00:00:00+00:00,calibration,respirators,ACM-3,don731,rec122,2.0,21.963,4.833333333333333
2020-04-24 00:00:00+00:00,calibration,respirators,ACM-3,don740,rec409,2.0,175.261,4.833333333333333
2020-04-24 00:00:00+00:00,calibration,respirators,ACM-3,don745,rec131,500.0,175.261,4.833333333333333
2020-04-24 00:00:00+00:00,calibration,respirators,ACM-3,don747,rec605,20.0,385.7645,4.833333333333333
2020-04-24 00:00:00+00:00,calibration,respirators,ACM-3,don748,rec89,6.0,5.1795,4.833333333333333
2020-04-24 00:00:00+00:00,calibration,respirators,ACM-3,don749,rec89,60.0,46.091,4.833333333333333
2020-04-24 00:00:00+00:00,calibration,respirators,ACM-3,don751,rec122,200.0,14.096,4.833333333333333
2020-04-24 00:00:00+00:00,calibration,respirators,ACM-3,don752,rec0,40.0,46.091,4.833333333333333
2020-04-24 00:00:00+00:00,calibration,respirators,ACM-3,don759,rec12,1000.0,214.4355,4.833333333333333
2020-04-24 00:00:00+00:00,calibration,respirators,ACM-3,don761,rec89,20.0,46.091,4.833333333333333
2020-04-24 00:00:00+00:00,calibration,respirators,ACM-3,don762,rec0,11.0,5.1795,4.833333333333333
2020-04-24 00:00:00+00:00,calibration,respirators,ACM-3,don763,rec89,180.0,31.625,4.833333333333333
2020-04-24 00:00:00+00:00,calibration,respirators,ACM-3,don764,rec0,1000.0,638.9715,4.833333333333333
2020-04-24 00:00:00+00:00,calibration,respirators,ACM-3,don766,rec409,100.0,46.091,4.833333333333333
2020-04-24 00:00:00+00:00,calibration,respirators,ACM-3,don767,rec605,20.0,333.27,4.833333333333333
2020-04-24 00:00:00+00:00,calibration,respirators,ACM-3,don768,rec409,4.0,46.091,4.833333333333333
2020-04-24 00:00:00+00:00,calibration,respirators,ACM-3,don769,rec409,13.0,46.091,4.833333333333333
2020-04-24 00:00:00+00:00,calibration,respirators,ACM-3,don77,rec409,4.0,31.625,4.833333333333333
2020-04-24 00:00:00+00:00,calibration,respirators,ACM-3,don771,rec122,20.0,21.963,4.833333333333333
2020-04-24 00:00:00+00:00,calibration,respirators,ACM-3,don772,rec409,10.0,46.091,4.833333333333333
2020-04-24 00:00:00+00:00,calibration,respirators,ACM-3,don91,rec442,18.0,562.254,4.833333333333333
2020-04-24 00:00:00+00:00,calibration,respirators,ACM-3,don92,rec442,1.0,562.254,4.833333333333333
2020-04-24 00:00:00+00:00,calibration,respirators,ACM-3,don94,rec122,1000.0,21.963,4.833333333333333
2020-04-24 00:00:00+00:00,calibration,respirators,ACM-3,don95,rec0,5.0,690.7964999999999,4.833333333333333
2020-04-24 00:00:00+00:00,calibration,respirators,ACM-3,don98,rec599,5.0,31.625,4.833333333333333
2020-04-24 00:00:00+00:00,calibration,respirators,ACM-3,don778,rec621,25.0,68.58200000000001,4.499305555555556
2020-04-24 00:00:00+00:00,calibration,respirators,ACM-3,don801,rec0,10.0,614.4975,3.25556712962963
2020-04-24 00:00:00+00:00,calibration,respirators,ACM-3,don812,rec253,1.0,68.58200000000001,2.883263888888889
2020-04-24 00:00:00+00:00,calibration,respirators,ACM-3,don835,rec87,1.0,94.5685,2.2685069444444443
2020-04-24 00:00:00+00:00,calibration,respirators,ACM-3,don836,rec89,720.0,31.625,2.263587962962963
2020-04-24 00:00:00+00:00,calibration,respirators,ACM-3,don840,rec409,4.0,46.091,2.180138888888889
2020-04-24 00:00:00+00:00,calibration,respirators,ACM-3,don852,rec785,16.0,122.0285,1.7783217592592593
2020-04-24 00:00:00+00:00,calibration,respirators,ACM-3,don873,rec0,300.0,21.963,1.0271064814814814
2020-04-24 00:00:00+00:00,calibration,respirators,ACM-3,don886,rec605,20.0,94.5685,0.8513773148148148
2020-04-24 00:00:00+00:00,calibration,respirators,ACM-3,don909,rec409,2.0,175.261,0.025902777777777778
2020-04-24 00:00:00+00:00,calibration,respirators,ACM-3,don912,rec89,120.0,21.963,0.009155092592592593
2020-04-24 00:00:00+00:00,calibration,surgicalMasks,ACM-3,don102,rec1052,8.0,408.943,4.833333333333333
2020-04-24 00:00:00+00:00,calibration,surgicalMasks,ACM-3,don129,rec1052,500.0,333.27,4.833333333333333
2020-04-24 00:00:00+00:00,calibration,surgicalMasks,ACM-3,don130,rec1037,500.0,295.1365,4.833333333333333
2020-04-24 00:00:00+00:00,calibration,surgicalMasks,ACM-3,don131,rec571,100.0,94.5685,4.833333333333333
2020-04-24 00:00:00+00:00,calibration,surgicalMasks,ACM-3,don142,rec1037,80.0,31.625,4.833333333333333
2020-04-24 00:00:00+00:00,calibration,surgicalMasks,ACM-3,don159,rec571,8.0,68.58200000000001,4.833333333333333
2020-04-24 00:00:00+00:00,calibration,surgicalMasks,ACM-3,don193,rec1037,1000.0,5.1795,4.833333333333333
2020-04-24 00:00:00+00:00,calibration,surgicalMasks,ACM-3,don197,rec31,30.0,21.963,4.833333333333333
2020-04-24 00:00:00+00:00,calibration,surgicalMasks,ACM-3,don200,rec571,300.0,122.0285,4.833333333333333
2020-04-24 00:00:00+00:00,calibration,surgicalMasks,ACM-3,don205,rec31,50.0,31.625,4.833333333333333
2020-04-24 00:00:00+00:00,calibration,surgicalMasks,ACM-3,don217,rec571,200.0,94.5685,4.833333333333333
2020-04-24 00:00:00+00:00,calibration,surgicalMasks,ACM-3,don228,rec1037,100.0,14.096,4.833333333333333
2020-04-24 00:00:00+00:00,calibration,surgicalMasks,ACM-3,don231,rec1037,500.0,295.1365,4.833333333333333
2020-04-24 00:00:00+00:00,calibration,surgicalMasks,ACM-3,don242,rec31,20.0,237.9225,4.833333333333333
2020-04-24 00:00:00+00:00,calibration,surgicalMasks,ACM-3,don293,rec571,25.0,68.58200000000001,4.833333333333333
2020-04-24 00:00:00+00:00,calibration,surgicalMasks,ACM-3,don297,rec1037,100.0,5.1795,4.833333333333333
2020-04-24 00:00:00+00:00,calibration,surgicalMasks,ACM-3,don307,rec1037,1000.0,46.091,4.833333333333333
2020-04-24 00:00:00+00:00,calibration,surgicalMasks,ACM-3,don310,rec571,80.0,94.5685,4.833333333333333
2020-04-24 00:00:00+00:00,calibration,surgicalMasks,ACM-3,don312,rec571,50.0,94.5685,4.833333333333333
2020-04-24 00:00:00+00:00,calibration,surgicalMasks,ACM-3,don313,rec571,150.0,68.58200000000001,4.833333333333333
2020-04-24 00:00:00+00:00,calibration,surgicalMasks,ACM-3,don323,rec571,150.0,46.091,4.833333333333333
2020-04-24 00:00:00+00:00,calibration,surgicalMasks,ACM-3,don324,rec571,5.0,94.5685,4.833333333333333
2020-04-24 00:00:00+00:00,calibration,surgicalMasks,ACM-3,don325,rec1037,500.0,21.963,4.833333333333333
2020-04-24 00:00:00+00:00,calibration,surgicalMasks,ACM-3,don326,rec1052,1.0,267.284,4.833333333333333
2020-04-24 00:00:00+00:00,calibration,surgicalMasks,ACM-3,don327,rec31,75.0,21.963,4.833333333333333
2020-04-24 00:00:00+00:00,calibration,surgicalMasks,ACM-3,don329,rec31,10.0,21.963,4.833333333333333
2020-04-24 00:00:00+00:00,calibration,surgicalMasks,ACM-3,don350,rec31,50.0,562.254,4.833333333333333
2020-04-24 00:00:00+00:00,calibration,surgicalMasks,ACM-3,don352,rec185,500.0,14.096,4.833333333333333
2020-04-24 00:00:00+00:00,calibration,surgicalMasks,ACM-3,don355,rec1037,25.0,5.1795,4.833333333333333
2020-04-24 00:00:00+00:00,calibration,surgicalMasks,ACM-3,don371,rec31,60.0,31.625,4.833333333333333
2020-04-24 00:00:00+00:00,calibration,surgicalMasks,ACM-3,don382,rec1037,60.0,436.4295,4.833333333333333
2020-04-24 00:00:00+00:00,calibration,surgicalMasks,ACM-3,don387,rec31,50.0,408.943,4.833333333333333
2020-04-24 00:00:00+00:00,calibration,surgicalMasks,ACM-3,don423,rec1037,150.0,31.625,4.833333333333333
2020-04-24 00:00:00+00:00,calibration,surgicalMasks,ACM-3,don424,rec342,40.0,295.1365,4.833333333333333
2020-04-24 00:00:00+00:00,calibration,surgicalMasks,ACM-3,don425,rec342,50.0,214.4355,4.833333333333333
2020-04-24 00:00:00+00:00,calibration,surgicalMasks,ACM-3,don437,rec342,250.0,122.0285,4.833333333333333
2020-04-24 00:00:00+00:00,calibration,surgicalMasks,ACM-3,don442,rec1037,3.0,5.1795,4.833333333333333
2020-04-24 00:00:00+00:00,calibration,surgicalMasks,ACM-3,don453,rec31,50.0,94.5685,4.833333333333333
2020-04-24 00:00:00+00:00,calibration,surgicalMasks,ACM-3,don455,rec31,4.0,31.625,4.833333333333333
2020-04-24 00:00:00+00:00,calibration,surgicalMasks,ACM-3,don475,rec31,5.0,46.091,4.833333333333333
2020-04-24 00:00:00+00:00,calibration,surgicalMasks,ACM-3,don477,rec31,100.0,349.019,4.833333333333333
2020-04-24 00:00:00+00:00,calibration,surgicalMasks,ACM-3,don486,rec1037,95.0,5.1795,4.833333333333333
2020-04-24 00:00:00+00:00,calibration,surgicalMasks,ACM-3,don488,rec1037,1000.0,14.096,4.833333333333333
2020-04-24 00:00:00+00:00,calibration,surgicalMasks,ACM-3,don518,rec184,500.0,784.2255,4.833333333333333
2020-04-24 00:00:00+00:00,calibration,surgicalMasks,ACM-3,don519,rec31,230.0,31.625,4.833333333333333
2020-04-24 00:00:00+00:00,calibration,surgicalMasks,ACM-3,don532,rec1052,40.0,385.7645,4.833333333333333
2020-04-24 00:00:00+00:00,calibration,surgicalMasks,ACM-3,don533,rec184,50.0,94.5685,4.833333333333333
2020-04-24 00:00:00+00:00,calibration,surgicalMasks,ACM-3,don536,rec342,100.0,333.27,4.833333333333333
2020-04-24 00:00:00+00:00,calibration,surgicalMasks,ACM-3,don537,rec1052,50.0,333.27,4.833333333333333
2020-04-24 00:00:00+00:00,calibration,surgicalMasks,ACM-3,don543,rec185,35.0,14.096,4.833333333333333
2020-04-24 00:00:00+00:00,calibration,surgicalMasks,ACM-3,don550,rec1037,15.0,295.1365,4.833333333333333
2020-04-24 00:00:00+00:00,calibration,surgicalMasks,ACM-3,don551,rec1037,200.0,94.5685,4.833333333333333
2020-04-24 00:00:00+00:00,calibration,surgicalMasks,ACM-3,don553,rec571,40.0,94.5685,4.833333333333333
2020-04-24 00:00:00+00:00,calibration,surgicalMasks,ACM-3,don554,rec184,150.0,878.2284999999999,4.833333333333333
2020-04-24 00:00:00+00:00,calibration,surgicalMasks,ACM-3,don567,rec1037,15.0,366.0375,4.833333333333333
2020-04-24 00:00:00+00:00,calibration,surgicalMasks,ACM-3,don571,rec1037,30.0,366.0375,4.833333333333333
2020-04-24 00:00:00+00:00,calibration,surgicalMasks,ACM-3,don572,rec571,240.0,94.5685,4.833333333333333
2020-04-24 00:00:00+00:00,calibration,surgicalMasks,ACM-3,don577,rec185,250.0,122.0285,4.833333333333333
2020-04-24 00:00:00+00:00,calibration,surgicalMasks,ACM-3,don578,rec31,50.0,638.9715,4.833333333333333
2020-04-24 00:00:00+00:00,calibration,surgicalMasks,ACM-3,don586,rec571,5.0,94.5685,4.833333333333333
2020-04-24 00:00:00+00:00,calibration,surgicalMasks,ACM-3,don589,rec185,3.0,122.0285,4.833333333333333
2020-04-24 00:00:00+00:00,calibration,surgicalMasks,ACM-3,don600,rec31,12.0,295.1365,4.833333333333333
2020-04-24 00:00:00+00:00,calibration,surgicalMasks,ACM-3,don605,rec1037,30.0,5.1795,4.833333333333333
2020-04-24 00:00:00+00:00,calibration,surgicalMasks,ACM-3,don624,rec184,1.0,1018.807,4.833333333333333
2020-04-24 00:00:00+00:00,calibration,surgicalMasks,ACM-3,don625,rec1052,2.0,784.2255,4.833333333333333
2020-04-24 00:00:00+00:00,calibration,surgicalMasks,ACM-3,don626,rec1037,50.0,14.096,4.833333333333333
2020-04-24 00:00:00+00:00,calibration,surgicalMasks,ACM-3,don627,rec1037,900.0,31.625,4.833333333333333
2020-04-24 00:00:00+00:00,calibration,surgicalMasks,ACM-3,don628,rec31,12.0,905.1465,4.833333333333333
2020-04-24 00:00:00+00:00,calibration,surgicalMasks,ACM-3,don649,rec185,15.0,94.5685,4.833333333333333
2020-04-24 00:00:00+00:00,calibration,surgicalMasks,ACM-3,don650,rec1037,1000.0,5.1795,4.833333333333333
2020-04-24 00:00:00+00:00,calibration,surgicalMasks,ACM-3,don654,rec184,45.0,408.943,4.833333333333333
2020-04-24 00:00:00+00:00,calibration,surgicalMasks,ACM-3,don656,rec184,25.0,333.27,4.833333333333333
2020-04-24 00:00:00+00:00,calibration,surgicalMasks,ACM-3,don665,rec1037,20.0,31.625,4.833333333333333
2020-04-24 00:00:00+00:00,calibration,surgicalMasks,ACM-3,don666,rec1052,200.0,349.019,4.833333333333333
2020-04-24 00:00:00+00:00,calibration,surgicalMasks,ACM-3,don685,rec342,100.0,237.9225,4.833333333333333
2020-04-24 00:00:00+00:00,calibration,surgicalMasks,ACM-3,don690,rec1037,10.0,349.019,4.833333333333333
2020-04-24 00:00:00+00:00,calibration,surgicalMasks,ACM-3,don691,rec1037,50.0,333.27,4.833333333333333
2020-04-24 00:00:00+00:00,calibration,surgicalMasks,ACM-3,don696,rec1037,185.0,333.27,4.833333333333333
2020-04-24 00:00:00+00:00,calibration,surgicalMasks,ACM-3,don705,rec1037,100.0,5.1795,4.833333333333333
2020-04-24 00:00:00+00:00,calibration,surgicalMasks,ACM-3,don715,rec185,90.0,21.963,4.833333333333333
2020-04-24 00:00:00+00:00,calibration,surgicalMasks,ACM-3,don717,rec31,6.0,68.58200000000001,4.833333333333333
2020-04-24 00:00:00+00:00,calibration,surgicalMasks,ACM-3,don737,rec571,5.0,68.58200000000001,4.833333333333333
2020-04-24 00:00:00+00:00,calibration,surgicalMasks,ACM-3,don738,rec1037,50.0,5.1795,4.833333333333333
2020-04-24 00:00:00+00:00,calibration,surgicalMasks,ACM-3,don74,rec1037,20.0,408.943,4.833333333333333
2020-04-24 00:00:00+00:00,calibration,surgicalMasks,ACM-3,don745,rec31,100.0,295.1365,4.833333333333333
2020-04-24 00:00:00+00:00,calibration,surgicalMasks,ACM-3,don746,rec1037,15.0,21.963,4.833333333333333
2020-04-24 00:00:00+00:00,calibration,surgicalMasks,ACM-3,don752,rec1037,500.0,295.1365,4.833333333333333
2020-04-24 00:00:00+00:00,calibration,surgicalMasks,ACM-3,don753,rec1037,80.0,14.096,4.833333333333333
2020-04-24 00:00:00+00:00,calibration,surgicalMasks,ACM-3,don760,rec31,50.0,31.625,4.833333333333333
2020-04-24 00:00:00+00:00,calibration,surgicalMasks,ACM-3,don762,rec1037,35.0,333.27,4.833333333333333
2020-04-24 00:00:00+00:00,calibration,surgicalMasks,ACM-3,don764,rec1052,1000.0,385.7645,4.833333333333333
2020-04-24 00:00:00+00:00,calibration,surgicalMasks,ACM-3,don771,rec571,40.0,94.5685,4.833333333333333
2020-04-24 00:00:00+00:00,calibration,surgicalMasks,ACM-3,don778,rec31,30.0,349.019,4.833333333333333
2020-04-24 00:00:00+00:00,calibration,surgicalMasks,ACM-3,don97,rec184,95.0,878.2284999999999,4.833333333333333
2020-04-24 00:00:00+00:00,calibration,surgicalMasks,ACM-3,don791,rec31,200.0,638.9715,4.106944444444444
2020-04-24 00:00:00+00:00,calibration,surgicalMasks,ACM-3,don825,rec184,4.0,214.4355,2.3366435185185184
2020-04-24 00:00:00+00:00,calibration,surgicalMasks,ACM-3,don827,rec184,4.0,214.4355,2.3366319444444446
2020-04-24 00:00:00+00:00,calibration,surgicalMasks,ACM-3,don829,rec184,4.0,214.4355,2.3366319444444446
2020-04-24 00:00:00+00:00,calibration,surgicalMasks,ACM-3,don833,rec31,300.0,31.625,2.280798611111111
2020-04-24 00:00:00+00:00,calibration,surgicalMasks,ACM-3,don837,rec1037,200.0,94.5685,2.241886574074074
2020-04-24 00:00:00+00:00,calibration,surgicalMasks,ACM-3,don839,rec1037,1000.0,316.3175,2.186898148148148
2020-04-24 00:00:00+00:00,calibration,surgicalMasks,ACM-3,don845,rec31,75.0,21.963,2.0969328703703702
2020-04-24 00:00:00+00:00,calibration,surgicalMasks,ACM-3,don847,rec1037,150.0,333.27,2.015601851851852
2020-04-24 00:00:00+00:00,calibration,surgicalMasks,ACM-3,don873,rec1037,232.0,316.3175,1.0271064814814814
2020-04-24 00:00:00+00:00,calibration,surgicalMasks,ACM-3,don875,rec185,300.0,5.1795,1.025451388888889
2020-04-24 00:00:00+00:00,calibration,surgicalMasks,ACM-3,don882,rec31,200.0,46.091,0.916400462962963
2020-04-24 00:00:00+00:00,calibration,surgicalMasks,ACM-3,don884,rec185,300.0,5.1795,0.8795949074074074
2020-04-24 00:00:00+00:00,calibration,surgicalMasks,ACM-3,don887,rec1052,50.0,436.4295,0.7370023148148148
2020-04-24 00:00:00+00:00,calibration,surgicalMasks,ACM-3,don905,rec571,165.0,94.5685,0.04400462962962963
2020-04-24 00:00:00+00:00,calibration,surgicalMasks,ACM-3,don906,rec1050,1000.0,31.625,0.029756944444444444
2020-04-24 00:00:00+00:00,calibration,surgicalMasks,ACM-3,don909,rec31,100.0,151.1025,0.025902777777777778
2020-04-24 00:00:00+00:00,calibration,surgicalMasks,ACM-3,don911,rec571,139.0,68.58200000000001,0.01954861111111111
2020-04-24 00:00:00+00:00,calibration,faceShields,ACM-3,don107,rec0,7.0,690.7964999999999,4.833333333333333
2020-04-24 00:00:00+00:00,calibration,faceShields,ACM-3,don112,rec12,50.0,500.0335,4.833333333333333
2020-04-24 00:00:00+00:00,calibration,faceShields,ACM-3,don114,rec266,300.0,14.096,4.833333333333333
2020-04-24 00:00:00+00:00,calibration,faceShields,ACM-3,don115,rec266,200.0,46.091,4.833333333333333
2020-04-24 00:00:00+00:00,calibration,faceShields,ACM-3,don127,rec12,100.0,366.0375,4.833333333333333
2020-04-24 00:00:00+00:00,calibration,faceShields,ACM-3,don128,rec89,500.0,5.1795,4.833333333333333
2020-04-24 00:00:00+00:00,calibration,faceShields,ACM-3,don153,rec0,50.0,46.091,4.833333333333333
2020-04-24 00:00:00+00:00,calibration,faceShields,ACM-3,don154,rec0,10.0,122.0285,4.833333333333333
2020-04-24 00:00:00+00:00,calibration,faceShields,ACM-3,don156,rec266,5.0,68.58200000000001,4.833333333333333
2020-04-24 00:00:00+00:00,calibration,faceShields,ACM-3,don189,rec131,48.0,408.943,4.833333333333333
2020-04-24 00:00:00+00:00,calibration,faceShields,ACM-3,don190,rec1052,100.0,267.284,4.833333333333333
2020-04-24 00:00:00+00:00,calibration,faceShields,ACM-3,don191,rec185,100.0,14.096,4.833333333333333
2020-04-24 00:00:00+00:00,calibration,faceShields,ACM-3,don238,rec88,10.0,122.0285,4.833333333333333
2020-04-24 00:00:00+00:00,calibration,faceShields,ACM-3,don250,rec185,1.0,68.58200000000001,4.833333333333333
2020-04-24 00:00:00+00:00,calibration,faceShields,ACM-3,don288,rec266,100.0,5.1795,4.833333333333333
2020-04-24 00:00:00+00:00,calibration,faceShields,ACM-3,don308,rec89,100.0,31.625,4.833333333333333
2020-04-24 00:00:00+00:00,calibration,faceShields,ACM-3,don319,rec185,100.0,21.963,4.833333333333333
2020-04-24 00:00:00+00:00,calibration,faceShields,ACM-3,don320,rec185,14.0,122.0285,4.833333333333333
2020-04-24 00:00:00+00:00,calibration,faceShields,ACM-3,don322,rec409,200.0,46.091,4.833333333333333
2020-04-24 00:00:00+00:00,calibration,faceShields,ACM-3,don332,rec253,100.0,68.58200000000001,4.833333333333333
2020-04-24 00:00:00+00:00,calibration,faceShields,ACM-3,don336,rec0,100.0,46.091,4.833333333333333
2020-04-24 00:00:00+00:00,calibration,faceShields,ACM-3,don337,rec0,200.0,21.963,4.833333333333333
2020-04-24 00:00:00+00:00,calibration,faceShields,ACM-3,don338,rec185,300.0,68.58200000000001,4.833333333333333
2020-04-24 00:00:00+00:00,calibration,faceShields,ACM-3,don339,rec12,50.0,333.27,4.833333333333333
2020-04-24 00:00:00+00:00,calibration,faceShields,ACM-3,don349,rec266,100.0,122.0285,4.833333333333333
2020-04-24 00:00:00+00:00,calibration,faceShields,ACM-3,don363,rec38,100.0,467.0545,4.833333333333333
2020-04-24 00:00:00+00:00,calibration,faceShields,ACM-3,don366,rec89,1000.0,31.625,4.833333333333333
2020-04-24 00:00:00+00:00,calibration,faceShields,ACM-3,don367,rec0,50.0,690.7964999999999,4.833333333333333
2020-04-24 00:00:00+00:00,calibration,faceShields,ACM-3,don368,rec266,400.0,122.0285,4.833333333333333
2020-04-24 00:00:00+00:00,calibration,faceShields,ACM-3,don369,rec409,30.0,5.1795,4.833333333333333
2020-04-24 00:00:00+00:00,calibration,faceShields,ACM-3,don370,rec266,500.0,46.091,4.833333333333333
2020-04-24 00:00:00+00:00,calibration,faceShields,ACM-3,don378,rec38,15.0,467.0545,4.833333333333333
2020-04-24 00:00:00+00:00,calibration,faceShields,ACM-3,don389,rec89,200.0,21.963,4.833333333333333
2020-04-24 00:00:00+00:00,calibration,faceShields,ACM-3,don391,rec89,40.0,21.963,4.833333333333333
2020-04-24 00:00:00+00:00,calibration,faceShields,ACM-3,don392,rec89,50.0,5.1795,4.833333333333333
2020-04-24 00:00:00+00:00,calibration,faceShields,ACM-3,don395,rec0,30.0,31.625,4.833333333333333
2020-04-24 00:00:00+00:00,calibration,faceShields,ACM-3,don407,rec89,15.0,14.096,4.833333333333333
2020-04-24 00:00:00+00:00,calibration,faceShields,ACM-3,don408,rec0,50.0,21.963,4.833333333333333
2020-04-24 00:00:00+00:00,calibration,faceShields,ACM-3,don409,rec89,40.0,31.625,4.833333333333333
2020-04-24 00:00:00+00:00,calibration,faceShields,ACM-3,don410,rec0,500.0,532.017,4.833333333333333
2020-04-24 00:00:00+00:00,calibration,faceShields,ACM-3,don433,rec409,20.0,46.091,4.833333333333333
2020-04-24 00:00:00+00:00,calibration,faceShields,ACM-3,don434,rec266,100.0,14.096,4.833333333333333
2020-04-24 00:00:00+00:00,calibration,faceShields,ACM-3,don448,rec131,82.0,94.5685,4.833333333333333
2020-04-24 00:00:00+00:00,calibration,faceShields,ACM-3,don449,rec89,15.0,46.091,4.833333333333333
2020-04-24 00:00:00+00:00,calibration,faceShields,ACM-3,don450,rec621,9.0,175.261,4.833333333333333
2020-04-24 00:00:00+00:00,calibration,faceShields,ACM-3,don451,rec89,40.0,68.58200000000001,4.833333333333333
2020-04-24 00:00:00+00:00,calibration,faceShields,ACM-3,don461,rec12,200.0,993.8215,4.833333333333333
2020-04-24 00:00:00+00:00,calibration,faceShields,ACM-3,don463,rec88,30.0,46.091,4.833333333333333
2020-04-24 00:00:00+00:00,calibration,faceShields,ACM-3,don472,rec266,14.0,68.58200000000001,4.833333333333333
2020-04-24 00:00:00+00:00,calibration,faceShields,ACM-3,don484,rec0,100.0,532.017,4.833333333333333
2020-04-24 00:00:00+00:00,calibration,faceShields,ACM-3,don489,rec131,30.0,237.9225,4.833333333333333
2020-04-24 00:00:00+00:00,calibration,faceShields,ACM-3,don491,rec266,50.0,21.963,4.833333333333333
2020-04-24 00:00:00+00:00,calibration,faceShields,ACM-3,don499,rec185,100.0,5.1795,4.833333333333333
2020-04-24 00:00:00+00:00,calibration,faceShields,ACM-3,don501,rec0,100.0,5.1795,4.833333333333333
2020-04-24 00:00:00+00:00,calibration,faceShields,ACM-3,don512,rec621,500.0,194.979,4.833333333333333
2020-04-24 00:00:00+00:00,calibration,faceShields,ACM-3,don513,rec131,100.0,267.284,4.833333333333333
2020-04-24 00:00:00+00:00,calibration,faceShields,ACM-3,don514,rec12,1500.0,993.8215,4.833333333333333
2020-04-24 00:00:00+00:00,calibration,faceShields,ACM-3,don516,rec409,20.0,68.58200000000001,4.833333333333333
2020-04-24 00:00:00+00:00,calibration,faceShields,ACM-3,don536,rec38,500.0,295.1365,4.833333333333333
2020-04-24 00:00:00+00:00,calibration,faceShields,ACM-3,don547,rec0,25.0,14.096,4.833333333333333
2020-04-24 00:00:00+00:00,calibration,faceShields,ACM-3,don566,rec0,25.0,664.219,4.833333333333333
2020-04-24 00:00:00+00:00,calibration,faceShields,ACM-3,don578,rec621,5.0,214.4355,4.833333333333333
2020-04-24 00:00:00+00:00,calibration,faceShields,ACM-3,don583,rec409,100.0,46.091,4.833333333333333
2020-04-24 00:00:00+00:00,calibration,faceShields,ACM-3,don587,rec266,50.0,14.096,4.833333333333333
2020-04-24 00:00:00+00:00,calibration,faceShields,ACM-3,don602,rec38,100.0,467.0545,4.833333333333333
2020-04-24 00:00:00+00:00,calibration,faceShields,ACM-3,don603,rec131,35.0,175.261,4.833333333333333
2020-04-24 00:00:00+00:00,calibration,faceShields,ACM-3,don604,rec0,50.0,21.963,4.833333333333333
2020-04-24 00:00:00+00:00,calibration,faceShields,ACM-3,don605,rec89,15.0,46.091,4.833333333333333
2020-04-24 00:00:00+00:00,calibration,faceShields,ACM-3,don653,rec0,20.0,14.096,4.833333333333333
2020-04-24 00:00:00+00:00,calibration,faceShields,ACM-3,don666,rec0,10.0,532.017,4.833333333333333
2020-04-24 00:00:00+00:00,calibration,faceShields,ACM-3,don667,rec12,40.0,333.27,4.833333333333333
2020-04-24 00:00:00+00:00,calibration,faceShields,ACM-3,don668,rec88,7.0,122.0285,4.833333333333333
2020-04-24 00:00:00+00:00,calibration,faceShields,ACM-3,don669,rec131,30.0,94.5685,4.833333333333333
2020-04-24 00:00:00+00:00,calibration,faceShields,ACM-3,don670,rec131,50.0,408.943,4.833333333333333
2020-04-24 00:00:00+00:00,calibration,faceShields,ACM-3,don680,rec0,70.0,690.7964999999999,4.833333333333333
2020-04-24 00:00:00+00:00,calibration,faceShields,ACM-3,don681,rec0,70.0,46.091,4.833333333333333
2020-04-24 00:00:00+00:00,calibration,faceShields,ACM-3,don685,rec131,300.0,175.261,4.833333333333333
2020-04-24 00:00:00+00:00,calibration,faceShields,ACM-3,don705,rec89,200.0,31.625,4.833333333333333
2020-04-24 00:00:00+00:00,calibration,faceShields,ACM-3,don706,rec0,1.0,5.1795,4.833333333333333
2020-04-24 00:00:00+00:00,calibration,faceShields,ACM-3,don707,rec0,500.0,68.58200000000001,4.833333333333333
2020-04-24 00:00:00+00:00,calibration,faceShields,ACM-3,don712,rec38,1000.0,122.0285,4.833333333333333
2020-04-24 00:00:00+00:00,calibration,faceShields,ACM-3,don713,rec409,22.0,14.096,4.833333333333333
2020-04-24 00:00:00+00:00,calibration,faceShields,ACM-3,don718,rec38,5.0,690.7964999999999,4.833333333333333
2020-04-24 00:00:00+00:00,calibration,faceShields,ACM-3,don720,rec12,10.0,194.979,4.833333333333333
2020-04-24 00:00:00+00:00,calibration,faceShields,ACM-3,don736,rec266,1100.0,14.096,4.833333333333333
2020-04-24 00:00:00+00:00,calibration,faceShields,ACM-3,don745,rec131,10.0,175.261,4.833333333333333
2020-04-24 00:00:00+00:00,calibration,faceShields,ACM-3,don748,rec89,50.0,5.1795,4.833333333333333
2020-04-24 00:00:00+00:00,calibration,faceShields,ACM-3,don754,rec621,500.0,175.261,4.833333333333333
2020-04-24 00:00:00+00:00,calibration,faceShields,ACM-3,don756,rec409,25.0,46.091,4.833333333333333
2020-04-24 00:00:00+00:00,calibration,faceShields,ACM-3,don757,rec0,1.0,21.963,4.833333333333333
2020-04-24 00:00:00+00:00,calibration,faceShields,ACM-3,don758,rec266,50.0,21.963,4.833333333333333
2020-04-24 00:00:00+00:00,calibration,faceShields,ACM-3,don764,rec0,1000.0,638.9715,4.833333333333333
2020-04-24 00:00:00+00:00,calibration,faceShields,ACM-3,don774,rec12,10.0,333.27,4.833333333333333
2020-04-24 00:00:00+00:00,calibration,faceShields,ACM-3,don79,rec131,400.0,467.0545,4.833333333333333
2020-04-24 00:00:00+00:00,calibration,faceShields,ACM-3,don80,rec89,100.0,68.58200000000001,4.833333333333333
2020-04-24 00:00:00+00:00,calibration,faceShields,ACM-3,don787,rec89,130.0,94.5685,4.120138888888889
2020-04-24 00:00:00+00:00,calibration,faceShields,ACM-3,don791,rec88,10.0,151.1025,4.106944444444444
2020-04-24 00:00:00+00:00,calibration,faceShields,ACM-3,don792,rec38,18.0,237.9225,3.9680555555555554
2020-04-24 00:00:00+00:00,calibration,faceShields,ACM-3,don804,rec266,30.0,31.625,3.1822800925925927
2020-04-24 00:00:00+00:00,calibration,faceShields,ACM-3,don810,rec266,15.0,14.096,3.1121875
2020-04-24 00:00:00+00:00,calibration,faceShields,ACM-3,don818,rec38,262.0,366.0375,2.684375
2020-04-24 00:00:00+00:00,calibration,faceShields,ACM-3,don838,rec1052,6.0,366.0375,2.230891203703704
2020-04-24 00:00:00+00:00,calibration,faceShields,ACM-3,don844,rec89,70.0,14.096,2.1476273148148146
2020-04-24 00:00:00+00:00,calibration,faceShields,ACM-3,don849,rec131,80.0,68.58200000000001,1.954224537037037
2020-04-24 00:00:00+00:00,calibration,faceShields,ACM-3,don854,rec0,1000.0,532.017,1.6799768518518519
2020-04-24 00:00:00+00:00,calibration,faceShields,ACM-3,don855,rec131,67.0,237.9225,1.4203472222222222
2020-04-24 00:00:00+00:00,calibration,faceShields,ACM-3,don858,rec0,200.0,21.963,1.327037037037037
2020-04-24 00:00:00+00:00,calibration,faceShields,ACM-3,don871,rec253,40.0,68.58200000000001,1.0721643518518518
2020-04-24 00:00:00+00:00,calibration,faceShields,ACM-3,don879,rec185,70.0,5.1795,0.9708449074074074
2020-04-24 00:00:00+00:00,calibration,faceShields,ACM-3,don880,rec89,60.0,46.091,0.9651620370370371
2020-04-24 00:00:00+00:00,calibration,faceShields,ACM-3,don891,rec131,10.0,562.254,0.40152777777777776
2020-04-24 00:00:00+00:00,calibration,faceShields,ACM-3,don892,rec88,200.0,5.1795,0.39244212962962965
2020-04-24 00:00:00+00:00,calibration,faceShields,ACM-3,don899,rec12,50.0,993.8215,0.2446412037037037
2020-04-24 00:00:00+00:00,calibration,faceShields,ACM-3,don901,rec12,50.0,993.8215,0.2254050925925926
2020-04-24 00:00:00+00:00,calibration,faceShields,ACM-3,don910,rec266,20.0,14.096,0.01957175925925926
2020-04-24 00:00:00+00:00,calibration,gowns,ACM-3,don178,rec171,500.0,5.1795,4.833333333333333
2020-04-24 00:00:00+00:00,calibration,gowns,ACM-3,don179,rec621,8.0,14.096,4.833333333333333
2020-04-24 00:00:00+00:00,calibration,gowns,ACM-3,don247,rec89,400.0,21.963,4.833333333333333
2020-04-24 00:00:00+00:00,calibration,gowns,ACM-3,don254,rec678,1.0,122.0285,4.833333333333333
2020-04-24 00:00:00+00:00,calibration,gowns,ACM-3,don255,rec256,100.0,295.1365,4.833333333333333
2020-04-24 00:00:00+00:00,calibration,gowns,ACM-3,don303,rec38,50.0,333.27,4.833333333333333
2020-04-24 00:00:00+00:00,calibration,gowns,ACM-3,don304,rec171,9.0,14.096,4.833333333333333
2020-04-24 00:00:00+00:00,calibration,gowns,ACM-3,don328,rec185,40.0,14.096,4.833333333333333
2020-04-24 00:00:00+00:00,calibration,gowns,ACM-3,don342,rec87,500.0,194.979,4.833333333333333
2020-04-24 00:00:00+00:00,calibration,gowns,ACM-3,don343,rec594,500.0,333.27,4.833333333333333
2020-04-24 00:00:00+00:00,calibration,gowns,ACM-3,don431,rec1052,100.0,366.0375,4.833333333333333
2020-04-24 00:00:00+00:00,calibration,gowns,ACM-3,don459,rec89,150.0,31.625,4.833333333333333
2020-04-24 00:00:00+00:00,calibration,gowns,ACM-3,don578,rec463,50.0,68.58200000000001,4.833333333333333
2020-04-24 00:00:00+00:00,calibration,gowns,ACM-3,don581,rec89,1.0,31.625,4.833333333333333
2020-04-24 00:00:00+00:00,calibration,gowns,ACM-3,don588,rec87,49.0,175.261,4.833333333333333
2020-04-24 00:00:00+00:00,calibration,gowns,ACM-3,don605,rec89,3.0,46.091,4.833333333333333
2020-04-24 00:00:00+00:00,calibration,gowns,ACM-3,don620,rec131,10.0,237.9225,4.833333333333333
2020-04-24 00:00:00+00:00,calibration,gowns,ACM-3,don691,rec313,100.0,14.096,4.833333333333333
2020-04-24 00:00:00+00:00,calibration,gowns,ACM-3,don717,rec131,10.0,151.1025,4.833333333333333
2020-04-24 00:00:00+00:00,calibration,gowns,ACM-3,don745,rec131,200.0,175.261,4.833333333333333
2020-04-24 00:00:00+00:00,calibration,gowns,ACM-3,don756,rec131,75.0,151.1025,4.833333333333333
2020-04-24 00:00:00+00:00,calibration,gowns,ACM-3,don760,rec274,4.0,46.091,4.833333333333333
2020-04-24 00:00:00+00:00,calibration,gowns,ACM-3,don781,rec253,150.0,175.261,4.418055555555555
2020-05-01 00:00:00+00:00,calibration,respirators,ACM-3,don919,rec7,100.0,349.019,6.89494212962963
2020-05-01 00:00:00+00:00,calibration,respirators,ACM-3,don927,rec503,10.0,14.096,6.401087962962963
2020-05-01 00:00:00+00:00,calibration,respirators,ACM-3,don940,rec503,60.0,14.096,6.1827199074074075
2020-05-01 00:00:00+00:00,calibration,respirators,ACM-3,don943,rec7,5.0,94.5685,6.156539351851852
2020-05-01 00:00:00+00:00,calibration,respirators,ACM-3,don953,rec23,50.0,349.019,6.040023148148149
2020-05-01 00:00:00+00:00,calibration,respirators,ACM-3,don955,rec7,10.0,122.0285,5.990358796296296
2020-05-01 00:00:00+00:00,calibration,respirators,ACM-3,don967,rec7,250.0,31.625,5.197708333333333
2020-05-01 00:00:00+00:00,calibration,respirators,ACM-3,don970,rec14,50.0,5.1795,5.129675925925926
2020-05-01 00:00:00+00:00,calibration,respirators,ACM-3,don973,rec14,480.0,31.625,5.03875
2020-05-01 00:00:00+00:00,calibration,respirators,ACM-3,don979,rec926,15.0,21.963,4.84599537037037
2020-05-01 00:00:00+00:00,calibration,respirators,ACM-3,don983,rec853,10.0,46.091,4.408935185185185
2020-05-01 00:00:00+00:00,calibration,respirators,ACM-3,don986,rec864,10.0,408.943,4.356006944444444
2020-05-01 00:00:00+00:00,calibration,respirators,ACM-3,don989,rec7,400.0,14.096,4.341284722222222
2020-05-01 00:00:00+00:00,calibration,respirators,ACM-3,don990,rec926,1.0,21.963,4.3397800925925925
2020-05-01 00:00:00+00:00,calibration,respirators,ACM-3,don993,rec526,2.0,214.4355,4.2505092592592595
2020-05-01 00:00:00+00:00,calibration,respirators,ACM-3,don998,rec503,150.0,14.096,4.179965277777778
2020-05-01 00:00:00+00:00,calibration,respirators,ACM-3,don1001,rec458,10.0,94.5685,4.149583333333333
2020-05-01 00:00:00+00:00,calibration,respirators,ACM-3,don1014,rec14,300.0,94.5685,3.420798611111111
2020-05-01 00:00:00+00:00,calibration,respirators,ACM-3,don1016,rec14,16.0,638.9715,3.368726851851852
2020-05-01 00:00:00+00:00,calibration,respirators,ACM-3,don1020,rec452,30.0,122.0285,3.321597222222222
2020-05-01 00:00:00+00:00,calibration,respirators,ACM-3,don1022,rec458,12.0,68.58200000000001,3.3034606481481483
2020-05-01 00:00:00+00:00,calibration,respirators,ACM-3,don1023,rec853,1000.0,68.58200000000001,3.2814236111111112
2020-05-01 00:00:00+00:00,calibration,respirators,ACM-3,don1024,rec325,60.0,316.3175,3.2427430555555556
2020-05-01 00:00:00+00:00,calibration,respirators,ACM-3,don1028,rec7,120.0,31.625,3.207476851851852
2020-05-01 00:00:00+00:00,calibration,respirators,ACM-3,don1030,rec23,50.0,349.019,3.205914351851852
2020-05-01 00:00:00+00:00,calibration,respirators,ACM-3,don1032,rec23,50.0,349.019,3.205914351851852
2020-05-01 00:00:00+00:00,calibration,respirators,ACM-3,don1036,rec7,260.0,46.091,3.19318287037037
2020-05-01 00:00:00+00:00,calibration,respirators,ACM-3,don1051,rec7,100.0,21.963,2.899421296296296
2020-05-01 00:00:00+00:00,calibration,respirators,ACM-3,don1066,rec503,4.0,14.096,2.387164351851852
2020-05-01 00:00:00+00:00,calibration,respirators,ACM-3,don1071,rec458,150.0,94.5685,2.2934259259259258
2020-05-01 00:00:00+00:00,calibration,respirators,ACM-3,don1072,rec503,750.0,21.963,2.281689814814815
2020-05-01 00:00:00+00:00,calibration,respirators,ACM-3,don1083,rec7,21.0,94.5685,2.2072800925925926
2020-05-01 00:00:00+00:00,calibration,respirators,ACM-3,don1084,rec458,1.0,68.58200000000001,2.1980208333333335
2020-05-01 00:00:00+00:00,calibration,respirators,ACM-3,don1085,rec526,2.0,5.1795,2.177337962962963
2020-05-01 00:00:00+00:00,calibration,respirators,ACM-3,don1100,rec310,1.0,175.261,2.032233796296296
2020-05-01 00:00:00+00:00,calibration,respirators,ACM-3,don1102,rec14,5.0,68.58200000000001,2.0016782407407407
2020-05-01 00:00:00+00:00,calibration,respirators,ACM-3,don1104,rec14,5.0,68.58200000000001,1.9846064814814814
2020-05-01 00:00:00+00:00,calibration,respirators,ACM-3,don1113,rec458,200.0,68.58200000000001,1.307025462962963
2020-05-01 00:00:00+00:00,calibration,respirators,ACM-3,don1114,rec452,40.0,151.1025,1.2885185185185186
2020-05-01 00:00:00+00:00,calibration,respirators,ACM-3,don1115,rec452,40.0,151.1025,1.2885185185185186
2020-05-01 00:00:00+00:00,calibration,respirators,ACM-3,don1132,rec23,20.0,214.4355,0.950474537037037
2020-05-01 00:00:00+00:00,calibration,respirators,ACM-3,don1149,rec14,10.0,21.963,0.14726851851851852
2020-05-01 00:00:00+00:00,calibration,surgicalMasks,ACM-3,don873,rec1074,68.0,316.3175,8.027106481481482
2020-05-01 00:00:00+00:00,calibration,surgicalMasks,ACM-3,don919,rec1074,90.0,385.7645,6.89494212962963
2020-05-01 00:00:00+00:00,calibration,surgicalMasks,ACM-3,don921,rec615,4.0,94.5685,6.8941435185185185
2020-05-01 00:00:00+00:00,calibration,surgicalMasks,ACM-3,don927,rec912,100.0,68.58200000000001,6.401087962962963
2020-05-01 00:00:00+00:00,calibration,surgicalMasks,ACM-3,don939,rec801,100.0,122.0285,6.182928240740741
2020-05-01 00:00:00+00:00,calibration,surgicalMasks,ACM-3,don944,rec315,10.0,237.9225,6.153645833333333
2020-05-01 00:00:00+00:00,calibration,surgicalMasks,ACM-3,don945,rec315,10.0,237.9225,6.153645833333333
2020-05-01 00:00:00+00:00,calibration,surgicalMasks,ACM-3,don947,rec186,1000.0,175.261,6.112951388888889
2020-05-01 00:00:00+00:00,calibration,surgicalMasks,ACM-3,don948,rec1074,1000.0,316.3175,6.107893518518519
2020-05-01 00:00:00+00:00,calibration,surgicalMasks,ACM-3,don950,rec615,70.0,853.2660000000001,6.050243055555556
2020-05-01 00:00:00+00:00,calibration,surgicalMasks,ACM-3,don959,rec912,95.0,68.58200000000001,5.387337962962963
2020-05-01 00:00:00+00:00,calibration,surgicalMasks,ACM-3,don960,rec615,500.0,832.5285,5.381759259259259
2020-05-01 00:00:00+00:00,calibration,surgicalMasks,ACM-3,don962,rec615,500.0,832.5285,5.3425
2020-05-01 00:00:00+00:00,calibration,surgicalMasks,ACM-3,don964,rec1074,50.0,316.3175,5.258969907407407
2020-05-01 00:00:00+00:00,calibration,surgicalMasks,ACM-3,don965,rec801,200.0,467.0545,5.230381944444445
2020-05-01 00:00:00+00:00,calibration,surgicalMasks,ACM-3,don979,rec615,75.0,94.5685,4.84599537037037
2020-05-01 00:00:00+00:00,calibration,surgicalMasks,ACM-3,don982,rec912,300.0,68.58200000000001,4.79505787037037
2020-05-01 00:00:00+00:00,calibration,surgicalMasks,ACM-3,don986,rec615,88.0,267.284,4.356006944444444
2020-05-01 00:00:00+00:00,calibration,surgicalMasks,ACM-3,don989,rec1074,150.0,31.625,4.341284722222222
2020-05-01 00:00:00+00:00,calibration,surgicalMasks,ACM-3,don993,rec801,49.0,122.0285,4.2505092592592595
2020-05-01 00:00:00+00:00,calibration,surgicalMasks,ACM-3,don994,rec1074,20.0,5.1795,4.236168981481481
2020-05-01 00:00:00+00:00,calibration,surgicalMasks,ACM-3,don998,rec315,100.0,175.261,4.179965277777778
2020-05-01 00:00:00+00:00,calibration,surgicalMasks,ACM-3,don1001,rec186,60.0,14.096,4.149583333333333
2020-05-01 00:00:00+00:00,calibration,surgicalMasks,ACM-3,don1009,rec315,50.0,237.9225,3.944236111111111
2020-05-01 00:00:00+00:00,calibration,surgicalMasks,ACM-3,don1010,rec615,60.0,878.2284999999999,3.8909606481481482
2020-05-01 00:00:00+00:00,calibration,surgicalMasks,ACM-3,don1021,rec1074,90.0,366.0375,3.3188310185185186
2020-05-01 00:00:00+00:00,calibration,surgicalMasks,ACM-3,don1025,rec315,50.0,237.9225,3.2413773148148146
2020-05-01 00:00:00+00:00,calibration,surgicalMasks,ACM-3,don1027,rec1074,70.0,122.0285,3.2114930555555556
2020-05-01 00:00:00+00:00,calibration,surgicalMasks,ACM-3,don1036,rec1074,400.0,5.1795,3.19318287037037
2020-05-01 00:00:00+00:00,calibration,surgicalMasks,ACM-3,don1043,rec186,100.0,5.1795,3.1288657407407405
2020-05-01 00:00:00+00:00,calibration,surgicalMasks,ACM-3,don1044,rec315,40.0,94.5685,3.1230671296296295
2020-05-01 00:00:00+00:00,calibration,surgicalMasks,ACM-3,don1045,rec315,50.0,31.625,3.0769212962962964
2020-05-01 00:00:00+00:00,calibration,surgicalMasks,ACM-3,don1050,rec186,950.0,14.096,2.9646875
2020-05-01 00:00:00+00:00,calibration,surgicalMasks,ACM-3,don1065,rec186,28.0,68.58200000000001,2.3953935185185187
2020-05-01 00:00:00+00:00,calibration,surgicalMasks,ACM-3,don1086,rec1074,40.0,349.019,2.1383680555555555
2020-05-01 00:00:00+00:00,calibration,surgicalMasks,ACM-3,don1088,rec186,2.0,175.261,2.125474537037037
2020-05-01 00:00:00+00:00,calibration,surgicalMasks,ACM-3,don1091,rec615,50.0,94.5685,2.1184606481481483
2020-05-01 00:00:00+00:00,calibration,surgicalMasks,ACM-3,don1092,rec1074,30.0,5.1795,2.118425925925926
2020-05-01 00:00:00+00:00,calibration,surgicalMasks,ACM-3,don1096,rec1074,1000.0,31.625,2.087523148148148
2020-05-01 00:00:00+00:00,calibration,surgicalMasks,ACM-3,don1105,rec186,1000.0,68.58200000000001,1.9441435185185185
2020-05-01 00:00:00+00:00,calibration,surgicalMasks,ACM-3,don1106,rec315,50.0,175.261,1.8982291666666666
2020-05-01 00:00:00+00:00,calibration,surgicalMasks,ACM-3,don1108,rec615,150.0,1639.246,1.8467592592592592
2020-05-01 00:00:00+00:00,calibration,surgicalMasks,ACM-3,don1125,rec1074,200.0,5.1795,1.086238425925926
2020-05-01 00:00:00+00:00,calibration,surgicalMasks,ACM-3,don1132,rec615,50.0,993.8215,0.950474537037037
2020-05-01 00:00:00+00:00,calibration,surgicalMasks,ACM-3,don1136,rec1074,100.0,366.0375,0.8791087962962963
2020-05-01 00:00:00+00:00,calibration,surgicalMasks,ACM-3,don1146,rec1074,40.0,316.3175,0.19282407407407406
2020-05-01 00:00:00+00:00,calibration,faceShields,ACM-3,don818,rec635,38.0,214.4355,9.684375
2020-05-01 00:00:00+00:00,calibration,faceShields,ACM-3,don915,rec395,1000.0,5.1795,6.922523148148148
2020-05-01 00:00:00+00:00,calibration,faceShields,ACM-3,don933,rec82,200.0,31.625,6.263819444444445
2020-05-01 00:00:00+00:00,calibration,faceShields,ACM-3,don934,rec184,100.0,237.9225,6.252986111111111
2020-05-01 00:00:00+00:00,calibration,faceShields,ACM-3,don951,rec336,60.0,21.963,6.044953703703704
2020-05-01 00:00:00+00:00,calibration,faceShields,ACM-3,don961,rec452,40.0,68.58200000000001,5.372627314814815
2020-05-01 00:00:00+00:00,calibration,faceShields,ACM-3,don972,rec14,50.0,562.254,5.090381944444444
2020-05-01 00:00:00+00:00,calibration,faceShields,ACM-3,don981,rec336,1.0,14.096,4.830150462962963
2020-05-01 00:00:00+00:00,calibration,faceShields,ACM-3,don989,rec307,180.0,31.625,4.341284722222222
2020-05-01 00:00:00+00:00,calibration,faceShields,ACM-3,don999,rec110,500.0,349.019,4.165543981481481
2020-05-01 00:00:00+00:00,calibration,faceShields,ACM-3,don1005,rec99,350.0,122.0285,3.976122685185185
2020-05-01 00:00:00+00:00,calibration,faceShields,ACM-3,don1006,rec99,350.0,122.0285,3.976122685185185
2020-05-01 00:00:00+00:00,calibration,faceShields,ACM-3,don1007,rec14,1000.0,14.096,3.9605671296296294
2020-05-01 00:00:00+00:00,calibration,faceShields,ACM-3,don1015,rec82,100.0,21.963,3.4019097222222223
2020-05-01 00:00:00+00:00,calibration,faceShields,ACM-3,don1018,rec635,100.0,562.254,3.33375
2020-05-01 00:00:00+00:00,calibration,faceShields,ACM-3,don1037,rec635,1.0,562.254,3.187824074074074
2020-05-01 00:00:00+00:00,calibration,faceShields,ACM-3,don1046,rec284,10.0,46.091,3.0667824074074073
2020-05-01 00:00:00+00:00,calibration,faceShields,ACM-3,don1047,rec64,50.0,349.019,3.0573958333333335
2020-05-01 00:00:00+00:00,calibration,faceShields,ACM-3,don1048,rec452,40.0,68.58200000000001,3.0341087962962963
2020-05-01 00:00:00+00:00,calibration,faceShields,ACM-3,don1058,rec14,2.0,5.1795,2.8265625
2020-05-01 00:00:00+00:00,calibration,faceShields,ACM-3,don1069,rec635,100.0,590.1020000000001,2.333090277777778
2020-05-01 00:00:00+00:00,calibration,faceShields,ACM-3,don1082,rec14,1000.0,5.1795,2.237696759259259
2020-05-01 00:00:00+00:00,calibration,faceShields,ACM-3,don1099,rec14,80.0,94.5685,2.0341435185185186
2020-05-01 00:00:00+00:00,calibration,faceShields,ACM-3,don1110,rec336,130.0,14.096,1.6012962962962962
2020-05-01 00:00:00+00:00,calibration,faceShields,ACM-3,don1116,rec336,625.0,14.096,1.2833796296296296
2020-05-01 00:00:00+00:00,calibration,faceShields,ACM-3,don1121,rec307,50.0,31.625,1.154375
2020-05-01 00:00:00+00:00,calibration,faceShields,ACM-3,don1123,rec23,550.0,349.019,1.142824074074074
2020-05-01 00:00:00+00:00,calibration,faceShields,ACM-3,don1133,rec336,184.0,5.1795,0.9136921296296296
2020-05-01 00:00:00+00:00,calibration,faceShields,ACM-3,don1140,rec82,200.0,31.625,0.38787037037037037
2020-05-01 00:00:00+00:00,calibration,faceShields,ACM-3,don1141,rec82,200.0,31.625,0.38787037037037037
2020-05-01 00:00:00+00:00,calibration,faceShields,ACM-3,don1144,rec82,50.0,21.963,0.2129513888888889
2020-05-01 00:00:00+00:00,calibration,gowns,ACM-3,don921,rec268,1.0,267.284,6.8941435185185185
2020-05-01 00:00:00+00:00,calibration,gowns,ACM-3,don1054,rec409,1.0,151.1025,2.8837384259259258
2020-05-01 00:00:00+00:00,calibration,gowns,ACM-3,don1058,rec593,2.0,14.096,2.8265625
2020-05-01 00:00:00+00:00,calibration,gowns,ACM-3,don1079,rec307,600.0,94.5685,2.264710648148148
2020-05-01 00:00:00+00:00,calibration,gowns,ACM-3,don1138,rec186,30.0,194.979,0.5157060185185185
2020-05-08 00:00:00+00:00,calibration,respirators,ACM-3,don1180,rec683,300.0,68.58200000000001,6.316979166666667
2020-05-08 00:00:00+00:00,calibration,respirators,ACM-3,don1184,rec926,5.0,333.27,6.307650462962963
2020-05-08 00:00:00+00:00,calibration,respirators,ACM-3,don1196,rec540,800.0,214.4355,6.014664351851851
2020-05-08 00:00:00+00:00,calibration,respirators,ACM-3,don1208,rec228,30.0,14.096,5.356030092592593
2020-05-08 00:00:00+00:00,calibration,respirators,ACM-3,don1215,rec692,9.0,14.096,5.283819444444444
2020-05-08 00:00:00+00:00,calibration,respirators,ACM-3,don1230,rec171,2.0,14.096,4.322048611111111
2020-05-08 00:00:00+00:00,calibration,respirators,ACM-3,don1237,rec692,50.0,68.58200000000001,4.185497685185185
2020-05-08 00:00:00+00:00,calibration,respirators,ACM-3,don1238,rec171,500.0,21.963,4.173240740740741
2020-05-08 00:00:00+00:00,calibration,respirators,ACM-3,don1239,rec20,200.0,31.625,4.170925925925926
2020-05-08 00:00:00+00:00,calibration,respirators,ACM-3,don1244,rec171,150.0,31.625,4.005613425925926
2020-05-08 00:00:00+00:00,calibration,respirators,ACM-3,don1254,rec881,200.0,5.1795,3.2018287037037036
2020-05-08 00:00:00+00:00,calibration,respirators,ACM-3,don1263,rec599,250.0,68.58200000000001,3.0623958333333334
2020-05-08 00:00:00+00:00,calibration,respirators,ACM-3,don1274,rec20,50.0,31.625,2.2183217592592595
2020-05-08 00:00:00+00:00,calibration,surgicalMasks,ACM-3,don1156,rec687,50.0,905.1465,6.9695833333333335
2020-05-08 00:00:00+00:00,calibration,surgicalMasks,ACM-3,don1178,rec1093,100.0,532.017,6.336377314814815
2020-05-08 00:00:00+00:00,calibration,surgicalMasks,ACM-3,don1180,rec1093,300.0,333.27,6.316979166666667
2020-05-08 00:00:00+00:00,calibration,surgicalMasks,ACM-3,don1187,rec768,50.0,14.096,6.276550925925926
2020-05-08 00:00:00+00:00,calibration,surgicalMasks,ACM-3,don1191,rec687,50.0,614.4975,6.150486111111111
2020-05-08 00:00:00+00:00,calibration,surgicalMasks,ACM-3,don1193,rec1093,9.0,532.017,6.08130787037037
2020-05-08 00:00:00+00:00,calibration,surgicalMasks,ACM-3,don1203,rec687,112.0,267.284,5.370613425925926
2020-05-08 00:00:00+00:00,calibration,surgicalMasks,ACM-3,don1208,rec1093,130.0,500.0335,5.356030092592593
2020-05-08 00:00:00+00:00,calibration,surgicalMasks,ACM-3,don1209,rec687,40.0,811.1475,5.348831018518519
2020-05-08 00:00:00+00:00,calibration,surgicalMasks,ACM-3,don1215,rec687,9.0,175.261,5.283819444444444
2020-05-08 00:00:00+00:00,calibration,surgicalMasks,ACM-3,don1217,rec768,10.0,31.625,5.240810185185185
2020-05-08 00:00:00+00:00,calibration,surgicalMasks,ACM-3,don1228,rec624,15.0,14.096,4.3809375
2020-05-08 00:00:00+00:00,calibration,surgicalMasks,ACM-3,don1229,rec687,50.0,31.625,4.330092592592592
2020-05-08 00:00:00+00:00,calibration,surgicalMasks,ACM-3,don1244,rec1333,100.0,21.963,4.005613425925926
2020-05-08 00:00:00+00:00,calibration,surgicalMasks,ACM-3,don1246,rec624,4.0,5.1795,3.9541898148148147
2020-05-08 00:00:00+00:00,calibration,surgicalMasks,ACM-3,don1251,rec768,50.0,122.0285,3.834247685185185
2020-05-08 00:00:00+00:00,calibration,surgicalMasks,ACM-3,don1267,rec687,350.0,31.625,3.0500578703703702
2020-05-08 00:00:00+00:00,calibration,surgicalMasks,ACM-3,don1271,rec687,950.0,948.4805,2.458391203703704
2020-05-08 00:00:00+00:00,calibration,surgicalMasks,ACM-3,don1274,rec768,100.0,5.1795,2.2183217592592595
2020-05-08 00:00:00+00:00,calibration,surgicalMasks,ACM-3,don1275,rec687,200.0,175.261,2.1790625
2020-05-08 00:00:00+00:00,calibration,surgicalMasks,ACM-3,don1279,rec768,50.0,68.58200000000001,2.0114699074074074
2020-05-08 00:00:00+00:00,calibration,surgicalMasks,ACM-3,don1285,rec687,6.0,175.261,1.3581828703703704
2020-05-08 00:00:00+00:00,calibration,surgicalMasks,ACM-3,don1288,rec624,40.0,68.58200000000001,1.0986226851851852
2020-05-08 00:00:00+00:00,calibration,surgicalMasks,ACM-3,don1289,rec1333,500.0,14.096,0.9982060185185185
2020-05-08 00:00:00+00:00,calibration,surgicalMasks,ACM-3,don1303,rec624,100.0,175.261,0.18952546296296297
2020-05-08 00:00:00+00:00,calibration,surgicalMasks,ACM-3,don1304,rec687,100.0,408.943,0.1675462962962963
2020-05-08 00:00:00+00:00,calibration,faceShields,ACM-3,don1133,rec456,816.0,31.625,7.91369212962963
2020-05-08 00:00:00+00:00,calibration,faceShields,ACM-3,don1158,rec171,50.0,21.963,6.932488425925926
2020-05-08 00:00:00+00:00,calibration,faceShields,ACM-3,don1185,rec171,9.0,31.625,6.306979166666666
2020-05-08 00:00:00+00:00,calibration,faceShields,ACM-3,don1202,rec456,500.0,5.1795,5.660590277777778
2020-05-08 00:00:00+00:00,calibration,faceShields,ACM-3,don1205,rec325,1.0,385.7645,5.363877314814815
2020-05-08 00:00:00+00:00,calibration,faceShields,ACM-3,don1217,rec456,1.0,5.1795,5.240810185185185
2020-05-08 00:00:00+00:00,calibration,faceShields,ACM-3,don1218,rec197,30.0,31.625,5.234305555555555
2020-05-08 00:00:00+00:00,calibration,faceShields,ACM-3,don1219,rec197,40.0,31.625,5.232916666666667
2020-05-08 00:00:00+00:00,calibration,faceShields,ACM-3,don1231,rec463,24.0,151.1025,4.274444444444445
2020-05-08 00:00:00+00:00,calibration,faceShields,ACM-3,don1248,rec683,2.0,175.261,3.852152777777778
2020-05-08 00:00:00+00:00,calibration,faceShields,ACM-3,don1253,rec456,60.0,46.091,3.2237037037037037
2020-05-08 00:00:00+00:00,calibration,faceShields,ACM-3,don1268,rec171,50.0,21.963,3.0485069444444446
2020-05-08 00:00:00+00:00,calibration,faceShields,ACM-3,don1280,rec480,250.0,122.0285,1.9061574074074075
2020-05-08 00:00:00+00:00,calibration,faceShields,ACM-3,don1281,rec924,68.0,214.4355,1.8218981481481482
2020-05-08 00:00:00+00:00,calibration,gowns,ACM-3,don1202,rec456,300.0,5.1795,5.660590277777778
2020-05-08 00:00:00+00:00,calibration,gowns,ACM-3,don1251,rec400,1.0,122.0285,3.834247685185185
2020-05-15 00:00:00+00:00,calibration,respirators,ACM-3,don1329,rec526,600.0,175.261,2.9910763888888887
2020-05-15 00:00:00+00:00,calibration,respirators,ACM-3,don1334,rec490,2.0,122.0285,2.4984375
2020-05-15 00:00:00+00:00,calibration,respirators,ACM-3,don1345,rec526,1.0,194.979,2.2146296296296297
2020-05-15 00:00:00+00:00,calibration,respirators,ACM-3,don1350,rec526,50.0,316.3175,2.1799537037037036
2020-05-15 00:00:00+00:00,calibration,respirators,ACM-3,don1357,rec310,5.0,21.963,2.1108680555555557
2020-05-15 00:00:00+00:00,calibration,respirators,ACM-3,don1358,rec526,50.0,214.4355,2.1100462962962965
2020-05-15 00:00:00+00:00,calibration,respirators,ACM-3,don1360,rec924,1.0,237.9225,2.108738425925926
2020-05-15 00:00:00+00:00,calibration,respirators,ACM-3,don1361,rec313,5.0,21.963,2.1078703703703705
2020-05-15 00:00:00+00:00,calibration,respirators,ACM-3,don1362,rec313,15.0,46.091,2.1067476851851854
2020-05-15 00:00:00+00:00,calibration,respirators,ACM-3,don1364,rec1052,2.0,408.943,2.105474537037037
2020-05-15 00:00:00+00:00,calibration,respirators,ACM-3,don1365,rec1052,50.0,436.4295,2.104699074074074
2020-05-15 00:00:00+00:00,calibration,respirators,ACM-3,don1368,rec266,100.0,14.096,1.9127662037037036
2020-05-15 00:00:00+00:00,calibration,respirators,ACM-3,don1397,rec864,20.0,151.1025,0.9109837962962963
2020-05-15 00:00:00+00:00,calibration,respirators,ACM-3,don1400,rec526,22.0,194.979,0.8483680555555555
2020-05-15 00:00:00+00:00,calibration,respirators,ACM-3,don1401,rec526,20.0,237.9225,0.5260648148148148
2020-05-15 00:00:00+00:00,calibration,respirators,ACM-3,don1413,rec864,20.0,151.1025,0.26895833333333335
2020-05-15 00:00:00+00:00,calibration,surgicalMasks,ACM-3,don1332,rec712,50.0,175.261,2.8113657407407406
2020-05-15 00:00:00+00:00,calibration,surgicalMasks,ACM-3,don1343,rec712,600.0,46.091,2.3242939814814814
2020-05-15 00:00:00+00:00,calibration,surgicalMasks,ACM-3,don1346,rec712,50.0,614.4975,2.2116782407407407
2020-05-15 00:00:00+00:00,calibration,surgicalMasks,ACM-3,don1378,rec712,400.0,590.1020000000001,1.3721296296296297
2020-05-15 00:00:00+00:00,calibration,surgicalMasks,ACM-3,don1388,rec1224,980.0,366.0375,1.126064814814815
2020-05-15 00:00:00+00:00,calibration,surgicalMasks,ACM-3,don1395,rec1224,40.0,175.261,0.9239583333333333
2020-05-15 00:00:00+00:00,calibration,surgicalMasks,ACM-3,don1397,rec712,140.0,1077.7195,0.9109837962962963
2020-05-15 00:00:00+00:00,calibration,surgicalMasks,ACM-3,don1400,rec712,70.0,46.091,0.8483680555555555
2020-05-15 00:00:00+00:00,calibration,surgicalMasks,ACM-3,don1405,rec1224,30.0,175.261,0.3407986111111111
2020-05-15 00:00:00+00:00,calibration,surgicalMasks,ACM-3,don1413,rec712,120.0,1077.7195,0.26895833333333335
2020-05-15 00:00:00+00:00,calibration,surgicalMasks,ACM-3,don1415,rec624,160.0,151.1025,0.1691087962962963
2020-05-15 00:00:00+00:00,calibration,faceShields,ACM-3,don1309,rec793,560.0,5.1795,6.14417824074074
2020-05-15 00:00:00+00:00,calibration,faceShields,ACM-3,don1313,rec485,20.0,94.5685,5.130335648148148
2020-05-15 00:00:00+00:00,calibration,faceShields,ACM-3,don1319,rec303,500.0,21.963,3.3868287037037037
2020-05-15 00:00:00+00:00,calibration,faceShields,ACM-3,don1328,rec87,1000.0,68.58200000000001,3.083391203703704
2020-05-15 00:00:00+00:00,calibration,faceShields,ACM-3,don1330,rec593,900.0,21.963,2.8819444444444446
2020-05-15 00:00:00+00:00,calibration,faceShields,ACM-3,don1335,rec325,200.0,532.017,2.4657407407407406
2020-05-15 00:00:00+00:00,calibration,faceShields,ACM-3,don1336,rec593,300.0,68.58200000000001,2.420023148148148
2020-05-15 00:00:00+00:00,calibration,faceShields,ACM-3,don1371,rec303,20.0,21.963,1.8474189814814814
2020-05-15 00:00:00+00:00,calibration,faceShields,ACM-3,don1372,rec678,200.0,21.963,1.7829398148148148
2020-05-15 00:00:00+00:00,calibration,faceShields,ACM-3,don1373,rec678,200.0,21.963,1.779988425925926
2020-05-15 00:00:00+00:00,calibration,faceShields,ACM-3,don1376,rec683,100.0,214.4355,1.5102662037037038
2020-05-15 00:00:00+00:00,calibration,faceShields,ACM-3,don1377,rec186,20.0,5.1795,1.3745717592592592
2020-05-15 00:00:00+00:00,calibration,faceShields,ACM-3,don1382,rec683,160.0,237.9225,1.2781712962962963
2020-05-15 00:00:00+00:00,calibration,faceShields,ACM-3,don1383,rec594,45.0,21.963,1.2716550925925927
2020-05-15 00:00:00+00:00,calibration,faceShields,ACM-3,don1384,rec594,45.0,21.963,1.270011574074074
2020-05-15 00:00:00+00:00,calibration,faceShields,ACM-3,don1403,rec793,440.0,14.096,0.395
2020-05-15 00:00:00+00:00,calibration,faceShields,ACM-3,don1409,rec885,500.0,175.261,0.29792824074074076
2020-05-22 00:00:00+00:00,calibration,respirators,ACM-3,don1438,rec927,200.0,175.261,3.1656712962962965
2020-05-22 00:00:00+00:00,calibration,respirators,ACM-3,don1453,rec456,1000.0,68.58200000000001,0.07921296296296296
2020-05-22 00:00:00+00:00,calibration,surgicalMasks,ACM-3,don1421,rec1332,10.0,21.963,6.064050925925926
2020-05-22 00:00:00+00:00,calibration,surgicalMasks,ACM-3,don1430,rec1332,400.0,14.096,4.366909722222222
2020-05-22 00:00:00+00:00,calibration,surgicalMasks,ACM-3,don1438,rec712,200.0,175.261,3.1656712962962965
2020-05-22 00:00:00+00:00,calibration,surgicalMasks,ACM-3,don1448,rec1309,980.0,366.0375,1.0618865740740742
2020-05-22 00:00:00+00:00,calibration,surgicalMasks,ACM-3,don1453,rec1332,1000.0,31.625,0.07921296296296296
2020-05-22 00:00:00+00:00,calibration,faceShields,ACM-3,don1403,rec750,160.0,68.58200000000001,7.395
2020-05-22 00:00:00+00:00,calibration,faceShields,ACM-3,don1418,rec834,100.0,5.1795,6.646215277777777
2020-05-22 00:00:00+00:00,calibration,faceShields,ACM-3,don1428,rec540,100.0,408.943,5.053796296296296
2020-05-22 00:00:00+00:00,calibration,faceShields,ACM-3,don1432,rec526,100.0,68.58200000000001,4.211967592592592
2020-05-22 00:00:00+00:00,calibration,faceShields,ACM-3,don1434,rec450,100.0,46.091,3.8241203703703706
2020-05-22 00:00:00+00:00,calibration,faceShields,ACM-3,don1442,rec450,99.0,31.625,2.1559606481481484
2020-05-22 00:00:00+00:00,calibration,faceShields,ACM-3,don1450,rec750,840.0,68.58200000000001,0.21225694444444446
2020-05-22 00:00:00+00:00,calibration,gowns,ACM-3,don1441,rec409,300.0,68.58200000000001,2.982060185185185
2020-05-22 00:00:00+00:00,calibration,gowns,ACM-3,don1446,rec458,24.0,94.5685,1.302800925925926
2020-05-29 00:00:00+00:00,calibration,respirators,ACM-3,don1468,rec290,300.0,46.091,5.508599537037037
2020-05-29 00:00:00+00:00,calibration,respirators,ACM-3,don1479,rec478,150.0,46.091,3.2044675925925925
2020-05-29 00:00:00+00:00,calibration,respirators,ACM-3,don1484,rec673,420.0,5.1795,2.8355439814814813
2020-05-29 00:00:00+00:00,calibration,respirators,ACM-3,don1485,rec290,2.0,46.091,2.1637037037037037
2020-05-29 00:00:00+00:00,calibration,respirators,ACM-3,don1497,rec582,200.0,46.091,0.319224537037037
2020-05-29 00:00:00+00:00,calibration,surgicalMasks,ACM-3,don1456,rec1362,500.0,5.1795,6.9542476851851855
2020-05-29 00:00:00+00:00,calibration,surgicalMasks,ACM-3,don1459,rec712,25.0,713.75,6.329224537037037
2020-05-29 00:00:00+00:00,calibration,surgicalMasks,ACM-3,don1460,rec712,500.0,46.091,6.193668981481482
2020-05-29 00:00:00+00:00,calibration,surgicalMasks,ACM-3,don1479,rec1362,100.0,46.091,3.2044675925925925
2020-05-29 00:00:00+00:00,calibration,surgicalMasks,ACM-3,don1482,rec712,30.0,122.0285,2.8859953703703702
2020-05-29 00:00:00+00:00,calibration,faceShields,ACM-3,don1450,rec858,160.0,14.096,7.212256944444444
2020-05-29 00:00:00+00:00,calibration,faceShields,ACM-3,don1461,rec769,56.0,316.3175,6.148993055555556
2020-05-29 00:00:00+00:00,calibration,faceShields,ACM-3,don1463,rec615,500.0,94.5685,5.812048611111111
2020-05-29 00:00:00+00:00,calibration,faceShields,ACM-3,don1472,rec420,3.0,175.261,3.359722222222222
2020-05-29 00:00:00+00:00,calibration,faceShields,ACM-3,don1495,rec769,200.0,46.091,1.323611111111111
2020-05-29 00:00:00+00:00,calibration,faceShields,ACM-3,don1498,rec186,200.0,68.58200000000001,0.22850694444444444
2020-05-29 00:00:00+00:00,calibration,gowns,ACM-3,don1468,rec274,50.0,94.5685,5.508599537037037
2020-06-05 00:00:00+00:00,calibration,surgicalMasks,ACM-3,don1499,rec1244,250.0,14.096,6.902337962962963
2020-06-05 00:00:00+00:00,calibration,faceShields,ACM-3,don1502,rec872,112.0,349.019,2.1164699074074074
2020-06-05 00:00:00+00:00,calibration,faceShields,ACM-3,don1504,rec692,1000.0,5.1795,1.1952199074074075
2020-06-05 00:00:00+00:00,calibration,faceShields,ACM-3,don1507,rec920,1000.0,408.943,1.0286342592592592
2020-06-12 00:00:00+00:00,validation,respirators,ACM-3,don1508,rec945,25.0,237.9225,6.922256944444444
2020-06-12 00:00:00+00:00,validation,respirators,ACM-3,don1518,rec1492,1000.0,5.1795,3.208263888888889
2020-06-12 00:00:00+00:00,validation,respirators,ACM-3,don1520,rec1111,900.0,5.1795,2.544398148148148
2020-06-12 00:00:00+00:00,validation,respirators,ACM-3,don1522,rec119,20.0,5.1795,2.3616550925925925
2020-06-12 00:00:00+00:00,validation,faceShields,ACM-3,don1515,rec1435,100.0,31.625,3.3544212962962963
2020-06-12 00:00:00+00:00,validation,faceShields,ACM-3,don1527,rec626,106.0,5.1795,1.4218287037037036
2020-06-19 00:00:00+00:00,validation,respirators,ACM-3,don1540,rec1019,1000.0,5.1795,5.979548611111111
2020-06-19 00:00:00+00:00,validation,surgicalMasks,ACM-3,don1542,rec1584,1000.0,5.1795,3.6922916666666667
2020-06-19 00:00:00+00:00,validation,surgicalMasks,ACM-3,don1548,rec1520,50.0,5.1795,2.6946875
2020-06-19 00:00:00+00:00,validation,surgicalMasks,ACM-3,don1554,rec1270,60.0,68.58200000000001,2.160740740740741
2020-06-19 00:00:00+00:00,validation,faceShields,ACM-3,don1543,rec1113,200.0,151.1025,3.481388888888889
2020-06-19 00:00:00+00:00,validation,faceShields,ACM-3,don1544,rec2184,50.0,14.096,3.381898148148148
2020-06-19 00:00:00+00:00,validation,faceShields,ACM-3,don1546,rec1691,100.0,14.096,3.3454282407407407
2020-06-19 00:00:00+00:00,validation,faceShields,ACM-3,don1557,rec1729,500.0,122.0285,0.3359490740740741
2020-06-19 00:00:00+00:00,validation,gowns,ACM-3,don1546,rec329,100.0,122.0285,3.3454282407407407
2020-06-26 00:00:00+00:00,validation,respirators,ACM-3,don1559,rec1520,800.0,14.096,5.375034722222222
2020-06-26 00:00:00+00:00,validation,surgicalMasks,ACM-3,don1561,rec2035,600.0,21.963,3.279421296296296
2020-06-26 00:00:00+00:00,validation,faceShields,ACM-3,don1562,rec1332,2.0,5.1795,2.2496296296296294
2020-06-26 00:00:00+00:00,validation,faceShields,ACM-3,don1564,rec1243,200.0,5.1795,1.1930092592592592
2020-06-26 00:00:00+00:00,validation,faceShields,ACM-3,don1565,rec1831,100.0,5.1795,0.5170254629629629
2020-07-03 00:00:00+00:00,test,respirators,ACM-3,don1579,rec3059,3.0,5.1795,0.7224652777777778
2020-07-03 00:00:00+00:00,test,surgicalMasks,ACM-3,don1566,rec2397,280.0,237.9225,6.812627314814815
2020-07-03 00:00:00+00:00,test,surgicalMasks,ACM-3,don1577,rec1400,50.0,5.1795,1.7765277777777777
2020-07-03 00:00:00+00:00,test,surgicalMasks,ACM-3,don1580,rec1111,1000.0,5.1795,0.4565162037037037
2020-07-03 00:00:00+00:00,test,faceShields,ACM-3,don1571,rec1520,25.0,5.1795,4.145023148148148
2020-07-03 00:00:00+00:00,test,faceShields,ACM-3,don1573,rec2776,5.0,46.091,2.8470949074074072
2020-07-10 00:00:00+00:00,test,respirators,ACM-3,don1584,rec2096,5.0,5.1795,6.097974537037037
2020-07-10 00:00:00+00:00,test,respirators,ACM-3,don1592,rec138,20.0,5.1795,4.157222222222222
2020-07-10 00:00:00+00:00,test,respirators,ACM-3,don1602,rec1523,40.0,21.963,1.2396643518518518
2020-07-10 00:00:00+00:00,test,surgicalMasks,ACM-3,don1592,rec2747,30.0,5.1795,4.157222222222222
2020-07-10 00:00:00+00:00,test,surgicalMasks,ACM-3,don1596,rec1159,1000.0,68.58200000000001,2.3696180555555557
2020-07-10 00:00:00+00:00,test,surgicalMasks,ACM-3,don1599,rec1274,200.0,5.1795,1.9099884259259259
2020-07-10 00:00:00+00:00,test,surgicalMasks,ACM-3,don1602,rec1523,50.0,21.963,1.2396643518518518
2020-07-10 00:00:00+00:00,test,surgicalMasks,ACM-3,don1604,rec1360,1000.0,14.096,1.107337962962963
2020-07-10 00:00:00+00:00,test,surgicalMasks,ACM-3,don1605,rec1524,450.0,5.1795,1.0484606481481482
2020-07-10 00:00:00+00:00,test,faceShields,ACM-3,don1585,rec2280,40.0,5.1795,6.008738425925926
2020-07-10 00:00:00+00:00,test,faceShields,ACM-3,don1589,rec1030,30.0,5.1795,4.21130787037037
2020-07-10 00:00:00+00:00,test,faceShields,ACM-3,don1595,rec2288,25.0,5.1795,2.8978819444444444
2020-07-17 00:00:00+00:00,test,respirators,ACM-3,don1611,rec3402,5.0,5.1795,6.970578703703704
2020-07-17 00:00:00+00:00,test,respirators,ACM-3,don1622,rec2662,10.0,14.096,5.094039351851852
2020-07-17 00:00:00+00:00,test,surgicalMasks,ACM-3,don1615,rec2510,20.0,122.0285,6.857303240740741
2020-07-17 00:00:00+00:00,test,faceShields,ACM-3,don1615,rec2733,2.0,214.4355,6.857303240740741
2020-07-17 00:00:00+00:00,test,faceShields,ACM-3,don1618,rec2125,1000.0,5.1795,6.23787037037037
2020-07-17 00:00:00+00:00,test,faceShields,ACM-3,don1623,rec1268,200.0,5.1795,4.294733796296296
2020-07-24 00:00:00+00:00,test,respirators,ACM-3,don1655,rec1519,500.0,5.1795,6.0881944444444445
2020-07-24 00:00:00+00:00,test,faceShields,ACM-3,don1655,rec1519,500.0,5.1795,6.0881944444444445
2020-04-03 00:00:00+00:00,calibration,respirators,ACM-2,don0,rec0,20.0,2529.878,6.509027777777778
2020-04-24 00:00:00+00:00,calibration,respirators,ACM-2,don103,rec442,20.0,562.254,4.833333333333333
2020-04-24 00:00:00+00:00,calibration,respirators,ACM-2,don108,rec89,15.0,31.625,4.833333333333333
2020-04-24 00:00:00+00:00,calibration,respirators,ACM-2,don116,rec409,1.0,175.261,4.833333333333333
2020-04-24 00:00:00+00:00,calibration,respirators,ACM-2,don118,rec409,2.0,151.1025,4.833333333333333
2020-04-24 00:00:00+00:00,calibration,respirators,ACM-2,don124,rec89,100.0,31.625,4.833333333333333
2020-04-24 00:00:00+00:00,calibration,respirators,ACM-2,don135,rec89,2.0,68.58200000000001,4.833333333333333
2020-04-24 00:00:00+00:00,calibration,respirators,ACM-2,don141,rec0,5.0,68.58200000000001,4.833333333333333
2020-04-24 00:00:00+00:00,calibration,respirators,ACM-2,don143,rec89,1.0,31.625,4.833333333333333
2020-04-24 00:00:00+00:00,calibration,respirators,ACM-2,don145,rec122,19.0,14.096,4.833333333333333
2020-04-24 00:00:00+00:00,calibration,respirators,ACM-2,don146,rec131,35.0,175.261,4.833333333333333
2020-04-24 00:00:00+00:00,calibration,respirators,ACM-2,don149,rec89,3.0,31.625,4.833333333333333
2020-04-24 00:00:00+00:00,calibration,respirators,ACM-2,don150,rec89,18.0,31.625,4.833333333333333
2020-04-24 00:00:00+00:00,calibration,respirators,ACM-2,don164,rec442,2.0,408.943,4.833333333333333
2020-04-24 00:00:00+00:00,calibration,respirators,ACM-2,don166,rec87,10.0,46.091,4.833333333333333
2020-04-24 00:00:00+00:00,calibration,respirators,ACM-2,don167,rec89,2.0,31.625,4.833333333333333
2020-04-24 00:00:00+00:00,calibration,respirators,ACM-2,don168,rec0,6.0,94.5685,4.833333333333333
2020-04-24 00:00:00+00:00,calibration,respirators,ACM-2,don172,rec442,12.0,175.261,4.833333333333333
2020-04-24 00:00:00+00:00,calibration,respirators,ACM-2,don173,rec12,5.0,214.4355,4.833333333333333
2020-04-24 00:00:00+00:00,calibration,respirators,ACM-2,don184,rec12,140.0,333.27,4.833333333333333
2020-04-24 00:00:00+00:00,calibration,respirators,ACM-2,don188,rec621,500.0,175.261,4.833333333333333
2020-04-24 00:00:00+00:00,calibration,respirators,ACM-2,don199,rec409,10.0,46.091,4.833333333333333
2020-04-24 00:00:00+00:00,calibration,respirators,ACM-2,don201,rec605,16.0,295.1365,4.833333333333333
2020-04-24 00:00:00+00:00,calibration,respirators,ACM-2,don204,rec409,7.0,14.096,4.833333333333333
2020-04-24 00:00:00+00:00,calibration,respirators,ACM-2,don206,rec89,20.0,14.096,4.833333333333333
2020-04-24 00:00:00+00:00,calibration,respirators,ACM-2,don208,rec89,50.0,21.963,4.833333333333333
2020-04-24 00:00:00+00:00,calibration,respirators,ACM-2,don209,rec0,1.0,31.625,4.833333333333333
2020-04-24 00:00:00+00:00,calibration,respirators,ACM-2,don215,rec122,10.0,14.096,4.833333333333333
2020-04-24 00:00:00+00:00,calibration,respirators,ACM-2,don219,rec89,1.0,31.625,4.833333333333333
2020-04-24 00:00:00+00:00,calibration,respirators,ACM-2,don220,rec89,14.0,31.625,4.833333333333333
2020-04-24 00:00:00+00:00,calibration,respirators,ACM-2,don224,rec12,2.0,214.4355,4.833333333333333
2020-04-24 00:00:00+00:00,calibration,respirators,ACM-2,don233,rec409,2.0,5.1795,4.833333333333333
2020-04-24 00:00:00+00:00,calibration,respirators,ACM-2,don234,rec89,4.0,214.4355,4.833333333333333
2020-04-24 00:00:00+00:00,calibration,respirators,ACM-2,don235,rec89,75.0,68.58200000000001,4.833333333333333
2020-04-24 00:00:00+00:00,calibration,respirators,ACM-2,don243,rec409,30.0,46.091,4.833333333333333
2020-04-24 00:00:00+00:00,calibration,respirators,ACM-2,don244,rec409,2.0,31.625,4.833333333333333
2020-04-24 00:00:00+00:00,calibration,respirators,ACM-2,don245,rec409,10.0,31.625,4.833333333333333
2020-04-24 00:00:00+00:00,calibration,respirators,ACM-2,don247,rec89,200.0,21.963,4.833333333333333
2020-04-24 00:00:00+00:00,calibration,respirators,ACM-2,don248,rec89,1.0,14.096,4.833333333333333
2020-04-24 00:00:00+00:00,calibration,respirators,ACM-2,don251,rec0,5.0,14.096,4.833333333333333
2020-04-24 00:00:00+00:00,calibration,respirators,ACM-2,don258,rec0,40.0,590.1020000000001,4.833333333333333
2020-04-24 00:00:00+00:00,calibration,respirators,ACM-2,don264,rec89,120.0,46.091,4.833333333333333
2020-04-24 00:00:00+00:00,calibration,respirators,ACM-2,don265,rec122,2.0,14.096,4.833333333333333
2020-04-24 00:00:00+00:00,calibration,respirators,ACM-2,don268,rec12,300.0,349.019,4.833333333333333
2020-04-24 00:00:00+00:00,calibration,respirators,ACM-2,don282,rec0,4.0,5.1795,4.833333333333333
2020-04-24 00:00:00+00:00,calibration,respirators,ACM-2,don294,rec89,8.0,68.58200000000001,4.833333333333333
2020-04-24 00:00:00+00:00,calibration,respirators,ACM-2,don295,rec0,5.0,151.1025,4.833333333333333
2020-04-24 00:00:00+00:00,calibration,respirators,ACM-2,don299,rec89,900.0,46.091,4.833333333333333
2020-04-24 00:00:00+00:00,calibration,respirators,ACM-2,don305,rec89,30.0,31.625,4.833333333333333
2020-04-24 00:00:00+00:00,calibration,respirators,ACM-2,don309,rec122,20.0,14.096,4.833333333333333
2020-04-24 00:00:00+00:00,calibration,respirators,ACM-2,don311,rec122,2.0,21.963,4.833333333333333
2020-04-24 00:00:00+00:00,calibration,respirators,ACM-2,don314,rec89,140.0,46.091,4.833333333333333
2020-04-24 00:00:00+00:00,calibration,respirators,ACM-2,don317,rec122,1000.0,14.096,4.833333333333333
2020-04-24 00:00:00+00:00,calibration,respirators,ACM-2,don353,rec89,10.0,31.625,4.833333333333333
2020-04-24 00:00:00+00:00,calibration,respirators,ACM-2,don356,rec89,300.0,31.625,4.833333333333333
2020-04-24 00:00:00+00:00,calibration,respirators,ACM-2,don357,rec89,30.0,46.091,4.833333333333333
2020-04-24 00:00:00+00:00,calibration,respirators,ACM-2,don358,rec409,60.0,46.091,4.833333333333333
2020-04-24 00:00:00+00:00,calibration,respirators,ACM-2,don359,rec0,2.0,31.625,4.833333333333333
2020-04-24 00:00:00+00:00,calibration,respirators,ACM-2,don360,rec87,10.0,68.58200000000001,4.833333333333333
2020-04-24 00:00:00+00:00,calibration,respirators,ACM-2,don373,rec89,300.0,349.019,4.833333333333333
2020-04-24 00:00:00+00:00,calibration,respirators,ACM-2,don376,rec38,200.0,385.7645,4.833333333333333
2020-04-24 00:00:00+00:00,calibration,respirators,ACM-2,don381,rec89,10.0,31.625,4.833333333333333
2020-04-24 00:00:00+00:00,calibration,respirators,ACM-2,don382,rec89,90.0,408.943,4.833333333333333
2020-04-24 00:00:00+00:00,calibration,respirators,ACM-2,don383,rec122,11.0,5.1795,4.833333333333333
2020-04-24 00:00:00+00:00,calibration,respirators,ACM-2,don388,rec38,10.0,237.9225,4.833333333333333
2020-04-24 00:00:00+00:00,calibration,respirators,ACM-2,don397,rec38,1000.0,237.9225,4.833333333333333
2020-04-24 00:00:00+00:00,calibration,respirators,ACM-2,don399,rec89,38.0,21.963,4.833333333333333
2020-04-24 00:00:00+00:00,calibration,respirators,ACM-2,don400,rec89,5.0,5.1795,4.833333333333333
2020-04-24 00:00:00+00:00,calibration,respirators,ACM-2,don401,rec122,950.0,14.096,4.833333333333333
2020-04-24 00:00:00+00:00,calibration,respirators,ACM-2,don402,rec0,3.0,5.1795,4.833333333333333
2020-04-24 00:00:00+00:00,calibration,respirators,ACM-2,don405,rec122,1.0,14.096,4.833333333333333
2020-04-24 00:00:00+00:00,calibration,respirators,ACM-2,don411,rec0,30.0,94.5685,4.833333333333333
2020-04-24 00:00:00+00:00,calibration,respirators,ACM-2,don412,rec89,15.0,31.625,4.833333333333333
2020-04-24 00:00:00+00:00,calibration,respirators,ACM-2,don414,rec89,2.0,46.091,4.833333333333333
2020-04-24 00:00:00+00:00,calibration,respirators,ACM-2,don422,rec89,1.0,46.091,4.833333333333333
2020-04-24 00:00:00+00:00,calibration,respirators,ACM-2,don427,rec131,5.0,175.261,4.833333333333333
2020-04-24 00:00:00+00:00,calibration,respirators,ACM-2,don429,rec0,24.0,5.1795,4.833333333333333
2020-04-24 00:00:00+00:00,calibration,respirators,ACM-2,don430,rec0,5.0,21.963,4.833333333333333
2020-04-24 00:00:00+00:00,calibration,respirators,ACM-2,don432,rec0,6.0,690.7964999999999,4.833333333333333
2020-04-24 00:00:00+00:00,calibration,respirators,ACM-2,don442,rec89,3.0,31.625,4.833333333333333
2020-04-24 00:00:00+00:00,calibration,respirators,ACM-2,don443,rec12,2.0,349.019,4.833333333333333
2020-04-24 00:00:00+00:00,calibration,respirators,ACM-2,don445,rec131,3.0,122.0285,4.833333333333333
2020-04-24 00:00:00+00:00,calibration,respirators,ACM-2,don446,rec0,5.0,5.1795,4.833333333333333
2020-04-24 00:00:00+00:00,calibration,respirators,ACM-2,don466,rec605,6.0,21.963,4.833333333333333
2020-04-24 00:00:00+00:00,calibration,respirators,ACM-2,don467,rec12,400.0,349.019,4.833333333333333
2020-04-24 00:00:00+00:00,calibration,respirators,ACM-2,don468,rec89,5.0,46.091,4.833333333333333
2020-04-24 00:00:00+00:00,calibration,respirators,ACM-2,don487,rec89,3.0,46.091,4.833333333333333
2020-04-24 00:00:00+00:00,calibration,respirators,ACM-2,don490,rec122,9.0,151.1025,4.833333333333333
2020-04-24 00:00:00+00:00,calibration,respirators,ACM-2,don493,rec122,1.0,14.096,4.833333333333333
2020-04-24 00:00:00+00:00,calibration,respirators,ACM-2,don494,rec0,10.0,46.091,4.833333333333333
2020-04-24 00:00:00+00:00,calibration,respirators,ACM-2,don503,rec122,4.0,14.096,4.833333333333333
2020-04-24 00:00:00+00:00,calibration,respirators,ACM-2,don507,rec89,50.0,21.963,4.833333333333333
2020-04-24 00:00:00+00:00,calibration,respirators,ACM-2,don511,rec0,10.0,590.1020000000001,4.833333333333333
2020-04-24 00:00:00+00:00,calibration,respirators,ACM-2,don522,rec582,8.0,5.1795,4.833333333333333
2020-04-24 00:00:00+00:00,calibration,respirators,ACM-2,don523,rec87,8.0,68.58200000000001,4.833333333333333
2020-04-24 00:00:00+00:00,calibration,respirators,ACM-2,don527,rec12,15.0,366.0375,4.833333333333333
2020-04-24 00:00:00+00:00,calibration,respirators,ACM-2,don529,rec0,20.0,5.1795,4.833333333333333
2020-04-24 00:00:00+00:00,calibration,respirators,ACM-2,don530,rec89,10.0,46.091,4.833333333333333
2020-04-24 00:00:00+00:00,calibration,respirators,ACM-2,don531,rec0,12.0,5.1795,4.833333333333333
2020-04-24 00:00:00+00:00,calibration,respirators,ACM-2,don533,rec605,20.0,14.096,4.833333333333333
2020-04-24 00:00:00+00:00,calibration,respirators,ACM-2,don536,rec38,100.0,295.1365,4.833333333333333
2020-04-24 00:00:00+00:00,calibration,respirators,ACM-2,don538,rec89,10.0,31.625,4.833333333333333
2020-04-24 00:00:00+00:00,calibration,respirators,ACM-2,don540,rec89,42.0,46.091,4.833333333333333
2020-04-24 00:00:00+00:00,calibration,respirators,ACM-2,don541,rec89,20.0,31.625,4.833333333333333
2020-04-24 00:00:00+00:00,calibration,respirators,ACM-2,don543,rec87,10.0,68.58200000000001,4.833333333333333
2020-04-24 00:00:00+00:00,calibration,respirators,ACM-2,don544,rec122,13.0,151.1025,4.833333333333333
2020-04-24 00:00:00+00:00,calibration,respirators,ACM-2,don545,rec0,6.0,532.017,4.833333333333333
2020-04-24 00:00:00+00:00,calibration,respirators,ACM-2,don553,rec122,20.0,21.963,4.833333333333333
2020-04-24 00:00:00+00:00,calibration,respirators,ACM-2,don554,rec442,500.0,562.254,4.833333333333333
2020-04-24 00:00:00+00:00,calibration,respirators,ACM-2,don568,rec89,10.0,31.625,4.833333333333333
2020-04-24 00:00:00+00:00,calibration,respirators,ACM-2,don570,rec89,5.0,408.943,4.833333333333333
2020-04-24 00:00:00+00:00,calibration,respirators,ACM-2,don572,rec122,45.0,14.096,4.833333333333333
2020-04-24 00:00:00+00:00,calibration,respirators,ACM-2,don575,rec442,7.0,366.0375,4.833333333333333
2020-04-24 00:00:00+00:00,calibration,respirators,ACM-2,don577,rec87,40.0,122.0285,4.833333333333333
2020-04-24 00:00:00+00:00,calibration,respirators,ACM-2,don578,rec88,15.0,194.979,4.833333333333333
2020-04-24 00:00:00+00:00,calibration,respirators,ACM-2,don579,rec122,1.0,46.091,4.833333333333333
2020-04-24 00:00:00+00:00,calibration,respirators,ACM-2,don580,rec635,1000.0,638.9715,4.833333333333333
2020-04-24 00:00:00+00:00,calibration,respirators,ACM-2,don581,rec89,1.0,31.625,4.833333333333333
2020-04-24 00:00:00+00:00,calibration,respirators,ACM-2,don589,rec87,4.0,46.091,4.833333333333333
2020-04-24 00:00:00+00:00,calibration,respirators,ACM-2,don597,rec0,10.0,46.091,4.833333333333333
2020-04-24 00:00:00+00:00,calibration,respirators,ACM-2,don599,rec89,5.0,31.625,4.833333333333333
2020-04-24 00:00:00+00:00,calibration,respirators,ACM-2,don611,rec0,30.0,5.1795,4.833333333333333
2020-04-24 00:00:00+00:00,calibration,respirators,ACM-2,don612,rec0,70.0,21.963,4.833333333333333
2020-04-24 00:00:00+00:00,calibration,respirators,ACM-2,don614,rec89,2.0,31.625,4.833333333333333
2020-04-24 00:00:00+00:00,calibration,respirators,ACM-2,don615,rec89,100.0,94.5685,4.833333333333333
2020-04-24 00:00:00+00:00,calibration,respirators,ACM-2,don616,rec89,6.0,31.625,4.833333333333333
2020-04-24 00:00:00+00:00,calibration,respirators,ACM-2,don617,rec89,4.0,21.963,4.833333333333333
2020-04-24 00:00:00+00:00,calibration,respirators,ACM-2,don620,rec122,20.0,237.9225,4.833333333333333
2020-04-24 00:00:00+00:00,calibration,respirators,ACM-2,don625,rec635,3.0,590.1020000000001,4.833333333333333
2020-04-24 00:00:00+00:00,calibration,respirators,ACM-2,don627,rec89,400.0,14.096,4.833333333333333
2020-04-24 00:00:00+00:00,calibration,respirators,ACM-2,don630,rec409,15.0,46.091,4.833333333333333
2020-04-24 00:00:00+00:00,calibration,respirators,ACM-2,don633,rec89,1000.0,31.625,4.833333333333333
2020-04-24 00:00:00+00:00,calibration,respirators,ACM-2,don634,rec89,25.0,46.091,4.833333333333333
2020-04-24 00:00:00+00:00,calibration,respirators,ACM-2,don635,rec88,20.0,31.625,4.833333333333333
2020-04-24 00:00:00+00:00,calibration,respirators,ACM-2,don637,rec605,3.0,31.625,4.833333333333333
2020-04-24 00:00:00+00:00,calibration,respirators,ACM-2,don643,rec131,1.0,94.5685,4.833333333333333
2020-04-24 00:00:00+00:00,calibration,respirators,ACM-2,don645,rec621,10.0,151.1025,4.833333333333333
2020-04-24 00:00:00+00:00,calibration,respirators,ACM-2,don646,rec0,2.0,68.58200000000001,4.833333333333333
2020-04-24 00:00:00+00:00,calibration,respirators,ACM-2,don647,rec605,1000.0,151.1025,4.833333333333333
2020-04-24 00:00:00+00:00,calibration,respirators,ACM-2,don648,rec599,3.0,122.0285,4.833333333333333
2020-04-24 00:00:00+00:00,calibration,respirators,ACM-2,don649,rec87,12.0,14.096,4.833333333333333
2020-04-24 00:00:00+00:00,calibration,respirators,ACM-2,don661,rec89,2.0,46.091,4.833333333333333
2020-04-24 00:00:00+00:00,calibration,respirators,ACM-2,don662,rec0,20.0,46.091,4.833333333333333
2020-04-24 00:00:00+00:00,calibration,respirators,ACM-2,don666,rec0,25.0,532.017,4.833333333333333
2020-04-24 00:00:00+00:00,calibration,respirators,ACM-2,don674,rec266,24.0,68.58200000000001,4.833333333333333
2020-04-24 00:00:00+00:00,calibration,respirators,ACM-2,don675,rec89,3.0,31.625,4.833333333333333
2020-04-24 00:00:00+00:00,calibration,respirators,ACM-2,don676,rec122,2.0,21.963,4.833333333333333
2020-04-24 00:00:00+00:00,calibration,respirators,ACM-2,don677,rec582,3.0,14.096,4.833333333333333
2020-04-24 00:00:00+00:00,calibration,respirators,ACM-2,don682,rec87,8.0,68.58200000000001,4.833333333333333
2020-04-24 00:00:00+00:00,calibration,respirators,ACM-2,don685,rec131,6.0,175.261,4.833333333333333
2020-04-24 00:00:00+00:00,calibration,respirators,ACM-2,don686,rec88,6.0,46.091,4.833333333333333
2020-04-24 00:00:00+00:00,calibration,respirators,ACM-2,don687,rec442,1.0,366.0375,4.833333333333333
2020-04-24 00:00:00+00:00,calibration,respirators,ACM-2,don688,rec89,3.0,349.019,4.833333333333333
2020-04-24 00:00:00+00:00,calibration,respirators,ACM-2,don689,rec122,1000.0,46.091,4.833333333333333
2020-04-24 00:00:00+00:00,calibration,respirators,ACM-2,don691,rec0,100.0,21.963,4.833333333333333
2020-04-24 00:00:00+00:00,calibration,respirators,ACM-2,don692,rec409,15.0,21.963,4.833333333333333
2020-04-24 00:00:00+00:00,calibration,respirators,ACM-2,don693,rec89,1000.0,14.096,4.833333333333333
2020-04-24 00:00:00+00:00,calibration,respirators,ACM-2,don694,rec89,500.0,46.091,4.833333333333333
2020-04-24 00:00:00+00:00,calibration,respirators,ACM-2,don698,rec310,4.0,46.091,4.833333333333333
2020-04-24 00:00:00+00:00,calibration,respirators,ACM-2,don703,rec131,1.0,5.1795,4.833333333333333
2020-04-24 00:00:00+00:00,calibration,respirators,ACM-2,don705,rec89,620.0,31.625,4.833333333333333
2020-04-24 00:00:00+00:00,calibration,respirators,ACM-2,don706,rec0,10.0,5.1795,4.833333333333333
2020-04-24 00:00:00+00:00,calibration,respirators,ACM-2,don707,rec0,500.0,68.58200000000001,4.833333333333333
2020-04-24 00:00:00+00:00,calibration,respirators,ACM-2,don709,rec605,10.0,14.096,4.833333333333333
2020-04-24 00:00:00+00:00,calibration,respirators,ACM-2,don717,rec409,4.0,68.58200000000001,4.833333333333333
2020-04-24 00:00:00+00:00,calibration,respirators,ACM-2,don719,rec0,10.0,31.625,4.833333333333333
2020-04-24 00:00:00+00:00,calibration,respirators,ACM-2,don723,rec89,180.0,31.625,4.833333333333333
2020-04-24 00:00:00+00:00,calibration,respirators,ACM-2,don726,rec88,10.0,5.1795,4.833333333333333
2020-04-24 00:00:00+00:00,calibration,respirators,ACM-2,don728,rec0,6.0,5.1795,4.833333333333333
2020-04-24 00:00:00+00:00,calibration,respirators,ACM-2,don731,rec122,2.0,21.963,4.833333333333333
2020-04-24 00:00:00+00:00,calibration,respirators,ACM-2,don740,rec409,2.0,175.261,4.833333333333333
2020-04-24 00:00:00+00:00,calibration,respirators,ACM-2,don745,rec131,500.0,175.261,4.833333333333333
2020-04-24 00:00:00+00:00,calibration,respirators,ACM-2,don747,rec605,20.0,385.7645,4.833333333333333
2020-04-24 00:00:00+00:00,calibration,respirators,ACM-2,don748,rec89,6.0,5.1795,4.833333333333333
2020-04-24 00:00:00+00:00,calibration,respirators,ACM-2,don749,rec89,60.0,46.091,4.833333333333333
2020-04-24 00:00:00+00:00,calibration,respirators,ACM-2,don751,rec122,200.0,14.096,4.833333333333333
2020-04-24 00:00:00+00:00,calibration,respirators,ACM-2,don752,rec0,40.0,46.091,4.833333333333333
2020-04-24 00:00:00+00:00,calibration,respirators,ACM-2,don759,rec12,1000.0,214.4355,4.833333333333333
2020-04-24 00:00:00+00:00,calibration,respirators,ACM-2,don761,rec89,20.0,46.091,4.833333333333333
2020-04-24 00:00:00+00:00,calibration,respirators,ACM-2,don762,rec0,11.0,5.1795,4.833333333333333
2020-04-24 00:00:00+00:00,calibration,respirators,ACM-2,don763,rec89,180.0,31.625,4.833333333333333
2020-04-24 00:00:00+00:00,calibration,respirators,ACM-2,don764,rec0,1000.0,638.9715,4.833333333333333
2020-04-24 00:00:00+00:00,calibration,respirators,ACM-2,don766,rec409,100.0,46.091,4.833333333333333
2020-04-24 00:00:00+00:00,calibration,respirators,ACM-2,don767,rec605,20.0,333.27,4.833333333333333
2020-04-24 00:00:00+00:00,calibration,respirators,ACM-2,don768,rec409,4.0,46.091,4.833333333333333
2020-04-24 00:00:00+00:00,calibration,respirators,ACM-2,don769,rec409,13.0,46.091,4.833333333333333
2020-04-24 00:00:00+00:00,calibration,respirators,ACM-2,don77,rec409,4.0,31.625,4.833333333333333
2020-04-24 00:00:00+00:00,calibration,respirators,ACM-2,don771,rec122,20.0,21.963,4.833333333333333
2020-04-24 00:00:00+00:00,calibration,respirators,ACM-2,don772,rec409,10.0,46.091,4.833333333333333
2020-04-24 00:00:00+00:00,calibration,respirators,ACM-2,don91,rec442,18.0,562.254,4.833333333333333
2020-04-24 00:00:00+00:00,calibration,respirators,ACM-2,don92,rec442,1.0,562.254,4.833333333333333
2020-04-24 00:00:00+00:00,calibration,respirators,ACM-2,don94,rec122,1000.0,21.963,4.833333333333333
2020-04-24 00:00:00+00:00,calibration,respirators,ACM-2,don95,rec0,5.0,690.7964999999999,4.833333333333333
2020-04-24 00:00:00+00:00,calibration,respirators,ACM-2,don98,rec599,5.0,31.625,4.833333333333333
2020-04-24 00:00:00+00:00,calibration,respirators,ACM-2,don778,rec621,25.0,68.58200000000001,4.499305555555556
2020-04-24 00:00:00+00:00,calibration,respirators,ACM-2,don801,rec0,10.0,614.4975,3.25556712962963
2020-04-24 00:00:00+00:00,calibration,respirators,ACM-2,don812,rec12,1.0,349.019,2.883263888888889
2020-04-24 00:00:00+00:00,calibration,respirators,ACM-2,don835,rec87,1.0,94.5685,2.2685069444444443
2020-04-24 00:00:00+00:00,calibration,respirators,ACM-2,don836,rec89,720.0,31.625,2.263587962962963
2020-04-24 00:00:00+00:00,calibration,respirators,ACM-2,don840,rec409,4.0,46.091,2.180138888888889
2020-04-24 00:00:00+00:00,calibration,respirators,ACM-2,don852,rec785,16.0,122.0285,1.7783217592592593
2020-04-24 00:00:00+00:00,calibration,respirators,ACM-2,don873,rec0,300.0,21.963,1.0271064814814814
2020-04-24 00:00:00+00:00,calibration,respirators,ACM-2,don886,rec605,20.0,94.5685,0.8513773148148148
2020-04-24 00:00:00+00:00,calibration,respirators,ACM-2,don909,rec409,2.0,175.261,0.025902777777777778
2020-04-24 00:00:00+00:00,calibration,respirators,ACM-2,don912,rec89,120.0,21.963,0.009155092592592593
2020-04-24 00:00:00+00:00,calibration,surgicalMasks,ACM-2,don102,rec1052,8.0,408.943,4.833333333333333
2020-04-24 00:00:00+00:00,calibration,surgicalMasks,ACM-2,don129,rec1052,500.0,333.27,4.833333333333333
2020-04-24 00:00:00+00:00,calibration,surgicalMasks,ACM-2,don130,rec1037,500.0,295.1365,4.833333333333333
2020-04-24 00:00:00+00:00,calibration,surgicalMasks,ACM-2,don131,rec571,100.0,94.5685,4.833333333333333
2020-04-24 00:00:00+00:00,calibration,surgicalMasks,ACM-2,don142,rec1037,80.0,31.625,4.833333333333333
2020-04-24 00:00:00+00:00,calibration,surgicalMasks,ACM-2,don159,rec571,8.0,68.58200000000001,4.833333333333333
2020-04-24 00:00:00+00:00,calibration,surgicalMasks,ACM-2,don193,rec1037,1000.0,5.1795,4.833333333333333
2020-04-24 00:00:00+00:00,calibration,surgicalMasks,ACM-2,don197,rec31,30.0,21.963,4.833333333333333
2020-04-24 00:00:00+00:00,calibration,surgicalMasks,ACM-2,don200,rec571,300.0,122.0285,4.833333333333333
2020-04-24 00:00:00+00:00,calibration,surgicalMasks,ACM-2,don205,rec31,50.0,31.625,4.833333333333333
2020-04-24 00:00:00+00:00,calibration,surgicalMasks,ACM-2,don217,rec571,200.0,94.5685,4.833333333333333
2020-04-24 00:00:00+00:00,calibration,surgicalMasks,ACM-2,don228,rec1037,100.0,14.096,4.833333333333333
2020-04-24 00:00:00+00:00,calibration,surgicalMasks,ACM-2,don231,rec1037,500.0,295.1365,4.833333333333333
2020-04-24 00:00:00+00:00,calibration,surgicalMasks,ACM-2,don242,rec31,20.0,237.9225,4.833333333333333
2020-04-24 00:00:00+00:00,calibration,surgicalMasks,ACM-2,don293,rec571,25.0,68.58200000000001,4.833333333333333
2020-04-24 00:00:00+00:00,calibration,surgicalMasks,ACM-2,don297,rec1037,100.0,5.1795,4.833333333333333
2020-04-24 00:00:00+00:00,calibration,surgicalMasks,ACM-2,don307,rec1037,1000.0,46.091,4.833333333333333
2020-04-24 00:00:00+00:00,calibration,surgicalMasks,ACM-2,don310,rec571,80.0,94.5685,4.833333333333333
2020-04-24 00:00:00+00:00,calibration,surgicalMasks,ACM-2,don312,rec571,50.0,94.5685,4.833333333333333
2020-04-24 00:00:00+00:00,calibration,surgicalMasks,ACM-2,don313,rec571,150.0,68.58200000000001,4.833333333333333
2020-04-24 00:00:00+00:00,calibration,surgicalMasks,ACM-2,don323,rec571,150.0,46.091,4.833333333333333
2020-04-24 00:00:00+00:00,calibration,surgicalMasks,ACM-2,don324,rec571,5.0,94.5685,4.833333333333333
2020-04-24 00:00:00+00:00,calibration,surgicalMasks,ACM-2,don325,rec1037,500.0,21.963,4.833333333333333
2020-04-24 00:00:00+00:00,calibration,surgicalMasks,ACM-2,don326,rec1052,1.0,267.284,4.833333333333333
2020-04-24 00:00:00+00:00,calibration,surgicalMasks,ACM-2,don327,rec31,75.0,21.963,4.833333333333333
2020-04-24 00:00:00+00:00,calibration,surgicalMasks,ACM-2,don329,rec31,10.0,21.963,4.833333333333333
2020-04-24 00:00:00+00:00,calibration,surgicalMasks,ACM-2,don350,rec31,50.0,562.254,4.833333333333333
2020-04-24 00:00:00+00:00,calibration,surgicalMasks,ACM-2,don352,rec185,500.0,14.096,4.833333333333333
2020-04-24 00:00:00+00:00,calibration,surgicalMasks,ACM-2,don355,rec1037,25.0,5.1795,4.833333333333333
2020-04-24 00:00:00+00:00,calibration,surgicalMasks,ACM-2,don371,rec31,60.0,31.625,4.833333333333333
2020-04-24 00:00:00+00:00,calibration,surgicalMasks,ACM-2,don382,rec1037,60.0,436.4295,4.833333333333333
2020-04-24 00:00:00+00:00,calibration,surgicalMasks,ACM-2,don387,rec31,50.0,408.943,4.833333333333333
2020-04-24 00:00:00+00:00,calibration,surgicalMasks,ACM-2,don423,rec1037,150.0,31.625,4.833333333333333
2020-04-24 00:00:00+00:00,calibration,surgicalMasks,ACM-2,don424,rec342,40.0,295.1365,4.833333333333333
2020-04-24 00:00:00+00:00,calibration,surgicalMasks,ACM-2,don425,rec342,50.0,214.4355,4.833333333333333
2020-04-24 00:00:00+00:00,calibration,surgicalMasks,ACM-2,don437,rec342,250.0,122.0285,4.833333333333333
2020-04-24 00:00:00+00:00,calibration,surgicalMasks,ACM-2,don442,rec1037,3.0,5.1795,4.833333333333333
2020-04-24 00:00:00+00:00,calibration,surgicalMasks,ACM-2,don453,rec31,50.0,94.5685,4.833333333333333
2020-04-24 00:00:00+00:00,calibration,surgicalMasks,ACM-2,don455,rec31,4.0,31.625,4.833333333333333
2020-04-24 00:00:00+00:00,calibration,surgicalMasks,ACM-2,don475,rec31,5.0,46.091,4.833333333333333
2020-04-24 00:00:00+00:00,calibration,surgicalMasks,ACM-2,don477,rec31,100.0,349.019,4.833333333333333
2020-04-24 00:00:00+00:00,calibration,surgicalMasks,ACM-2,don486,rec1037,95.0,5.1795,4.833333333333333
2020-04-24 00:00:00+00:00,calibration,surgicalMasks,ACM-2,don488,rec1037,1000.0,14.096,4.833333333333333
2020-04-24 00:00:00+00:00,calibration,surgicalMasks,ACM-2,don518,rec184,500.0,784.2255,4.833333333333333
2020-04-24 00:00:00+00:00,calibration,surgicalMasks,ACM-2,don519,rec31,230.0,31.625,4.833333333333333
2020-04-24 00:00:00+00:00,calibration,surgicalMasks,ACM-2,don532,rec1052,40.0,385.7645,4.833333333333333
2020-04-24 00:00:00+00:00,calibration,surgicalMasks,ACM-2,don533,rec184,50.0,94.5685,4.833333333333333
2020-04-24 00:00:00+00:00,calibration,surgicalMasks,ACM-2,don536,rec342,100.0,333.27,4.833333333333333
2020-04-24 00:00:00+00:00,calibration,surgicalMasks,ACM-2,don537,rec1052,50.0,333.27,4.833333333333333
2020-04-24 00:00:00+00:00,calibration,surgicalMasks,ACM-2,don543,rec185,35.0,14.096,4.833333333333333
2020-04-24 00:00:00+00:00,calibration,surgicalMasks,ACM-2,don550,rec1037,15.0,295.1365,4.833333333333333
2020-04-24 00:00:00+00:00,calibration,surgicalMasks,ACM-2,don551,rec1037,200.0,94.5685,4.833333333333333
2020-04-24 00:00:00+00:00,calibration,surgicalMasks,ACM-2,don553,rec571,40.0,94.5685,4.833333333333333
2020-04-24 00:00:00+00:00,calibration,surgicalMasks,ACM-2,don554,rec184,150.0,878.2284999999999,4.833333333333333
2020-04-24 00:00:00+00:00,calibration,surgicalMasks,ACM-2,don567,rec1037,15.0,366.0375,4.833333333333333
2020-04-24 00:00:00+00:00,calibration,surgicalMasks,ACM-2,don571,rec1037,30.0,366.0375,4.833333333333333
2020-04-24 00:00:00+00:00,calibration,surgicalMasks,ACM-2,don572,rec571,240.0,94.5685,4.833333333333333
2020-04-24 00:00:00+00:00,calibration,surgicalMasks,ACM-2,don577,rec185,250.0,122.0285,4.833333333333333
2020-04-24 00:00:00+00:00,calibration,surgicalMasks,ACM-2,don578,rec31,50.0,638.9715,4.833333333333333
2020-04-24 00:00:00+00:00,calibration,surgicalMasks,ACM-2,don586,rec571,5.0,94.5685,4.833333333333333
2020-04-24 00:00:00+00:00,calibration,surgicalMasks,ACM-2,don589,rec185,3.0,122.0285,4.833333333333333
2020-04-24 00:00:00+00:00,calibration,surgicalMasks,ACM-2,don600,rec31,12.0,295.1365,4.833333333333333
2020-04-24 00:00:00+00:00,calibration,surgicalMasks,ACM-2,don605,rec1037,30.0,5.1795,4.833333333333333
2020-04-24 00:00:00+00:00,calibration,surgicalMasks,ACM-2,don624,rec184,1.0,1018.807,4.833333333333333
2020-04-24 00:00:00+00:00,calibration,surgicalMasks,ACM-2,don625,rec184,2.0,1110.1195,4.833333333333333
2020-04-24 00:00:00+00:00,calibration,surgicalMasks,ACM-2,don626,rec1037,50.0,14.096,4.833333333333333
2020-04-24 00:00:00+00:00,calibration,surgicalMasks,ACM-2,don627,rec1037,900.0,31.625,4.833333333333333
2020-04-24 00:00:00+00:00,calibration,surgicalMasks,ACM-2,don628,rec31,12.0,905.1465,4.833333333333333
2020-04-24 00:00:00+00:00,calibration,surgicalMasks,ACM-2,don649,rec185,15.0,94.5685,4.833333333333333
2020-04-24 00:00:00+00:00,calibration,surgicalMasks,ACM-2,don650,rec1037,1000.0,5.1795,4.833333333333333
2020-04-24 00:00:00+00:00,calibration,surgicalMasks,ACM-2,don654,rec184,45.0,408.943,4.833333333333333
2020-04-24 00:00:00+00:00,calibration,surgicalMasks,ACM-2,don656,rec184,25.0,333.27,4.833333333333333
2020-04-24 00:00:00+00:00,calibration,surgicalMasks,ACM-2,don665,rec1037,20.0,31.625,4.833333333333333
2020-04-24 00:00:00+00:00,calibration,surgicalMasks,ACM-2,don666,rec1052,200.0,349.019,4.833333333333333
2020-04-24 00:00:00+00:00,calibration,surgicalMasks,ACM-2,don685,rec342,100.0,237.9225,4.833333333333333
2020-04-24 00:00:00+00:00,calibration,surgicalMasks,ACM-2,don690,rec1037,10.0,349.019,4.833333333333333
2020-04-24 00:00:00+00:00,calibration,surgicalMasks,ACM-2,don691,rec1037,50.0,333.27,4.833333333333333
2020-04-24 00:00:00+00:00,calibration,surgicalMasks,ACM-2,don696,rec1037,185.0,333.27,4.833333333333333
2020-04-24 00:00:00+00:00,calibration,surgicalMasks,ACM-2,don705,rec1037,100.0,5.1795,4.833333333333333
2020-04-24 00:00:00+00:00,calibration,surgicalMasks,ACM-2,don715,rec185,90.0,21.963,4.833333333333333
2020-04-24 00:00:00+00:00,calibration,surgicalMasks,ACM-2,don717,rec31,6.0,68.58200000000001,4.833333333333333
2020-04-24 00:00:00+00:00,calibration,surgicalMasks,ACM-2,don737,rec571,5.0,68.58200000000001,4.833333333333333
2020-04-24 00:00:00+00:00,calibration,surgicalMasks,ACM-2,don738,rec1037,50.0,5.1795,4.833333333333333
2020-04-24 00:00:00+00:00,calibration,surgicalMasks,ACM-2,don74,rec1037,20.0,408.943,4.833333333333333
2020-04-24 00:00:00+00:00,calibration,surgicalMasks,ACM-2,don745,rec31,100.0,295.1365,4.833333333333333
2020-04-24 00:00:00+00:00,calibration,surgicalMasks,ACM-2,don746,rec1037,15.0,21.963,4.833333333333333
2020-04-24 00:00:00+00:00,calibration,surgicalMasks,ACM-2,don752,rec1037,500.0,295.1365,4.833333333333333
2020-04-24 00:00:00+00:00,calibration,surgicalMasks,ACM-2,don753,rec1037,80.0,14.096,4.833333333333333
2020-04-24 00:00:00+00:00,calibration,surgicalMasks,ACM-2,don760,rec31,50.0,31.625,4.833333333333333
2020-04-24 00:00:00+00:00,calibration,surgicalMasks,ACM-2,don762,rec1037,35.0,333.27,4.833333333333333
2020-04-24 00:00:00+00:00,calibration,surgicalMasks,ACM-2,don764,rec1052,1000.0,385.7645,4.833333333333333
2020-04-24 00:00:00+00:00,calibration,surgicalMasks,ACM-2,don771,rec571,40.0,94.5685,4.833333333333333
2020-04-24 00:00:00+00:00,calibration,surgicalMasks,ACM-2,don778,rec31,30.0,349.019,4.833333333333333
2020-04-24 00:00:00+00:00,calibration,surgicalMasks,ACM-2,don97,rec184,95.0,878.2284999999999,4.833333333333333
2020-04-24 00:00:00+00:00,calibration,surgicalMasks,ACM-2,don791,rec31,200.0,638.9715,4.106944444444444
2020-04-24 00:00:00+00:00,calibration,surgicalMasks,ACM-2,don825,rec184,4.0,214.4355,2.3366435185185184
2020-04-24 00:00:00+00:00,calibration,surgicalMasks,ACM-2,don827,rec184,4.0,214.4355,2.3366319444444446
2020-04-24 00:00:00+00:00,calibration,surgicalMasks,ACM-2,don829,rec184,4.0,214.4355,2.3366319444444446
2020-04-24 00:00:00+00:00,calibration,surgicalMasks,ACM-2,don833,rec31,300.0,31.625,2.280798611111111
2020-04-24 00:00:00+00:00,calibration,surgicalMasks,ACM-2,don837,rec1037,200.0,94.5685,2.241886574074074
2020-04-24 00:00:00+00:00,calibration,surgicalMasks,ACM-2,don839,rec1037,1000.0,316.3175,2.186898148148148
2020-04-24 00:00:00+00:00,calibration,surgicalMasks,ACM-2,don845,rec31,75.0,21.963,2.0969328703703702
2020-04-24 00:00:00+00:00,calibration,surgicalMasks,ACM-2,don847,rec1037,150.0,333.27,2.015601851851852
2020-04-24 00:00:00+00:00,calibration,surgicalMasks,ACM-2,don873,rec1037,232.0,316.3175,1.0271064814814814
2020-04-24 00:00:00+00:00,calibration,surgicalMasks,ACM-2,don875,rec185,300.0,5.1795,1.025451388888889
2020-04-24 00:00:00+00:00,calibration,surgicalMasks,ACM-2,don882,rec31,200.0,46.091,0.916400462962963
2020-04-24 00:00:00+00:00,calibration,surgicalMasks,ACM-2,don884,rec185,300.0,5.1795,0.8795949074074074
2020-04-24 00:00:00+00:00,calibration,surgicalMasks,ACM-2,don887,rec1052,50.0,436.4295,0.7370023148148148
2020-04-24 00:00:00+00:00,calibration,surgicalMasks,ACM-2,don905,rec571,165.0,94.5685,0.04400462962962963
2020-04-24 00:00:00+00:00,calibration,surgicalMasks,ACM-2,don906,rec1050,1000.0,31.625,0.029756944444444444
2020-04-24 00:00:00+00:00,calibration,surgicalMasks,ACM-2,don909,rec31,100.0,151.1025,0.025902777777777778
2020-04-24 00:00:00+00:00,calibration,surgicalMasks,ACM-2,don911,rec571,139.0,68.58200000000001,0.01954861111111111
2020-04-24 00:00:00+00:00,calibration,faceShields,ACM-2,don107,rec0,7.0,690.7964999999999,4.833333333333333
2020-04-24 00:00:00+00:00,calibration,faceShields,ACM-2,don112,rec12,50.0,500.0335,4.833333333333333
2020-04-24 00:00:00+00:00,calibration,faceShields,ACM-2,don114,rec266,300.0,14.096,4.833333333333333
2020-04-24 00:00:00+00:00,calibration,faceShields,ACM-2,don115,rec266,200.0,46.091,4.833333333333333
2020-04-24 00:00:00+00:00,calibration,faceShields,ACM-2,don127,rec12,100.0,366.0375,4.833333333333333
2020-04-24 00:00:00+00:00,calibration,faceShields,ACM-2,don128,rec89,500.0,5.1795,4.833333333333333
2020-04-24 00:00:00+00:00,calibration,faceShields,ACM-2,don153,rec0,50.0,46.091,4.833333333333333
2020-04-24 00:00:00+00:00,calibration,faceShields,ACM-2,don154,rec0,10.0,122.0285,4.833333333333333
2020-04-24 00:00:00+00:00,calibration,faceShields,ACM-2,don156,rec266,5.0,68.58200000000001,4.833333333333333
2020-04-24 00:00:00+00:00,calibration,faceShields,ACM-2,don189,rec131,48.0,408.943,4.833333333333333
2020-04-24 00:00:00+00:00,calibration,faceShields,ACM-2,don190,rec1052,100.0,267.284,4.833333333333333
2020-04-24 00:00:00+00:00,calibration,faceShields,ACM-2,don191,rec185,100.0,14.096,4.833333333333333
2020-04-24 00:00:00+00:00,calibration,faceShields,ACM-2,don238,rec88,10.0,122.0285,4.833333333333333
2020-04-24 00:00:00+00:00,calibration,faceShields,ACM-2,don250,rec185,1.0,68.58200000000001,4.833333333333333
2020-04-24 00:00:00+00:00,calibration,faceShields,ACM-2,don288,rec266,100.0,5.1795,4.833333333333333
2020-04-24 00:00:00+00:00,calibration,faceShields,ACM-2,don308,rec89,100.0,31.625,4.833333333333333
2020-04-24 00:00:00+00:00,calibration,faceShields,ACM-2,don319,rec185,100.0,21.963,4.833333333333333
2020-04-24 00:00:00+00:00,calibration,faceShields,ACM-2,don320,rec185,14.0,122.0285,4.833333333333333
2020-04-24 00:00:00+00:00,calibration,faceShields,ACM-2,don322,rec409,200.0,46.091,4.833333333333333
2020-04-24 00:00:00+00:00,calibration,faceShields,ACM-2,don332,rec253,100.0,68.58200000000001,4.833333333333333
2020-04-24 00:00:00+00:00,calibration,faceShields,ACM-2,don336,rec0,100.0,46.091,4.833333333333333
2020-04-24 00:00:00+00:00,calibration,faceShields,ACM-2,don337,rec0,200.0,21.963,4.833333333333333
2020-04-24 00:00:00+00:00,calibration,faceShields,ACM-2,don338,rec185,300.0,68.58200000000001,4.833333333333333
2020-04-24 00:00:00+00:00,calibration,faceShields,ACM-2,don339,rec12,50.0,333.27,4.833333333333333
2020-04-24 00:00:00+00:00,calibration,faceShields,ACM-2,don349,rec266,100.0,122.0285,4.833333333333333
2020-04-24 00:00:00+00:00,calibration,faceShields,ACM-2,don363,rec38,100.0,467.0545,4.833333333333333
2020-04-24 00:00:00+00:00,calibration,faceShields,ACM-2,don366,rec89,1000.0,31.625,4.833333333333333
2020-04-24 00:00:00+00:00,calibration,faceShields,ACM-2,don367,rec0,50.0,690.7964999999999,4.833333333333333
2020-04-24 00:00:00+00:00,calibration,faceShields,ACM-2,don368,rec266,400.0,122.0285,4.833333333333333
2020-04-24 00:00:00+00:00,calibration,faceShields,ACM-2,don369,rec409,30.0,5.1795,4.833333333333333
2020-04-24 00:00:00+00:00,calibration,faceShields,ACM-2,don370,rec266,500.0,46.091,4.833333333333333
2020-04-24 00:00:00+00:00,calibration,faceShields,ACM-2,don378,rec38,15.0,467.0545,4.833333333333333
2020-04-24 00:00:00+00:00,calibration,faceShields,ACM-2,don389,rec89,200.0,21.963,4.833333333333333
2020-04-24 00:00:00+00:00,calibration,faceShields,ACM-2,don391,rec89,40.0,21.963,4.833333333333333
2020-04-24 00:00:00+00:00,calibration,faceShields,ACM-2,don392,rec89,50.0,5.1795,4.833333333333333
2020-04-24 00:00:00+00:00,calibration,faceShields,ACM-2,don395,rec0,30.0,31.625,4.833333333333333
2020-04-24 00:00:00+00:00,calibration,faceShields,ACM-2,don407,rec89,15.0,14.096,4.833333333333333
2020-04-24 00:00:00+00:00,calibration,faceShields,ACM-2,don408,rec0,50.0,21.963,4.833333333333333
2020-04-24 00:00:00+00:00,calibration,faceShields,ACM-2,don409,rec89,40.0,31.625,4.833333333333333
2020-04-24 00:00:00+00:00,calibration,faceShields,ACM-2,don410,rec0,500.0,532.017,4.833333333333333
2020-04-24 00:00:00+00:00,calibration,faceShields,ACM-2,don433,rec409,20.0,46.091,4.833333333333333
2020-04-24 00:00:00+00:00,calibration,faceShields,ACM-2,don434,rec266,100.0,14.096,4.833333333333333
2020-04-24 00:00:00+00:00,calibration,faceShields,ACM-2,don448,rec131,82.0,94.5685,4.833333333333333
2020-04-24 00:00:00+00:00,calibration,faceShields,ACM-2,don449,rec89,15.0,46.091,4.833333333333333
2020-04-24 00:00:00+00:00,calibration,faceShields,ACM-2,don450,rec621,9.0,175.261,4.833333333333333
2020-04-24 00:00:00+00:00,calibration,faceShields,ACM-2,don451,rec89,40.0,68.58200000000001,4.833333333333333
2020-04-24 00:00:00+00:00,calibration,faceShields,ACM-2,don461,rec12,200.0,993.8215,4.833333333333333
2020-04-24 00:00:00+00:00,calibration,faceShields,ACM-2,don463,rec88,30.0,46.091,4.833333333333333
2020-04-24 00:00:00+00:00,calibration,faceShields,ACM-2,don472,rec266,14.0,68.58200000000001,4.833333333333333
2020-04-24 00:00:00+00:00,calibration,faceShields,ACM-2,don484,rec0,100.0,532.017,4.833333333333333
2020-04-24 00:00:00+00:00,calibration,faceShields,ACM-2,don489,rec131,30.0,237.9225,4.833333333333333
2020-04-24 00:00:00+00:00,calibration,faceShields,ACM-2,don491,rec266,50.0,21.963,4.833333333333333
2020-04-24 00:00:00+00:00,calibration,faceShields,ACM-2,don499,rec185,100.0,5.1795,4.833333333333333
2020-04-24 00:00:00+00:00,calibration,faceShields,ACM-2,don501,rec0,100.0,5.1795,4.833333333333333
2020-04-24 00:00:00+00:00,calibration,faceShields,ACM-2,don512,rec621,500.0,194.979,4.833333333333333
2020-04-24 00:00:00+00:00,calibration,faceShields,ACM-2,don513,rec131,100.0,267.284,4.833333333333333
2020-04-24 00:00:00+00:00,calibration,faceShields,ACM-2,don514,rec12,1500.0,993.8215,4.833333333333333
2020-04-24 00:00:00+00:00,calibration,faceShields,ACM-2,don516,rec409,20.0,68.58200000000001,4.833333333333333
2020-04-24 00:00:00+00:00,calibration,faceShields,ACM-2,don536,rec38,500.0,295.1365,4.833333333333333
2020-04-24 00:00:00+00:00,calibration,faceShields,ACM-2,don547,rec0,25.0,14.096,4.833333333333333
2020-04-24 00:00:00+00:00,calibration,faceShields,ACM-2,don566,rec0,25.0,664.219,4.833333333333333
2020-04-24 00:00:00+00:00,calibration,faceShields,ACM-2,don578,rec621,5.0,214.4355,4.833333333333333
2020-04-24 00:00:00+00:00,calibration,faceShields,ACM-2,don583,rec409,100.0,46.091,4.833333333333333
2020-04-24 00:00:00+00:00,calibration,faceShields,ACM-2,don587,rec266,50.0,14.096,4.833333333333333
2020-04-24 00:00:00+00:00,calibration,faceShields,ACM-2,don602,rec38,100.0,467.0545,4.833333333333333
2020-04-24 00:00:00+00:00,calibration,faceShields,ACM-2,don603,rec131,35.0,175.261,4.833333333333333
2020-04-24 00:00:00+00:00,calibration,faceShields,ACM-2,don604,rec0,50.0,21.963,4.833333333333333
2020-04-24 00:00:00+00:00,calibration,faceShields,ACM-2,don605,rec89,15.0,46.091,4.833333333333333
2020-04-24 00:00:00+00:00,calibration,faceShields,ACM-2,don653,rec0,20.0,14.096,4.833333333333333
2020-04-24 00:00:00+00:00,calibration,faceShields,ACM-2,don666,rec0,10.0,532.017,4.833333333333333
2020-04-24 00:00:00+00:00,calibration,faceShields,ACM-2,don667,rec12,40.0,333.27,4.833333333333333
2020-04-24 00:00:00+00:00,calibration,faceShields,ACM-2,don668,rec88,7.0,122.0285,4.833333333333333
2020-04-24 00:00:00+00:00,calibration,faceShields,ACM-2,don669,rec131,30.0,94.5685,4.833333333333333
2020-04-24 00:00:00+00:00,calibration,faceShields,ACM-2,don670,rec131,50.0,408.943,4.833333333333333
2020-04-24 00:00:00+00:00,calibration,faceShields,ACM-2,don680,rec0,70.0,690.7964999999999,4.833333333333333
2020-04-24 00:00:00+00:00,calibration,faceShields,ACM-2,don681,rec0,70.0,46.091,4.833333333333333
2020-04-24 00:00:00+00:00,calibration,faceShields,ACM-2,don685,rec131,300.0,175.261,4.833333333333333
2020-04-24 00:00:00+00:00,calibration,faceShields,ACM-2,don705,rec89,200.0,31.625,4.833333333333333
2020-04-24 00:00:00+00:00,calibration,faceShields,ACM-2,don706,rec0,1.0,5.1795,4.833333333333333
2020-04-24 00:00:00+00:00,calibration,faceShields,ACM-2,don707,rec0,500.0,68.58200000000001,4.833333333333333
2020-04-24 00:00:00+00:00,calibration,faceShields,ACM-2,don712,rec38,1000.0,122.0285,4.833333333333333
2020-04-24 00:00:00+00:00,calibration,faceShields,ACM-2,don713,rec409,22.0,14.096,4.833333333333333
2020-04-24 00:00:00+00:00,calibration,faceShields,ACM-2,don718,rec38,5.0,690.7964999999999,4.833333333333333
2020-04-24 00:00:00+00:00,calibration,faceShields,ACM-2,don720,rec12,10.0,194.979,4.833333333333333
2020-04-24 00:00:00+00:00,calibration,faceShields,ACM-2,don736,rec266,1100.0,14.096,4.833333333333333
2020-04-24 00:00:00+00:00,calibration,faceShields,ACM-2,don745,rec131,10.0,175.261,4.833333333333333
2020-04-24 00:00:00+00:00,calibration,faceShields,ACM-2,don748,rec89,50.0,5.1795,4.833333333333333
2020-04-24 00:00:00+00:00,calibration,faceShields,ACM-2,don754,rec621,500.0,175.261,4.833333333333333
2020-04-24 00:00:00+00:00,calibration,faceShields,ACM-2,don756,rec409,25.0,46.091,4.833333333333333
2020-04-24 00:00:00+00:00,calibration,faceShields,ACM-2,don757,rec0,1.0,21.963,4.833333333333333
2020-04-24 00:00:00+00:00,calibration,faceShields,ACM-2,don758,rec266,50.0,21.963,4.833333333333333
2020-04-24 00:00:00+00:00,calibration,faceShields,ACM-2,don764,rec0,1000.0,638.9715,4.833333333333333
2020-04-24 00:00:00+00:00,calibration,faceShields,ACM-2,don774,rec12,10.0,333.27,4.833333333333333
2020-04-24 00:00:00+00:00,calibration,faceShields,ACM-2,don79,rec131,400.0,467.0545,4.833333333333333
2020-04-24 00:00:00+00:00,calibration,faceShields,ACM-2,don80,rec89,100.0,68.58200000000001,4.833333333333333
2020-04-24 00:00:00+00:00,calibration,faceShields,ACM-2,don787,rec89,130.0,94.5685,4.120138888888889
2020-04-24 00:00:00+00:00,calibration,faceShields,ACM-2,don791,rec88,10.0,151.1025,4.106944444444444
2020-04-24 00:00:00+00:00,calibration,faceShields,ACM-2,don792,rec38,18.0,237.9225,3.9680555555555554
2020-04-24 00:00:00+00:00,calibration,faceShields,ACM-2,don804,rec266,30.0,31.625,3.1822800925925927
2020-04-24 00:00:00+00:00,calibration,faceShields,ACM-2,don810,rec266,15.0,14.096,3.1121875
2020-04-24 00:00:00+00:00,calibration,faceShields,ACM-2,don818,rec38,262.0,366.0375,2.684375
2020-04-24 00:00:00+00:00,calibration,faceShields,ACM-2,don838,rec1052,6.0,366.0375,2.230891203703704
2020-04-24 00:00:00+00:00,calibration,faceShields,ACM-2,don844,rec89,70.0,14.096,2.1476273148148146
2020-04-24 00:00:00+00:00,calibration,faceShields,ACM-2,don849,rec131,80.0,68.58200000000001,1.954224537037037
2020-04-24 00:00:00+00:00,calibration,faceShields,ACM-2,don854,rec0,1000.0,532.017,1.6799768518518519
2020-04-24 00:00:00+00:00,calibration,faceShields,ACM-2,don855,rec131,67.0,237.9225,1.4203472222222222
2020-04-24 00:00:00+00:00,calibration,faceShields,ACM-2,don858,rec0,200.0,21.963,1.327037037037037
2020-04-24 00:00:00+00:00,calibration,faceShields,ACM-2,don871,rec253,40.0,68.58200000000001,1.0721643518518518
2020-04-24 00:00:00+00:00,calibration,faceShields,ACM-2,don879,rec185,70.0,5.1795,0.9708449074074074
2020-04-24 00:00:00+00:00,calibration,faceShields,ACM-2,don880,rec89,60.0,46.091,0.9651620370370371
2020-04-24 00:00:00+00:00,calibration,faceShields,ACM-2,don891,rec131,10.0,562.254,0.40152777777777776
2020-04-24 00:00:00+00:00,calibration,faceShields,ACM-2,don892,rec88,200.0,5.1795,0.39244212962962965
2020-04-24 00:00:00+00:00,calibration,faceShields,ACM-2,don899,rec12,50.0,993.8215,0.2446412037037037
2020-04-24 00:00:00+00:00,calibration,faceShields,ACM-2,don901,rec12,50.0,993.8215,0.2254050925925926
2020-04-24 00:00:00+00:00,calibration,faceShields,ACM-2,don910,rec266,20.0,14.096,0.01957175925925926
2020-04-24 00:00:00+00:00,calibration,gowns,ACM-2,don178,rec171,500.0,5.1795,4.833333333333333
2020-04-24 00:00:00+00:00,calibration,gowns,ACM-2,don179,rec621,8.0,14.096,4.833333333333333
2020-04-24 00:00:00+00:00,calibration,gowns,ACM-2,don247,rec89,400.0,21.963,4.833333333333333
2020-04-24 00:00:00+00:00,calibration,gowns,ACM-2,don254,rec678,1.0,122.0285,4.833333333333333
2020-04-24 00:00:00+00:00,calibration,gowns,ACM-2,don255,rec256,100.0,295.1365,4.833333333333333
2020-04-24 00:00:00+00:00,calibration,gowns,ACM-2,don303,rec38,50.0,333.27,4.833333333333333
2020-04-24 00:00:00+00:00,calibration,gowns,ACM-2,don304,rec171,9.0,14.096,4.833333333333333
2020-04-24 00:00:00+00:00,calibration,gowns,ACM-2,don328,rec185,40.0,14.096,4.833333333333333
2020-04-24 00:00:00+00:00,calibration,gowns,ACM-2,don342,rec87,500.0,194.979,4.833333333333333
2020-04-24 00:00:00+00:00,calibration,gowns,ACM-2,don343,rec594,500.0,333.27,4.833333333333333
2020-04-24 00:00:00+00:00,calibration,gowns,ACM-2,don431,rec1052,100.0,366.0375,4.833333333333333
2020-04-24 00:00:00+00:00,calibration,gowns,ACM-2,don459,rec89,150.0,31.625,4.833333333333333
2020-04-24 00:00:00+00:00,calibration,gowns,ACM-2,don578,rec463,50.0,68.58200000000001,4.833333333333333
2020-04-24 00:00:00+00:00,calibration,gowns,ACM-2,don581,rec89,1.0,31.625,4.833333333333333
2020-04-24 00:00:00+00:00,calibration,gowns,ACM-2,don588,rec87,49.0,175.261,4.833333333333333
2020-04-24 00:00:00+00:00,calibration,gowns,ACM-2,don605,rec89,3.0,46.091,4.833333333333333
2020-04-24 00:00:00+00:00,calibration,gowns,ACM-2,don620,rec131,10.0,237.9225,4.833333333333333
2020-04-24 00:00:00+00:00,calibration,gowns,ACM-2,don691,rec313,100.0,14.096,4.833333333333333
2020-04-24 00:00:00+00:00,calibration,gowns,ACM-2,don717,rec131,10.0,151.1025,4.833333333333333
2020-04-24 00:00:00+00:00,calibration,gowns,ACM-2,don745,rec131,200.0,175.261,4.833333333333333
2020-04-24 00:00:00+00:00,calibration,gowns,ACM-2,don756,rec131,75.0,151.1025,4.833333333333333
2020-04-24 00:00:00+00:00,calibration,gowns,ACM-2,don760,rec274,4.0,46.091,4.833333333333333
2020-04-24 00:00:00+00:00,calibration,gowns,ACM-2,don781,rec253,150.0,175.261,4.418055555555555
2020-05-01 00:00:00+00:00,calibration,respirators,ACM-2,don919,rec7,100.0,349.019,6.89494212962963
2020-05-01 00:00:00+00:00,calibration,respirators,ACM-2,don927,rec503,10.0,14.096,6.401087962962963
2020-05-01 00:00:00+00:00,calibration,respirators,ACM-2,don940,rec503,60.0,14.096,6.1827199074074075
2020-05-01 00:00:00+00:00,calibration,respirators,ACM-2,don943,rec7,5.0,94.5685,6.156539351851852
2020-05-01 00:00:00+00:00,calibration,respirators,ACM-2,don953,rec23,50.0,349.019,6.040023148148149
2020-05-01 00:00:00+00:00,calibration,respirators,ACM-2,don955,rec7,10.0,122.0285,5.990358796296296
2020-05-01 00:00:00+00:00,calibration,respirators,ACM-2,don967,rec7,250.0,31.625,5.197708333333333
2020-05-01 00:00:00+00:00,calibration,respirators,ACM-2,don970,rec14,50.0,5.1795,5.129675925925926
2020-05-01 00:00:00+00:00,calibration,respirators,ACM-2,don973,rec14,480.0,31.625,5.03875
2020-05-01 00:00:00+00:00,calibration,respirators,ACM-2,don979,rec926,15.0,21.963,4.84599537037037
2020-05-01 00:00:00+00:00,calibration,respirators,ACM-2,don983,rec853,10.0,46.091,4.408935185185185
2020-05-01 00:00:00+00:00,calibration,respirators,ACM-2,don986,rec864,10.0,408.943,4.356006944444444
2020-05-01 00:00:00+00:00,calibration,respirators,ACM-2,don989,rec7,400.0,14.096,4.341284722222222
2020-05-01 00:00:00+00:00,calibration,respirators,ACM-2,don990,rec926,1.0,21.963,4.3397800925925925
2020-05-01 00:00:00+00:00,calibration,respirators,ACM-2,don993,rec526,2.0,214.4355,4.2505092592592595
2020-05-01 00:00:00+00:00,calibration,respirators,ACM-2,don998,rec503,150.0,14.096,4.179965277777778
2020-05-01 00:00:00+00:00,calibration,respirators,ACM-2,don1001,rec458,10.0,94.5685,4.149583333333333
2020-05-01 00:00:00+00:00,calibration,respirators,ACM-2,don1014,rec14,300.0,94.5685,3.420798611111111
2020-05-01 00:00:00+00:00,calibration,respirators,ACM-2,don1016,rec14,16.0,638.9715,3.368726851851852
2020-05-01 00:00:00+00:00,calibration,respirators,ACM-2,don1020,rec452,30.0,122.0285,3.321597222222222
2020-05-01 00:00:00+00:00,calibration,respirators,ACM-2,don1022,rec458,12.0,68.58200000000001,3.3034606481481483
2020-05-01 00:00:00+00:00,calibration,respirators,ACM-2,don1023,rec853,1000.0,68.58200000000001,3.2814236111111112
2020-05-01 00:00:00+00:00,calibration,respirators,ACM-2,don1024,rec325,60.0,316.3175,3.2427430555555556
2020-05-01 00:00:00+00:00,calibration,respirators,ACM-2,don1028,rec7,120.0,31.625,3.207476851851852
2020-05-01 00:00:00+00:00,calibration,respirators,ACM-2,don1030,rec23,50.0,349.019,3.205914351851852
2020-05-01 00:00:00+00:00,calibration,respirators,ACM-2,don1032,rec23,50.0,349.019,3.205914351851852
2020-05-01 00:00:00+00:00,calibration,respirators,ACM-2,don1036,rec7,260.0,46.091,3.19318287037037
2020-05-01 00:00:00+00:00,calibration,respirators,ACM-2,don1051,rec7,100.0,21.963,2.899421296296296
2020-05-01 00:00:00+00:00,calibration,respirators,ACM-2,don1066,rec503,4.0,14.096,2.387164351851852
2020-05-01 00:00:00+00:00,calibration,respirators,ACM-2,don1071,rec458,150.0,94.5685,2.2934259259259258
2020-05-01 00:00:00+00:00,calibration,respirators,ACM-2,don1072,rec503,750.0,21.963,2.281689814814815
2020-05-01 00:00:00+00:00,calibration,respirators,ACM-2,don1083,rec7,21.0,94.5685,2.2072800925925926
2020-05-01 00:00:00+00:00,calibration,respirators,ACM-2,don1084,rec458,1.0,68.58200000000001,2.1980208333333335
2020-05-01 00:00:00+00:00,calibration,respirators,ACM-2,don1085,rec526,2.0,5.1795,2.177337962962963
2020-05-01 00:00:00+00:00,calibration,respirators,ACM-2,don1100,rec310,1.0,175.261,2.032233796296296
2020-05-01 00:00:00+00:00,calibration,respirators,ACM-2,don1102,rec14,5.0,68.58200000000001,2.0016782407407407
2020-05-01 00:00:00+00:00,calibration,respirators,ACM-2,don1104,rec14,5.0,68.58200000000001,1.9846064814814814
2020-05-01 00:00:00+00:00,calibration,respirators,ACM-2,don1113,rec458,200.0,68.58200000000001,1.307025462962963
2020-05-01 00:00:00+00:00,calibration,respirators,ACM-2,don1114,rec452,40.0,151.1025,1.2885185185185186
2020-05-01 00:00:00+00:00,calibration,respirators,ACM-2,don1115,rec452,40.0,151.1025,1.2885185185185186
2020-05-01 00:00:00+00:00,calibration,respirators,ACM-2,don1132,rec23,20.0,214.4355,0.950474537037037
2020-05-01 00:00:00+00:00,calibration,respirators,ACM-2,don1149,rec14,10.0,21.963,0.14726851851851852
2020-05-01 00:00:00+00:00,calibration,surgicalMasks,ACM-2,don873,rec1074,68.0,316.3175,8.027106481481482
2020-05-01 00:00:00+00:00,calibration,surgicalMasks,ACM-2,don919,rec1074,90.0,385.7645,6.89494212962963
2020-05-01 00:00:00+00:00,calibration,surgicalMasks,ACM-2,don921,rec615,4.0,94.5685,6.8941435185185185
2020-05-01 00:00:00+00:00,calibration,surgicalMasks,ACM-2,don927,rec912,100.0,68.58200000000001,6.401087962962963
2020-05-01 00:00:00+00:00,calibration,surgicalMasks,ACM-2,don939,rec801,100.0,122.0285,6.182928240740741
2020-05-01 00:00:00+00:00,calibration,surgicalMasks,ACM-2,don944,rec315,10.0,237.9225,6.153645833333333
2020-05-01 00:00:00+00:00,calibration,surgicalMasks,ACM-2,don945,rec315,10.0,237.9225,6.153645833333333
2020-05-01 00:00:00+00:00,calibration,surgicalMasks,ACM-2,don947,rec186,1000.0,175.261,6.112951388888889
2020-05-01 00:00:00+00:00,calibration,surgicalMasks,ACM-2,don948,rec1074,1000.0,316.3175,6.107893518518519
2020-05-01 00:00:00+00:00,calibration,surgicalMasks,ACM-2,don950,rec615,70.0,853.2660000000001,6.050243055555556
2020-05-01 00:00:00+00:00,calibration,surgicalMasks,ACM-2,don959,rec912,95.0,68.58200000000001,5.387337962962963
2020-05-01 00:00:00+00:00,calibration,surgicalMasks,ACM-2,don960,rec615,500.0,832.5285,5.381759259259259
2020-05-01 00:00:00+00:00,calibration,surgicalMasks,ACM-2,don962,rec615,500.0,832.5285,5.3425
2020-05-01 00:00:00+00:00,calibration,surgicalMasks,ACM-2,don964,rec1074,50.0,316.3175,5.258969907407407
2020-05-01 00:00:00+00:00,calibration,surgicalMasks,ACM-2,don965,rec801,200.0,467.0545,5.230381944444445
2020-05-01 00:00:00+00:00,calibration,surgicalMasks,ACM-2,don979,rec615,75.0,94.5685,4.84599537037037
2020-05-01 00:00:00+00:00,calibration,surgicalMasks,ACM-2,don982,rec912,300.0,68.58200000000001,4.79505787037037
2020-05-01 00:00:00+00:00,calibration,surgicalMasks,ACM-2,don986,rec615,88.0,267.284,4.356006944444444
2020-05-01 00:00:00+00:00,calibration,surgicalMasks,ACM-2,don989,rec1074,150.0,31.625,4.341284722222222
2020-05-01 00:00:00+00:00,calibration,surgicalMasks,ACM-2,don993,rec801,49.0,122.0285,4.2505092592592595
2020-05-01 00:00:00+00:00,calibration,surgicalMasks,ACM-2,don994,rec1074,20.0,5.1795,4.236168981481481
2020-05-01 00:00:00+00:00,calibration,surgicalMasks,ACM-2,don998,rec315,100.0,175.261,4.179965277777778
2020-05-01 00:00:00+00:00,calibration,surgicalMasks,ACM-2,don1001,rec186,60.0,14.096,4.149583333333333
2020-05-01 00:00:00+00:00,calibration,surgicalMasks,ACM-2,don1009,rec315,50.0,237.9225,3.944236111111111
2020-05-01 00:00:00+00:00,calibration,surgicalMasks,ACM-2,don1010,rec615,60.0,878.2284999999999,3.8909606481481482
2020-05-01 00:00:00+00:00,calibration,surgicalMasks,ACM-2,don1021,rec1074,90.0,366.0375,3.3188310185185186
2020-05-01 00:00:00+00:00,calibration,surgicalMasks,ACM-2,don1025,rec315,50.0,237.9225,3.2413773148148146
2020-05-01 00:00:00+00:00,calibration,surgicalMasks,ACM-2,don1027,rec1074,70.0,122.0285,3.2114930555555556
2020-05-01 00:00:00+00:00,calibration,surgicalMasks,ACM-2,don1036,rec1074,400.0,5.1795,3.19318287037037
2020-05-01 00:00:00+00:00,calibration,surgicalMasks,ACM-2,don1043,rec186,100.0,5.1795,3.1288657407407405
2020-05-01 00:00:00+00:00,calibration,surgicalMasks,ACM-2,don1044,rec315,40.0,94.5685,3.1230671296296295
2020-05-01 00:00:00+00:00,calibration,surgicalMasks,ACM-2,don1045,rec315,50.0,31.625,3.0769212962962964
2020-05-01 00:00:00+00:00,calibration,surgicalMasks,ACM-2,don1050,rec186,950.0,14.096,2.9646875
2020-05-01 00:00:00+00:00,calibration,surgicalMasks,ACM-2,don1065,rec186,28.0,68.58200000000001,2.3953935185185187
2020-05-01 00:00:00+00:00,calibration,surgicalMasks,ACM-2,don1086,rec1074,40.0,349.019,2.1383680555555555
2020-05-01 00:00:00+00:00,calibration,surgicalMasks,ACM-2,don1088,rec186,2.0,175.261,2.125474537037037
2020-05-01 00:00:00+00:00,calibration,surgicalMasks,ACM-2,don1091,rec615,50.0,94.5685,2.1184606481481483
2020-05-01 00:00:00+00:00,calibration,surgicalMasks,ACM-2,don1092,rec1074,30.0,5.1795,2.118425925925926
2020-05-01 00:00:00+00:00,calibration,surgicalMasks,ACM-2,don1096,rec1074,1000.0,31.625,2.087523148148148
2020-05-01 00:00:00+00:00,calibration,surgicalMasks,ACM-2,don1105,rec186,1000.0,68.58200000000001,1.9441435185185185
2020-05-01 00:00:00+00:00,calibration,surgicalMasks,ACM-2,don1106,rec315,50.0,175.261,1.8982291666666666
2020-05-01 00:00:00+00:00,calibration,surgicalMasks,ACM-2,don1108,rec615,150.0,1639.246,1.8467592592592592
2020-05-01 00:00:00+00:00,calibration,surgicalMasks,ACM-2,don1125,rec1074,200.0,5.1795,1.086238425925926
2020-05-01 00:00:00+00:00,calibration,surgicalMasks,ACM-2,don1132,rec615,50.0,993.8215,0.950474537037037
2020-05-01 00:00:00+00:00,calibration,surgicalMasks,ACM-2,don1136,rec1074,100.0,366.0375,0.8791087962962963
2020-05-01 00:00:00+00:00,calibration,surgicalMasks,ACM-2,don1146,rec1074,40.0,316.3175,0.19282407407407406
2020-05-01 00:00:00+00:00,calibration,faceShields,ACM-2,don818,rec635,38.0,214.4355,9.684375
2020-05-01 00:00:00+00:00,calibration,faceShields,ACM-2,don915,rec395,1000.0,5.1795,6.922523148148148
2020-05-01 00:00:00+00:00,calibration,faceShields,ACM-2,don933,rec82,200.0,31.625,6.263819444444445
2020-05-01 00:00:00+00:00,calibration,faceShields,ACM-2,don934,rec184,100.0,237.9225,6.252986111111111
2020-05-01 00:00:00+00:00,calibration,faceShields,ACM-2,don951,rec336,60.0,21.963,6.044953703703704
2020-05-01 00:00:00+00:00,calibration,faceShields,ACM-2,don961,rec452,40.0,68.58200000000001,5.372627314814815
2020-05-01 00:00:00+00:00,calibration,faceShields,ACM-2,don972,rec14,50.0,562.254,5.090381944444444
2020-05-01 00:00:00+00:00,calibration,faceShields,ACM-2,don981,rec336,1.0,14.096,4.830150462962963
2020-05-01 00:00:00+00:00,calibration,faceShields,ACM-2,don989,rec307,180.0,31.625,4.341284722222222
2020-05-01 00:00:00+00:00,calibration,faceShields,ACM-2,don999,rec110,500.0,349.019,4.165543981481481
2020-05-01 00:00:00+00:00,calibration,faceShields,ACM-2,don1005,rec99,350.0,122.0285,3.976122685185185
2020-05-01 00:00:00+00:00,calibration,faceShields,ACM-2,don1006,rec99,350.0,122.0285,3.976122685185185
2020-05-01 00:00:00+00:00,calibration,faceShields,ACM-2,don1007,rec14,1000.0,14.096,3.9605671296296294
2020-05-01 00:00:00+00:00,calibration,faceShields,ACM-2,don1015,rec82,100.0,21.963,3.4019097222222223
2020-05-01 00:00:00+00:00,calibration,faceShields,ACM-2,don1018,rec635,100.0,562.254,3.33375
2020-05-01 00:00:00+00:00,calibration,faceShields,ACM-2,don1037,rec635,1.0,562.254,3.187824074074074
2020-05-01 00:00:00+00:00,calibration,faceShields,ACM-2,don1046,rec284,10.0,46.091,3.0667824074074073
2020-05-01 00:00:00+00:00,calibration,faceShields,ACM-2,don1047,rec64,50.0,349.019,3.0573958333333335
2020-05-01 00:00:00+00:00,calibration,faceShields,ACM-2,don1048,rec452,40.0,68.58200000000001,3.0341087962962963
2020-05-01 00:00:00+00:00,calibration,faceShields,ACM-2,don1058,rec14,2.0,5.1795,2.8265625
2020-05-01 00:00:00+00:00,calibration,faceShields,ACM-2,don1069,rec635,100.0,590.1020000000001,2.333090277777778
2020-05-01 00:00:00+00:00,calibration,faceShields,ACM-2,don1082,rec14,1000.0,5.1795,2.237696759259259
2020-05-01 00:00:00+00:00,calibration,faceShields,ACM-2,don1099,rec14,80.0,94.5685,2.0341435185185186
2020-05-01 00:00:00+00:00,calibration,faceShields,ACM-2,don1110,rec336,130.0,14.096,1.6012962962962962
2020-05-01 00:00:00+00:00,calibration,faceShields,ACM-2,don1116,rec336,625.0,14.096,1.2833796296296296
2020-05-01 00:00:00+00:00,calibration,faceShields,ACM-2,don1121,rec307,50.0,31.625,1.154375
2020-05-01 00:00:00+00:00,calibration,faceShields,ACM-2,don1123,rec23,550.0,349.019,1.142824074074074
2020-05-01 00:00:00+00:00,calibration,faceShields,ACM-2,don1133,rec336,184.0,5.1795,0.9136921296296296
2020-05-01 00:00:00+00:00,calibration,faceShields,ACM-2,don1140,rec82,200.0,31.625,0.38787037037037037
2020-05-01 00:00:00+00:00,calibration,faceShields,ACM-2,don1141,rec82,200.0,31.625,0.38787037037037037
2020-05-01 00:00:00+00:00,calibration,faceShields,ACM-2,don1144,rec82,50.0,21.963,0.2129513888888889
2020-05-01 00:00:00+00:00,calibration,gowns,ACM-2,don921,rec268,1.0,267.284,6.8941435185185185
2020-05-01 00:00:00+00:00,calibration,gowns,ACM-2,don1054,rec409,1.0,151.1025,2.8837384259259258
2020-05-01 00:00:00+00:00,calibration,gowns,ACM-2,don1058,rec593,2.0,14.096,2.8265625
2020-05-01 00:00:00+00:00,calibration,gowns,ACM-2,don1079,rec307,600.0,94.5685,2.264710648148148
2020-05-01 00:00:00+00:00,calibration,gowns,ACM-2,don1138,rec186,30.0,194.979,0.5157060185185185
2020-05-08 00:00:00+00:00,calibration,respirators,ACM-2,don1180,rec253,300.0,68.58200000000001,6.316979166666667
2020-05-08 00:00:00+00:00,calibration,respirators,ACM-2,don1184,rec926,5.0,333.27,6.307650462962963
2020-05-08 00:00:00+00:00,calibration,respirators,ACM-2,don1196,rec540,800.0,214.4355,6.014664351851851
2020-05-08 00:00:00+00:00,calibration,respirators,ACM-2,don1208,rec228,30.0,14.096,5.356030092592593
2020-05-08 00:00:00+00:00,calibration,respirators,ACM-2,don1215,rec692,9.0,14.096,5.283819444444444
2020-05-08 00:00:00+00:00,calibration,respirators,ACM-2,don1230,rec171,2.0,14.096,4.322048611111111
2020-05-08 00:00:00+00:00,calibration,respirators,ACM-2,don1237,rec692,50.0,68.58200000000001,4.185497685185185
2020-05-08 00:00:00+00:00,calibration,respirators,ACM-2,don1238,rec171,500.0,21.963,4.173240740740741
2020-05-08 00:00:00+00:00,calibration,respirators,ACM-2,don1239,rec20,200.0,31.625,4.170925925925926
2020-05-08 00:00:00+00:00,calibration,respirators,ACM-2,don1244,rec171,150.0,31.625,4.005613425925926
2020-05-08 00:00:00+00:00,calibration,respirators,ACM-2,don1254,rec881,200.0,5.1795,3.2018287037037036
2020-05-08 00:00:00+00:00,calibration,respirators,ACM-2,don1263,rec599,250.0,68.58200000000001,3.0623958333333334
2020-05-08 00:00:00+00:00,calibration,respirators,ACM-2,don1274,rec20,50.0,31.625,2.2183217592592595
2020-05-08 00:00:00+00:00,calibration,surgicalMasks,ACM-2,don1156,rec687,50.0,905.1465,6.9695833333333335
2020-05-08 00:00:00+00:00,calibration,surgicalMasks,ACM-2,don1178,rec1093,100.0,532.017,6.336377314814815
2020-05-08 00:00:00+00:00,calibration,surgicalMasks,ACM-2,don1180,rec1093,300.0,333.27,6.316979166666667
2020-05-08 00:00:00+00:00,calibration,surgicalMasks,ACM-2,don1187,rec768,50.0,14.096,6.276550925925926
2020-05-08 00:00:00+00:00,calibration,surgicalMasks,ACM-2,don1191,rec687,50.0,614.4975,6.150486111111111
2020-05-08 00:00:00+00:00,calibration,surgicalMasks,ACM-2,don1193,rec1093,9.0,532.017,6.08130787037037
2020-05-08 00:00:00+00:00,calibration,surgicalMasks,ACM-2,don1203,rec687,112.0,267.284,5.370613425925926
2020-05-08 00:00:00+00:00,calibration,surgicalMasks,ACM-2,don1208,rec1093,130.0,500.0335,5.356030092592593
2020-05-08 00:00:00+00:00,calibration,surgicalMasks,ACM-2,don1209,rec687,40.0,811.1475,5.348831018518519
2020-05-08 00:00:00+00:00,calibration,surgicalMasks,ACM-2,don1215,rec687,9.0,175.261,5.283819444444444
2020-05-08 00:00:00+00:00,calibration,surgicalMasks,ACM-2,don1217,rec768,10.0,31.625,5.240810185185185
2020-05-08 00:00:00+00:00,calibration,surgicalMasks,ACM-2,don1228,rec624,15.0,14.096,4.3809375
2020-05-08 00:00:00+00:00,calibration,surgicalMasks,ACM-2,don1229,rec687,50.0,31.625,4.330092592592592
2020-05-08 00:00:00+00:00,calibration,surgicalMasks,ACM-2,don1244,rec1333,100.0,21.963,4.005613425925926
2020-05-08 00:00:00+00:00,calibration,surgicalMasks,ACM-2,don1246,rec624,4.0,5.1795,3.9541898148148147
2020-05-08 00:00:00+00:00,calibration,surgicalMasks,ACM-2,don1251,rec768,50.0,122.0285,3.834247685185185
2020-05-08 00:00:00+00:00,calibration,surgicalMasks,ACM-2,don1267,rec687,350.0,31.625,3.0500578703703702
2020-05-08 00:00:00+00:00,calibration,surgicalMasks,ACM-2,don1271,rec687,950.0,948.4805,2.458391203703704
2020-05-08 00:00:00+00:00,calibration,surgicalMasks,ACM-2,don1274,rec768,100.0,5.1795,2.2183217592592595
2020-05-08 00:00:00+00:00,calibration,surgicalMasks,ACM-2,don1275,rec687,200.0,175.261,2.1790625
2020-05-08 00:00:00+00:00,calibration,surgicalMasks,ACM-2,don1279,rec768,50.0,68.58200000000001,2.0114699074074074
2020-05-08 00:00:00+00:00,calibration,surgicalMasks,ACM-2,don1285,rec687,6.0,175.261,1.3581828703703704
2020-05-08 00:00:00+00:00,calibration,surgicalMasks,ACM-2,don1288,rec624,40.0,68.58200000000001,1.0986226851851852
2020-05-08 00:00:00+00:00,calibration,surgicalMasks,ACM-2,don1289,rec1333,500.0,14.096,0.9982060185185185
2020-05-08 00:00:00+00:00,calibration,surgicalMasks,ACM-2,don1303,rec624,100.0,175.261,0.18952546296296297
2020-05-08 00:00:00+00:00,calibration,surgicalMasks,ACM-2,don1304,rec687,100.0,408.943,0.1675462962962963
2020-05-08 00:00:00+00:00,calibration,faceShields,ACM-2,don1133,rec456,816.0,31.625,7.91369212962963
2020-05-08 00:00:00+00:00,calibration,faceShields,ACM-2,don1158,rec171,50.0,21.963,6.932488425925926
2020-05-08 00:00:00+00:00,calibration,faceShields,ACM-2,don1185,rec171,9.0,31.625,6.306979166666666
2020-05-08 00:00:00+00:00,calibration,faceShields,ACM-2,don1202,rec456,500.0,5.1795,5.660590277777778
2020-05-08 00:00:00+00:00,calibration,faceShields,ACM-2,don1205,rec325,1.0,385.7645,5.363877314814815
2020-05-08 00:00:00+00:00,calibration,faceShields,ACM-2,don1217,rec456,1.0,5.1795,5.240810185185185
2020-05-08 00:00:00+00:00,calibration,faceShields,ACM-2,don1218,rec197,30.0,31.625,5.234305555555555
2020-05-08 00:00:00+00:00,calibration,faceShields,ACM-2,don1219,rec197,40.0,31.625,5.232916666666667
2020-05-08 00:00:00+00:00,calibration,faceShields,ACM-2,don1231,rec463,24.0,151.1025,4.274444444444445
2020-05-08 00:00:00+00:00,calibration,faceShields,ACM-2,don1248,rec683,2.0,175.261,3.852152777777778
2020-05-08 00:00:00+00:00,calibration,faceShields,ACM-2,don1253,rec456,60.0,46.091,3.2237037037037037
2020-05-08 00:00:00+00:00,calibration,faceShields,ACM-2,don1268,rec171,50.0,21.963,3.0485069444444446
2020-05-08 00:00:00+00:00,calibration,faceShields,ACM-2,don1280,rec480,250.0,122.0285,1.9061574074074075
2020-05-08 00:00:00+00:00,calibration,faceShields,ACM-2,don1281,rec924,68.0,214.4355,1.8218981481481482
2020-05-08 00:00:00+00:00,calibration,gowns,ACM-2,don1202,rec456,300.0,5.1795,5.660590277777778
2020-05-08 00:00:00+00:00,calibration,gowns,ACM-2,don1251,rec400,1.0,122.0285,3.834247685185185
2020-05-15 00:00:00+00:00,calibration,respirators,ACM-2,don1329,rec526,600.0,175.261,2.9910763888888887
2020-05-15 00:00:00+00:00,calibration,respirators,ACM-2,don1334,rec490,2.0,122.0285,2.4984375
2020-05-15 00:00:00+00:00,calibration,respirators,ACM-2,don1345,rec526,1.0,194.979,2.2146296296296297
2020-05-15 00:00:00+00:00,calibration,respirators,ACM-2,don1350,rec526,50.0,316.3175,2.1799537037037036
2020-05-15 00:00:00+00:00,calibration,respirators,ACM-2,don1357,rec310,5.0,21.963,2.1108680555555557
2020-05-15 00:00:00+00:00,calibration,respirators,ACM-2,don1358,rec526,50.0,214.4355,2.1100462962962965
2020-05-15 00:00:00+00:00,calibration,respirators,ACM-2,don1360,rec683,1.0,214.4355,2.108738425925926
2020-05-15 00:00:00+00:00,calibration,respirators,ACM-2,don1361,rec313,5.0,21.963,2.1078703703703705
2020-05-15 00:00:00+00:00,calibration,respirators,ACM-2,don1362,rec313,15.0,46.091,2.1067476851851854
2020-05-15 00:00:00+00:00,calibration,respirators,ACM-2,don1364,rec1052,2.0,408.943,2.105474537037037
2020-05-15 00:00:00+00:00,calibration,respirators,ACM-2,don1365,rec1052,50.0,436.4295,2.104699074074074
2020-05-15 00:00:00+00:00,calibration,respirators,ACM-2,don1368,rec266,100.0,14.096,1.9127662037037036
2020-05-15 00:00:00+00:00,calibration,respirators,ACM-2,don1397,rec864,20.0,151.1025,0.9109837962962963
2020-05-15 00:00:00+00:00,calibration,respirators,ACM-2,don1400,rec526,22.0,194.979,0.8483680555555555
2020-05-15 00:00:00+00:00,calibration,respirators,ACM-2,don1401,rec526,20.0,237.9225,0.5260648148148148
2020-05-15 00:00:00+00:00,calibration,respirators,ACM-2,don1413,rec864,20.0,151.1025,0.26895833333333335
2020-05-15 00:00:00+00:00,calibration,surgicalMasks,ACM-2,don1332,rec712,50.0,175.261,2.8113657407407406
2020-05-15 00:00:00+00:00,calibration,surgicalMasks,ACM-2,don1343,rec712,600.0,46.091,2.3242939814814814
2020-05-15 00:00:00+00:00,calibration,surgicalMasks,ACM-2,don1346,rec712,50.0,614.4975,2.2116782407407407
2020-05-15 00:00:00+00:00,calibration,surgicalMasks,ACM-2,don1378,rec712,400.0,590.1020000000001,1.3721296296296297
2020-05-15 00:00:00+00:00,calibration,surgicalMasks,ACM-2,don1388,rec1224,980.0,366.0375,1.126064814814815
2020-05-15 00:00:00+00:00,calibration,surgicalMasks,ACM-2,don1395,rec1224,40.0,175.261,0.9239583333333333
2020-05-15 00:00:00+00:00,calibration,surgicalMasks,ACM-2,don1397,rec712,140.0,1077.7195,0.9109837962962963
2020-05-15 00:00:00+00:00,calibration,surgicalMasks,ACM-2,don1400,rec712,70.0,46.091,0.8483680555555555
2020-05-15 00:00:00+00:00,calibration,surgicalMasks,ACM-2,don1405,rec1224,30.0,175.261,0.3407986111111111
2020-05-15 00:00:00+00:00,calibration,surgicalMasks,ACM-2,don1413,rec712,120.0,1077.7195,0.26895833333333335
2020-05-15 00:00:00+00:00,calibration,surgicalMasks,ACM-2,don1415,rec624,160.0,151.1025,0.1691087962962963
2020-05-15 00:00:00+00:00,calibration,faceShields,ACM-2,don1309,rec793,560.0,5.1795,6.14417824074074
2020-05-15 00:00:00+00:00,calibration,faceShields,ACM-2,don1313,rec485,20.0,94.5685,5.130335648148148
2020-05-15 00:00:00+00:00,calibration,faceShields,ACM-2,don1319,rec303,500.0,21.963,3.3868287037037037
2020-05-15 00:00:00+00:00,calibration,faceShields,ACM-2,don1328,rec87,1000.0,68.58200000000001,3.083391203703704
2020-05-15 00:00:00+00:00,calibration,faceShields,ACM-2,don1330,rec593,900.0,21.963,2.8819444444444446
2020-05-15 00:00:00+00:00,calibration,faceShields,ACM-2,don1335,rec325,200.0,532.017,2.4657407407407406
2020-05-15 00:00:00+00:00,calibration,faceShields,ACM-2,don1336,rec593,300.0,68.58200000000001,2.420023148148148
2020-05-15 00:00:00+00:00,calibration,faceShields,ACM-2,don1371,rec303,20.0,21.963,1.8474189814814814
2020-05-15 00:00:00+00:00,calibration,faceShields,ACM-2,don1372,rec678,200.0,21.963,1.7829398148148148
2020-05-15 00:00:00+00:00,calibration,faceShields,ACM-2,don1373,rec678,200.0,21.963,1.779988425925926
2020-05-15 00:00:00+00:00,calibration,faceShields,ACM-2,don1376,rec683,100.0,214.4355,1.5102662037037038
2020-05-15 00:00:00+00:00,calibration,faceShields,ACM-2,don1377,rec186,20.0,5.1795,1.3745717592592592
2020-05-15 00:00:00+00:00,calibration,faceShields,ACM-2,don1382,rec683,160.0,237.9225,1.2781712962962963
2020-05-15 00:00:00+00:00,calibration,faceShields,ACM-2,don1383,rec594,45.0,21.963,1.2716550925925927
2020-05-15 00:00:00+00:00,calibration,faceShields,ACM-2,don1384,rec594,45.0,21.963,1.270011574074074
2020-05-15 00:00:00+00:00,calibration,faceShields,ACM-2,don1403,rec793,440.0,14.096,0.395
2020-05-15 00:00:00+00:00,calibration,faceShields,ACM-2,don1409,rec885,500.0,175.261,0.29792824074074076
2020-05-22 00:00:00+00:00,calibration,respirators,ACM-2,don1438,rec927,200.0,175.261,3.1656712962962965
2020-05-22 00:00:00+00:00,calibration,respirators,ACM-2,don1453,rec456,1000.0,68.58200000000001,0.07921296296296296
2020-05-22 00:00:00+00:00,calibration,surgicalMasks,ACM-2,don1421,rec1332,10.0,21.963,6.064050925925926
2020-05-22 00:00:00+00:00,calibration,surgicalMasks,ACM-2,don1430,rec1332,400.0,14.096,4.366909722222222
2020-05-22 00:00:00+00:00,calibration,surgicalMasks,ACM-2,don1438,rec712,200.0,175.261,3.1656712962962965
2020-05-22 00:00:00+00:00,calibration,surgicalMasks,ACM-2,don1448,rec1309,980.0,366.0375,1.0618865740740742
2020-05-22 00:00:00+00:00,calibration,surgicalMasks,ACM-2,don1453,rec1332,1000.0,31.625,0.07921296296296296
2020-05-22 00:00:00+00:00,calibration,faceShields,ACM-2,don1403,rec750,160.0,68.58200000000001,7.395
2020-05-22 00:00:00+00:00,calibration,faceShields,ACM-2,don1418,rec834,100.0,5.1795,6.646215277777777
2020-05-22 00:00:00+00:00,calibration,faceShields,ACM-2,don1428,rec540,100.0,408.943,5.053796296296296
2020-05-22 00:00:00+00:00,calibration,faceShields,ACM-2,don1432,rec526,100.0,68.58200000000001,4.211967592592592
2020-05-22 00:00:00+00:00,calibration,faceShields,ACM-2,don1434,rec450,100.0,46.091,3.8241203703703706
2020-05-22 00:00:00+00:00,calibration,faceShields,ACM-2,don1442,rec450,99.0,31.625,2.1559606481481484
2020-05-22 00:00:00+00:00,calibration,faceShields,ACM-2,don1450,rec750,840.0,68.58200000000001,0.21225694444444446
2020-05-22 00:00:00+00:00,calibration,gowns,ACM-2,don1441,rec409,300.0,68.58200000000001,2.982060185185185
2020-05-22 00:00:00+00:00,calibration,gowns,ACM-2,don1446,rec458,24.0,94.5685,1.302800925925926
2020-05-29 00:00:00+00:00,calibration,respirators,ACM-2,don1468,rec290,300.0,46.091,5.508599537037037
2020-05-29 00:00:00+00:00,calibration,respirators,ACM-2,don1479,rec478,150.0,46.091,3.2044675925925925
2020-05-29 00:00:00+00:00,calibration,respirators,ACM-2,don1484,rec673,420.0,5.1795,2.8355439814814813
2020-05-29 00:00:00+00:00,calibration,respirators,ACM-2,don1485,rec290,2.0,46.091,2.1637037037037037
2020-05-29 00:00:00+00:00,calibration,respirators,ACM-2,don1497,rec582,200.0,46.091,0.319224537037037
2020-05-29 00:00:00+00:00,calibration,surgicalMasks,ACM-2,don1456,rec1362,500.0,5.1795,6.9542476851851855
2020-05-29 00:00:00+00:00,calibration,surgicalMasks,ACM-2,don1459,rec712,25.0,713.75,6.329224537037037
2020-05-29 00:00:00+00:00,calibration,surgicalMasks,ACM-2,don1460,rec712,500.0,46.091,6.193668981481482
2020-05-29 00:00:00+00:00,calibration,surgicalMasks,ACM-2,don1479,rec1362,100.0,46.091,3.2044675925925925
2020-05-29 00:00:00+00:00,calibration,surgicalMasks,ACM-2,don1482,rec712,30.0,122.0285,2.8859953703703702
2020-05-29 00:00:00+00:00,calibration,faceShields,ACM-2,don1450,rec858,160.0,14.096,7.212256944444444
2020-05-29 00:00:00+00:00,calibration,faceShields,ACM-2,don1461,rec769,56.0,316.3175,6.148993055555556
2020-05-29 00:00:00+00:00,calibration,faceShields,ACM-2,don1463,rec615,500.0,94.5685,5.812048611111111
2020-05-29 00:00:00+00:00,calibration,faceShields,ACM-2,don1472,rec420,3.0,175.261,3.359722222222222
2020-05-29 00:00:00+00:00,calibration,faceShields,ACM-2,don1495,rec769,200.0,46.091,1.323611111111111
2020-05-29 00:00:00+00:00,calibration,faceShields,ACM-2,don1498,rec186,200.0,68.58200000000001,0.22850694444444444
2020-05-29 00:00:00+00:00,calibration,gowns,ACM-2,don1468,rec274,50.0,94.5685,5.508599537037037
2020-06-05 00:00:00+00:00,calibration,surgicalMasks,ACM-2,don1499,rec1244,250.0,14.096,6.902337962962963
2020-06-05 00:00:00+00:00,calibration,faceShields,ACM-2,don1502,rec872,112.0,349.019,2.1164699074074074
2020-06-05 00:00:00+00:00,calibration,faceShields,ACM-2,don1504,rec692,1000.0,5.1795,1.1952199074074075
2020-06-05 00:00:00+00:00,calibration,faceShields,ACM-2,don1507,rec920,1000.0,408.943,1.0286342592592592
2020-06-12 00:00:00+00:00,validation,respirators,ACM-2,don1508,rec945,25.0,237.9225,6.922256944444444
2020-06-12 00:00:00+00:00,validation,respirators,ACM-2,don1518,rec1492,1000.0,5.1795,3.208263888888889
2020-06-12 00:00:00+00:00,validation,respirators,ACM-2,don1520,rec1111,900.0,5.1795,2.544398148148148
2020-06-12 00:00:00+00:00,validation,respirators,ACM-2,don1522,rec119,20.0,5.1795,2.3616550925925925
2020-06-12 00:00:00+00:00,validation,faceShields,ACM-2,don1515,rec1435,100.0,31.625,3.3544212962962963
2020-06-12 00:00:00+00:00,validation,faceShields,ACM-2,don1527,rec626,106.0,5.1795,1.4218287037037036
2020-06-19 00:00:00+00:00,validation,respirators,ACM-2,don1540,rec1019,1000.0,5.1795,5.979548611111111
2020-06-19 00:00:00+00:00,validation,surgicalMasks,ACM-2,don1542,rec1584,1000.0,5.1795,3.6922916666666667
2020-06-19 00:00:00+00:00,validation,surgicalMasks,ACM-2,don1548,rec1520,50.0,5.1795,2.6946875
2020-06-19 00:00:00+00:00,validation,surgicalMasks,ACM-2,don1554,rec1270,60.0,68.58200000000001,2.160740740740741
2020-06-19 00:00:00+00:00,validation,faceShields,ACM-2,don1543,rec1113,200.0,151.1025,3.481388888888889
2020-06-19 00:00:00+00:00,validation,faceShields,ACM-2,don1544,rec2184,50.0,14.096,3.381898148148148
2020-06-19 00:00:00+00:00,validation,faceShields,ACM-2,don1546,rec1691,100.0,14.096,3.3454282407407407
2020-06-19 00:00:00+00:00,validation,faceShields,ACM-2,don1557,rec1729,500.0,122.0285,0.3359490740740741
2020-06-19 00:00:00+00:00,validation,gowns,ACM-2,don1546,rec329,100.0,122.0285,3.3454282407407407
2020-06-26 00:00:00+00:00,validation,respirators,ACM-2,don1559,rec1520,800.0,14.096,5.375034722222222
2020-06-26 00:00:00+00:00,validation,surgicalMasks,ACM-2,don1561,rec2035,600.0,21.963,3.279421296296296
2020-06-26 00:00:00+00:00,validation,faceShields,ACM-2,don1562,rec1332,2.0,5.1795,2.2496296296296294
2020-06-26 00:00:00+00:00,validation,faceShields,ACM-2,don1564,rec1243,200.0,5.1795,1.1930092592592592
2020-06-26 00:00:00+00:00,validation,faceShields,ACM-2,don1565,rec1831,100.0,5.1795,0.5170254629629629
2020-07-03 00:00:00+00:00,test,respirators,ACM-2,don1579,rec3059,3.0,5.1795,0.7224652777777778
2020-07-03 00:00:00+00:00,test,surgicalMasks,ACM-2,don1566,rec2397,280.0,237.9225,6.812627314814815
2020-07-03 00:00:00+00:00,test,surgicalMasks,ACM-2,don1577,rec1400,50.0,5.1795,1.7765277777777777
2020-07-03 00:00:00+00:00,test,surgicalMasks,ACM-2,don1580,rec1111,1000.0,5.1795,0.4565162037037037
2020-07-03 00:00:00+00:00,test,faceShields,ACM-2,don1571,rec1520,25.0,5.1795,4.145023148148148
2020-07-03 00:00:00+00:00,test,faceShields,ACM-2,don1573,rec2776,5.0,46.091,2.8470949074074072
2020-07-10 00:00:00+00:00,test,respirators,ACM-2,don1584,rec2096,5.0,5.1795,6.097974537037037
2020-07-10 00:00:00+00:00,test,respirators,ACM-2,don1592,rec138,20.0,5.1795,4.157222222222222
2020-07-10 00:00:00+00:00,test,respirators,ACM-2,don1602,rec1523,40.0,21.963,1.2396643518518518
2020-07-10 00:00:00+00:00,test,surgicalMasks,ACM-2,don1592,rec2747,30.0,5.1795,4.157222222222222
2020-07-10 00:00:00+00:00,test,surgicalMasks,ACM-2,don1596,rec1159,1000.0,68.58200000000001,2.3696180555555557
2020-07-10 00:00:00+00:00,test,surgicalMasks,ACM-2,don1599,rec1274,200.0,5.1795,1.9099884259259259
2020-07-10 00:00:00+00:00,test,surgicalMasks,ACM-2,don1602,rec1523,50.0,21.963,1.2396643518518518
2020-07-10 00:00:00+00:00,test,surgicalMasks,ACM-2,don1604,rec1360,1000.0,14.096,1.107337962962963
2020-07-10 00:00:00+00:00,test,surgicalMasks,ACM-2,don1605,rec1524,450.0,5.1795,1.0484606481481482
2020-07-10 00:00:00+00:00,test,faceShields,ACM-2,don1585,rec2280,40.0,5.1795,6.008738425925926
2020-07-10 00:00:00+00:00,test,faceShields,ACM-2,don1589,rec1030,30.0,5.1795,4.21130787037037
2020-07-10 00:00:00+00:00,test,faceShields,ACM-2,don1595,rec2288,25.0,5.1795,2.8978819444444444
2020-07-17 00:00:00+00:00,test,respirators,ACM-2,don1611,rec3402,5.0,5.1795,6.970578703703704
2020-07-17 00:00:00+00:00,test,respirators,ACM-2,don1622,rec2662,10.0,14.096,5.094039351851852
2020-07-17 00:00:00+00:00,test,surgicalMasks,ACM-2,don1615,rec2510,20.0,122.0285,6.857303240740741
2020-07-17 00:00:00+00:00,test,faceShields,ACM-2,don1615,rec2733,2.0,214.4355,6.857303240740741
2020-07-17 00:00:00+00:00,test,faceShields,ACM-2,don1618,rec2125,1000.0,5.1795,6.23787037037037
2020-07-17 00:00:00+00:00,test,faceShields,ACM-2,don1623,rec1268,200.0,5.1795,4.294733796296296
2020-07-24 00:00:00+00:00,test,respirators,ACM-2,don1655,rec1519,500.0,5.1795,6.0881944444444445
2020-07-24 00:00:00+00:00,test,faceShields,ACM-2,don1655,rec1519,500.0,5.1795,6.0881944444444445
2020-04-03 00:00:00+00:00,calibration,respirators,Proximity,don0,rec15,20.0,562.254,6.509027777777778
2020-04-24 00:00:00+00:00,calibration,respirators,Proximity,don103,rec430,20.0,5.1795,4.833333333333333
2020-04-24 00:00:00+00:00,calibration,respirators,Proximity,don108,rec1,9.0,5.1795,4.833333333333333
2020-04-24 00:00:00+00:00,calibration,respirators,Proximity,don116,rec101,1.0,5.1795,4.833333333333333
2020-04-24 00:00:00+00:00,calibration,respirators,Proximity,don118,rec1432,2.0,5.1795,4.833333333333333
2020-04-24 00:00:00+00:00,calibration,respirators,Proximity,don124,rec1205,100.0,5.1795,4.833333333333333
2020-04-24 00:00:00+00:00,calibration,respirators,Proximity,don135,rec1199,2.0,5.1795,4.833333333333333
2020-04-24 00:00:00+00:00,calibration,respirators,Proximity,don141,rec1237,5.0,5.1795,4.833333333333333
2020-04-24 00:00:00+00:00,calibration,respirators,Proximity,don143,rec1037,1.0,5.1795,4.833333333333333
2020-04-24 00:00:00+00:00,calibration,respirators,Proximity,don145,rec1001,19.0,5.1795,4.833333333333333
2020-04-24 00:00:00+00:00,calibration,respirators,Proximity,don146,rec1923,35.0,5.1795,4.833333333333333
2020-04-24 00:00:00+00:00,calibration,respirators,Proximity,don149,rec1026,3.0,5.1795,4.833333333333333
2020-04-24 00:00:00+00:00,calibration,respirators,Proximity,don150,rec1037,18.0,5.1795,4.833333333333333
2020-04-24 00:00:00+00:00,calibration,respirators,Proximity,don164,rec1271,2.0,5.1795,4.833333333333333
2020-04-24 00:00:00+00:00,calibration,respirators,Proximity,don166,rec2607,2.0,5.1795,4.833333333333333
2020-04-24 00:00:00+00:00,calibration,respirators,Proximity,don167,rec1026,2.0,5.1795,4.833333333333333
2020-04-24 00:00:00+00:00,calibration,respirators,Proximity,don168,rec1480,6.0,46.091,4.833333333333333
2020-04-24 00:00:00+00:00,calibration,respirators,Proximity,don172,rec1991,12.0,5.1795,4.833333333333333
2020-04-24 00:00:00+00:00,calibration,respirators,Proximity,don173,rec1536,5.0,5.1795,4.833333333333333
2020-04-24 00:00:00+00:00,calibration,respirators,Proximity,don184,rec1182,100.0,5.1795,4.833333333333333
2020-04-24 00:00:00+00:00,calibration,respirators,Proximity,don188,rec1594,500.0,5.1795,4.833333333333333
2020-04-24 00:00:00+00:00,calibration,respirators,Proximity,don199,rec1043,10.0,5.1795,4.833333333333333
2020-04-24 00:00:00+00:00,calibration,respirators,Proximity,don201,rec161,16.0,94.5685,4.833333333333333
2020-04-24 00:00:00+00:00,calibration,respirators,Proximity,don204,rec1020,7.0,5.1795,4.833333333333333
2020-04-24 00:00:00+00:00,calibration,respirators,Proximity,don206,rec1146,20.0,5.1795,4.833333333333333
2020-04-24 00:00:00+00:00,calibration,respirators,Proximity,don208,rec1187,42.0,5.1795,4.833333333333333
2020-04-24 00:00:00+00:00,calibration,respirators,Proximity,don209,rec1042,1.0,5.1795,4.833333333333333
2020-04-24 00:00:00+00:00,calibration,respirators,Proximity,don215,rec1001,10.0,5.1795,4.833333333333333
2020-04-24 00:00:00+00:00,calibration,respirators,Proximity,don219,rec1037,1.0,5.1795,4.833333333333333
2020-04-24 00:00:00+00:00,calibration,respirators,Proximity,don220,rec1026,14.0,5.1795,4.833333333333333
2020-04-24 00:00:00+00:00,calibration,respirators,Proximity,don224,rec1536,2.0,5.1795,4.833333333333333
2020-04-24 00:00:00+00:00,calibration,respirators,Proximity,don233,rec1020,2.0,5.1795,4.833333333333333
2020-04-24 00:00:00+00:00,calibration,respirators,Proximity,don234,rec1233,4.0,5.1795,4.833333333333333
2020-04-24 00:00:00+00:00,calibration,respirators,Proximity,don235,rec1199,75.0,5.1795,4.833333333333333
2020-04-24 00:00:00+00:00,calibration,respirators,Proximity,don243,rec1421,1.0,5.1795,4.833333333333333
2020-04-24 00:00:00+00:00,calibration,respirators,Proximity,don244,rec1043,2.0,5.1795,4.833333333333333
2020-04-24 00:00:00+00:00,calibration,respirators,Proximity,don245,rec1751,5.0,5.1795,4.833333333333333
2020-04-24 00:00:00+00:00,calibration,respirators,Proximity,don247,rec1184,10.0,5.1795,4.833333333333333
2020-04-24 00:00:00+00:00,calibration,respirators,Proximity,don248,rec1569,1.0,5.1795,4.833333333333333
2020-04-24 00:00:00+00:00,calibration,respirators,Proximity,don251,rec1012,5.0,5.1795,4.833333333333333
2020-04-24 00:00:00+00:00,calibration,respirators,Proximity,don258,rec1635,40.0,31.625,4.833333333333333
2020-04-24 00:00:00+00:00,calibration,respirators,Proximity,don264,rec1026,21.0,5.1795,4.833333333333333
2020-04-24 00:00:00+00:00,calibration,respirators,Proximity,don265,rec1001,2.0,5.1795,4.833333333333333
2020-04-24 00:00:00+00:00,calibration,respirators,Proximity,don268,rec104,140.0,5.1795,4.833333333333333
2020-04-24 00:00:00+00:00,calibration,respirators,Proximity,don282,rec0,4.0,5.1795,4.833333333333333
2020-04-24 00:00:00+00:00,calibration,respirators,Proximity,don294,rec1117,8.0,5.1795,4.833333333333333
2020-04-24 00:00:00+00:00,calibration,respirators,Proximity,don295,rec1039,5.0,46.091,4.833333333333333
2020-04-24 00:00:00+00:00,calibration,respirators,Proximity,don299,rec1034,40.0,5.1795,4.833333333333333
2020-04-24 00:00:00+00:00,calibration,respirators,Proximity,don305,rec1037,30.0,5.1795,4.833333333333333
2020-04-24 00:00:00+00:00,calibration,respirators,Proximity,don309,rec1001,20.0,5.1795,4.833333333333333
2020-04-24 00:00:00+00:00,calibration,respirators,Proximity,don311,rec1001,2.0,5.1795,4.833333333333333
2020-04-24 00:00:00+00:00,calibration,respirators,Proximity,don314,rec1467,140.0,5.1795,4.833333333333333
2020-04-24 00:00:00+00:00,calibration,respirators,Proximity,don317,rec1001,67.0,5.1795,4.833333333333333
2020-04-24 00:00:00+00:00,calibration,respirators,Proximity,don353,rec1037,10.0,5.1795,4.833333333333333
2020-04-24 00:00:00+00:00,calibration,respirators,Proximity,don356,rec1037,300.0,5.1795,4.833333333333333
2020-04-24 00:00:00+00:00,calibration,respirators,Proximity,don357,rec1436,30.0,5.1795,4.833333333333333
2020-04-24 00:00:00+00:00,calibration,respirators,Proximity,don358,rec1043,60.0,5.1795,4.833333333333333
2020-04-24 00:00:00+00:00,calibration,respirators,Proximity,don359,rec1106,2.0,5.1795,4.833333333333333
2020-04-24 00:00:00+00:00,calibration,respirators,Proximity,don360,rec1019,10.0,5.1795,4.833333333333333
2020-04-24 00:00:00+00:00,calibration,respirators,Proximity,don373,rec10,30.0,5.1795,4.833333333333333
2020-04-24 00:00:00+00:00,calibration,respirators,Proximity,don376,rec1251,200.0,5.1795,4.833333333333333
2020-04-24 00:00:00+00:00,calibration,respirators,Proximity,don381,rec1037,10.0,5.1795,4.833333333333333
2020-04-24 00:00:00+00:00,calibration,respirators,Proximity,don382,rec1153,50.0,5.1795,4.833333333333333
2020-04-24 00:00:00+00:00,calibration,respirators,Proximity,don383,rec122,11.0,5.1795,4.833333333333333
2020-04-24 00:00:00+00:00,calibration,respirators,Proximity,don388,rec1808,9.0,14.096,4.833333333333333
2020-04-24 00:00:00+00:00,calibration,respirators,Proximity,don397,rec1539,2.0,46.091,4.833333333333333
2020-04-24 00:00:00+00:00,calibration,respirators,Proximity,don399,rec1205,38.0,5.1795,4.833333333333333
2020-04-24 00:00:00+00:00,calibration,respirators,Proximity,don400,rec1346,5.0,5.1795,4.833333333333333
2020-04-24 00:00:00+00:00,calibration,respirators,Proximity,don401,rec1177,950.0,5.1795,4.833333333333333
2020-04-24 00:00:00+00:00,calibration,respirators,Proximity,don402,rec0,3.0,5.1795,4.833333333333333
2020-04-24 00:00:00+00:00,calibration,respirators,Proximity,don405,rec1005,1.0,5.1795,4.833333333333333
2020-04-24 00:00:00+00:00,calibration,respirators,Proximity,don411,rec1496,30.0,5.1795,4.833333333333333
2020-04-24 00:00:00+00:00,calibration,respirators,Proximity,don412,rec1037,15.0,5.1795,4.833333333333333
2020-04-24 00:00:00+00:00,calibration,respirators,Proximity,don414,rec1037,2.0,5.1795,4.833333333333333
2020-04-24 00:00:00+00:00,calibration,respirators,Proximity,don422,rec1037,1.0,5.1795,4.833333333333333
2020-04-24 00:00:00+00:00,calibration,respirators,Proximity,don427,rec1923,5.0,5.1795,4.833333333333333
2020-04-24 00:00:00+00:00,calibration,respirators,Proximity,don429,rec0,24.0,5.1795,4.833333333333333
2020-04-24 00:00:00+00:00,calibration,respirators,Proximity,don430,rec1374,5.0,14.096,4.833333333333333
2020-04-24 00:00:00+00:00,calibration,respirators,Proximity,don432,rec1278,6.0,5.1795,4.833333333333333
2020-04-24 00:00:00+00:00,calibration,respirators,Proximity,don442,rec1037,3.0,5.1795,4.833333333333333
2020-04-24 00:00:00+00:00,calibration,respirators,Proximity,don443,rec1183,2.0,5.1795,4.833333333333333
2020-04-24 00:00:00+00:00,calibration,respirators,Proximity,don445,rec1124,3.0,5.1795,4.833333333333333
2020-04-24 00:00:00+00:00,calibration,respirators,Proximity,don446,rec0,5.0,5.1795,4.833333333333333
2020-04-24 00:00:00+00:00,calibration,respirators,Proximity,don466,rec119,6.0,5.1795,4.833333333333333
2020-04-24 00:00:00+00:00,calibration,respirators,Proximity,don467,rec1183,98.0,5.1795,4.833333333333333
2020-04-24 00:00:00+00:00,calibration,respirators,Proximity,don468,rec1117,2.0,5.1795,4.833333333333333
2020-04-24 00:00:00+00:00,calibration,respirators,Proximity,don487,rec1070,3.0,5.1795,4.833333333333333
2020-04-24 00:00:00+00:00,calibration,respirators,Proximity,don490,rec2433,9.0,46.091,4.833333333333333
2020-04-24 00:00:00+00:00,calibration,respirators,Proximity,don493,rec1005,1.0,5.1795,4.833333333333333
2020-04-24 00:00:00+00:00,calibration,respirators,Proximity,don494,rec1144,10.0,5.1795,4.833333333333333
2020-04-24 00:00:00+00:00,calibration,respirators,Proximity,don503,rec1005,4.0,5.1795,4.833333333333333
2020-04-24 00:00:00+00:00,calibration,respirators,Proximity,don507,rec1273,50.0,5.1795,4.833333333333333
2020-04-24 00:00:00+00:00,calibration,respirators,Proximity,don511,rec542,10.0,31.625,4.833333333333333
2020-04-24 00:00:00+00:00,calibration,respirators,Proximity,don522,rec1019,8.0,5.1795,4.833333333333333
2020-04-24 00:00:00+00:00,calibration,respirators,Proximity,don523,rec1019,8.0,5.1795,4.833333333333333
2020-04-24 00:00:00+00:00,calibration,respirators,Proximity,don527,rec327,15.0,5.1795,4.833333333333333
2020-04-24 00:00:00+00:00,calibration,respirators,Proximity,don529,rec0,20.0,5.1795,4.833333333333333
2020-04-24 00:00:00+00:00,calibration,respirators,Proximity,don530,rec1037,10.0,5.1795,4.833333333333333
2020-04-24 00:00:00+00:00,calibration,respirators,Proximity,don531,rec0,12.0,5.1795,4.833333333333333
2020-04-24 00:00:00+00:00,calibration,respirators,Proximity,don533,rec1128,20.0,5.1795,4.833333333333333
2020-04-24 00:00:00+00:00,calibration,respirators,Proximity,don536,rec1464,10.0,5.1795,4.833333333333333
2020-04-24 00:00:00+00:00,calibration,respirators,Proximity,don538,rec1037,10.0,5.1795,4.833333333333333
2020-04-24 00:00:00+00:00,calibration,respirators,Proximity,don540,rec1037,42.0,5.1795,4.833333333333333
2020-04-24 00:00:00+00:00,calibration,respirators,Proximity,don541,rec1037,20.0,5.1795,4.833333333333333
2020-04-24 00:00:00+00:00,calibration,respirators,Proximity,don543,rec1019,10.0,5.1795,4.833333333333333
2020-04-24 00:00:00+00:00,calibration,respirators,Proximity,don544,rec2433,13.0,46.091,4.833333333333333
2020-04-24 00:00:00+00:00,calibration,respirators,Proximity,don545,rec1023,6.0,5.1795,4.833333333333333
2020-04-24 00:00:00+00:00,calibration,respirators,Proximity,don553,rec1005,20.0,5.1795,4.833333333333333
2020-04-24 00:00:00+00:00,calibration,respirators,Proximity,don554,rec1006,10.0,5.1795,4.833333333333333
2020-04-24 00:00:00+00:00,calibration,respirators,Proximity,don568,rec2236,10.0,5.1795,4.833333333333333
2020-04-24 00:00:00+00:00,calibration,respirators,Proximity,don570,rec2130,5.0,5.1795,4.833333333333333
2020-04-24 00:00:00+00:00,calibration,respirators,Proximity,don572,rec1051,45.0,5.1795,4.833333333333333
2020-04-24 00:00:00+00:00,calibration,respirators,Proximity,don575,rec1253,7.0,122.0285,4.833333333333333
2020-04-24 00:00:00+00:00,calibration,respirators,Proximity,don577,rec2794,40.0,5.1795,4.833333333333333
2020-04-24 00:00:00+00:00,calibration,respirators,Proximity,don578,rec1789,15.0,5.1795,4.833333333333333
2020-04-24 00:00:00+00:00,calibration,respirators,Proximity,don579,rec1263,1.0,5.1795,4.833333333333333
2020-04-24 00:00:00+00:00,calibration,respirators,Proximity,don580,rec1829,150.0,46.091,4.833333333333333
2020-04-24 00:00:00+00:00,calibration,respirators,Proximity,don581,rec1037,1.0,5.1795,4.833333333333333
2020-04-24 00:00:00+00:00,calibration,respirators,Proximity,don589,rec1358,4.0,5.1795,4.833333333333333
2020-04-24 00:00:00+00:00,calibration,respirators,Proximity,don597,rec1512,6.0,5.1795,4.833333333333333
2020-04-24 00:00:00+00:00,calibration,respirators,Proximity,don599,rec1037,5.0,5.1795,4.833333333333333
2020-04-24 00:00:00+00:00,calibration,respirators,Proximity,don611,rec0,30.0,5.1795,4.833333333333333
2020-04-24 00:00:00+00:00,calibration,respirators,Proximity,don612,rec1374,15.0,14.096,4.833333333333333
2020-04-24 00:00:00+00:00,calibration,respirators,Proximity,don614,rec2589,2.0,5.1795,4.833333333333333
2020-04-24 00:00:00+00:00,calibration,respirators,Proximity,don615,rec1504,10.0,5.1795,4.833333333333333
2020-04-24 00:00:00+00:00,calibration,respirators,Proximity,don616,rec1205,6.0,5.1795,4.833333333333333
2020-04-24 00:00:00+00:00,calibration,respirators,Proximity,don617,rec1569,4.0,5.1795,4.833333333333333
2020-04-24 00:00:00+00:00,calibration,respirators,Proximity,don620,rec1863,12.0,14.096,4.833333333333333
2020-04-24 00:00:00+00:00,calibration,respirators,Proximity,don625,rec1191,3.0,5.1795,4.833333333333333
2020-04-24 00:00:00+00:00,calibration,respirators,Proximity,don627,rec1393,50.0,5.1795,4.833333333333333
2020-04-24 00:00:00+00:00,calibration,respirators,Proximity,don630,rec1043,15.0,5.1795,4.833333333333333
2020-04-24 00:00:00+00:00,calibration,respirators,Proximity,don633,rec1205,6.0,5.1795,4.833333333333333
2020-04-24 00:00:00+00:00,calibration,respirators,Proximity,don634,rec1436,25.0,5.1795,4.833333333333333
2020-04-24 00:00:00+00:00,calibration,respirators,Proximity,don635,rec1100,20.0,5.1795,4.833333333333333
2020-04-24 00:00:00+00:00,calibration,respirators,Proximity,don637,rec1376,3.0,5.1795,4.833333333333333
2020-04-24 00:00:00+00:00,calibration,respirators,Proximity,don643,rec1562,1.0,5.1795,4.833333333333333
2020-04-24 00:00:00+00:00,calibration,respirators,Proximity,don645,rec1031,10.0,5.1795,4.833333333333333
2020-04-24 00:00:00+00:00,calibration,respirators,Proximity,don646,rec1237,2.0,5.1795,4.833333333333333
2020-04-24 00:00:00+00:00,calibration,respirators,Proximity,don647,rec1477,5.0,31.625,4.833333333333333
2020-04-24 00:00:00+00:00,calibration,respirators,Proximity,don648,rec120,3.0,31.625,4.833333333333333
2020-04-24 00:00:00+00:00,calibration,respirators,Proximity,don649,rec1962,12.0,5.1795,4.833333333333333
2020-04-24 00:00:00+00:00,calibration,respirators,Proximity,don661,rec1037,2.0,5.1795,4.833333333333333
2020-04-24 00:00:00+00:00,calibration,respirators,Proximity,don662,rec1144,20.0,5.1795,4.833333333333333
2020-04-24 00:00:00+00:00,calibration,respirators,Proximity,don666,rec1121,15.0,5.1795,4.833333333333333
2020-04-24 00:00:00+00:00,calibration,respirators,Proximity,don674,rec1181,24.0,5.1795,4.833333333333333
2020-04-24 00:00:00+00:00,calibration,respirators,Proximity,don675,rec1070,3.0,5.1795,4.833333333333333
2020-04-24 00:00:00+00:00,calibration,respirators,Proximity,don676,rec1005,2.0,5.1795,4.833333333333333
2020-04-24 00:00:00+00:00,calibration,respirators,Proximity,don677,rec1019,3.0,5.1795,4.833333333333333
2020-04-24 00:00:00+00:00,calibration,respirators,Proximity,don682,rec1048,8.0,5.1795,4.833333333333333
2020-04-24 00:00:00+00:00,calibration,respirators,Proximity,don685,rec1276,6.0,5.1795,4.833333333333333
2020-04-24 00:00:00+00:00,calibration,respirators,Proximity,don686,rec2240,2.0,5.1795,4.833333333333333
2020-04-24 00:00:00+00:00,calibration,respirators,Proximity,don687,rec1401,1.0,46.091,4.833333333333333
2020-04-24 00:00:00+00:00,calibration,respirators,Proximity,don688,rec11,3.0,5.1795,4.833333333333333
2020-04-24 00:00:00+00:00,calibration,respirators,Proximity,don689,rec1004,1000.0,5.1795,4.833333333333333
2020-04-24 00:00:00+00:00,calibration,respirators,Proximity,don691,rec1457,100.0,5.1795,4.833333333333333
2020-04-24 00:00:00+00:00,calibration,respirators,Proximity,don692,rec2063,15.0,5.1795,4.833333333333333
2020-04-24 00:00:00+00:00,calibration,respirators,Proximity,don693,rec1293,42.0,5.1795,4.833333333333333
2020-04-24 00:00:00+00:00,calibration,respirators,Proximity,don694,rec1467,500.0,5.1795,4.833333333333333
2020-04-24 00:00:00+00:00,calibration,respirators,Proximity,don698,rec2211,4.0,5.1795,4.833333333333333
2020-04-24 00:00:00+00:00,calibration,respirators,Proximity,don703,rec1223,1.0,5.1795,4.833333333333333
2020-04-24 00:00:00+00:00,calibration,respirators,Proximity,don705,rec1037,620.0,5.1795,4.833333333333333
2020-04-24 00:00:00+00:00,calibration,respirators,Proximity,don706,rec0,10.0,5.1795,4.833333333333333
2020-04-24 00:00:00+00:00,calibration,respirators,Proximity,don707,rec1246,100.0,5.1795,4.833333333333333
2020-04-24 00:00:00+00:00,calibration,respirators,Proximity,don709,rec1221,10.0,5.1795,4.833333333333333
2020-04-24 00:00:00+00:00,calibration,respirators,Proximity,don717,rec2503,4.0,14.096,4.833333333333333
2020-04-24 00:00:00+00:00,calibration,respirators,Proximity,don719,rec1042,6.0,5.1795,4.833333333333333
2020-04-24 00:00:00+00:00,calibration,respirators,Proximity,don723,rec2236,5.0,5.1795,4.833333333333333
2020-04-24 00:00:00+00:00,calibration,respirators,Proximity,don726,rec1494,1.0,5.1795,4.833333333333333
2020-04-24 00:00:00+00:00,calibration,respirators,Proximity,don728,rec0,6.0,5.1795,4.833333333333333
2020-04-24 00:00:00+00:00,calibration,respirators,Proximity,don731,rec1005,2.0,5.1795,4.833333333333333
2020-04-24 00:00:00+00:00,calibration,respirators,Proximity,don740,rec194,2.0,14.096,4.833333333333333
2020-04-24 00:00:00+00:00,calibration,respirators,Proximity,don745,rec1923,260.0,5.1795,4.833333333333333
2020-04-24 00:00:00+00:00,calibration,respirators,Proximity,don747,rec213,20.0,5.1795,4.833333333333333
2020-04-24 00:00:00+00:00,calibration,respirators,Proximity,don748,rec1346,6.0,5.1795,4.833333333333333
2020-04-24 00:00:00+00:00,calibration,respirators,Proximity,don749,rec1098,20.0,14.096,4.833333333333333
2020-04-24 00:00:00+00:00,calibration,respirators,Proximity,don751,rec1005,200.0,5.1795,4.833333333333333
2020-04-24 00:00:00+00:00,calibration,respirators,Proximity,don752,rec1144,40.0,5.1795,4.833333333333333
2020-04-24 00:00:00+00:00,calibration,respirators,Proximity,don759,rec1248,100.0,5.1795,4.833333333333333
2020-04-24 00:00:00+00:00,calibration,respirators,Proximity,don761,rec1037,20.0,5.1795,4.833333333333333
2020-04-24 00:00:00+00:00,calibration,respirators,Proximity,don762,rec0,11.0,5.1795,4.833333333333333
2020-04-24 00:00:00+00:00,calibration,respirators,Proximity,don763,rec2431,10.0,5.1795,4.833333333333333
2020-04-24 00:00:00+00:00,calibration,respirators,Proximity,don764,rec1930,50.0,21.963,4.833333333333333
2020-04-24 00:00:00+00:00,calibration,respirators,Proximity,don766,rec1043,13.0,5.1795,4.833333333333333
2020-04-24 00:00:00+00:00,calibration,respirators,Proximity,don767,rec213,20.0,68.58200000000001,4.833333333333333
2020-04-24 00:00:00+00:00,calibration,respirators,Proximity,don768,rec1055,4.0,5.1795,4.833333333333333
2020-04-24 00:00:00+00:00,calibration,respirators,Proximity,don769,rec1055,13.0,5.1795,4.833333333333333
2020-04-24 00:00:00+00:00,calibration,respirators,Proximity,don77,rec1055,4.0,5.1795,4.833333333333333
2020-04-24 00:00:00+00:00,calibration,respirators,Proximity,don771,rec1005,20.0,5.1795,4.833333333333333
2020-04-24 00:00:00+00:00,calibration,respirators,Proximity,don772,rec1055,10.0,5.1795,4.833333333333333
2020-04-24 00:00:00+00:00,calibration,respirators,Proximity,don91,rec1116,18.0,5.1795,4.833333333333333
2020-04-24 00:00:00+00:00,calibration,respirators,Proximity,don92,rec1218,1.0,5.1795,4.833333333333333
2020-04-24 00:00:00+00:00,calibration,respirators,Proximity,don94,rec138,1000.0,5.1795,4.833333333333333
2020-04-24 00:00:00+00:00,calibration,respirators,Proximity,don95,rec1278,5.0,5.1795,4.833333333333333
2020-04-24 00:00:00+00:00,calibration,respirators,Proximity,don98,rec2422,5.0,14.096,4.833333333333333
2020-04-24 00:00:00+00:00,calibration,respirators,Proximity,don778,rec2673,25.0,5.1795,4.499305555555556
2020-04-24 00:00:00+00:00,calibration,respirators,Proximity,don801,rec2135,2.0,46.091,3.25556712962963
2020-04-24 00:00:00+00:00,calibration,respirators,Proximity,don812,rec1285,1.0,5.1795,2.883263888888889
2020-04-24 00:00:00+00:00,calibration,respirators,Proximity,don835,rec1381,1.0,5.1795,2.2685069444444443
2020-04-24 00:00:00+00:00,calibration,respirators,Proximity,don836,rec1037,720.0,5.1795,2.263587962962963
2020-04-24 00:00:00+00:00,calibration,respirators,Proximity,don840,rec1055,4.0,5.1795,2.180138888888889
2020-04-24 00:00:00+00:00,calibration,respirators,Proximity,don852,rec1188,16.0,5.1795,1.7783217592592593
2020-04-24 00:00:00+00:00,calibration,respirators,Proximity,don873,rec1186,300.0,5.1795,1.0271064814814814
2020-04-24 00:00:00+00:00,calibration,respirators,Proximity,don886,rec1389,20.0,31.625,0.8513773148148148
2020-04-24 00:00:00+00:00,calibration,respirators,Proximity,don909,rec1462,2.0,5.1795,0.025902777777777778
2020-04-24 00:00:00+00:00,calibration,respirators,Proximity,don912,rec1070,34.0,5.1795,0.009155092592592593
2020-04-24 00:00:00+00:00,calibration,surgicalMasks,Proximity,don102,rec1584,8.0,5.1795,4.833333333333333
2020-04-24 00:00:00+00:00,calibration,surgicalMasks,Proximity,don129,rec1121,100.0,5.1795,4.833333333333333
2020-04-24 00:00:00+00:00,calibration,surgicalMasks,Proximity,don130,rec1106,35.0,5.1795,4.833333333333333
2020-04-24 00:00:00+00:00,calibration,surgicalMasks,Proximity,don131,rec1051,100.0,5.1795,4.833333333333333
2020-04-24 00:00:00+00:00,calibration,surgicalMasks,Proximity,don142,rec1346,80.0,5.1795,4.833333333333333
2020-04-24 00:00:00+00:00,calibration,surgicalMasks,Proximity,don159,rec1111,8.0,5.1795,4.833333333333333
2020-04-24 00:00:00+00:00,calibration,surgicalMasks,Proximity,don193,rec1037,1000.0,5.1795,4.833333333333333
2020-04-24 00:00:00+00:00,calibration,surgicalMasks,Proximity,don197,rec1000,30.0,5.1795,4.833333333333333
2020-04-24 00:00:00+00:00,calibration,surgicalMasks,Proximity,don200,rec1263,300.0,5.1795,4.833333333333333
2020-04-24 00:00:00+00:00,calibration,surgicalMasks,Proximity,don205,rec1243,50.0,5.1795,4.833333333333333
2020-04-24 00:00:00+00:00,calibration,surgicalMasks,Proximity,don217,rec1051,200.0,5.1795,4.833333333333333
2020-04-24 00:00:00+00:00,calibration,surgicalMasks,Proximity,don228,rec1070,100.0,5.1795,4.833333333333333
2020-04-24 00:00:00+00:00,calibration,surgicalMasks,Proximity,don231,rec1660,10.0,5.1795,4.833333333333333
2020-04-24 00:00:00+00:00,calibration,surgicalMasks,Proximity,don242,rec1222,20.0,21.963,4.833333333333333
2020-04-24 00:00:00+00:00,calibration,surgicalMasks,Proximity,don293,rec1060,25.0,5.1795,4.833333333333333
2020-04-24 00:00:00+00:00,calibration,surgicalMasks,Proximity,don297,rec1037,100.0,5.1795,4.833333333333333
2020-04-24 00:00:00+00:00,calibration,surgicalMasks,Proximity,don307,rec1184,50.0,5.1795,4.833333333333333
2020-04-24 00:00:00+00:00,calibration,surgicalMasks,Proximity,don310,rec1060,80.0,5.1795,4.833333333333333
2020-04-24 00:00:00+00:00,calibration,surgicalMasks,Proximity,don312,rec1060,50.0,5.1795,4.833333333333333
2020-04-24 00:00:00+00:00,calibration,surgicalMasks,Proximity,don313,rec1060,145.0,5.1795,4.833333333333333
2020-04-24 00:00:00+00:00,calibration,surgicalMasks,Proximity,don323,rec1824,100.0,5.1795,4.833333333333333
2020-04-24 00:00:00+00:00,calibration,surgicalMasks,Proximity,don324,rec1111,5.0,5.1795,4.833333333333333
2020-04-24 00:00:00+00:00,calibration,surgicalMasks,Proximity,don325,rec1146,25.0,5.1795,4.833333333333333
2020-04-24 00:00:00+00:00,calibration,surgicalMasks,Proximity,don326,rec1258,1.0,94.5685,4.833333333333333
2020-04-24 00:00:00+00:00,calibration,surgicalMasks,Proximity,don327,rec1000,75.0,5.1795,4.833333333333333
2020-04-24 00:00:00+00:00,calibration,surgicalMasks,Proximity,don329,rec1000,10.0,5.1795,4.833333333333333
2020-04-24 00:00:00+00:00,calibration,surgicalMasks,Proximity,don350,rec1815,50.0,5.1795,4.833333333333333
2020-04-24 00:00:00+00:00,calibration,surgicalMasks,Proximity,don352,rec1094,500.0,5.1795,4.833333333333333
2020-04-24 00:00:00+00:00,calibration,surgicalMasks,Proximity,don355,rec1037,25.0,5.1795,4.833333333333333
2020-04-24 00:00:00+00:00,calibration,surgicalMasks,Proximity,don371,rec1000,35.0,5.1795,4.833333333333333
2020-04-24 00:00:00+00:00,calibration,surgicalMasks,Proximity,don382,rec1153,60.0,5.1795,4.833333333333333
2020-04-24 00:00:00+00:00,calibration,surgicalMasks,Proximity,don387,rec2765,50.0,14.096,4.833333333333333
2020-04-24 00:00:00+00:00,calibration,surgicalMasks,Proximity,don423,rec1187,26.0,5.1795,4.833333333333333
2020-04-24 00:00:00+00:00,calibration,surgicalMasks,Proximity,don424,rec2322,40.0,21.963,4.833333333333333
2020-04-24 00:00:00+00:00,calibration,surgicalMasks,Proximity,don425,rec1454,20.0,14.096,4.833333333333333
2020-04-24 00:00:00+00:00,calibration,surgicalMasks,Proximity,don437,rec1691,250.0,5.1795,4.833333333333333
2020-04-24 00:00:00+00:00,calibration,surgicalMasks,Proximity,don442,rec1037,3.0,5.1795,4.833333333333333
2020-04-24 00:00:00+00:00,calibration,surgicalMasks,Proximity,don453,rec2597,50.0,46.091,4.833333333333333
2020-04-24 00:00:00+00:00,calibration,surgicalMasks,Proximity,don455,rec1136,4.0,5.1795,4.833333333333333
2020-04-24 00:00:00+00:00,calibration,surgicalMasks,Proximity,don475,rec1197,5.0,5.1795,4.833333333333333
2020-04-24 00:00:00+00:00,calibration,surgicalMasks,Proximity,don477,rec1678,20.0,5.1795,4.833333333333333
2020-04-24 00:00:00+00:00,calibration,surgicalMasks,Proximity,don486,rec1037,95.0,5.1795,4.833333333333333
2020-04-24 00:00:00+00:00,calibration,surgicalMasks,Proximity,don488,rec1074,1000.0,5.1795,4.833333333333333
2020-04-24 00:00:00+00:00,calibration,surgicalMasks,Proximity,don518,rec1078,500.0,68.58200000000001,4.833333333333333
2020-04-24 00:00:00+00:00,calibration,surgicalMasks,Proximity,don519,rec1043,100.0,5.1795,4.833333333333333
2020-04-24 00:00:00+00:00,calibration,surgicalMasks,Proximity,don532,rec1278,40.0,5.1795,4.833333333333333
2020-04-24 00:00:00+00:00,calibration,surgicalMasks,Proximity,don533,rec1128,50.0,5.1795,4.833333333333333
2020-04-24 00:00:00+00:00,calibration,surgicalMasks,Proximity,don536,rec1394,10.0,5.1795,4.833333333333333
2020-04-24 00:00:00+00:00,calibration,surgicalMasks,Proximity,don537,rec1160,50.0,5.1795,4.833333333333333
2020-04-24 00:00:00+00:00,calibration,surgicalMasks,Proximity,don543,rec1133,35.0,5.1795,4.833333333333333
2020-04-24 00:00:00+00:00,calibration,surgicalMasks,Proximity,don550,rec2780,15.0,5.1795,4.833333333333333
2020-04-24 00:00:00+00:00,calibration,surgicalMasks,Proximity,don551,rec1523,200.0,5.1795,4.833333333333333
2020-04-24 00:00:00+00:00,calibration,surgicalMasks,Proximity,don553,rec1111,40.0,5.1795,4.833333333333333
2020-04-24 00:00:00+00:00,calibration,surgicalMasks,Proximity,don554,rec1116,150.0,5.1795,4.833333333333333
2020-04-24 00:00:00+00:00,calibration,surgicalMasks,Proximity,don567,rec1338,15.0,5.1795,4.833333333333333
2020-04-24 00:00:00+00:00,calibration,surgicalMasks,Proximity,don571,rec1377,30.0,5.1795,4.833333333333333
2020-04-24 00:00:00+00:00,calibration,surgicalMasks,Proximity,don572,rec1165,240.0,5.1795,4.833333333333333
2020-04-24 00:00:00+00:00,calibration,surgicalMasks,Proximity,don577,rec1570,100.0,14.096,4.833333333333333
2020-04-24 00:00:00+00:00,calibration,surgicalMasks,Proximity,don578,rec1789,50.0,5.1795,4.833333333333333
2020-04-24 00:00:00+00:00,calibration,surgicalMasks,Proximity,don586,rec1111,5.0,5.1795,4.833333333333333
2020-04-24 00:00:00+00:00,calibration,surgicalMasks,Proximity,don589,rec1358,3.0,5.1795,4.833333333333333
2020-04-24 00:00:00+00:00,calibration,surgicalMasks,Proximity,don600,rec1834,5.0,31.625,4.833333333333333
2020-04-24 00:00:00+00:00,calibration,surgicalMasks,Proximity,don605,rec1037,30.0,5.1795,4.833333333333333
2020-04-24 00:00:00+00:00,calibration,surgicalMasks,Proximity,don624,rec1182,1.0,5.1795,4.833333333333333
2020-04-24 00:00:00+00:00,calibration,surgicalMasks,Proximity,don625,rec1191,2.0,5.1795,4.833333333333333
2020-04-24 00:00:00+00:00,calibration,surgicalMasks,Proximity,don626,rec1154,50.0,5.1795,4.833333333333333
2020-04-24 00:00:00+00:00,calibration,surgicalMasks,Proximity,don627,rec1393,100.0,5.1795,4.833333333333333
2020-04-24 00:00:00+00:00,calibration,surgicalMasks,Proximity,don628,rec1818,12.0,5.1795,4.833333333333333
2020-04-24 00:00:00+00:00,calibration,surgicalMasks,Proximity,don649,rec1962,15.0,5.1795,4.833333333333333
2020-04-24 00:00:00+00:00,calibration,surgicalMasks,Proximity,don650,rec1037,1000.0,5.1795,4.833333333333333
2020-04-24 00:00:00+00:00,calibration,surgicalMasks,Proximity,don654,rec394,45.0,5.1795,4.833333333333333
2020-04-24 00:00:00+00:00,calibration,surgicalMasks,Proximity,don656,rec1459,25.0,5.1795,4.833333333333333
2020-04-24 00:00:00+00:00,calibration,surgicalMasks,Proximity,don665,rec1346,20.0,5.1795,4.833333333333333
2020-04-24 00:00:00+00:00,calibration,surgicalMasks,Proximity,don666,rec1160,50.0,5.1795,4.833333333333333
2020-04-24 00:00:00+00:00,calibration,surgicalMasks,Proximity,don685,rec1425,100.0,5.1795,4.833333333333333
2020-04-24 00:00:00+00:00,calibration,surgicalMasks,Proximity,don690,rec1344,10.0,5.1795,4.833333333333333
2020-04-24 00:00:00+00:00,calibration,surgicalMasks,Proximity,don691,rec1457,50.0,5.1795,4.833333333333333
2020-04-24 00:00:00+00:00,calibration,surgicalMasks,Proximity,don696,rec1282,185.0,5.1795,4.833333333333333
2020-04-24 00:00:00+00:00,calibration,surgicalMasks,Proximity,don705,rec1037,100.0,5.1795,4.833333333333333
2020-04-24 00:00:00+00:00,calibration,surgicalMasks,Proximity,don715,rec1948,90.0,5.1795,4.833333333333333
2020-04-24 00:00:00+00:00,calibration,surgicalMasks,Proximity,don717,rec2503,6.0,14.096,4.833333333333333
2020-04-24 00:00:00+00:00,calibration,surgicalMasks,Proximity,don737,rec1111,5.0,5.1795,4.833333333333333
2020-04-24 00:00:00+00:00,calibration,surgicalMasks,Proximity,don738,rec1037,50.0,5.1795,4.833333333333333
2020-04-24 00:00:00+00:00,calibration,surgicalMasks,Proximity,don74,rec2537,20.0,21.963,4.833333333333333
2020-04-24 00:00:00+00:00,calibration,surgicalMasks,Proximity,don745,rec1923,100.0,5.1795,4.833333333333333
2020-04-24 00:00:00+00:00,calibration,surgicalMasks,Proximity,don746,rec1164,15.0,5.1795,4.833333333333333
2020-04-24 00:00:00+00:00,calibration,surgicalMasks,Proximity,don752,rec1144,150.0,5.1795,4.833333333333333
2020-04-24 00:00:00+00:00,calibration,surgicalMasks,Proximity,don753,rec1467,80.0,5.1795,4.833333333333333
2020-04-24 00:00:00+00:00,calibration,surgicalMasks,Proximity,don760,rec1136,46.0,5.1795,4.833333333333333
2020-04-24 00:00:00+00:00,calibration,surgicalMasks,Proximity,don762,rec1201,35.0,5.1795,4.833333333333333
2020-04-24 00:00:00+00:00,calibration,surgicalMasks,Proximity,don764,rec1930,50.0,21.963,4.833333333333333
2020-04-24 00:00:00+00:00,calibration,surgicalMasks,Proximity,don771,rec1111,40.0,5.1795,4.833333333333333
2020-04-24 00:00:00+00:00,calibration,surgicalMasks,Proximity,don778,rec2673,30.0,5.1795,4.833333333333333
2020-04-24 00:00:00+00:00,calibration,surgicalMasks,Proximity,don97,rec1116,95.0,5.1795,4.833333333333333
2020-04-24 00:00:00+00:00,calibration,surgicalMasks,Proximity,don791,rec1698,100.0,21.963,4.106944444444444
2020-04-24 00:00:00+00:00,calibration,surgicalMasks,Proximity,don825,rec2547,4.0,94.5685,2.3366435185185184
2020-04-24 00:00:00+00:00,calibration,surgicalMasks,Proximity,don827,rec2547,4.0,94.5685,2.3366319444444446
2020-04-24 00:00:00+00:00,calibration,surgicalMasks,Proximity,don829,rec2547,4.0,94.5685,2.3366319444444446
2020-04-24 00:00:00+00:00,calibration,surgicalMasks,Proximity,don833,rec1166,50.0,5.1795,2.280798611111111
2020-04-24 00:00:00+00:00,calibration,surgicalMasks,Proximity,don837,rec1199,200.0,5.1795,2.241886574074074
2020-04-24 00:00:00+00:00,calibration,surgicalMasks,Proximity,don839,rec1042,30.0,5.1795,2.186898148148148
2020-04-24 00:00:00+00:00,calibration,surgicalMasks,Proximity,don845,rec1055,75.0,5.1795,2.0969328703703702
2020-04-24 00:00:00+00:00,calibration,surgicalMasks,Proximity,don847,rec1030,150.0,5.1795,2.015601851851852
2020-04-24 00:00:00+00:00,calibration,surgicalMasks,Proximity,don873,rec1186,300.0,5.1795,1.0271064814814814
2020-04-24 00:00:00+00:00,calibration,surgicalMasks,Proximity,don875,rec1133,300.0,5.1795,1.025451388888889
2020-04-24 00:00:00+00:00,calibration,surgicalMasks,Proximity,don882,rec1197,5.0,5.1795,0.916400462962963
2020-04-24 00:00:00+00:00,calibration,surgicalMasks,Proximity,don884,rec1133,165.0,5.1795,0.8795949074074074
2020-04-24 00:00:00+00:00,calibration,surgicalMasks,Proximity,don887,rec1237,50.0,5.1795,0.7370023148148148
2020-04-24 00:00:00+00:00,calibration,surgicalMasks,Proximity,don905,rec1370,100.0,5.1795,0.04400462962962963
2020-04-24 00:00:00+00:00,calibration,surgicalMasks,Proximity,don906,rec1273,1000.0,5.1795,0.029756944444444444
2020-04-24 00:00:00+00:00,calibration,surgicalMasks,Proximity,don909,rec1462,100.0,5.1795,0.025902777777777778
2020-04-24 00:00:00+00:00,calibration,surgicalMasks,Proximity,don911,rec1111,139.0,5.1795,0.01954861111111111
2020-04-24 00:00:00+00:00,calibration,faceShields,Proximity,don107,rec1278,7.0,5.1795,4.833333333333333
2020-04-24 00:00:00+00:00,calibration,faceShields,Proximity,don112,rec2363,50.0,5.1795,4.833333333333333
2020-04-24 00:00:00+00:00,calibration,faceShields,Proximity,don114,rec1001,120.0,5.1795,4.833333333333333
2020-04-24 00:00:00+00:00,calibration,faceShields,Proximity,don115,rec1555,10.0,5.1795,4.833333333333333
2020-04-24 00:00:00+00:00,calibration,faceShields,Proximity,don127,rec1613,30.0,14.096,4.833333333333333
2020-04-24 00:00:00+00:00,calibration,faceShields,Proximity,don128,rec1299,6.0,5.1795,4.833333333333333
2020-04-24 00:00:00+00:00,calibration,faceShields,Proximity,don153,rec1144,50.0,5.1795,4.833333333333333
2020-04-24 00:00:00+00:00,calibration,faceShields,Proximity,don154,rec1782,5.0,31.625,4.833333333333333
2020-04-24 00:00:00+00:00,calibration,faceShields,Proximity,don156,rec1181,5.0,5.1795,4.833333333333333
2020-04-24 00:00:00+00:00,calibration,faceShields,Proximity,don189,rec1386,48.0,5.1795,4.833333333333333
2020-04-24 00:00:00+00:00,calibration,faceShields,Proximity,don190,rec1510,50.0,21.963,4.833333333333333
2020-04-24 00:00:00+00:00,calibration,faceShields,Proximity,don191,rec1209,100.0,5.1795,4.833333333333333
2020-04-24 00:00:00+00:00,calibration,faceShields,Proximity,don238,rec1619,10.0,5.1795,4.833333333333333
2020-04-24 00:00:00+00:00,calibration,faceShields,Proximity,don250,rec1169,1.0,5.1795,4.833333333333333
2020-04-24 00:00:00+00:00,calibration,faceShields,Proximity,don288,rec1005,100.0,5.1795,4.833333333333333
2020-04-24 00:00:00+00:00,calibration,faceShields,Proximity,don308,rec1,9.0,5.1795,4.833333333333333
2020-04-24 00:00:00+00:00,calibration,faceShields,Proximity,don319,rec1948,100.0,5.1795,4.833333333333333
2020-04-24 00:00:00+00:00,calibration,faceShields,Proximity,don320,rec1381,14.0,5.1795,4.833333333333333
2020-04-24 00:00:00+00:00,calibration,faceShields,Proximity,don322,rec1043,100.0,5.1795,4.833333333333333
2020-04-24 00:00:00+00:00,calibration,faceShields,Proximity,don332,rec2591,2.0,5.1795,4.833333333333333
2020-04-24 00:00:00+00:00,calibration,faceShields,Proximity,don336,rec1144,50.0,5.1795,4.833333333333333
2020-04-24 00:00:00+00:00,calibration,faceShields,Proximity,don337,rec1042,10.0,5.1795,4.833333333333333
2020-04-24 00:00:00+00:00,calibration,faceShields,Proximity,don338,rec1207,10.0,14.096,4.833333333333333
2020-04-24 00:00:00+00:00,calibration,faceShields,Proximity,don339,rec104,50.0,5.1795,4.833333333333333
2020-04-24 00:00:00+00:00,calibration,faceShields,Proximity,don349,rec2233,100.0,46.091,4.833333333333333
2020-04-24 00:00:00+00:00,calibration,faceShields,Proximity,don363,rec119,100.0,5.1795,4.833333333333333
2020-04-24 00:00:00+00:00,calibration,faceShields,Proximity,don366,rec1070,200.0,5.1795,4.833333333333333
2020-04-24 00:00:00+00:00,calibration,faceShields,Proximity,don367,rec1598,12.0,5.1795,4.833333333333333
2020-04-24 00:00:00+00:00,calibration,faceShields,Proximity,don368,rec2550,2.0,46.091,4.833333333333333
2020-04-24 00:00:00+00:00,calibration,faceShields,Proximity,don369,rec1243,30.0,5.1795,4.833333333333333
2020-04-24 00:00:00+00:00,calibration,faceShields,Proximity,don370,rec2174,4.0,5.1795,4.833333333333333
2020-04-24 00:00:00+00:00,calibration,faceShields,Proximity,don378,rec1128,15.0,5.1795,4.833333333333333
2020-04-24 00:00:00+00:00,calibration,faceShields,Proximity,don389,rec1080,200.0,5.1795,4.833333333333333
2020-04-24 00:00:00+00:00,calibration,faceShields,Proximity,don391,rec1519,40.0,5.1795,4.833333333333333
2020-04-24 00:00:00+00:00,calibration,faceShields,Proximity,don392,rec1346,25.0,5.1795,4.833333333333333
2020-04-24 00:00:00+00:00,calibration,faceShields,Proximity,don395,rec150,30.0,5.1795,4.833333333333333
2020-04-24 00:00:00+00:00,calibration,faceShields,Proximity,don407,rec1393,15.0,5.1795,4.833333333333333
2020-04-24 00:00:00+00:00,calibration,faceShields,Proximity,don408,rec1186,50.0,5.1795,4.833333333333333
2020-04-24 00:00:00+00:00,calibration,faceShields,Proximity,don409,rec1326,40.0,5.1795,4.833333333333333
2020-04-24 00:00:00+00:00,calibration,faceShields,Proximity,don410,rec1735,30.0,5.1795,4.833333333333333
2020-04-24 00:00:00+00:00,calibration,faceShields,Proximity,don433,rec1136,13.0,5.1795,4.833333333333333
2020-04-24 00:00:00+00:00,calibration,faceShields,Proximity,don434,rec1051,100.0,5.1795,4.833333333333333
2020-04-24 00:00:00+00:00,calibration,faceShields,Proximity,don448,rec1562,82.0,5.1795,4.833333333333333
2020-04-24 00:00:00+00:00,calibration,faceShields,Proximity,don449,rec1026,10.0,5.1795,4.833333333333333
2020-04-24 00:00:00+00:00,calibration,faceShields,Proximity,don450,rec1913,1.0,5.1795,4.833333333333333
2020-04-24 00:00:00+00:00,calibration,faceShields,Proximity,don451,rec2030,40.0,5.1795,4.833333333333333
2020-04-24 00:00:00+00:00,calibration,faceShields,Proximity,don461,rec430,40.0,5.1795,4.833333333333333
2020-04-24 00:00:00+00:00,calibration,faceShields,Proximity,don463,rec1622,30.0,5.1795,4.833333333333333
2020-04-24 00:00:00+00:00,calibration,faceShields,Proximity,don472,rec1181,14.0,5.1795,4.833333333333333
2020-04-24 00:00:00+00:00,calibration,faceShields,Proximity,don484,rec1196,25.0,14.096,4.833333333333333
2020-04-24 00:00:00+00:00,calibration,faceShields,Proximity,don489,rec1863,12.0,21.963,4.833333333333333
2020-04-24 00:00:00+00:00,calibration,faceShields,Proximity,don491,rec1035,50.0,5.1795,4.833333333333333
2020-04-24 00:00:00+00:00,calibration,faceShields,Proximity,don499,rec1019,100.0,5.1795,4.833333333333333
2020-04-24 00:00:00+00:00,calibration,faceShields,Proximity,don501,rec0,100.0,5.1795,4.833333333333333
2020-04-24 00:00:00+00:00,calibration,faceShields,Proximity,don512,rec1695,12.0,5.1795,4.833333333333333
2020-04-24 00:00:00+00:00,calibration,faceShields,Proximity,don513,rec1566,100.0,5.1795,4.833333333333333
2020-04-24 00:00:00+00:00,calibration,faceShields,Proximity,don514,rec73,40.0,5.1795,4.833333333333333
2020-04-24 00:00:00+00:00,calibration,faceShields,Proximity,don516,rec1257,20.0,5.1795,4.833333333333333
2020-04-24 00:00:00+00:00,calibration,faceShields,Proximity,don536,rec1464,10.0,5.1795,4.833333333333333
2020-04-24 00:00:00+00:00,calibration,faceShields,Proximity,don547,rec1030,25.0,5.1795,4.833333333333333
2020-04-24 00:00:00+00:00,calibration,faceShields,Proximity,don566,rec1278,25.0,21.963,4.833333333333333
2020-04-24 00:00:00+00:00,calibration,faceShields,Proximity,don578,rec1789,5.0,5.1795,4.833333333333333
2020-04-24 00:00:00+00:00,calibration,faceShields,Proximity,don583,rec1257,5.0,5.1795,4.833333333333333
2020-04-24 00:00:00+00:00,calibration,faceShields,Proximity,don587,rec1008,50.0,5.1795,4.833333333333333
2020-04-24 00:00:00+00:00,calibration,faceShields,Proximity,don602,rec119,100.0,5.1795,4.833333333333333
2020-04-24 00:00:00+00:00,calibration,faceShields,Proximity,don603,rec1923,35.0,14.096,4.833333333333333
2020-04-24 00:00:00+00:00,calibration,faceShields,Proximity,don604,rec1550,50.0,5.1795,4.833333333333333
2020-04-24 00:00:00+00:00,calibration,faceShields,Proximity,don605,rec1034,10.0,5.1795,4.833333333333333
2020-04-24 00:00:00+00:00,calibration,faceShields,Proximity,don653,rec1457,20.0,5.1795,4.833333333333333
2020-04-24 00:00:00+00:00,calibration,faceShields,Proximity,don666,rec406,10.0,5.1795,4.833333333333333
2020-04-24 00:00:00+00:00,calibration,faceShields,Proximity,don667,rec104,40.0,5.1795,4.833333333333333
2020-04-24 00:00:00+00:00,calibration,faceShields,Proximity,don668,rec1619,7.0,5.1795,4.833333333333333
2020-04-24 00:00:00+00:00,calibration,faceShields,Proximity,don669,rec2344,1.0,5.1795,4.833333333333333
2020-04-24 00:00:00+00:00,calibration,faceShields,Proximity,don670,rec1082,50.0,5.1795,4.833333333333333
2020-04-24 00:00:00+00:00,calibration,faceShields,Proximity,don680,rec17,10.0,5.1795,4.833333333333333
2020-04-24 00:00:00+00:00,calibration,faceShields,Proximity,don681,rec150,70.0,5.1795,4.833333333333333
2020-04-24 00:00:00+00:00,calibration,faceShields,Proximity,don685,rec1425,25.0,5.1795,4.833333333333333
2020-04-24 00:00:00+00:00,calibration,faceShields,Proximity,don705,rec1037,200.0,5.1795,4.833333333333333
2020-04-24 00:00:00+00:00,calibration,faceShields,Proximity,don706,rec0,1.0,5.1795,4.833333333333333
2020-04-24 00:00:00+00:00,calibration,faceShields,Proximity,don707,rec1385,30.0,21.963,4.833333333333333
2020-04-24 00:00:00+00:00,calibration,faceShields,Proximity,don712,rec361,40.0,21.963,4.833333333333333
2020-04-24 00:00:00+00:00,calibration,faceShields,Proximity,don713,rec143,22.0,5.1795,4.833333333333333
2020-04-24 00:00:00+00:00,calibration,faceShields,Proximity,don718,rec1226,5.0,5.1795,4.833333333333333
2020-04-24 00:00:00+00:00,calibration,faceShields,Proximity,don720,rec1238,10.0,5.1795,4.833333333333333
2020-04-24 00:00:00+00:00,calibration,faceShields,Proximity,don736,rec1219,100.0,5.1795,4.833333333333333
2020-04-24 00:00:00+00:00,calibration,faceShields,Proximity,don745,rec1923,10.0,5.1795,4.833333333333333
2020-04-24 00:00:00+00:00,calibration,faceShields,Proximity,don748,rec1366,25.0,5.1795,4.833333333333333
2020-04-24 00:00:00+00:00,calibration,faceShields,Proximity,don754,rec160,30.0,5.1795,4.833333333333333
2020-04-24 00:00:00+00:00,calibration,faceShields,Proximity,don756,rec100,20.0,5.1795,4.833333333333333
2020-04-24 00:00:00+00:00,calibration,faceShields,Proximity,don757,rec150,1.0,5.1795,4.833333333333333
2020-04-24 00:00:00+00:00,calibration,faceShields,Proximity,don758,rec1049,50.0,5.1795,4.833333333333333
2020-04-24 00:00:00+00:00,calibration,faceShields,Proximity,don764,rec1930,6.0,21.963,4.833333333333333
2020-04-24 00:00:00+00:00,calibration,faceShields,Proximity,don774,rec1245,10.0,5.1795,4.833333333333333
2020-04-24 00:00:00+00:00,calibration,faceShields,Proximity,don79,rec2001,100.0,122.0285,4.833333333333333
2020-04-24 00:00:00+00:00,calibration,faceShields,Proximity,don80,rec2299,2.0,5.1795,4.833333333333333
2020-04-24 00:00:00+00:00,calibration,faceShields,Proximity,don787,rec2467,20.0,31.625,4.120138888888889
2020-04-24 00:00:00+00:00,calibration,faceShields,Proximity,don791,rec424,10.0,21.963,4.106944444444444
2020-04-24 00:00:00+00:00,calibration,faceShields,Proximity,don792,rec1152,15.0,5.1795,3.9680555555555554
2020-04-24 00:00:00+00:00,calibration,faceShields,Proximity,don804,rec1414,30.0,5.1795,3.1822800925925927
2020-04-24 00:00:00+00:00,calibration,faceShields,Proximity,don810,rec1051,15.0,5.1795,3.1121875
2020-04-24 00:00:00+00:00,calibration,faceShields,Proximity,don818,rec2234,3.0,5.1795,2.684375
2020-04-24 00:00:00+00:00,calibration,faceShields,Proximity,don838,rec2421,2.0,151.1025,2.230891203703704
2020-04-24 00:00:00+00:00,calibration,faceShields,Proximity,don844,rec1184,10.0,5.1795,2.1476273148148146
2020-04-24 00:00:00+00:00,calibration,faceShields,Proximity,don849,rec289,15.0,21.963,1.954224537037037
2020-04-24 00:00:00+00:00,calibration,faceShields,Proximity,don854,rec1023,500.0,14.096,1.6799768518518519
2020-04-24 00:00:00+00:00,calibration,faceShields,Proximity,don855,rec1917,25.0,5.1795,1.4203472222222222
2020-04-24 00:00:00+00:00,calibration,faceShields,Proximity,don858,rec1186,200.0,5.1795,1.327037037037037
2020-04-24 00:00:00+00:00,calibration,faceShields,Proximity,don871,rec1424,40.0,5.1795,1.0721643518518518
2020-04-24 00:00:00+00:00,calibration,faceShields,Proximity,don879,rec1019,70.0,5.1795,0.9708449074074074
2020-04-24 00:00:00+00:00,calibration,faceShields,Proximity,don880,rec1037,60.0,5.1795,0.9651620370370371
2020-04-24 00:00:00+00:00,calibration,faceShields,Proximity,don891,rec161,10.0,31.625,0.40152777777777776
2020-04-24 00:00:00+00:00,calibration,faceShields,Proximity,don892,rec1494,1.0,5.1795,0.39244212962962965
2020-04-24 00:00:00+00:00,calibration,faceShields,Proximity,don899,rec1116,50.0,5.1795,0.2446412037037037
2020-04-24 00:00:00+00:00,calibration,faceShields,Proximity,don901,rec1116,50.0,5.1795,0.2254050925925926
2020-04-24 00:00:00+00:00,calibration,faceShields,Proximity,don910,rec1008,20.0,5.1795,0.01957175925925926
2020-04-24 00:00:00+00:00,calibration,gowns,Proximity,don178,rec0,500.0,5.1795,4.833333333333333
2020-04-24 00:00:00+00:00,calibration,gowns,Proximity,don179,rec621,8.0,14.096,4.833333333333333
2020-04-24 00:00:00+00:00,calibration,gowns,Proximity,don247,rec1184,20.0,5.1795,4.833333333333333
2020-04-24 00:00:00+00:00,calibration,gowns,Proximity,don254,rec1980,1.0,5.1795,4.833333333333333
2020-04-24 00:00:00+00:00,calibration,gowns,Proximity,don255,rec111,100.0,5.1795,4.833333333333333
2020-04-24 00:00:00+00:00,calibration,gowns,Proximity,don303,rec1068,50.0,5.1795,4.833333333333333
2020-04-24 00:00:00+00:00,calibration,gowns,Proximity,don304,rec0,9.0,5.1795,4.833333333333333
2020-04-24 00:00:00+00:00,calibration,gowns,Proximity,don328,rec1019,40.0,5.1795,4.833333333333333
2020-04-24 00:00:00+00:00,calibration,gowns,Proximity,don342,rec435,500.0,21.963,4.833333333333333
2020-04-24 00:00:00+00:00,calibration,gowns,Proximity,don343,rec134,500.0,5.1795,4.833333333333333
2020-04-24 00:00:00+00:00,calibration,gowns,Proximity,don431,rec1871,100.0,5.1795,4.833333333333333
2020-04-24 00:00:00+00:00,calibration,gowns,Proximity,don459,rec1205,150.0,5.1795,4.833333333333333
2020-04-24 00:00:00+00:00,calibration,gowns,Proximity,don578,rec1789,50.0,5.1795,4.833333333333333
2020-04-24 00:00:00+00:00,calibration,gowns,Proximity,don581,rec1,1.0,5.1795,4.833333333333333
2020-04-24 00:00:00+00:00,calibration,gowns,Proximity,don588,rec1181,49.0,5.1795,4.833333333333333
2020-04-24 00:00:00+00:00,calibration,gowns,Proximity,don605,rec1,3.0,5.1795,4.833333333333333
2020-04-24 00:00:00+00:00,calibration,gowns,Proximity,don620,rec1217,10.0,14.096,4.833333333333333
2020-04-24 00:00:00+00:00,calibration,gowns,Proximity,don691,rec1457,100.0,5.1795,4.833333333333333
2020-04-24 00:00:00+00:00,calibration,gowns,Proximity,don717,rec2503,10.0,14.096,4.833333333333333
2020-04-24 00:00:00+00:00,calibration,gowns,Proximity,don745,rec1923,200.0,5.1795,4.833333333333333
2020-04-24 00:00:00+00:00,calibration,gowns,Proximity,don756,rec2389,75.0,5.1795,4.833333333333333
2020-04-24 00:00:00+00:00,calibration,gowns,Proximity,don760,rec1136,4.0,5.1795,4.833333333333333
2020-04-24 00:00:00+00:00,calibration,gowns,Proximity,don781,rec1248,100.0,5.1795,4.418055555555555
2020-05-01 00:00:00+00:00,calibration,respirators,Proximity,don108,rec1037,6.0,5.1795,11.833333333333334
2020-05-01 00:00:00+00:00,calibration,respirators,Proximity,don166,rec1419,8.0,14.096,11.833333333333334
2020-05-01 00:00:00+00:00,calibration,respirators,Proximity,don184,rec1285,40.0,5.1795,11.833333333333334
2020-05-01 00:00:00+00:00,calibration,respirators,Proximity,don208,rec1273,8.0,5.1795,11.833333333333334
2020-05-01 00:00:00+00:00,calibration,respirators,Proximity,don243,rec1898,29.0,5.1795,11.833333333333334
2020-05-01 00:00:00+00:00,calibration,respirators,Proximity,don245,rec1831,5.0,5.1795,11.833333333333334
2020-05-01 00:00:00+00:00,calibration,respirators,Proximity,don247,rec1273,190.0,5.1795,11.833333333333334
2020-05-01 00:00:00+00:00,calibration,respirators,Proximity,don264,rec1037,99.0,5.1795,11.833333333333334
2020-05-01 00:00:00+00:00,calibration,respirators,Proximity,don268,rec18,160.0,5.1795,11.833333333333334
2020-05-01 00:00:00+00:00,calibration,respirators,Proximity,don299,rec1154,100.0,5.1795,11.833333333333334
2020-05-01 00:00:00+00:00,calibration,respirators,Proximity,don317,rec1005,250.0,5.1795,11.833333333333334
2020-05-01 00:00:00+00:00,calibration,respirators,Proximity,don373,rec11,27.0,5.1795,11.833333333333334
2020-05-01 00:00:00+00:00,calibration,respirators,Proximity,don382,rec3087,15.0,5.1795,11.833333333333334
2020-05-01 00:00:00+00:00,calibration,respirators,Proximity,don388,rec1140,1.0,68.58200000000001,11.833333333333334
2020-05-01 00:00:00+00:00,calibration,respirators,Proximity,don397,rec1140,299.0,68.58200000000001,11.833333333333334
2020-05-01 00:00:00+00:00,calibration,respirators,Proximity,don467,rec1285,59.0,5.1795,11.833333333333334
2020-05-01 00:00:00+00:00,calibration,respirators,Proximity,don468,rec1158,3.0,5.1795,11.833333333333334
2020-05-01 00:00:00+00:00,calibration,respirators,Proximity,don536,rec1563,90.0,5.1795,11.833333333333334
2020-05-01 00:00:00+00:00,calibration,respirators,Proximity,don554,rec1116,490.0,5.1795,11.833333333333334
2020-05-01 00:00:00+00:00,calibration,respirators,Proximity,don580,rec1203,18.0,94.5685,11.833333333333334
2020-05-01 00:00:00+00:00,calibration,respirators,Proximity,don597,rec1518,4.0,5.1795,11.833333333333334
2020-05-01 00:00:00+00:00,calibration,respirators,Proximity,don612,rec1497,50.0,14.096,11.833333333333334
2020-05-01 00:00:00+00:00,calibration,respirators,Proximity,don615,rec2299,2.0,5.1795,11.833333333333334
2020-05-01 00:00:00+00:00,calibration,respirators,Proximity,don620,rec195,8.0,21.963,11.833333333333334
2020-05-01 00:00:00+00:00,calibration,respirators,Proximity,don627,rec1520,350.0,5.1795,11.833333333333334
2020-05-01 00:00:00+00:00,calibration,respirators,Proximity,don633,rec1260,200.0,5.1795,11.833333333333334
2020-05-01 00:00:00+00:00,calibration,respirators,Proximity,don647,rec1731,100.0,31.625,11.833333333333334
2020-05-01 00:00:00+00:00,calibration,respirators,Proximity,don666,rec1160,10.0,5.1795,11.833333333333334
2020-05-01 00:00:00+00:00,calibration,respirators,Proximity,don686,rec2844,4.0,5.1795,11.833333333333334
2020-05-01 00:00:00+00:00,calibration,respirators,Proximity,don693,rec1346,39.0,5.1795,11.833333333333334
2020-05-01 00:00:00+00:00,calibration,respirators,Proximity,don707,rec1336,100.0,5.1795,11.833333333333334
2020-05-01 00:00:00+00:00,calibration,respirators,Proximity,don719,rec1054,4.0,5.1795,11.833333333333334
2020-05-01 00:00:00+00:00,calibration,respirators,Proximity,don723,rec2982,20.0,5.1795,11.833333333333334
2020-05-01 00:00:00+00:00,calibration,respirators,Proximity,don726,rec1615,9.0,5.1795,11.833333333333334
2020-05-01 00:00:00+00:00,calibration,respirators,Proximity,don745,rec2857,240.0,5.1795,11.833333333333334
2020-05-01 00:00:00+00:00,calibration,respirators,Proximity,don749,rec1139,20.0,14.096,11.833333333333334
2020-05-01 00:00:00+00:00,calibration,respirators,Proximity,don759,rec2016,4.0,5.1795,11.833333333333334
2020-05-01 00:00:00+00:00,calibration,respirators,Proximity,don763,rec3147,170.0,5.1795,11.833333333333334
2020-05-01 00:00:00+00:00,calibration,respirators,Proximity,don764,rec2943,2.0,5.1795,11.833333333333334
2020-05-01 00:00:00+00:00,calibration,respirators,Proximity,don766,rec1055,65.0,5.1795,11.833333333333334
2020-05-01 00:00:00+00:00,calibration,respirators,Proximity,don801,rec1510,8.0,122.0285,10.255567129629629
2020-05-01 00:00:00+00:00,calibration,respirators,Proximity,don912,rec1080,40.0,5.1795,7.009155092592593
2020-05-01 00:00:00+00:00,calibration,respirators,Proximity,don919,rec1803,100.0,5.1795,6.89494212962963
2020-05-01 00:00:00+00:00,calibration,respirators,Proximity,don927,rec1008,10.0,5.1795,6.401087962962963
2020-05-01 00:00:00+00:00,calibration,respirators,Proximity,don940,rec1051,60.0,5.1795,6.1827199074074075
2020-05-01 00:00:00+00:00,calibration,respirators,Proximity,don943,rec2808,3.0,5.1795,6.156539351851852
2020-05-01 00:00:00+00:00,calibration,respirators,Proximity,don953,rec1823,50.0,5.1795,6.040023148148149
2020-05-01 00:00:00+00:00,calibration,respirators,Proximity,don955,rec1873,10.0,5.1795,5.990358796296296
2020-05-01 00:00:00+00:00,calibration,respirators,Proximity,don967,rec1037,250.0,5.1795,5.197708333333333
2020-05-01 00:00:00+00:00,calibration,respirators,Proximity,don970,rec0,50.0,5.1795,5.129675925925926
2020-05-01 00:00:00+00:00,calibration,respirators,Proximity,don973,rec1054,3.0,5.1795,5.03875
2020-05-01 00:00:00+00:00,calibration,respirators,Proximity,don979,rec119,15.0,5.1795,4.84599537037037
2020-05-01 00:00:00+00:00,calibration,respirators,Proximity,don983,rec1136,10.0,5.1795,4.408935185185185
2020-05-01 00:00:00+00:00,calibration,respirators,Proximity,don986,rec1226,10.0,5.1795,4.356006944444444
2020-05-01 00:00:00+00:00,calibration,respirators,Proximity,don989,rec1273,400.0,5.1795,4.341284722222222
2020-05-01 00:00:00+00:00,calibration,respirators,Proximity,don990,rec1022,1.0,5.1795,4.3397800925925925
2020-05-01 00:00:00+00:00,calibration,respirators,Proximity,don993,rec1568,2.0,5.1795,4.2505092592592595
2020-05-01 00:00:00+00:00,calibration,respirators,Proximity,don998,rec1008,90.0,5.1795,4.179965277777778
2020-05-01 00:00:00+00:00,calibration,respirators,Proximity,don1001,rec1019,10.0,5.1795,4.149583333333333
2020-05-01 00:00:00+00:00,calibration,respirators,Proximity,don1014,rec1631,100.0,5.1795,3.420798611111111
2020-05-01 00:00:00+00:00,calibration,respirators,Proximity,don1016,rec3251,16.0,14.096,3.368726851851852
2020-05-01 00:00:00+00:00,calibration,respirators,Proximity,don1020,rec1619,30.0,5.1795,3.321597222222222
2020-05-01 00:00:00+00:00,calibration,respirators,Proximity,don1022,rec2811,1.0,5.1795,3.3034606481481483
2020-05-01 00:00:00+00:00,calibration,respirators,Proximity,don1023,rec1252,80.0,5.1795,3.2814236111111112
2020-05-01 00:00:00+00:00,calibration,respirators,Proximity,don1024,rec1772,60.0,5.1795,3.2427430555555556
2020-05-01 00:00:00+00:00,calibration,respirators,Proximity,don1028,rec1037,120.0,5.1795,3.207476851851852
2020-05-01 00:00:00+00:00,calibration,respirators,Proximity,don1030,rec1823,50.0,5.1795,3.205914351851852
2020-05-01 00:00:00+00:00,calibration,respirators,Proximity,don1032,rec1823,50.0,5.1795,3.205914351851852
2020-05-01 00:00:00+00:00,calibration,respirators,Proximity,don1036,rec1037,260.0,5.1795,3.19318287037037
2020-05-01 00:00:00+00:00,calibration,respirators,Proximity,don1051,rec1299,20.0,5.1795,2.899421296296296
2020-05-01 00:00:00+00:00,calibration,respirators,Proximity,don1066,rec138,4.0,5.1795,2.387164351851852
2020-05-01 00:00:00+00:00,calibration,respirators,Proximity,don1071,rec1019,150.0,5.1795,2.2934259259259258
2020-05-01 00:00:00+00:00,calibration,respirators,Proximity,don1072,rec1051,95.0,5.1795,2.281689814814815
2020-05-01 00:00:00+00:00,calibration,respirators,Proximity,don1083,rec2213,10.0,14.096,2.2072800925925926
2020-05-01 00:00:00+00:00,calibration,respirators,Proximity,don1084,rec125,1.0,5.1795,2.1980208333333335
2020-05-01 00:00:00+00:00,calibration,respirators,Proximity,don1085,rec1223,2.0,5.1795,2.177337962962963
2020-05-01 00:00:00+00:00,calibration,respirators,Proximity,don1100,rec1143,1.0,5.1795,2.032233796296296
2020-05-01 00:00:00+00:00,calibration,respirators,Proximity,don1102,rec2373,5.0,14.096,2.0016782407407407
2020-05-01 00:00:00+00:00,calibration,respirators,Proximity,don1104,rec2373,5.0,14.096,1.9846064814814814
2020-05-01 00:00:00+00:00,calibration,respirators,Proximity,don1113,rec2069,200.0,21.963,1.307025462962963
2020-05-01 00:00:00+00:00,calibration,respirators,Proximity,don1114,rec1249,10.0,5.1795,1.2885185185185186
2020-05-01 00:00:00+00:00,calibration,respirators,Proximity,don1115,rec151,40.0,5.1795,1.2885185185185186
2020-05-01 00:00:00+00:00,calibration,respirators,Proximity,don1132,rec1536,20.0,5.1795,0.950474537037037
2020-05-01 00:00:00+00:00,calibration,respirators,Proximity,don1149,rec1283,10.0,5.1795,0.14726851851851852
2020-05-01 00:00:00+00:00,calibration,surgicalMasks,Proximity,don129,rec1735,100.0,5.1795,11.833333333333334
2020-05-01 00:00:00+00:00,calibration,surgicalMasks,Proximity,don130,rec1385,465.0,5.1795,11.833333333333334
2020-05-01 00:00:00+00:00,calibration,surgicalMasks,Proximity,don231,rec2780,285.0,5.1795,11.833333333333334
2020-05-01 00:00:00+00:00,calibration,surgicalMasks,Proximity,don307,rec1349,950.0,5.1795,11.833333333333334
2020-05-01 00:00:00+00:00,calibration,surgicalMasks,Proximity,don313,rec1111,5.0,5.1795,11.833333333333334
2020-05-01 00:00:00+00:00,calibration,surgicalMasks,Proximity,don323,rec3071,50.0,5.1795,11.833333333333334
2020-05-01 00:00:00+00:00,calibration,surgicalMasks,Proximity,don325,rec1164,10.0,5.1795,11.833333333333334
2020-05-01 00:00:00+00:00,calibration,surgicalMasks,Proximity,don371,rec1055,25.0,5.1795,11.833333333333334
2020-05-01 00:00:00+00:00,calibration,surgicalMasks,Proximity,don423,rec1293,26.0,5.1795,11.833333333333334
2020-05-01 00:00:00+00:00,calibration,surgicalMasks,Proximity,don425,rec2949,2.0,5.1795,11.833333333333334
2020-05-01 00:00:00+00:00,calibration,surgicalMasks,Proximity,don477,rec2187,80.0,5.1795,11.833333333333334
2020-05-01 00:00:00+00:00,calibration,surgicalMasks,Proximity,don519,rec1178,130.0,5.1795,11.833333333333334
2020-05-01 00:00:00+00:00,calibration,surgicalMasks,Proximity,don536,rec1464,10.0,5.1795,11.833333333333334
2020-05-01 00:00:00+00:00,calibration,surgicalMasks,Proximity,don577,rec1381,100.0,21.963,11.833333333333334
2020-05-01 00:00:00+00:00,calibration,surgicalMasks,Proximity,don600,rec3069,7.0,5.1795,11.833333333333334
2020-05-01 00:00:00+00:00,calibration,surgicalMasks,Proximity,don627,rec1520,800.0,5.1795,11.833333333333334
2020-05-01 00:00:00+00:00,calibration,surgicalMasks,Proximity,don666,rec2779,150.0,5.1795,11.833333333333334
2020-05-01 00:00:00+00:00,calibration,surgicalMasks,Proximity,don752,rec1385,350.0,5.1795,11.833333333333334
2020-05-01 00:00:00+00:00,calibration,surgicalMasks,Proximity,don760,rec1178,4.0,5.1795,11.833333333333334
2020-05-01 00:00:00+00:00,calibration,surgicalMasks,Proximity,don764,rec3251,100.0,5.1795,11.833333333333334
2020-05-01 00:00:00+00:00,calibration,surgicalMasks,Proximity,don791,rec2711,100.0,46.091,11.106944444444444
2020-05-01 00:00:00+00:00,calibration,surgicalMasks,Proximity,don833,rec1178,66.0,5.1795,9.280798611111111
2020-05-01 00:00:00+00:00,calibration,surgicalMasks,Proximity,don839,rec1054,30.0,5.1795,9.186898148148147
2020-05-01 00:00:00+00:00,calibration,surgicalMasks,Proximity,don882,rec1257,195.0,5.1795,7.916400462962963
2020-05-01 00:00:00+00:00,calibration,surgicalMasks,Proximity,don884,rec1274,135.0,5.1795,7.879594907407407
2020-05-01 00:00:00+00:00,calibration,surgicalMasks,Proximity,don905,rec1640,10.0,5.1795,7.0440046296296295
2020-05-01 00:00:00+00:00,calibration,surgicalMasks,Proximity,don919,rec1803,90.0,5.1795,6.89494212962963
2020-05-01 00:00:00+00:00,calibration,surgicalMasks,Proximity,don921,rec1119,4.0,5.1795,6.8941435185185185
2020-05-01 00:00:00+00:00,calibration,surgicalMasks,Proximity,don927,rec1175,100.0,5.1795,6.401087962962963
2020-05-01 00:00:00+00:00,calibration,surgicalMasks,Proximity,don939,rec1568,100.0,5.1795,6.182928240740741
2020-05-01 00:00:00+00:00,calibration,surgicalMasks,Proximity,don944,rec1217,10.0,68.58200000000001,6.153645833333333
2020-05-01 00:00:00+00:00,calibration,surgicalMasks,Proximity,don945,rec1217,10.0,68.58200000000001,6.153645833333333
2020-05-01 00:00:00+00:00,calibration,surgicalMasks,Proximity,don947,rec1035,50.0,5.1795,6.112951388888889
2020-05-01 00:00:00+00:00,calibration,surgicalMasks,Proximity,don948,rec2127,100.0,5.1795,6.107893518518519
2020-05-01 00:00:00+00:00,calibration,surgicalMasks,Proximity,don950,rec3274,70.0,5.1795,6.050243055555556
2020-05-01 00:00:00+00:00,calibration,surgicalMasks,Proximity,don959,rec1111,95.0,5.1795,5.387337962962963
2020-05-01 00:00:00+00:00,calibration,surgicalMasks,Proximity,don960,rec1245,100.0,5.1795,5.381759259259259
2020-05-01 00:00:00+00:00,calibration,surgicalMasks,Proximity,don962,rec2348,100.0,5.1795,5.3425
2020-05-01 00:00:00+00:00,calibration,surgicalMasks,Proximity,don964,rec1385,50.0,5.1795,5.258969907407407
2020-05-01 00:00:00+00:00,calibration,surgicalMasks,Proximity,don965,rec1044,70.0,5.1795,5.230381944444445
2020-05-01 00:00:00+00:00,calibration,surgicalMasks,Proximity,don979,rec1119,75.0,5.1795,4.84599537037037
2020-05-01 00:00:00+00:00,calibration,surgicalMasks,Proximity,don982,rec1111,300.0,5.1795,4.79505787037037
2020-05-01 00:00:00+00:00,calibration,surgicalMasks,Proximity,don986,rec1226,88.0,5.1795,4.356006944444444
2020-05-01 00:00:00+00:00,calibration,surgicalMasks,Proximity,don989,rec1349,50.0,5.1795,4.341284722222222
2020-05-01 00:00:00+00:00,calibration,surgicalMasks,Proximity,don993,rec1568,49.0,5.1795,4.2505092592592595
2020-05-01 00:00:00+00:00,calibration,surgicalMasks,Proximity,don994,rec1037,20.0,5.1795,4.236168981481481
2020-05-01 00:00:00+00:00,calibration,surgicalMasks,Proximity,don998,rec1111,100.0,5.1795,4.179965277777778
2020-05-01 00:00:00+00:00,calibration,surgicalMasks,Proximity,don1001,rec1274,60.0,5.1795,4.149583333333333
2020-05-01 00:00:00+00:00,calibration,surgicalMasks,Proximity,don1009,rec1217,25.0,68.58200000000001,3.944236111111111
2020-05-01 00:00:00+00:00,calibration,surgicalMasks,Proximity,don1010,rec1402,60.0,46.091,3.8909606481481482
2020-05-01 00:00:00+00:00,calibration,surgicalMasks,Proximity,don1021,rec1377,20.0,5.1795,3.3188310185185186
2020-05-01 00:00:00+00:00,calibration,surgicalMasks,Proximity,don1025,rec2233,50.0,68.58200000000001,3.2413773148148146
2020-05-01 00:00:00+00:00,calibration,surgicalMasks,Proximity,don1027,rec1812,70.0,5.1795,3.2114930555555556
2020-05-01 00:00:00+00:00,calibration,surgicalMasks,Proximity,don1036,rec1037,400.0,5.1795,3.19318287037037
2020-05-01 00:00:00+00:00,calibration,surgicalMasks,Proximity,don1043,rec1274,100.0,5.1795,3.1288657407407405
2020-05-01 00:00:00+00:00,calibration,surgicalMasks,Proximity,don1044,rec1010,40.0,5.1795,3.1230671296296295
2020-05-01 00:00:00+00:00,calibration,surgicalMasks,Proximity,don1045,rec1064,50.0,5.1795,3.0769212962962964
2020-05-01 00:00:00+00:00,calibration,surgicalMasks,Proximity,don1050,rec1274,950.0,5.1795,2.9646875
2020-05-01 00:00:00+00:00,calibration,surgicalMasks,Proximity,don1065,rec1169,28.0,5.1795,2.3953935185185187
2020-05-01 00:00:00+00:00,calibration,surgicalMasks,Proximity,don1086,rec1282,15.0,5.1795,2.1383680555555555
2020-05-01 00:00:00+00:00,calibration,surgicalMasks,Proximity,don1088,rec1049,2.0,5.1795,2.125474537037037
2020-05-01 00:00:00+00:00,calibration,surgicalMasks,Proximity,don1091,rec3155,50.0,5.1795,2.1184606481481483
2020-05-01 00:00:00+00:00,calibration,surgicalMasks,Proximity,don1092,rec1037,30.0,5.1795,2.118425925925926
2020-05-01 00:00:00+00:00,calibration,surgicalMasks,Proximity,don1096,rec1366,100.0,5.1795,2.087523148148148
2020-05-01 00:00:00+00:00,calibration,surgicalMasks,Proximity,don1105,rec1423,500.0,14.096,1.9441435185185185
2020-05-01 00:00:00+00:00,calibration,surgicalMasks,Proximity,don1106,rec1111,50.0,5.1795,1.8982291666666666
2020-05-01 00:00:00+00:00,calibration,surgicalMasks,Proximity,don1108,rec1278,60.0,21.963,1.8467592592592592
2020-05-01 00:00:00+00:00,calibration,surgicalMasks,Proximity,don1125,rec1037,200.0,5.1795,1.086238425925926
2020-05-01 00:00:00+00:00,calibration,surgicalMasks,Proximity,don1132,rec1536,50.0,5.1795,0.950474537037037
2020-05-01 00:00:00+00:00,calibration,surgicalMasks,Proximity,don1136,rec1365,10.0,5.1795,0.8791087962962963
2020-05-01 00:00:00+00:00,calibration,surgicalMasks,Proximity,don1146,rec1385,40.0,5.1795,0.19282407407407406
2020-05-01 00:00:00+00:00,calibration,faceShields,Proximity,don114,rec1008,30.0,5.1795,11.833333333333334
2020-05-01 00:00:00+00:00,calibration,faceShields,Proximity,don115,rec2566,5.0,5.1795,11.833333333333334
2020-05-01 00:00:00+00:00,calibration,faceShields,Proximity,don127,rec3157,10.0,5.1795,11.833333333333334
2020-05-01 00:00:00+00:00,calibration,faceShields,Proximity,don128,rec1434,494.0,5.1795,11.833333333333334
2020-05-01 00:00:00+00:00,calibration,faceShields,Proximity,don154,rec3363,5.0,31.625,11.833333333333334
2020-05-01 00:00:00+00:00,calibration,faceShields,Proximity,don190,rec2135,2.0,122.0285,11.833333333333334
2020-05-01 00:00:00+00:00,calibration,faceShields,Proximity,don308,rec1037,91.0,5.1795,11.833333333333334
2020-05-01 00:00:00+00:00,calibration,faceShields,Proximity,don322,rec1055,100.0,5.1795,11.833333333333334
2020-05-01 00:00:00+00:00,calibration,faceShields,Proximity,don332,rec849,98.0,5.1795,11.833333333333334
2020-05-01 00:00:00+00:00,calibration,faceShields,Proximity,don336,rec150,50.0,5.1795,11.833333333333334
2020-05-01 00:00:00+00:00,calibration,faceShields,Proximity,don337,rec1054,10.0,5.1795,11.833333333333334
2020-05-01 00:00:00+00:00,calibration,faceShields,Proximity,don338,rec1419,290.0,14.096,11.833333333333334
2020-05-01 00:00:00+00:00,calibration,faceShields,Proximity,don366,rec1145,500.0,5.1795,11.833333333333334
2020-05-01 00:00:00+00:00,calibration,faceShields,Proximity,don367,rec2691,38.0,5.1795,11.833333333333334
2020-05-01 00:00:00+00:00,calibration,faceShields,Proximity,don368,rec2716,100.0,46.091,11.833333333333334
2020-05-01 00:00:00+00:00,calibration,faceShields,Proximity,don370,rec2736,2.0,5.1795,11.833333333333334
2020-05-01 00:00:00+00:00,calibration,faceShields,Proximity,don392,rec1393,25.0,5.1795,11.833333333333334
2020-05-01 00:00:00+00:00,calibration,faceShields,Proximity,don410,rec2892,11.0,5.1795,11.833333333333334
2020-05-01 00:00:00+00:00,calibration,faceShields,Proximity,don433,rec1166,7.0,5.1795,11.833333333333334
2020-05-01 00:00:00+00:00,calibration,faceShields,Proximity,don449,rec1037,5.0,5.1795,11.833333333333334
2020-05-01 00:00:00+00:00,calibration,faceShields,Proximity,don450,rec2891,8.0,5.1795,11.833333333333334
2020-05-01 00:00:00+00:00,calibration,faceShields,Proximity,don461,rec2995,100.0,5.1795,11.833333333333334
2020-05-01 00:00:00+00:00,calibration,faceShields,Proximity,don484,rec1029,75.0,21.963,11.833333333333334
2020-05-01 00:00:00+00:00,calibration,faceShields,Proximity,don489,rec921,18.0,31.625,11.833333333333334
2020-05-01 00:00:00+00:00,calibration,faceShields,Proximity,don512,rec1815,5.0,5.1795,11.833333333333334
2020-05-01 00:00:00+00:00,calibration,faceShields,Proximity,don514,rec238,30.0,14.096,11.833333333333334
2020-05-01 00:00:00+00:00,calibration,faceShields,Proximity,don536,rec1563,100.0,5.1795,11.833333333333334
2020-05-01 00:00:00+00:00,calibration,faceShields,Proximity,don583,rec1337,25.0,5.1795,11.833333333333334
2020-05-01 00:00:00+00:00,calibration,faceShields,Proximity,don605,rec1037,5.0,5.1795,11.833333333333334
2020-05-01 00:00:00+00:00,calibration,faceShields,Proximity,don669,rec2541,15.0,5.1795,11.833333333333334
2020-05-01 00:00:00+00:00,calibration,faceShields,Proximity,don680,rec2,10.0,5.1795,11.833333333333334
2020-05-01 00:00:00+00:00,calibration,faceShields,Proximity,don685,rec2021,275.0,5.1795,11.833333333333334
2020-05-01 00:00:00+00:00,calibration,faceShields,Proximity,don707,rec1445,3.0,21.963,11.833333333333334
2020-05-01 00:00:00+00:00,calibration,faceShields,Proximity,don712,rec369,20.0,21.963,11.833333333333334
2020-05-01 00:00:00+00:00,calibration,faceShields,Proximity,don736,rec1321,100.0,5.1795,11.833333333333334
2020-05-01 00:00:00+00:00,calibration,faceShields,Proximity,don748,rec1393,10.0,5.1795,11.833333333333334
2020-05-01 00:00:00+00:00,calibration,faceShields,Proximity,don754,rec3399,2.0,5.1795,11.833333333333334
2020-05-01 00:00:00+00:00,calibration,faceShields,Proximity,don756,rec2389,5.0,5.1795,11.833333333333334
2020-05-01 00:00:00+00:00,calibration,faceShields,Proximity,don764,rec2899,30.0,5.1795,11.833333333333334
2020-05-01 00:00:00+00:00,calibration,faceShields,Proximity,don79,rec3085,2.0,151.1025,11.833333333333334
2020-05-01 00:00:00+00:00,calibration,faceShields,Proximity,don80,rec2808,3.0,5.1795,11.833333333333334
2020-05-01 00:00:00+00:00,calibration,faceShields,Proximity,don787,rec1326,110.0,46.091,11.120138888888889
2020-05-01 00:00:00+00:00,calibration,faceShields,Proximity,don792,rec1170,3.0,5.1795,10.968055555555555
2020-05-01 00:00:00+00:00,calibration,faceShields,Proximity,don818,rec260,200.0,5.1795,9.684375
2020-05-01 00:00:00+00:00,calibration,faceShields,Proximity,don838,rec3206,4.0,267.284,9.230891203703704
2020-05-01 00:00:00+00:00,calibration,faceShields,Proximity,don844,rec1273,60.0,5.1795,9.147627314814814
2020-05-01 00:00:00+00:00,calibration,faceShields,Proximity,don849,rec755,15.0,21.963,8.954224537037037
2020-05-01 00:00:00+00:00,calibration,faceShields,Proximity,don854,rec1029,425.0,14.096,8.679976851851851
2020-05-01 00:00:00+00:00,calibration,faceShields,Proximity,don855,rec1935,42.0,5.1795,8.420347222222222
2020-05-01 00:00:00+00:00,calibration,faceShields,Proximity,don892,rec1701,25.0,5.1795,7.39244212962963
2020-05-01 00:00:00+00:00,calibration,faceShields,Proximity,don915,rec1278,68.0,5.1795,6.922523148148148
2020-05-01 00:00:00+00:00,calibration,faceShields,Proximity,don933,rec1177,200.0,5.1795,6.263819444444445
2020-05-01 00:00:00+00:00,calibration,faceShields,Proximity,don934,rec1226,100.0,5.1795,6.252986111111111
2020-05-01 00:00:00+00:00,calibration,faceShields,Proximity,don951,rec1436,60.0,5.1795,6.044953703703704
2020-05-01 00:00:00+00:00,calibration,faceShields,Proximity,don961,rec2073,20.0,5.1795,5.372627314814815
2020-05-01 00:00:00+00:00,calibration,faceShields,Proximity,don972,rec1052,50.0,68.58200000000001,5.090381944444444
2020-05-01 00:00:00+00:00,calibration,faceShields,Proximity,don981,rec1037,1.0,5.1795,4.830150462962963
2020-05-01 00:00:00+00:00,calibration,faceShields,Proximity,don989,rec1273,180.0,5.1795,4.341284722222222
2020-05-01 00:00:00+00:00,calibration,faceShields,Proximity,don999,rec2922,1.0,5.1795,4.165543981481481
2020-05-01 00:00:00+00:00,calibration,faceShields,Proximity,don1005,rec1590,100.0,31.625,3.976122685185185
2020-05-01 00:00:00+00:00,calibration,faceShields,Proximity,don1006,rec1521,250.0,46.091,3.976122685185185
2020-05-01 00:00:00+00:00,calibration,faceShields,Proximity,don1007,rec1012,1000.0,5.1795,3.9605671296296294
2020-05-01 00:00:00+00:00,calibration,faceShields,Proximity,don1015,rec1017,100.0,5.1795,3.4019097222222223
2020-05-01 00:00:00+00:00,calibration,faceShields,Proximity,don1018,rec1116,100.0,5.1795,3.33375
2020-05-01 00:00:00+00:00,calibration,faceShields,Proximity,don1037,rec1116,1.0,5.1795,3.187824074074074
2020-05-01 00:00:00+00:00,calibration,faceShields,Proximity,don1046,rec1520,10.0,5.1795,3.0667824074074073
2020-05-01 00:00:00+00:00,calibration,faceShields,Proximity,don1047,rec1166,6.0,5.1795,3.0573958333333335
2020-05-01 00:00:00+00:00,calibration,faceShields,Proximity,don1048,rec3229,25.0,5.1795,3.0341087962962963
2020-05-01 00:00:00+00:00,calibration,faceShields,Proximity,don1058,rec0,2.0,5.1795,2.8265625
2020-05-01 00:00:00+00:00,calibration,faceShields,Proximity,don1069,rec2292,100.0,31.625,2.333090277777778
2020-05-01 00:00:00+00:00,calibration,faceShields,Proximity,don1082,rec0,1000.0,5.1795,2.237696759259259
2020-05-01 00:00:00+00:00,calibration,faceShields,Proximity,don1099,rec1237,40.0,5.1795,2.0341435185185186
2020-05-01 00:00:00+00:00,calibration,faceShields,Proximity,don1110,rec1037,130.0,5.1795,1.6012962962962962
2020-05-01 00:00:00+00:00,calibration,faceShields,Proximity,don1116,rec1146,10.0,5.1795,1.2833796296296296
2020-05-01 00:00:00+00:00,calibration,faceShields,Proximity,don1121,rec1273,50.0,5.1795,1.154375
2020-05-01 00:00:00+00:00,calibration,faceShields,Proximity,don1123,rec1424,10.0,5.1795,1.142824074074074
2020-05-01 00:00:00+00:00,calibration,faceShields,Proximity,don1133,rec1390,1000.0,5.1795,0.9136921296296296
2020-05-01 00:00:00+00:00,calibration,faceShields,Proximity,don1140,rec1165,200.0,5.1795,0.38787037037037037
2020-05-01 00:00:00+00:00,calibration,faceShields,Proximity,don1141,rec1165,200.0,5.1795,0.38787037037037037
2020-05-01 00:00:00+00:00,calibration,faceShields,Proximity,don1144,rec1051,50.0,5.1795,0.2129513888888889
2020-05-01 00:00:00+00:00,calibration,gowns,Proximity,don247,rec1273,380.0,5.1795,11.833333333333334
2020-05-01 00:00:00+00:00,calibration,gowns,Proximity,don781,rec1465,50.0,5.1795,11.418055555555556
2020-05-01 00:00:00+00:00,calibration,gowns,Proximity,don921,rec119,1.0,5.1795,6.8941435185185185
2020-05-01 00:00:00+00:00,calibration,gowns,Proximity,don1054,rec1990,1.0,31.625,2.8837384259259258
2020-05-01 00:00:00+00:00,calibration,gowns,Proximity,don1058,rec0,2.0,5.1795,2.8265625
2020-05-01 00:00:00+00:00,calibration,gowns,Proximity,don1079,rec1504,10.0,14.096,2.264710648148148
2020-05-01 00:00:00+00:00,calibration,gowns,Proximity,don1138,rec1177,30.0,5.1795,0.5157060185185185
2020-05-08 00:00:00+00:00,calibration,respirators,Proximity,don299,rec1436,445.0,5.1795,18.833333333333332
2020-05-08 00:00:00+00:00,calibration,respirators,Proximity,don317,rec1060,200.0,5.1795,18.833333333333332
2020-05-08 00:00:00+00:00,calibration,respirators,Proximity,don373,rec1377,50.0,5.1795,18.833333333333332
2020-05-08 00:00:00+00:00,calibration,respirators,Proximity,don382,rec746,25.0,5.1795,18.833333333333332
2020-05-08 00:00:00+00:00,calibration,respirators,Proximity,don397,rec1168,300.0,68.58200000000001,18.833333333333332
2020-05-08 00:00:00+00:00,calibration,respirators,Proximity,don467,rec1424,100.0,5.1795,18.833333333333332
2020-05-08 00:00:00+00:00,calibration,respirators,Proximity,don580,rec1295,18.0,94.5685,18.833333333333332
2020-05-08 00:00:00+00:00,calibration,respirators,Proximity,don612,rec2098,5.0,14.096,18.833333333333332
2020-05-08 00:00:00+00:00,calibration,respirators,Proximity,don615,rec2918,88.0,5.1795,18.833333333333332
2020-05-08 00:00:00+00:00,calibration,respirators,Proximity,don633,rec1301,150.0,5.1795,18.833333333333332
2020-05-08 00:00:00+00:00,calibration,respirators,Proximity,don647,rec3195,500.0,31.625,18.833333333333332
2020-05-08 00:00:00+00:00,calibration,respirators,Proximity,don693,rec1366,50.0,5.1795,18.833333333333332
2020-05-08 00:00:00+00:00,calibration,respirators,Proximity,don707,rec2373,300.0,5.1795,18.833333333333332
2020-05-08 00:00:00+00:00,calibration,respirators,Proximity,don723,rec3147,155.0,5.1795,18.833333333333332
2020-05-08 00:00:00+00:00,calibration,respirators,Proximity,don749,rec1467,20.0,14.096,18.833333333333332
2020-05-08 00:00:00+00:00,calibration,respirators,Proximity,don759,rec2148,25.0,5.1795,18.833333333333332
2020-05-08 00:00:00+00:00,calibration,respirators,Proximity,don764,rec3251,24.0,5.1795,18.833333333333332
2020-05-08 00:00:00+00:00,calibration,respirators,Proximity,don766,rec1136,3.0,5.1795,18.833333333333332
2020-05-08 00:00:00+00:00,calibration,respirators,Proximity,don912,rec1244,46.0,5.1795,14.009155092592593
2020-05-08 00:00:00+00:00,calibration,respirators,Proximity,don943,rec2918,2.0,5.1795,13.156539351851851
2020-05-08 00:00:00+00:00,calibration,respirators,Proximity,don973,rec1106,33.0,5.1795,12.03875
2020-05-08 00:00:00+00:00,calibration,respirators,Proximity,don998,rec1017,60.0,5.1795,11.179965277777777
2020-05-08 00:00:00+00:00,calibration,respirators,Proximity,don1014,rec2970,100.0,5.1795,10.420798611111111
2020-05-08 00:00:00+00:00,calibration,respirators,Proximity,don1022,rec1370,11.0,14.096,10.303460648148148
2020-05-08 00:00:00+00:00,calibration,respirators,Proximity,don1023,rec1443,920.0,5.1795,10.28142361111111
2020-05-08 00:00:00+00:00,calibration,respirators,Proximity,don1051,rec1434,80.0,5.1795,9.899421296296296
2020-05-08 00:00:00+00:00,calibration,respirators,Proximity,don1072,rec1111,655.0,5.1795,9.281689814814815
2020-05-08 00:00:00+00:00,calibration,respirators,Proximity,don1083,rec2920,10.0,31.625,9.207280092592592
2020-05-08 00:00:00+00:00,calibration,respirators,Proximity,don1114,rec151,30.0,5.1795,8.288518518518519
2020-05-08 00:00:00+00:00,calibration,respirators,Proximity,don1180,rec1986,10.0,5.1795,6.316979166666667
2020-05-08 00:00:00+00:00,calibration,respirators,Proximity,don1184,rec1226,5.0,5.1795,6.307650462962963
2020-05-08 00:00:00+00:00,calibration,respirators,Proximity,don1196,rec2256,300.0,46.091,6.014664351851851
2020-05-08 00:00:00+00:00,calibration,respirators,Proximity,don1208,rec2115,20.0,5.1795,5.356030092592593
2020-05-08 00:00:00+00:00,calibration,respirators,Proximity,don1215,rec1165,9.0,5.1795,5.283819444444444
2020-05-08 00:00:00+00:00,calibration,respirators,Proximity,don1230,rec0,2.0,5.1795,4.322048611111111
2020-05-08 00:00:00+00:00,calibration,respirators,Proximity,don1237,rec2032,50.0,5.1795,4.185497685185185
2020-05-08 00:00:00+00:00,calibration,respirators,Proximity,don1238,rec1144,80.0,5.1795,4.173240740740741
2020-05-08 00:00:00+00:00,calibration,respirators,Proximity,don1239,rec1037,200.0,5.1795,4.170925925925926
2020-05-08 00:00:00+00:00,calibration,respirators,Proximity,don1244,rec1186,150.0,5.1795,4.005613425925926
2020-05-08 00:00:00+00:00,calibration,respirators,Proximity,don1254,rec1019,200.0,5.1795,3.2018287037037036
2020-05-08 00:00:00+00:00,calibration,respirators,Proximity,don1263,rec1048,250.0,5.1795,3.0623958333333334
2020-05-08 00:00:00+00:00,calibration,respirators,Proximity,don1274,rec1037,50.0,5.1795,2.2183217592592595
2020-05-08 00:00:00+00:00,calibration,surgicalMasks,Proximity,don129,rec2779,300.0,5.1795,18.833333333333332
2020-05-08 00:00:00+00:00,calibration,surgicalMasks,Proximity,don231,rec3062,100.0,5.1795,18.833333333333332
2020-05-08 00:00:00+00:00,calibration,surgicalMasks,Proximity,don325,rec1202,465.0,5.1795,18.833333333333332
2020-05-08 00:00:00+00:00,calibration,surgicalMasks,Proximity,don423,rec1530,98.0,5.1795,18.833333333333332
2020-05-08 00:00:00+00:00,calibration,surgicalMasks,Proximity,don425,rec2666,28.0,14.096,18.833333333333332
2020-05-08 00:00:00+00:00,calibration,surgicalMasks,Proximity,don536,rec1563,80.0,5.1795,18.833333333333332
2020-05-08 00:00:00+00:00,calibration,surgicalMasks,Proximity,don577,rec1713,50.0,31.625,18.833333333333332
2020-05-08 00:00:00+00:00,calibration,surgicalMasks,Proximity,don764,rec3554,50.0,5.1795,18.833333333333332
2020-05-08 00:00:00+00:00,calibration,surgicalMasks,Proximity,don833,rec1242,184.0,5.1795,16.280798611111113
2020-05-08 00:00:00+00:00,calibration,surgicalMasks,Proximity,don839,rec1385,95.0,5.1795,16.18689814814815
2020-05-08 00:00:00+00:00,calibration,surgicalMasks,Proximity,don905,rec1842,55.0,5.1795,14.04400462962963
2020-05-08 00:00:00+00:00,calibration,surgicalMasks,Proximity,don947,rec1049,48.0,5.1795,13.112951388888888
2020-05-08 00:00:00+00:00,calibration,surgicalMasks,Proximity,don948,rec2253,50.0,5.1795,13.107893518518518
2020-05-08 00:00:00+00:00,calibration,surgicalMasks,Proximity,don960,rec3332,100.0,5.1795,12.38175925925926
2020-05-08 00:00:00+00:00,calibration,surgicalMasks,Proximity,don962,rec3353,15.0,5.1795,12.3425
2020-05-08 00:00:00+00:00,calibration,surgicalMasks,Proximity,don965,rec1056,70.0,5.1795,12.230381944444444
2020-05-08 00:00:00+00:00,calibration,surgicalMasks,Proximity,don989,rec1482,15.0,5.1795,11.341284722222222
2020-05-08 00:00:00+00:00,calibration,surgicalMasks,Proximity,don1009,rec2233,25.0,68.58200000000001,10.944236111111111
2020-05-08 00:00:00+00:00,calibration,surgicalMasks,Proximity,don1021,rec1657,70.0,5.1795,10.318831018518518
2020-05-08 00:00:00+00:00,calibration,surgicalMasks,Proximity,don1086,rec1297,25.0,5.1795,9.138368055555556
2020-05-08 00:00:00+00:00,calibration,surgicalMasks,Proximity,don1096,rec1520,900.0,5.1795,9.087523148148149
2020-05-08 00:00:00+00:00,calibration,surgicalMasks,Proximity,don1105,rec1104,100.0,21.963,8.94414351851852
2020-05-08 00:00:00+00:00,calibration,surgicalMasks,Proximity,don1108,rec1351,90.0,21.963,8.84675925925926
2020-05-08 00:00:00+00:00,calibration,surgicalMasks,Proximity,don1136,rec1657,90.0,5.1795,7.879108796296296
2020-05-08 00:00:00+00:00,calibration,surgicalMasks,Proximity,don1156,rec2880,50.0,5.1795,6.9695833333333335
2020-05-08 00:00:00+00:00,calibration,surgicalMasks,Proximity,don1178,rec2995,100.0,14.096,6.336377314814815
2020-05-08 00:00:00+00:00,calibration,surgicalMasks,Proximity,don1180,rec1182,199.0,5.1795,6.316979166666667
2020-05-08 00:00:00+00:00,calibration,surgicalMasks,Proximity,don1187,rec1070,50.0,5.1795,6.276550925925926
2020-05-08 00:00:00+00:00,calibration,surgicalMasks,Proximity,don1191,rec1119,50.0,5.1795,6.150486111111111
2020-05-08 00:00:00+00:00,calibration,surgicalMasks,Proximity,don1193,rec1116,9.0,5.1795,6.08130787037037
2020-05-08 00:00:00+00:00,calibration,surgicalMasks,Proximity,don1203,rec1088,112.0,5.1795,5.370613425925926
2020-05-08 00:00:00+00:00,calibration,surgicalMasks,Proximity,don1208,rec2250,130.0,5.1795,5.356030092592593
2020-05-08 00:00:00+00:00,calibration,surgicalMasks,Proximity,don1209,rec1799,10.0,5.1795,5.348831018518519
2020-05-08 00:00:00+00:00,calibration,surgicalMasks,Proximity,don1215,rec1165,9.0,5.1795,5.283819444444444
2020-05-08 00:00:00+00:00,calibration,surgicalMasks,Proximity,don1217,rec1520,10.0,5.1795,5.240810185185185
2020-05-08 00:00:00+00:00,calibration,surgicalMasks,Proximity,don1228,rec1274,15.0,5.1795,4.3809375
2020-05-08 00:00:00+00:00,calibration,surgicalMasks,Proximity,don1229,rec1242,50.0,5.1795,4.330092592592592
2020-05-08 00:00:00+00:00,calibration,surgicalMasks,Proximity,don1244,rec1186,100.0,5.1795,4.005613425925926
2020-05-08 00:00:00+00:00,calibration,surgicalMasks,Proximity,don1246,rec1274,4.0,5.1795,3.9541898148148147
2020-05-08 00:00:00+00:00,calibration,surgicalMasks,Proximity,don1251,rec1504,5.0,5.1795,3.834247685185185
2020-05-08 00:00:00+00:00,calibration,surgicalMasks,Proximity,don1267,rec1064,100.0,5.1795,3.0500578703703702
2020-05-08 00:00:00+00:00,calibration,surgicalMasks,Proximity,don1271,rec1210,50.0,5.1795,2.458391203703704
2020-05-08 00:00:00+00:00,calibration,surgicalMasks,Proximity,don1274,rec1037,100.0,5.1795,2.2183217592592595
2020-05-08 00:00:00+00:00,calibration,surgicalMasks,Proximity,don1275,rec1111,200.0,5.1795,2.1790625
2020-05-08 00:00:00+00:00,calibration,surgicalMasks,Proximity,don1279,rec1326,50.0,5.1795,2.0114699074074074
2020-05-08 00:00:00+00:00,calibration,surgicalMasks,Proximity,don1285,rec1111,6.0,5.1795,1.3581828703703704
2020-05-08 00:00:00+00:00,calibration,surgicalMasks,Proximity,don1288,rec1072,40.0,14.096,1.0986226851851852
2020-05-08 00:00:00+00:00,calibration,surgicalMasks,Proximity,don1289,rec1283,500.0,5.1795,0.9982060185185185
2020-05-08 00:00:00+00:00,calibration,surgicalMasks,Proximity,don1303,rec106,100.0,5.1795,0.18952546296296297
2020-05-08 00:00:00+00:00,calibration,surgicalMasks,Proximity,don1304,rec1568,100.0,5.1795,0.1675462962962963
2020-05-08 00:00:00+00:00,calibration,faceShields,Proximity,don114,rec1051,35.0,5.1795,18.833333333333332
2020-05-08 00:00:00+00:00,calibration,faceShields,Proximity,don115,rec3072,1.0,5.1795,18.833333333333332
2020-05-08 00:00:00+00:00,calibration,faceShields,Proximity,don127,rec1577,60.0,21.963,18.833333333333332
2020-05-08 00:00:00+00:00,calibration,faceShields,Proximity,don190,rec288,37.0,122.0285,18.833333333333332
2020-05-08 00:00:00+00:00,calibration,faceShields,Proximity,don337,rec1283,180.0,5.1795,18.833333333333332
2020-05-08 00:00:00+00:00,calibration,faceShields,Proximity,don366,rec1499,100.0,5.1795,18.833333333333332
2020-05-08 00:00:00+00:00,calibration,faceShields,Proximity,don368,rec1015,298.0,68.58200000000001,18.833333333333332
2020-05-08 00:00:00+00:00,calibration,faceShields,Proximity,don370,rec3381,5.0,5.1795,18.833333333333332
2020-05-08 00:00:00+00:00,calibration,faceShields,Proximity,don410,rec2046,459.0,14.096,18.833333333333332
2020-05-08 00:00:00+00:00,calibration,faceShields,Proximity,don461,rec1116,60.0,14.096,18.833333333333332
2020-05-08 00:00:00+00:00,calibration,faceShields,Proximity,don512,rec2551,483.0,5.1795,18.833333333333332
2020-05-08 00:00:00+00:00,calibration,faceShields,Proximity,don514,rec677,30.0,14.096,18.833333333333332
2020-05-08 00:00:00+00:00,calibration,faceShields,Proximity,don536,rec1772,100.0,5.1795,18.833333333333332
2020-05-08 00:00:00+00:00,calibration,faceShields,Proximity,don583,rec1690,70.0,5.1795,18.833333333333332
2020-05-08 00:00:00+00:00,calibration,faceShields,Proximity,don669,rec552,14.0,5.1795,18.833333333333332
2020-05-08 00:00:00+00:00,calibration,faceShields,Proximity,don680,rec2411,1.0,5.1795,18.833333333333332
2020-05-08 00:00:00+00:00,calibration,faceShields,Proximity,don707,rec150,149.0,21.963,18.833333333333332
2020-05-08 00:00:00+00:00,calibration,faceShields,Proximity,don712,rec51,20.0,21.963,18.833333333333332
2020-05-08 00:00:00+00:00,calibration,faceShields,Proximity,don736,rec1433,770.0,5.1795,18.833333333333332
2020-05-08 00:00:00+00:00,calibration,faceShields,Proximity,don748,rec1520,15.0,5.1795,18.833333333333332
2020-05-08 00:00:00+00:00,calibration,faceShields,Proximity,don754,rec585,30.0,5.1795,18.833333333333332
2020-05-08 00:00:00+00:00,calibration,faceShields,Proximity,don764,rec3251,20.0,5.1795,18.833333333333332
2020-05-08 00:00:00+00:00,calibration,faceShields,Proximity,don79,rec1682,2.0,194.979,18.833333333333332
2020-05-08 00:00:00+00:00,calibration,faceShields,Proximity,don80,rec292,95.0,5.1795,18.833333333333332
2020-05-08 00:00:00+00:00,calibration,faceShields,Proximity,don818,rec394,5.0,5.1795,16.684375
2020-05-08 00:00:00+00:00,calibration,faceShields,Proximity,don849,rec2928,20.0,31.625,15.954224537037037
2020-05-08 00:00:00+00:00,calibration,faceShields,Proximity,don854,rec2046,75.0,14.096,15.679976851851851
2020-05-08 00:00:00+00:00,calibration,faceShields,Proximity,don892,rec1911,5.0,5.1795,14.392442129629629
2020-05-08 00:00:00+00:00,calibration,faceShields,Proximity,don915,rec1351,100.0,5.1795,13.922523148148148
2020-05-08 00:00:00+00:00,calibration,faceShields,Proximity,don961,rec2284,15.0,14.096,12.372627314814816
2020-05-08 00:00:00+00:00,calibration,faceShields,Proximity,don999,rec1587,1.0,14.096,11.165543981481482
2020-05-08 00:00:00+00:00,calibration,faceShields,Proximity,don1005,rec2087,250.0,46.091,10.976122685185185
2020-05-08 00:00:00+00:00,calibration,faceShields,Proximity,don1006,rec2087,100.0,46.091,10.976122685185185
2020-05-08 00:00:00+00:00,calibration,faceShields,Proximity,don1047,rec1242,20.0,5.1795,10.057395833333333
2020-05-08 00:00:00+00:00,calibration,faceShields,Proximity,don1048,rec112,15.0,21.963,10.034108796296296
2020-05-08 00:00:00+00:00,calibration,faceShields,Proximity,don1099,rec1322,40.0,5.1795,9.034143518518519
2020-05-08 00:00:00+00:00,calibration,faceShields,Proximity,don1116,rec1164,10.0,5.1795,8.28337962962963
2020-05-08 00:00:00+00:00,calibration,faceShields,Proximity,don1123,rec180,100.0,5.1795,8.142824074074074
2020-05-08 00:00:00+00:00,calibration,faceShields,Proximity,don1158,rec0,50.0,5.1795,6.932488425925926
2020-05-08 00:00:00+00:00,calibration,faceShields,Proximity,don1185,rec1610,9.0,5.1795,6.306979166666666
2020-05-08 00:00:00+00:00,calibration,faceShields,Proximity,don1202,rec1434,6.0,5.1795,5.660590277777778
2020-05-08 00:00:00+00:00,calibration,faceShields,Proximity,don1205,rec442,1.0,5.1795,5.363877314814815
2020-05-08 00:00:00+00:00,calibration,faceShields,Proximity,don1217,rec1520,1.0,5.1795,5.240810185185185
2020-05-08 00:00:00+00:00,calibration,faceShields,Proximity,don1218,rec1025,20.0,5.1795,5.234305555555555
2020-05-08 00:00:00+00:00,calibration,faceShields,Proximity,don1219,rec1032,20.0,5.1795,5.232916666666667
2020-05-08 00:00:00+00:00,calibration,faceShields,Proximity,don1231,rec112,24.0,5.1795,4.274444444444445
2020-05-08 00:00:00+00:00,calibration,faceShields,Proximity,don1248,rec1465,2.0,5.1795,3.852152777777778
2020-05-08 00:00:00+00:00,calibration,faceShields,Proximity,don1253,rec1436,60.0,5.1795,3.2237037037037037
2020-05-08 00:00:00+00:00,calibration,faceShields,Proximity,don1268,rec1283,50.0,5.1795,3.0485069444444446
2020-05-08 00:00:00+00:00,calibration,faceShields,Proximity,don1280,rec1477,5.0,21.963,1.9061574074074075
2020-05-08 00:00:00+00:00,calibration,faceShields,Proximity,don1281,rec104,50.0,5.1795,1.8218981481481482
2020-05-08 00:00:00+00:00,calibration,gowns,Proximity,don1079,rec3532,100.0,5.1795,9.264710648148148
2020-05-08 00:00:00+00:00,calibration,gowns,Proximity,don1202,rec1299,40.0,5.1795,5.660590277777778
2020-05-08 00:00:00+00:00,calibration,gowns,Proximity,don1251,rec2808,1.0,5.1795,3.834247685185185
2020-05-15 00:00:00+00:00,calibration,respirators,Proximity,don299,rec1467,315.0,5.1795,25.833333333333332
2020-05-15 00:00:00+00:00,calibration,respirators,Proximity,don317,rec1111,483.0,5.1795,25.833333333333332
2020-05-15 00:00:00+00:00,calibration,respirators,Proximity,don373,rec16,30.0,5.1795,25.833333333333332
2020-05-15 00:00:00+00:00,calibration,respirators,Proximity,don397,rec3718,200.0,68.58200000000001,25.833333333333332
2020-05-15 00:00:00+00:00,calibration,respirators,Proximity,don467,rec180,100.0,5.1795,25.833333333333332
2020-05-15 00:00:00+00:00,calibration,respirators,Proximity,don580,rec1666,50.0,94.5685,25.833333333333332
2020-05-15 00:00:00+00:00,calibration,respirators,Proximity,don633,rec1332,644.0,5.1795,25.833333333333332
2020-05-15 00:00:00+00:00,calibration,respirators,Proximity,don647,rec1239,48.0,46.091,25.833333333333332
2020-05-15 00:00:00+00:00,calibration,respirators,Proximity,don693,rec1530,25.0,5.1795,25.833333333333332
2020-05-15 00:00:00+00:00,calibration,respirators,Proximity,don759,rec2154,500.0,5.1795,25.833333333333332
2020-05-15 00:00:00+00:00,calibration,respirators,Proximity,don764,rec3554,20.0,5.1795,25.833333333333332
2020-05-15 00:00:00+00:00,calibration,respirators,Proximity,don766,rec1166,13.0,5.1795,25.833333333333332
2020-05-15 00:00:00+00:00,calibration,respirators,Proximity,don973,rec1283,444.0,5.1795,19.03875
2020-05-15 00:00:00+00:00,calibration,respirators,Proximity,don1014,rec3133,10.0,5.1795,17.42079861111111
2020-05-15 00:00:00+00:00,calibration,respirators,Proximity,don1083,rec3078,1.0,31.625,16.207280092592594
2020-05-15 00:00:00+00:00,calibration,respirators,Proximity,don1180,rec2591,3.0,5.1795,13.316979166666666
2020-05-15 00:00:00+00:00,calibration,respirators,Proximity,don1196,rec2718,5.0,68.58200000000001,13.014664351851852
2020-05-15 00:00:00+00:00,calibration,respirators,Proximity,don1208,rec3140,10.0,5.1795,12.356030092592592
2020-05-15 00:00:00+00:00,calibration,respirators,Proximity,don1238,rec1283,420.0,5.1795,11.173240740740741
2020-05-15 00:00:00+00:00,calibration,respirators,Proximity,don1329,rec1197,25.0,5.1795,2.9910763888888887
2020-05-15 00:00:00+00:00,calibration,respirators,Proximity,don1334,rec12,2.0,5.1795,2.4984375
2020-05-15 00:00:00+00:00,calibration,respirators,Proximity,don1345,rec1178,1.0,5.1795,2.2146296296296297
2020-05-15 00:00:00+00:00,calibration,respirators,Proximity,don1350,rec2296,10.0,5.1795,2.1799537037037036
2020-05-15 00:00:00+00:00,calibration,respirators,Proximity,don1357,rec112,5.0,5.1795,2.1108680555555557
2020-05-15 00:00:00+00:00,calibration,respirators,Proximity,don1358,rec1568,50.0,5.1795,2.1100462962962965
2020-05-15 00:00:00+00:00,calibration,respirators,Proximity,don1360,rec3336,1.0,5.1795,2.108738425925926
2020-05-15 00:00:00+00:00,calibration,respirators,Proximity,don1361,rec1012,5.0,5.1795,2.1078703703703705
2020-05-15 00:00:00+00:00,calibration,respirators,Proximity,don1362,rec1514,15.0,5.1795,2.1067476851851854
2020-05-15 00:00:00+00:00,calibration,respirators,Proximity,don1364,rec1278,2.0,5.1795,2.105474537037037
2020-05-15 00:00:00+00:00,calibration,respirators,Proximity,don1365,rec17,5.0,21.963,2.104699074074074
2020-05-15 00:00:00+00:00,calibration,respirators,Proximity,don1368,rec1017,40.0,5.1795,1.9127662037037036
2020-05-15 00:00:00+00:00,calibration,respirators,Proximity,don1397,rec2480,20.0,5.1795,0.9109837962962963
2020-05-15 00:00:00+00:00,calibration,respirators,Proximity,don1400,rec1178,22.0,5.1795,0.8483680555555555
2020-05-15 00:00:00+00:00,calibration,respirators,Proximity,don1401,rec1432,20.0,5.1795,0.5260648148148148
2020-05-15 00:00:00+00:00,calibration,respirators,Proximity,don1413,rec2480,20.0,5.1795,0.26895833333333335
2020-05-15 00:00:00+00:00,calibration,surgicalMasks,Proximity,don231,rec3200,100.0,5.1795,25.833333333333332
2020-05-15 00:00:00+00:00,calibration,surgicalMasks,Proximity,don764,rec3576,100.0,21.963,25.833333333333332
2020-05-15 00:00:00+00:00,calibration,surgicalMasks,Proximity,don839,rec1445,3.0,5.1795,23.18689814814815
2020-05-15 00:00:00+00:00,calibration,surgicalMasks,Proximity,don947,rec106,88.0,5.1795,20.112951388888888
2020-05-15 00:00:00+00:00,calibration,surgicalMasks,Proximity,don948,rec2719,10.0,5.1795,20.10789351851852
2020-05-15 00:00:00+00:00,calibration,surgicalMasks,Proximity,don960,rec1441,300.0,14.096,19.38175925925926
2020-05-15 00:00:00+00:00,calibration,surgicalMasks,Proximity,don962,rec1586,385.0,14.096,19.3425
2020-05-15 00:00:00+00:00,calibration,surgicalMasks,Proximity,don965,rec1674,20.0,5.1795,19.230381944444446
2020-05-15 00:00:00+00:00,calibration,surgicalMasks,Proximity,don989,rec2283,85.0,5.1795,18.341284722222223
2020-05-15 00:00:00+00:00,calibration,surgicalMasks,Proximity,don1105,rec1225,75.0,21.963,15.94414351851852
2020-05-15 00:00:00+00:00,calibration,surgicalMasks,Proximity,don1180,rec1183,101.0,5.1795,13.316979166666666
2020-05-15 00:00:00+00:00,calibration,surgicalMasks,Proximity,don1209,rec1490,30.0,14.096,12.348831018518519
2020-05-15 00:00:00+00:00,calibration,surgicalMasks,Proximity,don1251,rec1812,45.0,5.1795,10.834247685185185
2020-05-15 00:00:00+00:00,calibration,surgicalMasks,Proximity,don1267,rec1067,150.0,5.1795,10.05005787037037
2020-05-15 00:00:00+00:00,calibration,surgicalMasks,Proximity,don1271,rec1307,50.0,5.1795,9.458391203703703
2020-05-15 00:00:00+00:00,calibration,surgicalMasks,Proximity,don1332,rec1111,50.0,5.1795,2.8113657407407406
2020-05-15 00:00:00+00:00,calibration,surgicalMasks,Proximity,don1343,rec1257,5.0,5.1795,2.3242939814814814
2020-05-15 00:00:00+00:00,calibration,surgicalMasks,Proximity,don1346,rec1119,50.0,5.1795,2.2116782407407407
2020-05-15 00:00:00+00:00,calibration,surgicalMasks,Proximity,don1378,rec127,400.0,5.1795,1.3721296296296297
2020-05-15 00:00:00+00:00,calibration,surgicalMasks,Proximity,don1388,rec1635,500.0,31.625,1.126064814814815
2020-05-15 00:00:00+00:00,calibration,surgicalMasks,Proximity,don1395,rec1400,40.0,5.1795,0.9239583333333333
2020-05-15 00:00:00+00:00,calibration,surgicalMasks,Proximity,don1397,rec2480,140.0,5.1795,0.9109837962962963
2020-05-15 00:00:00+00:00,calibration,surgicalMasks,Proximity,don1400,rec1242,70.0,5.1795,0.8483680555555555
2020-05-15 00:00:00+00:00,calibration,surgicalMasks,Proximity,don1405,rec1400,30.0,5.1795,0.3407986111111111
2020-05-15 00:00:00+00:00,calibration,surgicalMasks,Proximity,don1413,rec2480,60.0,5.1795,0.26895833333333335
2020-05-15 00:00:00+00:00,calibration,surgicalMasks,Proximity,don1415,rec2032,100.0,5.1795,0.1691087962962963
2020-05-15 00:00:00+00:00,calibration,faceShields,Proximity,don114,rec1060,115.0,5.1795,25.833333333333332
2020-05-15 00:00:00+00:00,calibration,faceShields,Proximity,don115,rec3477,50.0,5.1795,25.833333333333332
2020-05-15 00:00:00+00:00,calibration,faceShields,Proximity,don190,rec455,11.0,175.261,25.833333333333332
2020-05-15 00:00:00+00:00,calibration,faceShields,Proximity,don366,rec1519,200.0,5.1795,25.833333333333332
2020-05-15 00:00:00+00:00,calibration,faceShields,Proximity,don370,rec3566,10.0,5.1795,25.833333333333332
2020-05-15 00:00:00+00:00,calibration,faceShields,Proximity,don514,rec1116,39.0,21.963,25.833333333333332
2020-05-15 00:00:00+00:00,calibration,faceShields,Proximity,don536,rec1777,20.0,5.1795,25.833333333333332
2020-05-15 00:00:00+00:00,calibration,faceShields,Proximity,don680,rec929,10.0,5.1795,25.833333333333332
2020-05-15 00:00:00+00:00,calibration,faceShields,Proximity,don707,rec1610,41.0,21.963,25.833333333333332
2020-05-15 00:00:00+00:00,calibration,faceShields,Proximity,don712,rec812,40.0,21.963,25.833333333333332
2020-05-15 00:00:00+00:00,calibration,faceShields,Proximity,don736,rec1534,130.0,5.1795,25.833333333333332
2020-05-15 00:00:00+00:00,calibration,faceShields,Proximity,don754,rec2846,5.0,14.096,25.833333333333332
2020-05-15 00:00:00+00:00,calibration,faceShields,Proximity,don764,rec3554,10.0,5.1795,25.833333333333332
2020-05-15 00:00:00+00:00,calibration,faceShields,Proximity,don79,rec1461,200.0,214.4355,25.833333333333332
2020-05-15 00:00:00+00:00,calibration,faceShields,Proximity,don818,rec442,92.0,5.1795,23.684375
2020-05-15 00:00:00+00:00,calibration,faceShields,Proximity,don849,rec214,15.0,46.091,22.95422453703704
2020-05-15 00:00:00+00:00,calibration,faceShields,Proximity,don892,rec2179,30.0,5.1795,21.39244212962963
2020-05-15 00:00:00+00:00,calibration,faceShields,Proximity,don915,rec2691,162.0,5.1795,20.922523148148148
2020-05-15 00:00:00+00:00,calibration,faceShields,Proximity,don961,rec112,5.0,21.963,19.372627314814814
2020-05-15 00:00:00+00:00,calibration,faceShields,Proximity,don999,rec1088,100.0,21.963,18.16554398148148
2020-05-15 00:00:00+00:00,calibration,faceShields,Proximity,don1047,rec1264,24.0,5.1795,17.057395833333334
2020-05-15 00:00:00+00:00,calibration,faceShields,Proximity,don1116,rec1202,250.0,5.1795,15.28337962962963
2020-05-15 00:00:00+00:00,calibration,faceShields,Proximity,don1123,rec2245,12.0,5.1795,15.142824074074074
2020-05-15 00:00:00+00:00,calibration,faceShields,Proximity,don1202,rec1530,10.0,5.1795,12.660590277777779
2020-05-15 00:00:00+00:00,calibration,faceShields,Proximity,don1218,rec1768,10.0,5.1795,12.234305555555556
2020-05-15 00:00:00+00:00,calibration,faceShields,Proximity,don1219,rec1768,20.0,5.1795,12.232916666666666
2020-05-15 00:00:00+00:00,calibration,faceShields,Proximity,don1280,rec123,50.0,46.091,8.906157407407408
2020-05-15 00:00:00+00:00,calibration,faceShields,Proximity,don1281,rec1245,18.0,5.1795,8.821898148148149
2020-05-15 00:00:00+00:00,calibration,faceShields,Proximity,don1309,rec1037,560.0,5.1795,6.14417824074074
2020-05-15 00:00:00+00:00,calibration,faceShields,Proximity,don1313,rec2625,20.0,5.1795,5.130335648148148
2020-05-15 00:00:00+00:00,calibration,faceShields,Proximity,don1319,rec1060,85.0,5.1795,3.3868287037037037
2020-05-15 00:00:00+00:00,calibration,faceShields,Proximity,don1328,rec1209,100.0,5.1795,3.083391203703704
2020-05-15 00:00:00+00:00,calibration,faceShields,Proximity,don1330,rec1283,270.0,5.1795,2.8819444444444446
2020-05-15 00:00:00+00:00,calibration,faceShields,Proximity,don1335,rec2480,100.0,5.1795,2.4657407407407406
2020-05-15 00:00:00+00:00,calibration,faceShields,Proximity,don1336,rec1739,30.0,5.1795,2.420023148148148
2020-05-15 00:00:00+00:00,calibration,faceShields,Proximity,don1371,rec1111,20.0,5.1795,1.8474189814814814
2020-05-15 00:00:00+00:00,calibration,faceShields,Proximity,don1372,rec2253,50.0,5.1795,1.7829398148148148
2020-05-15 00:00:00+00:00,calibration,faceShields,Proximity,don1373,rec2719,5.0,5.1795,1.779988425925926
2020-05-15 00:00:00+00:00,calibration,faceShields,Proximity,don1376,rec1577,100.0,21.963,1.5102662037037038
2020-05-15 00:00:00+00:00,calibration,faceShields,Proximity,don1377,rec1046,20.0,5.1795,1.3745717592592592
2020-05-15 00:00:00+00:00,calibration,faceShields,Proximity,don1382,rec1036,40.0,5.1795,1.2781712962962963
2020-05-15 00:00:00+00:00,calibration,faceShields,Proximity,don1383,rec1905,30.0,5.1795,1.2716550925925927
2020-05-15 00:00:00+00:00,calibration,faceShields,Proximity,don1384,rec2248,20.0,5.1795,1.270011574074074
2020-05-15 00:00:00+00:00,calibration,faceShields,Proximity,don1403,rec1037,600.0,5.1795,0.395
2020-05-15 00:00:00+00:00,calibration,faceShields,Proximity,don1409,rec1904,5.0,5.1795,0.29792824074074076
2020-05-15 00:00:00+00:00,calibration,gowns,Proximity,don1079,rec2808,2.0,14.096,16.26471064814815
2020-05-15 00:00:00+00:00,calibration,gowns,Proximity,don1202,rec1434,260.0,5.1795,12.660590277777779
2020-05-22 00:00:00+00:00,calibration,respirators,Proximity,don373,rec3050,20.0,5.1795,32.833333333333336
2020-05-22 00:00:00+00:00,calibration,respirators,Proximity,don397,rec1611,199.0,94.5685,32.833333333333336
2020-05-22 00:00:00+00:00,calibration,respirators,Proximity,don467,rec2245,12.0,5.1795,32.833333333333336
2020-05-22 00:00:00+00:00,calibration,respirators,Proximity,don580,rec2292,70.0,94.5685,32.833333333333336
2020-05-22 00:00:00+00:00,calibration,respirators,Proximity,don647,rec1327,48.0,46.091,32.833333333333336
2020-05-22 00:00:00+00:00,calibration,respirators,Proximity,don693,rec1621,100.0,5.1795,32.833333333333336
2020-05-22 00:00:00+00:00,calibration,respirators,Proximity,don759,rec245,200.0,5.1795,32.833333333333336
2020-05-22 00:00:00+00:00,calibration,respirators,Proximity,don764,rec1584,904.0,31.625,32.833333333333336
2020-05-22 00:00:00+00:00,calibration,respirators,Proximity,don766,rec1178,6.0,5.1795,32.833333333333336
2020-05-22 00:00:00+00:00,calibration,respirators,Proximity,don1014,rec3565,40.0,5.1795,24.42079861111111
2020-05-22 00:00:00+00:00,calibration,respirators,Proximity,don1180,rec3405,50.0,5.1795,20.316979166666666
2020-05-22 00:00:00+00:00,calibration,respirators,Proximity,don1196,rec3284,495.0,68.58200000000001,20.014664351851852
2020-05-22 00:00:00+00:00,calibration,respirators,Proximity,don1329,rec129,200.0,5.1795,9.991076388888889
2020-05-22 00:00:00+00:00,calibration,respirators,Proximity,don1350,rec2694,2.0,5.1795,9.179953703703704
2020-05-22 00:00:00+00:00,calibration,respirators,Proximity,don1365,rec2,5.0,21.963,9.104699074074073
2020-05-22 00:00:00+00:00,calibration,respirators,Proximity,don1368,rec1111,60.0,5.1795,8.912766203703704
2020-05-22 00:00:00+00:00,calibration,respirators,Proximity,don1438,rec105,20.0,5.1795,3.1656712962962965
2020-05-22 00:00:00+00:00,calibration,respirators,Proximity,don1453,rec1614,10.0,5.1795,0.07921296296296296
2020-05-22 00:00:00+00:00,calibration,surgicalMasks,Proximity,don231,rec3246,5.0,5.1795,32.833333333333336
2020-05-22 00:00:00+00:00,calibration,surgicalMasks,Proximity,don764,rec1102,50.0,31.625,32.833333333333336
2020-05-22 00:00:00+00:00,calibration,surgicalMasks,Proximity,don839,rec2723,300.0,5.1795,30.18689814814815
2020-05-22 00:00:00+00:00,calibration,surgicalMasks,Proximity,don947,rec1414,500.0,5.1795,27.112951388888888
2020-05-22 00:00:00+00:00,calibration,surgicalMasks,Proximity,don948,rec2991,10.0,5.1795,27.10789351851852
2020-05-22 00:00:00+00:00,calibration,surgicalMasks,Proximity,don965,rec2445,40.0,5.1795,26.230381944444446
2020-05-22 00:00:00+00:00,calibration,surgicalMasks,Proximity,don1105,rec1323,75.0,21.963,22.94414351851852
2020-05-22 00:00:00+00:00,calibration,surgicalMasks,Proximity,don1267,rec1250,100.0,5.1795,17.05005787037037
2020-05-22 00:00:00+00:00,calibration,surgicalMasks,Proximity,don1271,rec1679,850.0,5.1795,16.458391203703705
2020-05-22 00:00:00+00:00,calibration,surgicalMasks,Proximity,don1343,rec1337,200.0,5.1795,9.324293981481482
2020-05-22 00:00:00+00:00,calibration,surgicalMasks,Proximity,don1388,rec3803,100.0,14.096,8.126064814814814
2020-05-22 00:00:00+00:00,calibration,surgicalMasks,Proximity,don1413,rec278,60.0,5.1795,7.268958333333333
2020-05-22 00:00:00+00:00,calibration,surgicalMasks,Proximity,don1415,rec2042,60.0,5.1795,7.169108796296296
2020-05-22 00:00:00+00:00,calibration,surgicalMasks,Proximity,don1421,rec1202,10.0,5.1795,6.064050925925926
2020-05-22 00:00:00+00:00,calibration,surgicalMasks,Proximity,don1430,rec1070,400.0,5.1795,4.366909722222222
2020-05-22 00:00:00+00:00,calibration,surgicalMasks,Proximity,don1438,rec1111,200.0,5.1795,3.1656712962962965
2020-05-22 00:00:00+00:00,calibration,surgicalMasks,Proximity,don1448,rec3108,980.0,31.625,1.0618865740740742
2020-05-22 00:00:00+00:00,calibration,surgicalMasks,Proximity,don1453,rec1098,100.0,5.1795,0.07921296296296296
2020-05-22 00:00:00+00:00,calibration,faceShields,Proximity,don115,rec411,134.0,5.1795,32.833333333333336
2020-05-22 00:00:00+00:00,calibration,faceShields,Proximity,don370,rec411,166.0,5.1795,32.833333333333336
2020-05-22 00:00:00+00:00,calibration,faceShields,Proximity,don514,rec1157,300.0,21.963,32.833333333333336
2020-05-22 00:00:00+00:00,calibration,faceShields,Proximity,don536,rec202,44.0,14.096,32.833333333333336
2020-05-22 00:00:00+00:00,calibration,faceShields,Proximity,don680,rec994,10.0,5.1795,32.833333333333336
2020-05-22 00:00:00+00:00,calibration,faceShields,Proximity,don707,rec1624,100.0,21.963,32.833333333333336
2020-05-22 00:00:00+00:00,calibration,faceShields,Proximity,don712,rec13,10.0,46.091,32.833333333333336
2020-05-22 00:00:00+00:00,calibration,faceShields,Proximity,don754,rec1127,100.0,21.963,32.833333333333336
2020-05-22 00:00:00+00:00,calibration,faceShields,Proximity,don764,rec1584,934.0,31.625,32.833333333333336
2020-05-22 00:00:00+00:00,calibration,faceShields,Proximity,don79,rec1760,30.0,214.4355,32.833333333333336
2020-05-22 00:00:00+00:00,calibration,faceShields,Proximity,don849,rec2165,15.0,46.091,29.95422453703704
2020-05-22 00:00:00+00:00,calibration,faceShields,Proximity,don892,rec2800,25.0,5.1795,28.39244212962963
2020-05-22 00:00:00+00:00,calibration,faceShields,Proximity,don915,rec2813,50.0,5.1795,27.922523148148148
2020-05-22 00:00:00+00:00,calibration,faceShields,Proximity,don999,rec2694,2.0,21.963,25.16554398148148
2020-05-22 00:00:00+00:00,calibration,faceShields,Proximity,don1116,rec1306,250.0,5.1795,22.28337962962963
2020-05-22 00:00:00+00:00,calibration,faceShields,Proximity,don1123,rec326,25.0,5.1795,22.142824074074074
2020-05-22 00:00:00+00:00,calibration,faceShields,Proximity,don1202,rec1708,484.0,5.1795,19.66059027777778
2020-05-22 00:00:00+00:00,calibration,faceShields,Proximity,don1280,rec516,50.0,46.091,15.906157407407408
2020-05-22 00:00:00+00:00,calibration,faceShields,Proximity,don1319,rec1111,415.0,5.1795,10.386828703703705
2020-05-22 00:00:00+00:00,calibration,faceShields,Proximity,don1328,rec1212,200.0,5.1795,10.083391203703703
2020-05-22 00:00:00+00:00,calibration,faceShields,Proximity,don1330,rec1357,500.0,5.1795,9.881944444444445
2020-05-22 00:00:00+00:00,calibration,faceShields,Proximity,don1335,rec3348,3.0,5.1795,9.46574074074074
2020-05-22 00:00:00+00:00,calibration,faceShields,Proximity,don1336,rec3179,5.0,5.1795,9.420023148148148
2020-05-22 00:00:00+00:00,calibration,faceShields,Proximity,don1372,rec2991,10.0,5.1795,8.782939814814815
2020-05-22 00:00:00+00:00,calibration,faceShields,Proximity,don1373,rec3142,20.0,5.1795,8.779988425925925
2020-05-22 00:00:00+00:00,calibration,faceShields,Proximity,don1382,rec1045,40.0,5.1795,8.278171296296296
2020-05-22 00:00:00+00:00,calibration,faceShields,Proximity,don1383,rec2350,5.0,5.1795,8.271655092592592
2020-05-22 00:00:00+00:00,calibration,faceShields,Proximity,don1384,rec2500,25.0,5.1795,8.270011574074074
2020-05-22 00:00:00+00:00,calibration,faceShields,Proximity,don1409,rec229,25.0,5.1795,7.297928240740741
2020-05-22 00:00:00+00:00,calibration,faceShields,Proximity,don1418,rec1584,100.0,5.1795,6.646215277777777
2020-05-22 00:00:00+00:00,calibration,faceShields,Proximity,don1428,rec1823,100.0,5.1795,5.053796296296296
2020-05-22 00:00:00+00:00,calibration,faceShields,Proximity,don1432,rec2165,25.0,46.091,4.211967592592592
2020-05-22 00:00:00+00:00,calibration,faceShields,Proximity,don1434,rec1177,100.0,5.1795,3.8241203703703706
2020-05-22 00:00:00+00:00,calibration,faceShields,Proximity,don1442,rec1165,99.0,5.1795,2.1559606481481484
2020-05-22 00:00:00+00:00,calibration,faceShields,Proximity,don1450,rec1260,40.0,5.1795,0.21225694444444446
2020-05-22 00:00:00+00:00,calibration,gowns,Proximity,don1079,rec3533,100.0,14.096,23.26471064814815
2020-05-22 00:00:00+00:00,calibration,gowns,Proximity,don1441,rec1101,300.0,5.1795,2.982060185185185
2020-05-22 00:00:00+00:00,calibration,gowns,Proximity,don1446,rec1001,24.0,5.1795,1.302800925925926
2020-05-29 00:00:00+00:00,calibration,respirators,Proximity,don373,rec323,25.0,5.1795,39.833333333333336
2020-05-29 00:00:00+00:00,calibration,respirators,Proximity,don467,rec326,31.0,5.1795,39.833333333333336
2020-05-29 00:00:00+00:00,calibration,respirators,Proximity,don580,rec235,300.0,94.5685,39.833333333333336
2020-05-29 00:00:00+00:00,calibration,respirators,Proximity,don647,rec1682,2.0,46.091,39.833333333333336
2020-05-29 00:00:00+00:00,calibration,respirators,Proximity,don693,rec1626,100.0,5.1795,39.833333333333336
2020-05-29 00:00:00+00:00,calibration,respirators,Proximity,don759,rec2560,5.0,5.1795,39.833333333333336
2020-05-29 00:00:00+00:00,calibration,respirators,Proximity,don1014,rec1237,43.0,14.096,31.42079861111111
2020-05-29 00:00:00+00:00,calibration,respirators,Proximity,don1180,rec849,150.0,5.1795,27.316979166666666
2020-05-29 00:00:00+00:00,calibration,respirators,Proximity,don1329,rec1294,25.0,5.1795,16.99107638888889
2020-05-29 00:00:00+00:00,calibration,respirators,Proximity,don1350,rec2852,38.0,5.1795,16.179953703703703
2020-05-29 00:00:00+00:00,calibration,respirators,Proximity,don1365,rec2411,3.0,21.963,16.104699074074073
2020-05-29 00:00:00+00:00,calibration,respirators,Proximity,don1438,rec1111,180.0,5.1795,10.165671296296296
2020-05-29 00:00:00+00:00,calibration,respirators,Proximity,don1453,rec1870,100.0,5.1795,7.079212962962963
2020-05-29 00:00:00+00:00,calibration,respirators,Proximity,don1468,rec1443,300.0,5.1795,5.508599537037037
2020-05-29 00:00:00+00:00,calibration,respirators,Proximity,don1479,rec1434,150.0,5.1795,3.2044675925925925
2020-05-29 00:00:00+00:00,calibration,respirators,Proximity,don1484,rec1116,292.0,5.1795,2.8355439814814813
2020-05-29 00:00:00+00:00,calibration,respirators,Proximity,don1485,rec1013,2.0,5.1795,2.1637037037037037
2020-05-29 00:00:00+00:00,calibration,respirators,Proximity,don1497,rec2647,100.0,5.1795,0.319224537037037
2020-05-29 00:00:00+00:00,calibration,surgicalMasks,Proximity,don764,rec1151,60.0,31.625,39.833333333333336
2020-05-29 00:00:00+00:00,calibration,surgicalMasks,Proximity,don839,rec3639,20.0,5.1795,37.186898148148146
2020-05-29 00:00:00+00:00,calibration,surgicalMasks,Proximity,don947,rec1540,314.0,5.1795,34.11295138888889
2020-05-29 00:00:00+00:00,calibration,surgicalMasks,Proximity,don948,rec3142,100.0,5.1795,34.107893518518516
2020-05-29 00:00:00+00:00,calibration,surgicalMasks,Proximity,don1105,rec1501,100.0,21.963,29.94414351851852
2020-05-29 00:00:00+00:00,calibration,surgicalMasks,Proximity,don1343,rec1690,200.0,5.1795,16.324293981481482
2020-05-29 00:00:00+00:00,calibration,surgicalMasks,Proximity,don1388,rec3108,20.0,31.625,15.126064814814814
2020-05-29 00:00:00+00:00,calibration,surgicalMasks,Proximity,don1453,rec1139,100.0,5.1795,7.079212962962963
2020-05-29 00:00:00+00:00,calibration,surgicalMasks,Proximity,don1456,rec1037,500.0,5.1795,6.9542476851851855
2020-05-29 00:00:00+00:00,calibration,surgicalMasks,Proximity,don1459,rec3491,25.0,5.1795,6.329224537037037
2020-05-29 00:00:00+00:00,calibration,surgicalMasks,Proximity,don1460,rec2675,4.0,5.1795,6.193668981481482
2020-05-29 00:00:00+00:00,calibration,surgicalMasks,Proximity,don1479,rec1299,50.0,5.1795,3.2044675925925925
2020-05-29 00:00:00+00:00,calibration,surgicalMasks,Proximity,don1482,rec2095,30.0,5.1795,2.8859953703703702
2020-05-29 00:00:00+00:00,calibration,faceShields,Proximity,don370,rec450,313.0,5.1795,39.833333333333336
2020-05-29 00:00:00+00:00,calibration,faceShields,Proximity,don514,rec1203,14.0,21.963,39.833333333333336
2020-05-29 00:00:00+00:00,calibration,faceShields,Proximity,don536,rec2842,10.0,14.096,39.833333333333336
2020-05-29 00:00:00+00:00,calibration,faceShields,Proximity,don680,rec1662,29.0,14.096,39.833333333333336
2020-05-29 00:00:00+00:00,calibration,faceShields,Proximity,don707,rec2678,1.0,21.963,39.833333333333336
2020-05-29 00:00:00+00:00,calibration,faceShields,Proximity,don712,rec1674,10.0,46.091,39.833333333333336
2020-05-29 00:00:00+00:00,calibration,faceShields,Proximity,don754,rec1931,5.0,21.963,39.833333333333336
2020-05-29 00:00:00+00:00,calibration,faceShields,Proximity,don79,rec338,66.0,214.4355,39.833333333333336
2020-05-29 00:00:00+00:00,calibration,faceShields,Proximity,don892,rec2945,5.0,5.1795,35.39244212962963
2020-05-29 00:00:00+00:00,calibration,faceShields,Proximity,don915,rec395,620.0,5.1795,34.92252314814815
2020-05-29 00:00:00+00:00,calibration,faceShields,Proximity,don999,rec3733,6.0,21.963,32.165543981481484
2020-05-29 00:00:00+00:00,calibration,faceShields,Proximity,don1116,rec1392,10.0,5.1795,29.28337962962963
2020-05-29 00:00:00+00:00,calibration,faceShields,Proximity,don1123,rec601,100.0,5.1795,29.142824074074074
2020-05-29 00:00:00+00:00,calibration,faceShields,Proximity,don1280,rec1239,10.0,68.58200000000001,22.906157407407406
2020-05-29 00:00:00+00:00,calibration,faceShields,Proximity,don1328,rec125,380.0,5.1795,17.083391203703705
2020-05-29 00:00:00+00:00,calibration,faceShields,Proximity,don1330,rec2723,100.0,5.1795,16.881944444444443
2020-05-29 00:00:00+00:00,calibration,faceShields,Proximity,don1335,rec1991,1.0,46.091,16.465740740740742
2020-05-29 00:00:00+00:00,calibration,faceShields,Proximity,don1336,rec3370,100.0,5.1795,16.420023148148147
2020-05-29 00:00:00+00:00,calibration,faceShields,Proximity,don1372,rec3402,140.0,5.1795,15.782939814814815
2020-05-29 00:00:00+00:00,calibration,faceShields,Proximity,don1373,rec3402,175.0,5.1795,15.779988425925925
2020-05-29 00:00:00+00:00,calibration,faceShields,Proximity,don1382,rec1577,80.0,5.1795,15.278171296296296
2020-05-29 00:00:00+00:00,calibration,faceShields,Proximity,don1383,rec2500,10.0,5.1795,15.271655092592592
2020-05-29 00:00:00+00:00,calibration,faceShields,Proximity,don1409,rec2613,6.0,5.1795,14.29792824074074
2020-05-29 00:00:00+00:00,calibration,faceShields,Proximity,don1432,rec2252,75.0,46.091,11.211967592592593
2020-05-29 00:00:00+00:00,calibration,faceShields,Proximity,don1450,rec1332,960.0,5.1795,7.212256944444444
2020-05-29 00:00:00+00:00,calibration,faceShields,Proximity,don1461,rec10,30.0,5.1795,6.148993055555556
2020-05-29 00:00:00+00:00,calibration,faceShields,Proximity,don1463,rec1269,50.0,5.1795,5.812048611111111
2020-05-29 00:00:00+00:00,calibration,faceShields,Proximity,don1472,rec2347,3.0,31.625,3.359722222222222
2020-05-29 00:00:00+00:00,calibration,faceShields,Proximity,don1495,rec1520,200.0,5.1795,1.323611111111111
2020-05-29 00:00:00+00:00,calibration,faceShields,Proximity,don1498,rec2559,1.0,5.1795,0.22850694444444444
2020-05-29 00:00:00+00:00,calibration,gowns,Proximity,don1079,rec3536,100.0,14.096,30.26471064814815
2020-05-29 00:00:00+00:00,calibration,gowns,Proximity,don1468,rec1101,50.0,5.1795,5.508599537037037
2020-06-05 00:00:00+00:00,calibration,respirators,Proximity,don373,rec373,50.0,5.1795,46.833333333333336
2020-06-05 00:00:00+00:00,calibration,respirators,Proximity,don580,rec2506,12.0,94.5685,46.833333333333336
2020-06-05 00:00:00+00:00,calibration,respirators,Proximity,don647,rec3169,5.0,46.091,46.833333333333336
2020-06-05 00:00:00+00:00,calibration,respirators,Proximity,don693,rec1765,30.0,5.1795,46.833333333333336
2020-06-05 00:00:00+00:00,calibration,respirators,Proximity,don759,rec2816,50.0,5.1795,46.833333333333336
2020-06-05 00:00:00+00:00,calibration,respirators,Proximity,don1014,rec1322,7.0,14.096,38.42079861111111
2020-06-05 00:00:00+00:00,calibration,respirators,Proximity,don1180,rec979,87.0,5.1795,34.31697916666667
2020-06-05 00:00:00+00:00,calibration,respirators,Proximity,don1329,rec1549,50.0,5.1795,23.99107638888889
2020-06-05 00:00:00+00:00,calibration,respirators,Proximity,don1365,rec4161,20.0,21.963,23.104699074074073
2020-06-05 00:00:00+00:00,calibration,respirators,Proximity,don1453,rec2335,100.0,5.1795,14.079212962962963
2020-06-05 00:00:00+00:00,calibration,respirators,Proximity,don1484,rec1157,128.0,5.1795,9.835543981481482
2020-06-05 00:00:00+00:00,calibration,respirators,Proximity,don1497,rec1048,100.0,14.096,7.319224537037037
2020-06-05 00:00:00+00:00,calibration,surgicalMasks,Proximity,don764,rec1584,590.0,31.625,46.833333333333336
2020-06-05 00:00:00+00:00,calibration,surgicalMasks,Proximity,don839,rec3866,20.0,5.1795,44.186898148148146
2020-06-05 00:00:00+00:00,calibration,surgicalMasks,Proximity,don948,rec3402,730.0,5.1795,41.107893518518516
2020-06-05 00:00:00+00:00,calibration,surgicalMasks,Proximity,don1105,rec2043,150.0,21.963,36.944143518518516
2020-06-05 00:00:00+00:00,calibration,surgicalMasks,Proximity,don1343,rec2210,10.0,5.1795,23.324293981481482
2020-06-05 00:00:00+00:00,calibration,surgicalMasks,Proximity,don1388,rec1258,24.0,151.1025,22.126064814814814
2020-06-05 00:00:00+00:00,calibration,surgicalMasks,Proximity,don1453,rec1614,15.0,5.1795,14.079212962962963
2020-06-05 00:00:00+00:00,calibration,surgicalMasks,Proximity,don1460,rec144,496.0,21.963,13.193668981481482
2020-06-05 00:00:00+00:00,calibration,surgicalMasks,Proximity,don1479,rec1434,50.0,5.1795,10.204467592592593
2020-06-05 00:00:00+00:00,calibration,surgicalMasks,Proximity,don1499,rec1037,250.0,5.1795,6.902337962962963
2020-06-05 00:00:00+00:00,calibration,faceShields,Proximity,don514,rec4341,4.0,5.1795,46.833333333333336
2020-06-05 00:00:00+00:00,calibration,faceShields,Proximity,don536,rec3975,100.0,5.1795,46.833333333333336
2020-06-05 00:00:00+00:00,calibration,faceShields,Proximity,don707,rec2780,176.0,21.963,46.833333333333336
2020-06-05 00:00:00+00:00,calibration,faceShields,Proximity,don712,rec24,20.0,46.091,46.833333333333336
2020-06-05 00:00:00+00:00,calibration,faceShields,Proximity,don754,rec3825,50.0,21.963,46.833333333333336
2020-06-05 00:00:00+00:00,calibration,faceShields,Proximity,don892,rec3118,1.0,5.1795,42.39244212962963
2020-06-05 00:00:00+00:00,calibration,faceShields,Proximity,don999,rec4365,7.0,14.096,39.165543981481484
2020-06-05 00:00:00+00:00,calibration,faceShields,Proximity,don1116,rec1398,50.0,5.1795,36.28337962962963
2020-06-05 00:00:00+00:00,calibration,faceShields,Proximity,don1123,rec649,15.0,5.1795,36.14282407407408
2020-06-05 00:00:00+00:00,calibration,faceShields,Proximity,don1280,rec3985,8.0,31.625,29.906157407407406
2020-06-05 00:00:00+00:00,calibration,faceShields,Proximity,don1328,rec126,320.0,5.1795,24.083391203703705
2020-06-05 00:00:00+00:00,calibration,faceShields,Proximity,don1330,rec3431,30.0,5.1795,23.881944444444443
2020-06-05 00:00:00+00:00,calibration,faceShields,Proximity,don1335,rec2814,5.0,46.091,23.465740740740742
2020-06-05 00:00:00+00:00,calibration,faceShields,Proximity,don1336,rec351,50.0,5.1795,23.420023148148147
2020-06-05 00:00:00+00:00,calibration,faceShields,Proximity,don1409,rec2739,20.0,5.1795,21.29792824074074
2020-06-05 00:00:00+00:00,calibration,faceShields,Proximity,don1461,rec11,26.0,5.1795,13.148993055555556
2020-06-05 00:00:00+00:00,calibration,faceShields,Proximity,don1463,rec2313,25.0,5.1795,12.812048611111111
2020-06-05 00:00:00+00:00,calibration,faceShields,Proximity,don1498,rec1048,199.0,14.096,7.228506944444445
2020-06-05 00:00:00+00:00,calibration,faceShields,Proximity,don1502,rec11,4.0,5.1795,2.1164699074074074
2020-06-05 00:00:00+00:00,calibration,faceShields,Proximity,don1504,rec1177,700.0,5.1795,1.1952199074074075
2020-06-05 00:00:00+00:00,calibration,faceShields,Proximity,don1507,rec570,200.0,5.1795,1.0286342592592592
2020-06-05 00:00:00+00:00,calibration,gowns,Proximity,don1079,rec498,20.0,14.096,37.264710648148146
2020-06-12 00:00:00+00:00,validation,respirators,Proximity,don373,rec3751,68.0,5.1795,53.833333333333336
2020-06-12 00:00:00+00:00,validation,respirators,Proximity,don580,rec2749,10.0,94.5685,53.833333333333336
2020-06-12 00:00:00+00:00,validation,respirators,Proximity,don647,rec3921,70.0,46.091,53.833333333333336
2020-06-12 00:00:00+00:00,validation,respirators,Proximity,don693,rec1809,30.0,5.1795,53.833333333333336
2020-06-12 00:00:00+00:00,validation,respirators,Proximity,don759,rec2879,20.0,5.1795,53.833333333333336
2020-06-12 00:00:00+00:00,validation,respirators,Proximity,don1329,rec1603,300.0,5.1795,30.99107638888889
2020-06-12 00:00:00+00:00,validation,respirators,Proximity,don1365,rec1662,17.0,31.625,30.104699074074073
2020-06-12 00:00:00+00:00,validation,respirators,Proximity,don1453,rec2392,10.0,5.1795,21.079212962962963
2020-06-12 00:00:00+00:00,validation,respirators,Proximity,don1508,rec2866,8.0,5.1795,6.922256944444444
2020-06-12 00:00:00+00:00,validation,respirators,Proximity,don1518,rec1233,196.0,5.1795,3.208263888888889
2020-06-12 00:00:00+00:00,validation,respirators,Proximity,don1520,rec1111,900.0,5.1795,2.544398148148148
2020-06-12 00:00:00+00:00,validation,respirators,Proximity,don1522,rec1022,20.0,5.1795,2.3616550925925925
2020-06-12 00:00:00+00:00,validation,surgicalMasks,Proximity,don839,rec4422,300.0,5.1795,51.186898148148146
2020-06-12 00:00:00+00:00,validation,surgicalMasks,Proximity,don1343,rec2416,100.0,5.1795,30.324293981481482
2020-06-12 00:00:00+00:00,validation,surgicalMasks,Proximity,don1388,rec3395,100.0,267.284,29.126064814814814
2020-06-12 00:00:00+00:00,validation,surgicalMasks,Proximity,don1453,rec1870,785.0,5.1795,21.079212962962963
2020-06-12 00:00:00+00:00,validation,faceShields,Proximity,don514,rec4190,5.0,14.096,53.833333333333336
2020-06-12 00:00:00+00:00,validation,faceShields,Proximity,don536,rec623,44.0,14.096,53.833333333333336
2020-06-12 00:00:00+00:00,validation,faceShields,Proximity,don712,rec2445,840.0,46.091,53.833333333333336
2020-06-12 00:00:00+00:00,validation,faceShields,Proximity,don754,rec4686,3.0,14.096,53.833333333333336
2020-06-12 00:00:00+00:00,validation,faceShields,Proximity,don892,rec365,60.0,5.1795,49.39244212962963
2020-06-12 00:00:00+00:00,validation,faceShields,Proximity,don999,rec1834,5.0,46.091,46.165543981481484
2020-06-12 00:00:00+00:00,validation,faceShields,Proximity,don1116,rec1569,5.0,5.1795,43.28337962962963
2020-06-12 00:00:00+00:00,validation,faceShields,Proximity,don1123,rec4847,20.0,5.1795,43.14282407407408
2020-06-12 00:00:00+00:00,validation,faceShields,Proximity,don1280,rec1327,10.0,68.58200000000001,36.906157407407406
2020-06-12 00:00:00+00:00,validation,faceShields,Proximity,don1335,rec3037,91.0,46.091,30.465740740740742
2020-06-12 00:00:00+00:00,validation,faceShields,Proximity,don1336,rec810,50.0,5.1795,30.420023148148147
2020-06-12 00:00:00+00:00,validation,faceShields,Proximity,don1409,rec3321,5.0,5.1795,28.29792824074074
2020-06-12 00:00:00+00:00,validation,faceShields,Proximity,don1463,rec3333,15.0,5.1795,19.812048611111113
2020-06-12 00:00:00+00:00,validation,faceShields,Proximity,don1502,rec16,30.0,5.1795,9.116469907407408
2020-06-12 00:00:00+00:00,validation,faceShields,Proximity,don1504,rec1625,300.0,5.1795,8.195219907407408
2020-06-12 00:00:00+00:00,validation,faceShields,Proximity,don1507,rec4707,15.0,5.1795,8.02863425925926
2020-06-12 00:00:00+00:00,validation,faceShields,Proximity,don1515,rec1421,1.0,5.1795,3.3544212962962963
2020-06-12 00:00:00+00:00,validation,faceShields,Proximity,don1527,rec105,10.0,5.1795,1.4218287037037036
2020-06-12 00:00:00+00:00,validation,gowns,Proximity,don1079,rec4579,30.0,5.1795,44.264710648148146
2020-06-19 00:00:00+00:00,validation,respirators,Proximity,don580,rec2809,50.0,94.5685,60.833333333333336
2020-06-19 00:00:00+00:00,validation,respirators,Proximity,don647,rec3985,8.0,46.091,60.833333333333336
2020-06-19 00:00:00+00:00,validation,respirators,Proximity,don693,rec2283,50.0,5.1795,60.833333333333336
2020-06-19 00:00:00+00:00,validation,respirators,Proximity,don759,rec3014,96.0,5.1795,60.833333333333336
2020-06-19 00:00:00+00:00,validation,respirators,Proximity,don1453,rec5315,60.0,5.1795,28.079212962962963
2020-06-19 00:00:00+00:00,validation,respirators,Proximity,don1508,rec5273,17.0,14.096,13.922256944444445
2020-06-19 00:00:00+00:00,validation,respirators,Proximity,don1518,rec1325,200.0,5.1795,10.208263888888888
2020-06-19 00:00:00+00:00,validation,respirators,Proximity,don1540,rec1019,1000.0,5.1795,5.979548611111111
2020-06-19 00:00:00+00:00,validation,surgicalMasks,Proximity,don839,rec4691,202.0,5.1795,58.186898148148146
2020-06-19 00:00:00+00:00,validation,surgicalMasks,Proximity,don1343,rec2962,50.0,5.1795,37.32429398148148
2020-06-19 00:00:00+00:00,validation,surgicalMasks,Proximity,don1388,rec1052,236.0,295.1365,36.12606481481482
2020-06-19 00:00:00+00:00,validation,surgicalMasks,Proximity,don1542,rec1351,10.0,5.1795,3.6922916666666667
2020-06-19 00:00:00+00:00,validation,surgicalMasks,Proximity,don1548,rec1392,20.0,5.1795,2.6946875
2020-06-19 00:00:00+00:00,validation,surgicalMasks,Proximity,don1554,rec3491,60.0,5.1795,2.160740740740741
2020-06-19 00:00:00+00:00,validation,faceShields,Proximity,don514,rec1295,14.0,21.963,60.833333333333336
2020-06-19 00:00:00+00:00,validation,faceShields,Proximity,don536,rec5505,10.0,14.096,60.833333333333336
2020-06-19 00:00:00+00:00,validation,faceShields,Proximity,don754,rec5265,100.0,21.963,60.833333333333336
2020-06-19 00:00:00+00:00,validation,faceShields,Proximity,don892,rec4188,10.0,5.1795,56.39244212962963
2020-06-19 00:00:00+00:00,validation,faceShields,Proximity,don999,rec1836,10.0,46.091,53.165543981481484
2020-06-19 00:00:00+00:00,validation,faceShields,Proximity,don1116,rec157,40.0,5.1795,50.28337962962963
2020-06-19 00:00:00+00:00,validation,faceShields,Proximity,don1123,rec5250,50.0,5.1795,50.14282407407408
2020-06-19 00:00:00+00:00,validation,faceShields,Proximity,don1280,rec2347,17.0,68.58200000000001,43.906157407407406
2020-06-19 00:00:00+00:00,validation,faceShields,Proximity,don1336,rec1514,65.0,14.096,37.42002314814815
2020-06-19 00:00:00+00:00,validation,faceShields,Proximity,don1409,rec5256,100.0,5.1795,35.29792824074074
2020-06-19 00:00:00+00:00,validation,faceShields,Proximity,don1463,rec3683,8.0,5.1795,26.812048611111113
2020-06-19 00:00:00+00:00,validation,faceShields,Proximity,don1502,rec1803,50.0,5.1795,16.116469907407406
2020-06-19 00:00:00+00:00,validation,faceShields,Proximity,don1507,rec2432,12.0,14.096,15.02863425925926
2020-06-19 00:00:00+00:00,validation,faceShields,Proximity,don1515,rec2184,99.0,5.1795,10.354421296296296
2020-06-19 00:00:00+00:00,validation,faceShields,Proximity,don1527,rec1111,96.0,5.1795,8.421828703703703
2020-06-19 00:00:00+00:00,validation,faceShields,Proximity,don1543,rec4327,10.0,5.1795,3.481388888888889
2020-06-19 00:00:00+00:00,validation,faceShields,Proximity,don1544,rec1264,26.0,5.1795,3.381898148148148
2020-06-19 00:00:00+00:00,validation,faceShields,Proximity,don1546,rec1431,20.0,14.096,3.3454282407407407
2020-06-19 00:00:00+00:00,validation,faceShields,Proximity,don1557,rec2035,350.0,5.1795,0.3359490740740741
2020-06-19 00:00:00+00:00,validation,gowns,Proximity,don1079,rec4778,238.0,14.096,51.264710648148146
2020-06-19 00:00:00+00:00,validation,gowns,Proximity,don1546,rec1431,45.0,14.096,3.3454282407407407
2020-06-26 00:00:00+00:00,validation,respirators,Proximity,don580,rec2858,20.0,94.5685,67.83333333333333
2020-06-26 00:00:00+00:00,validation,respirators,Proximity,don647,rec461,214.0,46.091,67.83333333333333
2020-06-26 00:00:00+00:00,validation,respirators,Proximity,don693,rec2306,20.0,5.1795,67.83333333333333
2020-06-26 00:00:00+00:00,validation,respirators,Proximity,don1453,rec1467,25.0,14.096,35.07921296296296
2020-06-26 00:00:00+00:00,validation,respirators,Proximity,don1518,rec1492,604.0,5.1795,17.20826388888889
2020-06-26 00:00:00+00:00,validation,respirators,Proximity,don1559,rec1434,270.0,5.1795,5.375034722222222
2020-06-26 00:00:00+00:00,validation,surgicalMasks,Proximity,don1343,rec423,35.0,5.1795,44.32429398148148
2020-06-26 00:00:00+00:00,validation,surgicalMasks,Proximity,don1542,rec1584,990.0,5.1795,10.692291666666666
2020-06-26 00:00:00+00:00,validation,surgicalMasks,Proximity,don1548,rec1520,30.0,5.1795,9.6946875
2020-06-26 00:00:00+00:00,validation,surgicalMasks,Proximity,don1561,rec1595,20.0,5.1795,3.279421296296296
2020-06-26 00:00:00+00:00,validation,faceShields,Proximity,don514,rec235,300.0,21.963,67.83333333333333
2020-06-26 00:00:00+00:00,validation,faceShields,Proximity,don536,rec2766,2.0,68.58200000000001,67.83333333333333
2020-06-26 00:00:00+00:00,validation,faceShields,Proximity,don754,rec2934,1.0,31.625,67.83333333333333
2020-06-26 00:00:00+00:00,validation,faceShields,Proximity,don892,rec452,38.0,5.1795,63.39244212962963
2020-06-26 00:00:00+00:00,validation,faceShields,Proximity,don999,rec2601,15.0,46.091,60.165543981481484
2020-06-26 00:00:00+00:00,validation,faceShields,Proximity,don1123,rec789,25.0,5.1795,57.14282407407408
2020-06-26 00:00:00+00:00,validation,faceShields,Proximity,don1280,rec2849,1.0,68.58200000000001,50.906157407407406
2020-06-26 00:00:00+00:00,validation,faceShields,Proximity,don1409,rec669,25.0,5.1795,42.29792824074074
2020-06-26 00:00:00+00:00,validation,faceShields,Proximity,don1463,rec3712,100.0,5.1795,33.81204861111111
2020-06-26 00:00:00+00:00,validation,faceShields,Proximity,don1502,rec3050,20.0,5.1795,23.116469907407406
2020-06-26 00:00:00+00:00,validation,faceShields,Proximity,don1507,rec4299,10.0,14.096,22.02863425925926
2020-06-26 00:00:00+00:00,validation,faceShields,Proximity,don1543,rec921,52.0,14.096,10.481388888888889
2020-06-26 00:00:00+00:00,validation,faceShields,Proximity,don1544,rec1418,24.0,5.1795,10.381898148148148
2020-06-26 00:00:00+00:00,validation,faceShields,Proximity,don1546,rec1691,80.0,14.096,10.345428240740741
2020-06-26 00:00:00+00:00,validation,faceShields,Proximity,don1557,rec2998,1.0,5.1795,7.335949074074074
2020-06-26 00:00:00+00:00,validation,faceShields,Proximity,don1562,rec1332,2.0,5.1795,2.2496296296296294
2020-06-26 00:00:00+00:00,validation,faceShields,Proximity,don1564,rec1243,200.0,5.1795,1.1930092592592592
2020-06-26 00:00:00+00:00,validation,faceShields,Proximity,don1565,rec1250,50.0,5.1795,0.5170254629629629
2020-06-26 00:00:00+00:00,validation,gowns,Proximity,don1546,rec1691,55.0,14.096,10.345428240740741
2020-07-03 00:00:00+00:00,test,respirators,Proximity,don580,rec2995,100.0,94.5685,74.83333333333333
2020-07-03 00:00:00+00:00,test,respirators,Proximity,don693,rec2485,300.0,5.1795,74.83333333333333
2020-07-03 00:00:00+00:00,test,respirators,Proximity,don1453,rec6006,50.0,5.1795,42.07921296296296
2020-07-03 00:00:00+00:00,test,respirators,Proximity,don1559,rec1451,300.0,5.1795,12.375034722222223
2020-07-03 00:00:00+00:00,test,respirators,Proximity,don1579,rec0,3.0,5.1795,0.7224652777777778
2020-07-03 00:00:00+00:00,test,surgicalMasks,Proximity,don1561,rec2302,150.0,5.1795,10.279421296296297
2020-07-03 00:00:00+00:00,test,surgicalMasks,Proximity,don1566,rec1536,280.0,5.1795,6.812627314814815
2020-07-03 00:00:00+00:00,test,surgicalMasks,Proximity,don1577,rec1400,50.0,5.1795,1.7765277777777777
2020-07-03 00:00:00+00:00,test,surgicalMasks,Proximity,don1580,rec1111,1000.0,5.1795,0.4565162037037037
2020-07-03 00:00:00+00:00,test,faceShields,Proximity,don514,rec2506,10.0,21.963,74.83333333333333
2020-07-03 00:00:00+00:00,test,faceShields,Proximity,don536,rec3303,60.0,68.58200000000001,74.83333333333333
2020-07-03 00:00:00+00:00,test,faceShields,Proximity,don754,rec2791,25.0,46.091,74.83333333333333
2020-07-03 00:00:00+00:00,test,faceShields,Proximity,don999,rec3193,30.0,46.091,67.16554398148148
2020-07-03 00:00:00+00:00,test,faceShields,Proximity,don1123,rec6041,30.0,5.1795,64.14282407407407
2020-07-03 00:00:00+00:00,test,faceShields,Proximity,don1280,rec2851,1.0,68.58200000000001,57.906157407407406
2020-07-03 00:00:00+00:00,test,faceShields,Proximity,don1409,rec112,6.0,14.096,49.29792824074074
2020-07-03 00:00:00+00:00,test,faceShields,Proximity,don1463,rec1221,100.0,14.096,40.81204861111111
2020-07-03 00:00:00+00:00,test,faceShields,Proximity,don1502,rec323,8.0,5.1795,30.116469907407406
2020-07-03 00:00:00+00:00,test,faceShields,Proximity,don1507,rec4348,763.0,14.096,29.02863425925926
2020-07-03 00:00:00+00:00,test,faceShields,Proximity,don1543,rec1923,138.0,68.58200000000001,17.48138888888889
2020-07-03 00:00:00+00:00,test,faceShields,Proximity,don1557,rec6073,20.0,5.1795,14.335949074074074
2020-07-03 00:00:00+00:00,test,faceShields,Proximity,don1565,rec1334,50.0,5.1795,7.517025462962963
2020-07-03 00:00:00+00:00,test,faceShields,Proximity,don1571,rec1520,25.0,5.1795,4.145023148148148
2020-07-03 00:00:00+00:00,test,faceShields,Proximity,don1573,rec1699,5.0,5.1795,2.8470949074074072
2020-07-10 00:00:00+00:00,test,respirators,Proximity,don580,rec3003,40.0,94.5685,81.83333333333333
2020-07-10 00:00:00+00:00,test,respirators,Proximity,don693,rec2545,214.0,5.1795,81.83333333333333
2020-07-10 00:00:00+00:00,test,respirators,Proximity,don1453,rec6035,20.0,5.1795,49.07921296296296
2020-07-10 00:00:00+00:00,test,respirators,Proximity,don1559,rec1553,230.0,5.1795,19.37503472222222
2020-07-10 00:00:00+00:00,test,respirators,Proximity,don1584,rec1632,5.0,5.1795,6.097974537037037
2020-07-10 00:00:00+00:00,test,respirators,Proximity,don1592,rec1035,20.0,5.1795,4.157222222222222
2020-07-10 00:00:00+00:00,test,respirators,Proximity,don1602,rec3078,40.0,5.1795,1.2396643518518518
2020-07-10 00:00:00+00:00,test,surgicalMasks,Proximity,don1561,rec2540,100.0,5.1795,17.279421296296295
2020-07-10 00:00:00+00:00,test,surgicalMasks,Proximity,don1592,rec1405,30.0,5.1795,4.157222222222222
2020-07-10 00:00:00+00:00,test,surgicalMasks,Proximity,don1596,rec1378,175.0,5.1795,2.3696180555555557
2020-07-10 00:00:00+00:00,test,surgicalMasks,Proximity,don1599,rec1274,200.0,5.1795,1.9099884259259259
2020-07-10 00:00:00+00:00,test,surgicalMasks,Proximity,don1602,rec2920,25.0,5.1795,1.2396643518518518
2020-07-10 00:00:00+00:00,test,surgicalMasks,Proximity,don1604,rec1283,1000.0,5.1795,1.107337962962963
2020-07-10 00:00:00+00:00,test,surgicalMasks,Proximity,don1605,rec1111,450.0,5.1795,1.0484606481481482
2020-07-10 00:00:00+00:00,test,faceShields,Proximity,don514,rec3314,10.0,21.963,81.83333333333333
2020-07-10 00:00:00+00:00,test,faceShields,Proximity,don754,rec6085,10.0,14.096,81.83333333333333
2020-07-10 00:00:00+00:00,test,faceShields,Proximity,don999,rec3361,20.0,46.091,74.16554398148148
2020-07-10 00:00:00+00:00,test,faceShields,Proximity,don1123,rec255,60.0,14.096,71.14282407407407
2020-07-10 00:00:00+00:00,test,faceShields,Proximity,don1280,rec2931,98.0,68.58200000000001,64.9061574074074
2020-07-10 00:00:00+00:00,test,faceShields,Proximity,don1409,rec1471,308.0,14.096,56.29792824074074
2020-07-10 00:00:00+00:00,test,faceShields,Proximity,don1463,rec1531,30.0,14.096,47.81204861111111
2020-07-10 00:00:00+00:00,test,faceShields,Proximity,don1557,rec1675,2.0,14.096,21.335949074074072
2020-07-10 00:00:00+00:00,test,faceShields,Proximity,don1585,rec1273,40.0,5.1795,6.008738425925926
2020-07-10 00:00:00+00:00,test,faceShields,Proximity,don1589,rec1030,30.0,5.1795,4.21130787037037
2020-07-10 00:00:00+00:00,test,faceShields,Proximity,don1595,rec1386,25.0,5.1795,2.8978819444444444
2020-07-17 00:00:00+00:00,test,respirators,Proximity,don580,rec3030,1.0,94.5685,88.83333333333333
2020-07-17 00:00:00+00:00,test,respirators,Proximity,don1453,rec1596,625.0,14.096,56.07921296296296
2020-07-17 00:00:00+00:00,test,respirators,Proximity,don1611,rec1385,5.0,5.1795,6.970578703703704
2020-07-17 00:00:00+00:00,test,respirators,Proximity,don1622,rec1025,10.0,5.1795,5.094039351851852
2020-07-17 00:00:00+00:00,test,surgicalMasks,Proximity,don1561,rec2625,100.0,5.1795,24.279421296296295
2020-07-17 00:00:00+00:00,test,surgicalMasks,Proximity,don1596,rec4008,100.0,5.1795,9.369618055555556
2020-07-17 00:00:00+00:00,test,surgicalMasks,Proximity,don1602,rec3078,25.0,5.1795,8.239664351851852
2020-07-17 00:00:00+00:00,test,surgicalMasks,Proximity,don1615,rec1749,20.0,21.963,6.857303240740741
2020-07-17 00:00:00+00:00,test,faceShields,Proximity,don514,rec4447,100.0,21.963,88.83333333333333
2020-07-17 00:00:00+00:00,test,faceShields,Proximity,don754,rec3421,5.0,46.091,88.83333333333333
2020-07-17 00:00:00+00:00,test,faceShields,Proximity,don999,rec3577,100.0,46.091,81.16554398148148
2020-07-17 00:00:00+00:00,test,faceShields,Proximity,don1123,rec3405,30.0,14.096,78.14282407407407
2020-07-17 00:00:00+00:00,test,faceShields,Proximity,don1463,rec1849,100.0,14.096,54.81204861111111
2020-07-17 00:00:00+00:00,test,faceShields,Proximity,don1557,rec1742,10.0,14.096,28.335949074074072
2020-07-17 00:00:00+00:00,test,faceShields,Proximity,don1615,rec2821,2.0,21.963,6.857303240740741
2020-07-17 00:00:00+00:00,test,faceShields,Proximity,don1618,rec1082,50.0,5.1795,6.23787037037037
2020-07-17 00:00:00+00:00,test,faceShields,Proximity,don1623,rec1181,200.0,5.1795,4.294733796296296
2020-07-24 00:00:00+00:00,test,respirators,Proximity,don580,rec6333,20.0,68.58200000000001,95.83333333333333
2020-07-24 00:00:00+00:00,test,respirators,Proximity,don1655,rec1244,254.0,5.1795,6.0881944444444445
2020-07-24 00:00:00+00:00,test,surgicalMasks,Proximity,don1561,rec3326,1.0,5.1795,31.279421296296295
2020-07-24 00:00:00+00:00,test,surgicalMasks,Proximity,don1596,rec5457,200.0,5.1795,16.369618055555556
2020-07-24 00:00:00+00:00,test,faceShields,Proximity,don514,rec489,50.0,21.963,95.83333333333333
2020-07-24 00:00:00+00:00,test,faceShields,Proximity,don754,rec3678,30.0,46.091,95.83333333333333
2020-07-24 00:00:00+00:00,test,faceShields,Proximity,don999,rec3824,100.0,46.091,88.16554398148148
2020-07-24 00:00:00+00:00,test,faceShields,Proximity,don1123,rec704,60.0,14.096,85.14282407407407
2020-07-24 00:00:00+00:00,test,faceShields,Proximity,don1463,rec2671,50.0,14.096,61.81204861111111
2020-07-24 00:00:00+00:00,test,faceShields,Proximity,don1557,rec2636,117.0,14.096,35.33594907407407
2020-07-24 00:00:00+00:00,test,faceShields,Proximity,don1618,rec1108,100.0,5.1795,13.23787037037037
2020-07-24 00:00:00+00:00,test,faceShields,Proximity,don1655,rec1519,500.0,5.1795,6.0881944444444445
2020-04-03 00:00:00+00:00,calibration,respirators,Demand proportional,don0,rec12,20.0,1237.3895,6.509027777777778
2020-04-24 00:00:00+00:00,calibration,respirators,Demand proportional,don103,rec2300,20.0,784.2255,4.833333333333333
2020-04-24 00:00:00+00:00,calibration,respirators,Demand proportional,don108,rec2058,15.0,14.096,4.833333333333333
2020-04-24 00:00:00+00:00,calibration,respirators,Demand proportional,don116,rec2300,1.0,2297.1445000000003,4.833333333333333
2020-04-24 00:00:00+00:00,calibration,respirators,Demand proportional,don118,rec2300,2.0,2212.9245,4.833333333333333
2020-04-24 00:00:00+00:00,calibration,respirators,Demand proportional,don124,rec2058,100.0,14.096,4.833333333333333
2020-04-24 00:00:00+00:00,calibration,respirators,Demand proportional,don135,rec2300,2.0,68.58200000000001,4.833333333333333
2020-04-24 00:00:00+00:00,calibration,respirators,Demand proportional,don141,rec2058,5.0,366.0375,4.833333333333333
2020-04-24 00:00:00+00:00,calibration,respirators,Demand proportional,don143,rec2058,1.0,5.1795,4.833333333333333
2020-04-24 00:00:00+00:00,calibration,respirators,Demand proportional,don145,rec2300,19.0,2406.4505,4.833333333333333
2020-04-24 00:00:00+00:00,calibration,respirators,Demand proportional,don146,rec2300,35.0,2144.701,4.833333333333333
2020-04-24 00:00:00+00:00,calibration,respirators,Demand proportional,don149,rec2058,3.0,5.1795,4.833333333333333
2020-04-24 00:00:00+00:00,calibration,respirators,Demand proportional,don150,rec2058,18.0,5.1795,4.833333333333333
2020-04-24 00:00:00+00:00,calibration,respirators,Demand proportional,don164,rec2300,2.0,1494.9705,4.833333333333333
2020-04-24 00:00:00+00:00,calibration,respirators,Demand proportional,don166,rec2300,10.0,2478.453,4.833333333333333
2020-04-24 00:00:00+00:00,calibration,respirators,Demand proportional,don167,rec2058,2.0,14.096,4.833333333333333
2020-04-24 00:00:00+00:00,calibration,respirators,Demand proportional,don168,rec2058,6.0,436.4295,4.833333333333333
2020-04-24 00:00:00+00:00,calibration,respirators,Demand proportional,don172,rec2300,12.0,1274.4155,4.833333333333333
2020-04-24 00:00:00+00:00,calibration,respirators,Demand proportional,don173,rec2300,5.0,1320.073,4.833333333333333
2020-04-24 00:00:00+00:00,calibration,respirators,Demand proportional,don184,rec2300,140.0,1181.8465,4.833333333333333
2020-04-24 00:00:00+00:00,calibration,respirators,Demand proportional,don188,rec2300,500.0,2175.199,4.833333333333333
2020-04-24 00:00:00+00:00,calibration,respirators,Demand proportional,don199,rec2300,10.0,2249.91,4.833333333333333
2020-04-24 00:00:00+00:00,calibration,respirators,Demand proportional,don201,rec2300,16.0,1679.5995,4.833333333333333
2020-04-24 00:00:00+00:00,calibration,respirators,Demand proportional,don204,rec2300,7.0,2277.5855,4.833333333333333
2020-04-24 00:00:00+00:00,calibration,respirators,Demand proportional,don206,rec2058,20.0,21.963,4.833333333333333
2020-04-24 00:00:00+00:00,calibration,respirators,Demand proportional,don208,rec2058,50.0,31.625,4.833333333333333
2020-04-24 00:00:00+00:00,calibration,respirators,Demand proportional,don209,rec2058,1.0,316.3175,4.833333333333333
2020-04-24 00:00:00+00:00,calibration,respirators,Demand proportional,don215,rec2300,10.0,2406.4505,4.833333333333333
2020-04-24 00:00:00+00:00,calibration,respirators,Demand proportional,don219,rec2058,1.0,14.096,4.833333333333333
2020-04-24 00:00:00+00:00,calibration,respirators,Demand proportional,don220,rec2058,14.0,5.1795,4.833333333333333
2020-04-24 00:00:00+00:00,calibration,respirators,Demand proportional,don224,rec2300,2.0,1320.073,4.833333333333333
2020-04-24 00:00:00+00:00,calibration,respirators,Demand proportional,don233,rec2300,2.0,2277.5855,4.833333333333333
2020-04-24 00:00:00+00:00,calibration,respirators,Demand proportional,don234,rec2300,4.0,194.979,4.833333333333333
2020-04-24 00:00:00+00:00,calibration,respirators,Demand proportional,don235,rec2300,75.0,68.58200000000001,4.833333333333333
2020-04-24 00:00:00+00:00,calibration,respirators,Demand proportional,don243,rec2300,30.0,2249.91,4.833333333333333
2020-04-24 00:00:00+00:00,calibration,respirators,Demand proportional,don244,rec2300,2.0,2249.91,4.833333333333333
2020-04-24 00:00:00+00:00,calibration,respirators,Demand proportional,don245,rec2300,10.0,2249.91,4.833333333333333
2020-04-24 00:00:00+00:00,calibration,respirators,Demand proportional,don247,rec2300,200.0,21.963,4.833333333333333
2020-04-24 00:00:00+00:00,calibration,respirators,Demand proportional,don248,rec2058,1.0,21.963,4.833333333333333
2020-04-24 00:00:00+00:00,calibration,respirators,Demand proportional,don251,rec2058,5.0,349.019,4.833333333333333
2020-04-24 00:00:00+00:00,calibration,respirators,Demand proportional,don258,rec2300,40.0,562.254,4.833333333333333
2020-04-24 00:00:00+00:00,calibration,respirators,Demand proportional,don264,rec2058,120.0,14.096,4.833333333333333
2020-04-24 00:00:00+00:00,calibration,respirators,Demand proportional,don265,rec2300,2.0,2406.4505,4.833333333333333
2020-04-24 00:00:00+00:00,calibration,respirators,Demand proportional,don268,rec2300,300.0,1181.8465,4.833333333333333
2020-04-24 00:00:00+00:00,calibration,respirators,Demand proportional,don282,rec2058,4.0,349.019,4.833333333333333
2020-04-24 00:00:00+00:00,calibration,respirators,Demand proportional,don294,rec2300,8.0,68.58200000000001,4.833333333333333
2020-04-24 00:00:00+00:00,calibration,respirators,Demand proportional,don295,rec2058,5.0,349.019,4.833333333333333
2020-04-24 00:00:00+00:00,calibration,respirators,Demand proportional,don299,rec2058,900.0,14.096,4.833333333333333
2020-04-24 00:00:00+00:00,calibration,respirators,Demand proportional,don305,rec2058,30.0,14.096,4.833333333333333
2020-04-24 00:00:00+00:00,calibration,respirators,Demand proportional,don309,rec2300,20.0,2406.4505,4.833333333333333
2020-04-24 00:00:00+00:00,calibration,respirators,Demand proportional,don311,rec2300,2.0,2406.4505,4.833333333333333
2020-04-24 00:00:00+00:00,calibration,respirators,Demand proportional,don314,rec2058,140.0,21.963,4.833333333333333
2020-04-24 00:00:00+00:00,calibration,respirators,Demand proportional,don317,rec2300,1000.0,2406.4505,4.833333333333333
2020-04-24 00:00:00+00:00,calibration,respirators,Demand proportional,don353,rec2058,10.0,5.1795,4.833333333333333
2020-04-24 00:00:00+00:00,calibration,respirators,Demand proportional,don356,rec2058,300.0,5.1795,4.833333333333333
2020-04-24 00:00:00+00:00,calibration,respirators,Demand proportional,don357,rec2058,30.0,14.096,4.833333333333333
2020-04-24 00:00:00+00:00,calibration,respirators,Demand proportional,don358,rec2300,60.0,2249.91,4.833333333333333
2020-04-24 00:00:00+00:00,calibration,respirators,Demand proportional,don359,rec2058,2.0,316.3175,4.833333333333333
2020-04-24 00:00:00+00:00,calibration,respirators,Demand proportional,don360,rec2300,10.0,2550.7465,4.833333333333333
2020-04-24 00:00:00+00:00,calibration,respirators,Demand proportional,don373,rec2300,300.0,316.3175,4.833333333333333
2020-04-24 00:00:00+00:00,calibration,respirators,Demand proportional,don376,rec2300,200.0,1761.3945,4.833333333333333
2020-04-24 00:00:00+00:00,calibration,respirators,Demand proportional,don381,rec2058,10.0,5.1795,4.833333333333333
2020-04-24 00:00:00+00:00,calibration,respirators,Demand proportional,don382,rec2300,90.0,385.7645,4.833333333333333
2020-04-24 00:00:00+00:00,calibration,respirators,Demand proportional,don383,rec2300,11.0,2388.424,4.833333333333333
2020-04-24 00:00:00+00:00,calibration,respirators,Demand proportional,don388,rec2300,10.0,1356.631,4.833333333333333
2020-04-24 00:00:00+00:00,calibration,respirators,Demand proportional,don397,rec2300,1000.0,1389.114,4.833333333333333
2020-04-24 00:00:00+00:00,calibration,respirators,Demand proportional,don399,rec2058,38.0,14.096,4.833333333333333
2020-04-24 00:00:00+00:00,calibration,respirators,Demand proportional,don400,rec2300,5.0,31.625,4.833333333333333
2020-04-24 00:00:00+00:00,calibration,respirators,Demand proportional,don401,rec2300,950.0,2388.424,4.833333333333333
2020-04-24 00:00:00+00:00,calibration,respirators,Demand proportional,don402,rec2058,3.0,349.019,4.833333333333333
2020-04-24 00:00:00+00:00,calibration,respirators,Demand proportional,don405,rec2300,1.0,2406.4505,4.833333333333333
2020-04-24 00:00:00+00:00,calibration,respirators,Demand proportional,don411,rec2058,30.0,267.284,4.833333333333333
2020-04-24 00:00:00+00:00,calibration,respirators,Demand proportional,don412,rec2058,15.0,14.096,4.833333333333333
2020-04-24 00:00:00+00:00,calibration,respirators,Demand proportional,don414,rec2058,2.0,14.096,4.833333333333333
2020-04-24 00:00:00+00:00,calibration,respirators,Demand proportional,don422,rec2058,1.0,14.096,4.833333333333333
2020-04-24 00:00:00+00:00,calibration,respirators,Demand proportional,don427,rec2300,5.0,2144.701,4.833333333333333
2020-04-24 00:00:00+00:00,calibration,respirators,Demand proportional,don429,rec2058,24.0,333.27,4.833333333333333
2020-04-24 00:00:00+00:00,calibration,respirators,Demand proportional,don430,rec2058,5.0,366.0375,4.833333333333333
2020-04-24 00:00:00+00:00,calibration,respirators,Demand proportional,don432,rec2058,6.0,970.0415,4.833333333333333
2020-04-24 00:00:00+00:00,calibration,respirators,Demand proportional,don442,rec2058,3.0,5.1795,4.833333333333333
2020-04-24 00:00:00+00:00,calibration,respirators,Demand proportional,don443,rec2300,2.0,1181.8465,4.833333333333333
2020-04-24 00:00:00+00:00,calibration,respirators,Demand proportional,don445,rec2300,3.0,1991.554,4.833333333333333
2020-04-24 00:00:00+00:00,calibration,respirators,Demand proportional,don446,rec2058,5.0,349.019,4.833333333333333
2020-04-24 00:00:00+00:00,calibration,respirators,Demand proportional,don466,rec2300,6.0,1679.5995,4.833333333333333
2020-04-24 00:00:00+00:00,calibration,respirators,Demand proportional,don467,rec2300,400.0,1181.8465,4.833333333333333
2020-04-24 00:00:00+00:00,calibration,respirators,Demand proportional,don468,rec2300,5.0,46.091,4.833333333333333
2020-04-24 00:00:00+00:00,calibration,respirators,Demand proportional,don487,rec2058,3.0,21.963,4.833333333333333
2020-04-24 00:00:00+00:00,calibration,respirators,Demand proportional,don490,rec2300,9.0,2277.5855,4.833333333333333
2020-04-24 00:00:00+00:00,calibration,respirators,Demand proportional,don493,rec2300,1.0,2406.4505,4.833333333333333
2020-04-24 00:00:00+00:00,calibration,respirators,Demand proportional,don494,rec2058,10.0,295.1365,4.833333333333333
2020-04-24 00:00:00+00:00,calibration,respirators,Demand proportional,don503,rec2300,4.0,2406.4505,4.833333333333333
2020-04-24 00:00:00+00:00,calibration,respirators,Demand proportional,don507,rec2300,50.0,21.963,4.833333333333333
2020-04-24 00:00:00+00:00,calibration,respirators,Demand proportional,don511,rec2300,10.0,562.254,4.833333333333333
2020-04-24 00:00:00+00:00,calibration,respirators,Demand proportional,don522,rec2300,8.0,2550.7465,4.833333333333333
2020-04-24 00:00:00+00:00,calibration,respirators,Demand proportional,don523,rec2300,8.0,2550.7465,4.833333333333333
2020-04-24 00:00:00+00:00,calibration,respirators,Demand proportional,don527,rec2300,15.0,1181.8465,4.833333333333333
2020-04-24 00:00:00+00:00,calibration,respirators,Demand proportional,don529,rec2058,20.0,349.019,4.833333333333333
2020-04-24 00:00:00+00:00,calibration,respirators,Demand proportional,don530,rec2058,10.0,5.1795,4.833333333333333
2020-04-24 00:00:00+00:00,calibration,respirators,Demand proportional,don531,rec2058,12.0,333.27,4.833333333333333
2020-04-24 00:00:00+00:00,calibration,respirators,Demand proportional,don533,rec2300,20.0,1679.5995,4.833333333333333
2020-04-24 00:00:00+00:00,calibration,respirators,Demand proportional,don536,rec2300,100.0,1798.9735,4.833333333333333
2020-04-24 00:00:00+00:00,calibration,respirators,Demand proportional,don538,rec2058,10.0,5.1795,4.833333333333333
2020-04-24 00:00:00+00:00,calibration,respirators,Demand proportional,don540,rec2058,42.0,5.1795,4.833333333333333
2020-04-24 00:00:00+00:00,calibration,respirators,Demand proportional,don541,rec2058,20.0,5.1795,4.833333333333333
2020-04-24 00:00:00+00:00,calibration,respirators,Demand proportional,don543,rec2300,10.0,2550.7465,4.833333333333333
2020-04-24 00:00:00+00:00,calibration,respirators,Demand proportional,don544,rec2300,13.0,2277.5855,4.833333333333333
2020-04-24 00:00:00+00:00,calibration,respirators,Demand proportional,don545,rec2058,6.0,811.1475,4.833333333333333
2020-04-24 00:00:00+00:00,calibration,respirators,Demand proportional,don553,rec2300,20.0,2406.4505,4.833333333333333
2020-04-24 00:00:00+00:00,calibration,respirators,Demand proportional,don554,rec2300,500.0,784.2255,4.833333333333333
2020-04-24 00:00:00+00:00,calibration,respirators,Demand proportional,don568,rec2058,10.0,14.096,4.833333333333333
2020-04-24 00:00:00+00:00,calibration,respirators,Demand proportional,don570,rec2300,5.0,385.7645,4.833333333333333
2020-04-24 00:00:00+00:00,calibration,respirators,Demand proportional,don572,rec2300,45.0,2406.4505,4.833333333333333
2020-04-24 00:00:00+00:00,calibration,respirators,Demand proportional,don575,rec2300,7.0,1274.4155,4.833333333333333
2020-04-24 00:00:00+00:00,calibration,respirators,Demand proportional,don577,rec2300,40.0,2406.4505,4.833333333333333
2020-04-24 00:00:00+00:00,calibration,respirators,Demand proportional,don578,rec2300,15.0,2037.1745,4.833333333333333
2020-04-24 00:00:00+00:00,calibration,respirators,Demand proportional,don579,rec2300,1.0,2441.548,4.833333333333333
2020-04-24 00:00:00+00:00,calibration,respirators,Demand proportional,don580,rec2300,1000.0,690.7964999999999,4.833333333333333
2020-04-24 00:00:00+00:00,calibration,respirators,Demand proportional,don581,rec2058,1.0,5.1795,4.833333333333333
2020-04-24 00:00:00+00:00,calibration,respirators,Demand proportional,don589,rec2300,4.0,2450.419,4.833333333333333
2020-04-24 00:00:00+00:00,calibration,respirators,Demand proportional,don597,rec2058,10.0,316.3175,4.833333333333333
2020-04-24 00:00:00+00:00,calibration,respirators,Demand proportional,don599,rec2058,5.0,14.096,4.833333333333333
2020-04-24 00:00:00+00:00,calibration,respirators,Demand proportional,don611,rec2058,30.0,349.019,4.833333333333333
2020-04-24 00:00:00+00:00,calibration,respirators,Demand proportional,don612,rec2058,70.0,366.0375,4.833333333333333
2020-04-24 00:00:00+00:00,calibration,respirators,Demand proportional,don614,rec2300,2.0,21.963,4.833333333333333
2020-04-24 00:00:00+00:00,calibration,respirators,Demand proportional,don615,rec2300,100.0,94.5685,4.833333333333333
2020-04-24 00:00:00+00:00,calibration,respirators,Demand proportional,don616,rec2058,6.0,14.096,4.833333333333333
2020-04-24 00:00:00+00:00,calibration,respirators,Demand proportional,don617,rec2058,4.0,21.963,4.833333333333333
2020-04-24 00:00:00+00:00,calibration,respirators,Demand proportional,don620,rec2300,20.0,2249.91,4.833333333333333
2020-04-24 00:00:00+00:00,calibration,respirators,Demand proportional,don625,rec2300,3.0,614.4975,4.833333333333333
2020-04-24 00:00:00+00:00,calibration,respirators,Demand proportional,don627,rec2058,400.0,31.625,4.833333333333333
2020-04-24 00:00:00+00:00,calibration,respirators,Demand proportional,don630,rec2300,15.0,2249.91,4.833333333333333
2020-04-24 00:00:00+00:00,calibration,respirators,Demand proportional,don633,rec2058,1000.0,5.1795,4.833333333333333
2020-04-24 00:00:00+00:00,calibration,respirators,Demand proportional,don634,rec2058,25.0,21.963,4.833333333333333
2020-04-24 00:00:00+00:00,calibration,respirators,Demand proportional,don635,rec2300,20.0,2116.7925,4.833333333333333
2020-04-24 00:00:00+00:00,calibration,respirators,Demand proportional,don637,rec2300,3.0,1679.5995,4.833333333333333
2020-04-24 00:00:00+00:00,calibration,respirators,Demand proportional,don643,rec2300,1.0,1991.554,4.833333333333333
2020-04-24 00:00:00+00:00,calibration,respirators,Demand proportional,don645,rec2300,10.0,1921.0005,4.833333333333333
2020-04-24 00:00:00+00:00,calibration,respirators,Demand proportional,don646,rec2058,2.0,366.0375,4.833333333333333
2020-04-24 00:00:00+00:00,calibration,respirators,Demand proportional,don647,rec2300,1000.0,1836.9605,4.833333333333333
2020-04-24 00:00:00+00:00,calibration,respirators,Demand proportional,don648,rec2300,3.0,2580.1675,4.833333333333333
2020-04-24 00:00:00+00:00,calibration,respirators,Demand proportional,don649,rec2300,12.0,2460.78,4.833333333333333
2020-04-24 00:00:00+00:00,calibration,respirators,Demand proportional,don661,rec2058,2.0,5.1795,4.833333333333333
2020-04-24 00:00:00+00:00,calibration,respirators,Demand proportional,don662,rec2058,20.0,295.1365,4.833333333333333
2020-04-24 00:00:00+00:00,calibration,respirators,Demand proportional,don666,rec2058,25.0,832.5285,4.833333333333333
2020-04-24 00:00:00+00:00,calibration,respirators,Demand proportional,don674,rec2300,24.0,2341.1225000000004,4.833333333333333
2020-04-24 00:00:00+00:00,calibration,respirators,Demand proportional,don675,rec2058,3.0,14.096,4.833333333333333
2020-04-24 00:00:00+00:00,calibration,respirators,Demand proportional,don676,rec2300,2.0,2406.4505,4.833333333333333
2020-04-24 00:00:00+00:00,calibration,respirators,Demand proportional,don677,rec2300,3.0,2550.7465,4.833333333333333
2020-04-24 00:00:00+00:00,calibration,respirators,Demand proportional,don682,rec2300,8.0,2529.878,4.833333333333333
2020-04-24 00:00:00+00:00,calibration,respirators,Demand proportional,don685,rec2300,6.0,1921.0005,4.833333333333333
2020-04-24 00:00:00+00:00,calibration,respirators,Demand proportional,don686,rec2300,6.0,2212.9245,4.833333333333333
2020-04-24 00:00:00+00:00,calibration,respirators,Demand proportional,don687,rec2300,1.0,1494.9705,4.833333333333333
2020-04-24 00:00:00+00:00,calibration,respirators,Demand proportional,don688,rec2300,3.0,316.3175,4.833333333333333
2020-04-24 00:00:00+00:00,calibration,respirators,Demand proportional,don689,rec2300,1000.0,2388.424,4.833333333333333
2020-04-24 00:00:00+00:00,calibration,respirators,Demand proportional,don691,rec2058,100.0,333.27,4.833333333333333
2020-04-24 00:00:00+00:00,calibration,respirators,Demand proportional,don692,rec2300,15.0,2297.1445000000003,4.833333333333333
2020-04-24 00:00:00+00:00,calibration,respirators,Demand proportional,don693,rec2058,1000.0,31.625,4.833333333333333
2020-04-24 00:00:00+00:00,calibration,respirators,Demand proportional,don694,rec2058,500.0,21.963,4.833333333333333
2020-04-24 00:00:00+00:00,calibration,respirators,Demand proportional,don698,rec2300,4.0,2081.503,4.833333333333333
2020-04-24 00:00:00+00:00,calibration,respirators,Demand proportional,don703,rec2300,1.0,2081.503,4.833333333333333
2020-04-24 00:00:00+00:00,calibration,respirators,Demand proportional,don705,rec2058,620.0,5.1795,4.833333333333333
2020-04-24 00:00:00+00:00,calibration,respirators,Demand proportional,don706,rec2058,10.0,349.019,4.833333333333333
2020-04-24 00:00:00+00:00,calibration,respirators,Demand proportional,don707,rec2058,500.0,295.1365,4.833333333333333
2020-04-24 00:00:00+00:00,calibration,respirators,Demand proportional,don709,rec2300,10.0,1679.5995,4.833333333333333
2020-04-24 00:00:00+00:00,calibration,respirators,Demand proportional,don717,rec2300,4.0,2212.9245,4.833333333333333
2020-04-24 00:00:00+00:00,calibration,respirators,Demand proportional,don719,rec2058,10.0,316.3175,4.833333333333333
2020-04-24 00:00:00+00:00,calibration,respirators,Demand proportional,don723,rec2058,180.0,14.096,4.833333333333333
2020-04-24 00:00:00+00:00,calibration,respirators,Demand proportional,don726,rec2300,10.0,2144.701,4.833333333333333
2020-04-24 00:00:00+00:00,calibration,respirators,Demand proportional,don728,rec2058,6.0,333.27,4.833333333333333
2020-04-24 00:00:00+00:00,calibration,respirators,Demand proportional,don731,rec2300,2.0,2406.4505,4.833333333333333
2020-04-24 00:00:00+00:00,calibration,respirators,Demand proportional,don740,rec2300,2.0,2297.1445000000003,4.833333333333333
2020-04-24 00:00:00+00:00,calibration,respirators,Demand proportional,don745,rec2300,500.0,2144.701,4.833333333333333
2020-04-24 00:00:00+00:00,calibration,respirators,Demand proportional,don747,rec2300,20.0,1566.9865,4.833333333333333
2020-04-24 00:00:00+00:00,calibration,respirators,Demand proportional,don748,rec2058,6.0,31.625,4.833333333333333
2020-04-24 00:00:00+00:00,calibration,respirators,Demand proportional,don749,rec2058,60.0,14.096,4.833333333333333
2020-04-24 00:00:00+00:00,calibration,respirators,Demand proportional,don751,rec2300,200.0,2406.4505,4.833333333333333
2020-04-24 00:00:00+00:00,calibration,respirators,Demand proportional,don752,rec2058,40.0,295.1365,4.833333333333333
2020-04-24 00:00:00+00:00,calibration,respirators,Demand proportional,don759,rec2300,1000.0,1320.073,4.833333333333333
2020-04-24 00:00:00+00:00,calibration,respirators,Demand proportional,don761,rec2058,20.0,5.1795,4.833333333333333
2020-04-24 00:00:00+00:00,calibration,respirators,Demand proportional,don762,rec2058,11.0,349.019,4.833333333333333
2020-04-24 00:00:00+00:00,calibration,respirators,Demand proportional,don763,rec2058,180.0,14.096,4.833333333333333
2020-04-24 00:00:00+00:00,calibration,respirators,Demand proportional,don764,rec2058,1000.0,928.423,4.833333333333333
2020-04-24 00:00:00+00:00,calibration,respirators,Demand proportional,don766,rec2300,100.0,2249.91,4.833333333333333
2020-04-24 00:00:00+00:00,calibration,respirators,Demand proportional,don767,rec2300,20.0,1639.246,4.833333333333333
2020-04-24 00:00:00+00:00,calibration,respirators,Demand proportional,don768,rec2300,4.0,2249.91,4.833333333333333
2020-04-24 00:00:00+00:00,calibration,respirators,Demand proportional,don769,rec2300,13.0,2249.91,4.833333333333333
2020-04-24 00:00:00+00:00,calibration,respirators,Demand proportional,don77,rec2300,4.0,2249.91,4.833333333333333
2020-04-24 00:00:00+00:00,calibration,respirators,Demand proportional,don771,rec2300,20.0,2406.4505,4.833333333333333
2020-04-24 00:00:00+00:00,calibration,respirators,Demand proportional,don772,rec2300,10.0,2249.91,4.833333333333333
2020-04-24 00:00:00+00:00,calibration,respirators,Demand proportional,don91,rec2300,18.0,784.2255,4.833333333333333
2020-04-24 00:00:00+00:00,calibration,respirators,Demand proportional,don92,rec2300,1.0,811.1475,4.833333333333333
2020-04-24 00:00:00+00:00,calibration,respirators,Demand proportional,don94,rec2300,1000.0,2420.8085,4.833333333333333
2020-04-24 00:00:00+00:00,calibration,respirators,Demand proportional,don95,rec2058,5.0,970.0415,4.833333333333333
2020-04-24 00:00:00+00:00,calibration,respirators,Demand proportional,don98,rec2300,5.0,2529.878,4.833333333333333
2020-04-24 00:00:00+00:00,calibration,respirators,Demand proportional,don778,rec2300,25.0,2081.503,4.499305555555556
2020-04-24 00:00:00+00:00,calibration,respirators,Demand proportional,don801,rec2058,10.0,832.5285,3.25556712962963
2020-04-24 00:00:00+00:00,calibration,respirators,Demand proportional,don812,rec2300,1.0,1181.8465,2.883263888888889
2020-04-24 00:00:00+00:00,calibration,respirators,Demand proportional,don835,rec2300,1.0,2420.8085,2.2685069444444443
2020-04-24 00:00:00+00:00,calibration,respirators,Demand proportional,don836,rec2058,720.0,14.096,2.263587962962963
2020-04-24 00:00:00+00:00,calibration,respirators,Demand proportional,don840,rec2300,4.0,2249.91,2.180138888888889
2020-04-24 00:00:00+00:00,calibration,respirators,Demand proportional,don852,rec2300,16.0,1878.0485,1.7783217592592593
2020-04-24 00:00:00+00:00,calibration,respirators,Demand proportional,don873,rec2058,300.0,316.3175,1.0271064814814814
2020-04-24 00:00:00+00:00,calibration,respirators,Demand proportional,don886,rec2300,20.0,1679.5995,0.8513773148148148
2020-04-24 00:00:00+00:00,calibration,respirators,Demand proportional,don909,rec2300,2.0,2316.7830000000004,0.025902777777777778
2020-04-24 00:00:00+00:00,calibration,respirators,Demand proportional,don912,rec2058,120.0,21.963,0.009155092592592593
2020-04-24 00:00:00+00:00,calibration,surgicalMasks,Demand proportional,don102,rec2058,8.0,970.0415,4.833333333333333
2020-04-24 00:00:00+00:00,calibration,surgicalMasks,Demand proportional,don129,rec2058,500.0,832.5285,4.833333333333333
2020-04-24 00:00:00+00:00,calibration,surgicalMasks,Demand proportional,don130,rec2058,500.0,316.3175,4.833333333333333
2020-04-24 00:00:00+00:00,calibration,surgicalMasks,Demand proportional,don131,rec2058,100.0,2460.78,4.833333333333333
2020-04-24 00:00:00+00:00,calibration,surgicalMasks,Demand proportional,don142,rec2058,80.0,31.625,4.833333333333333
2020-04-24 00:00:00+00:00,calibration,surgicalMasks,Demand proportional,don159,rec2058,8.0,2460.78,4.833333333333333
2020-04-24 00:00:00+00:00,calibration,surgicalMasks,Demand proportional,don193,rec2058,1000.0,14.096,4.833333333333333
2020-04-24 00:00:00+00:00,calibration,surgicalMasks,Demand proportional,don197,rec2058,30.0,2316.7830000000004,4.833333333333333
2020-04-24 00:00:00+00:00,calibration,surgicalMasks,Demand proportional,don200,rec2058,300.0,2503.2615,4.833333333333333
2020-04-24 00:00:00+00:00,calibration,surgicalMasks,Demand proportional,don205,rec2058,50.0,2316.7830000000004,4.833333333333333
2020-04-24 00:00:00+00:00,calibration,surgicalMasks,Demand proportional,don217,rec2058,200.0,2460.78,4.833333333333333
2020-04-24 00:00:00+00:00,calibration,surgicalMasks,Demand proportional,don228,rec2058,100.0,21.963,4.833333333333333
2020-04-24 00:00:00+00:00,calibration,surgicalMasks,Demand proportional,don231,rec2058,500.0,295.1365,4.833333333333333
2020-04-24 00:00:00+00:00,calibration,surgicalMasks,Demand proportional,don242,rec2058,20.0,2116.7925,4.833333333333333
2020-04-24 00:00:00+00:00,calibration,surgicalMasks,Demand proportional,don293,rec2058,25.0,2460.78,4.833333333333333
2020-04-24 00:00:00+00:00,calibration,surgicalMasks,Demand proportional,don297,rec2058,100.0,5.1795,4.833333333333333
2020-04-24 00:00:00+00:00,calibration,surgicalMasks,Demand proportional,don307,rec2058,1000.0,46.091,4.833333333333333
2020-04-24 00:00:00+00:00,calibration,surgicalMasks,Demand proportional,don310,rec2058,80.0,2460.78,4.833333333333333
2020-04-24 00:00:00+00:00,calibration,surgicalMasks,Demand proportional,don312,rec2058,50.0,2460.78,4.833333333333333
2020-04-24 00:00:00+00:00,calibration,surgicalMasks,Demand proportional,don313,rec2058,150.0,2460.78,4.833333333333333
2020-04-24 00:00:00+00:00,calibration,surgicalMasks,Demand proportional,don323,rec2058,150.0,2431.9855,4.833333333333333
2020-04-24 00:00:00+00:00,calibration,surgicalMasks,Demand proportional,don324,rec2058,5.0,2460.78,4.833333333333333
2020-04-24 00:00:00+00:00,calibration,surgicalMasks,Demand proportional,don325,rec2058,500.0,21.963,4.833333333333333
2020-04-24 00:00:00+00:00,calibration,surgicalMasks,Demand proportional,don326,rec2058,1.0,784.2255,4.833333333333333
2020-04-24 00:00:00+00:00,calibration,surgicalMasks,Demand proportional,don327,rec2058,75.0,2316.7830000000004,4.833333333333333
2020-04-24 00:00:00+00:00,calibration,surgicalMasks,Demand proportional,don329,rec2058,10.0,2316.7830000000004,4.833333333333333
2020-04-24 00:00:00+00:00,calibration,surgicalMasks,Demand proportional,don350,rec2058,50.0,1954.693,4.833333333333333
2020-04-24 00:00:00+00:00,calibration,surgicalMasks,Demand proportional,don352,rec2058,500.0,2612.9825,4.833333333333333
2020-04-24 00:00:00+00:00,calibration,surgicalMasks,Demand proportional,don355,rec2058,25.0,5.1795,4.833333333333333
2020-04-24 00:00:00+00:00,calibration,surgicalMasks,Demand proportional,don371,rec2058,60.0,2297.1445000000003,4.833333333333333
2020-04-24 00:00:00+00:00,calibration,surgicalMasks,Demand proportional,don382,rec2058,60.0,436.4295,4.833333333333333
2020-04-24 00:00:00+00:00,calibration,surgicalMasks,Demand proportional,don387,rec2058,50.0,2144.701,4.833333333333333
2020-04-24 00:00:00+00:00,calibration,surgicalMasks,Demand proportional,don423,rec2058,150.0,31.625,4.833333333333333
2020-04-24 00:00:00+00:00,calibration,surgicalMasks,Demand proportional,don424,rec2058,40.0,2037.1745,4.833333333333333
2020-04-24 00:00:00+00:00,calibration,surgicalMasks,Demand proportional,don425,rec2058,50.0,2037.1745,4.833333333333333
2020-04-24 00:00:00+00:00,calibration,surgicalMasks,Demand proportional,don437,rec2058,250.0,1991.554,4.833333333333333
2020-04-24 00:00:00+00:00,calibration,surgicalMasks,Demand proportional,don442,rec2058,3.0,5.1795,4.833333333333333
2020-04-24 00:00:00+00:00,calibration,surgicalMasks,Demand proportional,don453,rec2058,50.0,2249.91,4.833333333333333
2020-04-24 00:00:00+00:00,calibration,surgicalMasks,Demand proportional,don455,rec2058,4.0,2297.1445000000003,4.833333333333333
2020-04-24 00:00:00+00:00,calibration,surgicalMasks,Demand proportional,don475,rec2058,5.0,2297.1445000000003,4.833333333333333
2020-04-24 00:00:00+00:00,calibration,surgicalMasks,Demand proportional,don477,rec2058,100.0,2116.7925,4.833333333333333
2020-04-24 00:00:00+00:00,calibration,surgicalMasks,Demand proportional,don486,rec2058,95.0,14.096,4.833333333333333
2020-04-24 00:00:00+00:00,calibration,surgicalMasks,Demand proportional,don488,rec2058,1000.0,5.1795,4.833333333333333
2020-04-24 00:00:00+00:00,calibration,surgicalMasks,Demand proportional,don518,rec2058,500.0,1423.54,4.833333333333333
2020-04-24 00:00:00+00:00,calibration,surgicalMasks,Demand proportional,don519,rec2058,230.0,2316.7830000000004,4.833333333333333
2020-04-24 00:00:00+00:00,calibration,surgicalMasks,Demand proportional,don532,rec2058,40.0,970.0415,4.833333333333333
2020-04-24 00:00:00+00:00,calibration,surgicalMasks,Demand proportional,don533,rec2058,50.0,1735.857,4.833333333333333
2020-04-24 00:00:00+00:00,calibration,surgicalMasks,Demand proportional,don536,rec2058,100.0,1836.9605,4.833333333333333
2020-04-24 00:00:00+00:00,calibration,surgicalMasks,Demand proportional,don537,rec2058,50.0,832.5285,4.833333333333333
2020-04-24 00:00:00+00:00,calibration,surgicalMasks,Demand proportional,don543,rec2058,35.0,2612.9825,4.833333333333333
2020-04-24 00:00:00+00:00,calibration,surgicalMasks,Demand proportional,don550,rec2058,15.0,295.1365,4.833333333333333
2020-04-24 00:00:00+00:00,calibration,surgicalMasks,Demand proportional,don551,rec2058,200.0,94.5685,4.833333333333333
2020-04-24 00:00:00+00:00,calibration,surgicalMasks,Demand proportional,don553,rec2058,40.0,2460.78,4.833333333333333
2020-04-24 00:00:00+00:00,calibration,surgicalMasks,Demand proportional,don554,rec2058,150.0,853.2660000000001,4.833333333333333
2020-04-24 00:00:00+00:00,calibration,surgicalMasks,Demand proportional,don567,rec2058,15.0,366.0375,4.833333333333333
2020-04-24 00:00:00+00:00,calibration,surgicalMasks,Demand proportional,don571,rec2058,30.0,385.7645,4.833333333333333
2020-04-24 00:00:00+00:00,calibration,surgicalMasks,Demand proportional,don572,rec2058,240.0,2460.78,4.833333333333333
2020-04-24 00:00:00+00:00,calibration,surgicalMasks,Demand proportional,don577,rec2058,250.0,2460.78,4.833333333333333
2020-04-24 00:00:00+00:00,calibration,surgicalMasks,Demand proportional,don578,rec2058,50.0,2081.503,4.833333333333333
2020-04-24 00:00:00+00:00,calibration,surgicalMasks,Demand proportional,don586,rec2058,5.0,2460.78,4.833333333333333
2020-04-24 00:00:00+00:00,calibration,surgicalMasks,Demand proportional,don589,rec2058,3.0,2503.2615,4.833333333333333
2020-04-24 00:00:00+00:00,calibration,surgicalMasks,Demand proportional,don600,rec2058,12.0,2144.701,4.833333333333333
2020-04-24 00:00:00+00:00,calibration,surgicalMasks,Demand proportional,don605,rec2058,30.0,14.096,4.833333333333333
2020-04-24 00:00:00+00:00,calibration,surgicalMasks,Demand proportional,don624,rec2058,1.0,1237.3895,4.833333333333333
2020-04-24 00:00:00+00:00,calibration,surgicalMasks,Demand proportional,don625,rec2058,2.0,690.7964999999999,4.833333333333333
2020-04-24 00:00:00+00:00,calibration,surgicalMasks,Demand proportional,don626,rec2058,50.0,14.096,4.833333333333333
2020-04-24 00:00:00+00:00,calibration,surgicalMasks,Demand proportional,don627,rec2058,900.0,31.625,4.833333333333333
2020-04-24 00:00:00+00:00,calibration,surgicalMasks,Demand proportional,don628,rec2058,12.0,2212.9245,4.833333333333333
2020-04-24 00:00:00+00:00,calibration,surgicalMasks,Demand proportional,don649,rec2058,15.0,2529.878,4.833333333333333
2020-04-24 00:00:00+00:00,calibration,surgicalMasks,Demand proportional,don650,rec2058,1000.0,5.1795,4.833333333333333
2020-04-24 00:00:00+00:00,calibration,surgicalMasks,Demand proportional,don654,rec2058,45.0,1356.631,4.833333333333333
2020-04-24 00:00:00+00:00,calibration,surgicalMasks,Demand proportional,don656,rec2058,25.0,1603.6185,4.833333333333333
2020-04-24 00:00:00+00:00,calibration,surgicalMasks,Demand proportional,don665,rec2058,20.0,31.625,4.833333333333333
2020-04-24 00:00:00+00:00,calibration,surgicalMasks,Demand proportional,don666,rec2058,200.0,832.5285,4.833333333333333
2020-04-24 00:00:00+00:00,calibration,surgicalMasks,Demand proportional,don685,rec2058,100.0,1991.554,4.833333333333333
2020-04-24 00:00:00+00:00,calibration,surgicalMasks,Demand proportional,don690,rec2058,10.0,366.0375,4.833333333333333
2020-04-24 00:00:00+00:00,calibration,surgicalMasks,Demand proportional,don691,rec2058,50.0,333.27,4.833333333333333
2020-04-24 00:00:00+00:00,calibration,surgicalMasks,Demand proportional,don696,rec2058,185.0,349.019,4.833333333333333
2020-04-24 00:00:00+00:00,calibration,surgicalMasks,Demand proportional,don705,rec2058,100.0,5.1795,4.833333333333333
2020-04-24 00:00:00+00:00,calibration,surgicalMasks,Demand proportional,don715,rec2058,90.0,2580.1675,4.833333333333333
2020-04-24 00:00:00+00:00,calibration,surgicalMasks,Demand proportional,don717,rec2058,6.0,2249.91,4.833333333333333
2020-04-24 00:00:00+00:00,calibration,surgicalMasks,Demand proportional,don737,rec2058,5.0,2460.78,4.833333333333333
2020-04-24 00:00:00+00:00,calibration,surgicalMasks,Demand proportional,don738,rec2058,50.0,5.1795,4.833333333333333
2020-04-24 00:00:00+00:00,calibration,surgicalMasks,Demand proportional,don74,rec2058,20.0,408.943,4.833333333333333
2020-04-24 00:00:00+00:00,calibration,surgicalMasks,Demand proportional,don745,rec2058,100.0,2212.9245,4.833333333333333
2020-04-24 00:00:00+00:00,calibration,surgicalMasks,Demand proportional,don746,rec2058,15.0,21.963,4.833333333333333
2020-04-24 00:00:00+00:00,calibration,surgicalMasks,Demand proportional,don752,rec2058,500.0,295.1365,4.833333333333333
2020-04-24 00:00:00+00:00,calibration,surgicalMasks,Demand proportional,don753,rec2058,80.0,14.096,4.833333333333333
2020-04-24 00:00:00+00:00,calibration,surgicalMasks,Demand proportional,don760,rec2058,50.0,2297.1445000000003,4.833333333333333
2020-04-24 00:00:00+00:00,calibration,surgicalMasks,Demand proportional,don762,rec2058,35.0,349.019,4.833333333333333
2020-04-24 00:00:00+00:00,calibration,surgicalMasks,Demand proportional,don764,rec2058,1000.0,928.423,4.833333333333333
2020-04-24 00:00:00+00:00,calibration,surgicalMasks,Demand proportional,don771,rec2058,40.0,2460.78,4.833333333333333
2020-04-24 00:00:00+00:00,calibration,surgicalMasks,Demand proportional,don778,rec2058,30.0,2144.701,4.833333333333333
2020-04-24 00:00:00+00:00,calibration,surgicalMasks,Demand proportional,don97,rec2058,95.0,832.5285,4.833333333333333
2020-04-24 00:00:00+00:00,calibration,surgicalMasks,Demand proportional,don791,rec2058,200.0,2144.701,4.106944444444444
2020-04-24 00:00:00+00:00,calibration,surgicalMasks,Demand proportional,don825,rec2058,4.0,1679.5995,2.3366435185185184
2020-04-24 00:00:00+00:00,calibration,surgicalMasks,Demand proportional,don827,rec2058,4.0,1679.5995,2.3366319444444446
2020-04-24 00:00:00+00:00,calibration,surgicalMasks,Demand proportional,don829,rec2058,4.0,1679.5995,2.3366319444444446
2020-04-24 00:00:00+00:00,calibration,surgicalMasks,Demand proportional,don833,rec2058,300.0,2297.1445000000003,2.280798611111111
2020-04-24 00:00:00+00:00,calibration,surgicalMasks,Demand proportional,don837,rec2058,200.0,94.5685,2.241886574074074
2020-04-24 00:00:00+00:00,calibration,surgicalMasks,Demand proportional,don839,rec2058,1000.0,316.3175,2.186898148148148
2020-04-24 00:00:00+00:00,calibration,surgicalMasks,Demand proportional,don845,rec2058,75.0,2316.7830000000004,2.0969328703703702
2020-04-24 00:00:00+00:00,calibration,surgicalMasks,Demand proportional,don847,rec2058,150.0,349.019,2.015601851851852
2020-04-24 00:00:00+00:00,calibration,surgicalMasks,Demand proportional,don873,rec2058,300.0,316.3175,1.0271064814814814
2020-04-24 00:00:00+00:00,calibration,surgicalMasks,Demand proportional,don875,rec2058,300.0,2612.9825,1.025451388888889
2020-04-24 00:00:00+00:00,calibration,surgicalMasks,Demand proportional,don882,rec2058,200.0,2297.1445000000003,0.916400462962963
2020-04-24 00:00:00+00:00,calibration,surgicalMasks,Demand proportional,don884,rec2058,300.0,2612.9825,0.8795949074074074
2020-04-24 00:00:00+00:00,calibration,surgicalMasks,Demand proportional,don887,rec2058,50.0,366.0375,0.7370023148148148
2020-04-24 00:00:00+00:00,calibration,surgicalMasks,Demand proportional,don905,rec2058,165.0,2478.453,0.04400462962962963
2020-04-24 00:00:00+00:00,calibration,surgicalMasks,Demand proportional,don906,rec2058,1000.0,31.625,0.029756944444444444
2020-04-24 00:00:00+00:00,calibration,surgicalMasks,Demand proportional,don909,rec2058,100.0,2388.424,0.025902777777777778
2020-04-24 00:00:00+00:00,calibration,surgicalMasks,Demand proportional,don911,rec2058,139.0,2460.78,0.01954861111111111
2020-04-24 00:00:00+00:00,calibration,faceShields,Demand proportional,don107,rec2058,7.0,970.0415,4.833333333333333
2020-04-24 00:00:00+00:00,calibration,faceShields,Demand proportional,don112,rec2058,50.0,1181.8465,4.833333333333333
2020-04-24 00:00:00+00:00,calibration,faceShields,Demand proportional,don114,rec2058,300.0,2460.78,4.833333333333333
2020-04-24 00:00:00+00:00,calibration,faceShields,Demand proportional,don115,rec2058,200.0,2478.453,4.833333333333333
2020-04-24 00:00:00+00:00,calibration,faceShields,Demand proportional,don127,rec2058,100.0,1210.635,4.833333333333333
2020-04-24 00:00:00+00:00,calibration,faceShields,Demand proportional,don128,rec2058,500.0,46.091,4.833333333333333
2020-04-24 00:00:00+00:00,calibration,faceShields,Demand proportional,don153,rec2058,50.0,295.1365,4.833333333333333
2020-04-24 00:00:00+00:00,calibration,faceShields,Demand proportional,don154,rec2058,10.0,295.1365,4.833333333333333
2020-04-24 00:00:00+00:00,calibration,faceShields,Demand proportional,don156,rec2058,5.0,2388.424,4.833333333333333
2020-04-24 00:00:00+00:00,calibration,faceShields,Demand proportional,don189,rec2058,48.0,1761.3945,4.833333333333333
2020-04-24 00:00:00+00:00,calibration,faceShields,Demand proportional,don190,rec2058,100.0,948.4805,4.833333333333333
2020-04-24 00:00:00+00:00,calibration,faceShields,Demand proportional,don191,rec2058,100.0,2580.1675,4.833333333333333
2020-04-24 00:00:00+00:00,calibration,faceShields,Demand proportional,don238,rec2058,10.0,2316.7830000000004,4.833333333333333
2020-04-24 00:00:00+00:00,calibration,faceShields,Demand proportional,don250,rec2058,1.0,2529.878,4.833333333333333
2020-04-24 00:00:00+00:00,calibration,faceShields,Demand proportional,don288,rec2058,100.0,2460.78,4.833333333333333
2020-04-24 00:00:00+00:00,calibration,faceShields,Demand proportional,don308,rec2058,100.0,5.1795,4.833333333333333
2020-04-24 00:00:00+00:00,calibration,faceShields,Demand proportional,don319,rec2058,100.0,2580.1675,4.833333333333333
2020-04-24 00:00:00+00:00,calibration,faceShields,Demand proportional,don320,rec2058,14.0,2478.453,4.833333333333333
2020-04-24 00:00:00+00:00,calibration,faceShields,Demand proportional,don322,rec2058,200.0,2316.7830000000004,4.833333333333333
2020-04-24 00:00:00+00:00,calibration,faceShields,Demand proportional,don332,rec2058,100.0,1237.3895,4.833333333333333
2020-04-24 00:00:00+00:00,calibration,faceShields,Demand proportional,don336,rec2058,100.0,295.1365,4.833333333333333
2020-04-24 00:00:00+00:00,calibration,faceShields,Demand proportional,don337,rec2058,200.0,333.27,4.833333333333333
2020-04-24 00:00:00+00:00,calibration,faceShields,Demand proportional,don338,rec2058,300.0,2529.878,4.833333333333333
2020-04-24 00:00:00+00:00,calibration,faceShields,Demand proportional,don339,rec2058,50.0,1237.3895,4.833333333333333
2020-04-24 00:00:00+00:00,calibration,faceShields,Demand proportional,don349,rec2058,100.0,2406.4505,4.833333333333333
2020-04-24 00:00:00+00:00,calibration,faceShields,Demand proportional,don363,rec2058,100.0,1761.3945,4.833333333333333
2020-04-24 00:00:00+00:00,calibration,faceShields,Demand proportional,don366,rec2058,1000.0,21.963,4.833333333333333
2020-04-24 00:00:00+00:00,calibration,faceShields,Demand proportional,don367,rec2058,50.0,970.0415,4.833333333333333
2020-04-24 00:00:00+00:00,calibration,faceShields,Demand proportional,don368,rec2058,400.0,2406.4505,4.833333333333333
2020-04-24 00:00:00+00:00,calibration,faceShields,Demand proportional,don369,rec2058,30.0,2341.1225000000004,4.833333333333333
2020-04-24 00:00:00+00:00,calibration,faceShields,Demand proportional,don370,rec2058,500.0,2478.453,4.833333333333333
2020-04-24 00:00:00+00:00,calibration,faceShields,Demand proportional,don378,rec2058,15.0,1735.857,4.833333333333333
2020-04-24 00:00:00+00:00,calibration,faceShields,Demand proportional,don389,rec2058,200.0,14.096,4.833333333333333
2020-04-24 00:00:00+00:00,calibration,faceShields,Demand proportional,don391,rec2058,40.0,21.963,4.833333333333333
2020-04-24 00:00:00+00:00,calibration,faceShields,Demand proportional,don392,rec2058,50.0,31.625,4.833333333333333
2020-04-24 00:00:00+00:00,calibration,faceShields,Demand proportional,don395,rec2058,30.0,316.3175,4.833333333333333
2020-04-24 00:00:00+00:00,calibration,faceShields,Demand proportional,don407,rec2058,15.0,21.963,4.833333333333333
2020-04-24 00:00:00+00:00,calibration,faceShields,Demand proportional,don408,rec2058,50.0,333.27,4.833333333333333
2020-04-24 00:00:00+00:00,calibration,faceShields,Demand proportional,don409,rec2058,40.0,68.58200000000001,4.833333333333333
2020-04-24 00:00:00+00:00,calibration,faceShields,Demand proportional,don410,rec2058,500.0,832.5285,4.833333333333333
2020-04-24 00:00:00+00:00,calibration,faceShields,Demand proportional,don433,rec2058,20.0,2297.1445000000003,4.833333333333333
2020-04-24 00:00:00+00:00,calibration,faceShields,Demand proportional,don434,rec2058,100.0,2460.78,4.833333333333333
2020-04-24 00:00:00+00:00,calibration,faceShields,Demand proportional,don448,rec2058,82.0,2081.503,4.833333333333333
2020-04-24 00:00:00+00:00,calibration,faceShields,Demand proportional,don449,rec2058,15.0,14.096,4.833333333333333
2020-04-24 00:00:00+00:00,calibration,faceShields,Demand proportional,don450,rec2058,9.0,1954.693,4.833333333333333
2020-04-24 00:00:00+00:00,calibration,faceShields,Demand proportional,don451,rec2058,40.0,46.091,4.833333333333333
2020-04-24 00:00:00+00:00,calibration,faceShields,Demand proportional,don461,rec2058,200.0,832.5285,4.833333333333333
2020-04-24 00:00:00+00:00,calibration,faceShields,Demand proportional,don463,rec2058,30.0,2249.91,4.833333333333333
2020-04-24 00:00:00+00:00,calibration,faceShields,Demand proportional,don472,rec2058,14.0,2388.424,4.833333333333333
2020-04-24 00:00:00+00:00,calibration,faceShields,Demand proportional,don484,rec2058,100.0,832.5285,4.833333333333333
2020-04-24 00:00:00+00:00,calibration,faceShields,Demand proportional,don489,rec2058,30.0,2249.91,4.833333333333333
2020-04-24 00:00:00+00:00,calibration,faceShields,Demand proportional,don491,rec2058,50.0,2478.453,4.833333333333333
2020-04-24 00:00:00+00:00,calibration,faceShields,Demand proportional,don499,rec2058,100.0,2612.9825,4.833333333333333
2020-04-24 00:00:00+00:00,calibration,faceShields,Demand proportional,don501,rec2058,100.0,349.019,4.833333333333333
2020-04-24 00:00:00+00:00,calibration,faceShields,Demand proportional,don512,rec2058,500.0,1954.693,4.833333333333333
2020-04-24 00:00:00+00:00,calibration,faceShields,Demand proportional,don513,rec2058,100.0,1878.0485,4.833333333333333
2020-04-24 00:00:00+00:00,calibration,faceShields,Demand proportional,don514,rec2058,1500.0,853.2660000000001,4.833333333333333
2020-04-24 00:00:00+00:00,calibration,faceShields,Demand proportional,don516,rec2058,20.0,2277.5855,4.833333333333333
2020-04-24 00:00:00+00:00,calibration,faceShields,Demand proportional,don536,rec2058,500.0,1836.9605,4.833333333333333
2020-04-24 00:00:00+00:00,calibration,faceShields,Demand proportional,don547,rec2058,25.0,316.3175,4.833333333333333
2020-04-24 00:00:00+00:00,calibration,faceShields,Demand proportional,don566,rec2058,25.0,948.4805,4.833333333333333
2020-04-24 00:00:00+00:00,calibration,faceShields,Demand proportional,don578,rec2058,5.0,2081.503,4.833333333333333
2020-04-24 00:00:00+00:00,calibration,faceShields,Demand proportional,don583,rec2058,100.0,2297.1445000000003,4.833333333333333
2020-04-24 00:00:00+00:00,calibration,faceShields,Demand proportional,don587,rec2058,50.0,2441.548,4.833333333333333
2020-04-24 00:00:00+00:00,calibration,faceShields,Demand proportional,don602,rec2058,100.0,1761.3945,4.833333333333333
2020-04-24 00:00:00+00:00,calibration,faceShields,Demand proportional,don603,rec2058,35.0,2212.9245,4.833333333333333
2020-04-24 00:00:00+00:00,calibration,faceShields,Demand proportional,don604,rec2058,50.0,316.3175,4.833333333333333
2020-04-24 00:00:00+00:00,calibration,faceShields,Demand proportional,don605,rec2058,15.0,14.096,4.833333333333333
2020-04-24 00:00:00+00:00,calibration,faceShields,Demand proportional,don653,rec2058,20.0,349.019,4.833333333333333
2020-04-24 00:00:00+00:00,calibration,faceShields,Demand proportional,don666,rec2058,10.0,832.5285,4.833333333333333
2020-04-24 00:00:00+00:00,calibration,faceShields,Demand proportional,don667,rec2058,40.0,1274.4155,4.833333333333333
2020-04-24 00:00:00+00:00,calibration,faceShields,Demand proportional,don668,rec2058,7.0,2316.7830000000004,4.833333333333333
2020-04-24 00:00:00+00:00,calibration,faceShields,Demand proportional,don669,rec2058,30.0,2081.503,4.833333333333333
2020-04-24 00:00:00+00:00,calibration,faceShields,Demand proportional,don670,rec2058,50.0,1761.3945,4.833333333333333
2020-04-24 00:00:00+00:00,calibration,faceShields,Demand proportional,don680,rec2058,70.0,970.0415,4.833333333333333
2020-04-24 00:00:00+00:00,calibration,faceShields,Demand proportional,don681,rec2058,70.0,295.1365,4.833333333333333
2020-04-24 00:00:00+00:00,calibration,faceShields,Demand proportional,don685,rec2058,300.0,1991.554,4.833333333333333
2020-04-24 00:00:00+00:00,calibration,faceShields,Demand proportional,don705,rec2058,200.0,5.1795,4.833333333333333
2020-04-24 00:00:00+00:00,calibration,faceShields,Demand proportional,don706,rec2058,1.0,349.019,4.833333333333333
2020-04-24 00:00:00+00:00,calibration,faceShields,Demand proportional,don707,rec2058,500.0,295.1365,4.833333333333333
2020-04-24 00:00:00+00:00,calibration,faceShields,Demand proportional,don712,rec2058,1000.0,1761.3945,4.833333333333333
2020-04-24 00:00:00+00:00,calibration,faceShields,Demand proportional,don713,rec2058,22.0,2316.7830000000004,4.833333333333333
2020-04-24 00:00:00+00:00,calibration,faceShields,Demand proportional,don718,rec2058,5.0,1529.8575,4.833333333333333
2020-04-24 00:00:00+00:00,calibration,faceShields,Demand proportional,don720,rec2058,10.0,1389.114,4.833333333333333
2020-04-24 00:00:00+00:00,calibration,faceShields,Demand proportional,don736,rec2058,1100.0,2441.548,4.833333333333333
2020-04-24 00:00:00+00:00,calibration,faceShields,Demand proportional,don745,rec2058,10.0,2212.9245,4.833333333333333
2020-04-24 00:00:00+00:00,calibration,faceShields,Demand proportional,don748,rec2058,50.0,31.625,4.833333333333333
2020-04-24 00:00:00+00:00,calibration,faceShields,Demand proportional,don754,rec2058,500.0,2212.9245,4.833333333333333
2020-04-24 00:00:00+00:00,calibration,faceShields,Demand proportional,don756,rec2058,25.0,2277.5855,4.833333333333333
2020-04-24 00:00:00+00:00,calibration,faceShields,Demand proportional,don757,rec2058,1.0,316.3175,4.833333333333333
2020-04-24 00:00:00+00:00,calibration,faceShields,Demand proportional,don758,rec2058,50.0,2478.453,4.833333333333333
2020-04-24 00:00:00+00:00,calibration,faceShields,Demand proportional,don764,rec2058,1000.0,928.423,4.833333333333333
2020-04-24 00:00:00+00:00,calibration,faceShields,Demand proportional,don774,rec2058,10.0,1274.4155,4.833333333333333
2020-04-24 00:00:00+00:00,calibration,faceShields,Demand proportional,don79,rec2058,400.0,1991.554,4.833333333333333
2020-04-24 00:00:00+00:00,calibration,faceShields,Demand proportional,don80,rec2058,100.0,122.0285,4.833333333333333
2020-04-24 00:00:00+00:00,calibration,faceShields,Demand proportional,don787,rec2058,130.0,122.0285,4.120138888888889
2020-04-24 00:00:00+00:00,calibration,faceShields,Demand proportional,don791,rec2058,10.0,2144.701,4.106944444444444
2020-04-24 00:00:00+00:00,calibration,faceShields,Demand proportional,don792,rec2058,18.0,1603.6185,3.9680555555555554
2020-04-24 00:00:00+00:00,calibration,faceShields,Demand proportional,don804,rec2058,30.0,2478.453,3.1822800925925927
2020-04-24 00:00:00+00:00,calibration,faceShields,Demand proportional,don810,rec2058,15.0,2460.78,3.1121875
2020-04-24 00:00:00+00:00,calibration,faceShields,Demand proportional,don818,rec2058,300.0,1356.631,2.684375
2020-04-24 00:00:00+00:00,calibration,faceShields,Demand proportional,don838,rec2058,6.0,993.8215,2.230891203703704
2020-04-24 00:00:00+00:00,calibration,faceShields,Demand proportional,don844,rec2058,70.0,31.625,2.1476273148148146
2020-04-24 00:00:00+00:00,calibration,faceShields,Demand proportional,don849,rec2058,80.0,2144.701,1.954224537037037
2020-04-24 00:00:00+00:00,calibration,faceShields,Demand proportional,don854,rec2058,1000.0,832.5285,1.6799768518518519
2020-04-24 00:00:00+00:00,calibration,faceShields,Demand proportional,don855,rec2058,67.0,1991.554,1.4203472222222222
2020-04-24 00:00:00+00:00,calibration,faceShields,Demand proportional,don858,rec2058,200.0,316.3175,1.327037037037037
2020-04-24 00:00:00+00:00,calibration,faceShields,Demand proportional,don871,rec2058,40.0,1237.3895,1.0721643518518518
2020-04-24 00:00:00+00:00,calibration,faceShields,Demand proportional,don879,rec2058,70.0,2612.9825,0.9708449074074074
2020-04-24 00:00:00+00:00,calibration,faceShields,Demand proportional,don880,rec2058,60.0,5.1795,0.9651620370370371
2020-04-24 00:00:00+00:00,calibration,faceShields,Demand proportional,don891,rec2058,10.0,1735.857,0.40152777777777776
2020-04-24 00:00:00+00:00,calibration,faceShields,Demand proportional,don892,rec2058,200.0,2212.9245,0.39244212962962965
2020-04-24 00:00:00+00:00,calibration,faceShields,Demand proportional,don899,rec2058,50.0,853.2660000000001,0.2446412037037037
2020-04-24 00:00:00+00:00,calibration,faceShields,Demand proportional,don901,rec2058,50.0,853.2660000000001,0.2254050925925926
2020-04-24 00:00:00+00:00,calibration,faceShields,Demand proportional,don910,rec2058,20.0,2460.78,0.01957175925925926
2020-04-24 00:00:00+00:00,calibration,gowns,Demand proportional,don178,rec2058,500.0,349.019,4.833333333333333
2020-04-24 00:00:00+00:00,calibration,gowns,Demand proportional,don179,rec2720,8.0,1921.0005,4.833333333333333
2020-04-24 00:00:00+00:00,calibration,gowns,Demand proportional,don247,rec2300,400.0,21.963,4.833333333333333
2020-04-24 00:00:00+00:00,calibration,gowns,Demand proportional,don254,rec2058,1.0,175.261,4.833333333333333
2020-04-24 00:00:00+00:00,calibration,gowns,Demand proportional,don255,rec2720,100.0,590.1020000000001,4.833333333333333
2020-04-24 00:00:00+00:00,calibration,gowns,Demand proportional,don303,rec2720,50.0,1761.3945,4.833333333333333
2020-04-24 00:00:00+00:00,calibration,gowns,Demand proportional,don304,rec2058,9.0,349.019,4.833333333333333
2020-04-24 00:00:00+00:00,calibration,gowns,Demand proportional,don328,rec2720,40.0,2366.5910000000003,4.833333333333333
2020-04-24 00:00:00+00:00,calibration,gowns,Demand proportional,don342,rec2720,500.0,2249.91,4.833333333333333
2020-04-24 00:00:00+00:00,calibration,gowns,Demand proportional,don343,rec2720,500.0,1274.4155,4.833333333333333
2020-04-24 00:00:00+00:00,calibration,gowns,Demand proportional,don431,rec2720,100.0,853.2660000000001,4.833333333333333
2020-04-24 00:00:00+00:00,calibration,gowns,Demand proportional,don459,rec2058,150.0,14.096,4.833333333333333
2020-04-24 00:00:00+00:00,calibration,gowns,Demand proportional,don578,rec2720,50.0,1921.0005,4.833333333333333
2020-04-24 00:00:00+00:00,calibration,gowns,Demand proportional,don581,rec2058,1.0,5.1795,4.833333333333333
2020-04-24 00:00:00+00:00,calibration,gowns,Demand proportional,don588,rec2720,49.0,2175.199,4.833333333333333
2020-04-24 00:00:00+00:00,calibration,gowns,Demand proportional,don605,rec2058,3.0,14.096,4.833333333333333
2020-04-24 00:00:00+00:00,calibration,gowns,Demand proportional,don620,rec2720,10.0,2037.1745,4.833333333333333
2020-04-24 00:00:00+00:00,calibration,gowns,Demand proportional,don691,rec2058,100.0,333.27,4.833333333333333
2020-04-24 00:00:00+00:00,calibration,gowns,Demand proportional,don717,rec2720,10.0,2037.1745,4.833333333333333
2020-04-24 00:00:00+00:00,calibration,gowns,Demand proportional,don745,rec2720,200.0,1991.554,4.833333333333333
2020-04-24 00:00:00+00:00,calibration,gowns,Demand proportional,don756,rec2720,75.0,2037.1745,4.833333333333333
2020-04-24 00:00:00+00:00,calibration,gowns,Demand proportional,don760,rec2720,4.0,2081.503,4.833333333333333
2020-04-24 00:00:00+00:00,calibration,gowns,Demand proportional,don781,rec2720,150.0,1210.635,4.418055555555555
2020-05-01 00:00:00+00:00,calibration,respirators,Demand proportional,don919,rec2058,100.0,385.7645,6.89494212962963
2020-05-01 00:00:00+00:00,calibration,respirators,Demand proportional,don927,rec2058,10.0,2450.419,6.401087962962963
2020-05-01 00:00:00+00:00,calibration,respirators,Demand proportional,don940,rec2058,60.0,2460.78,6.1827199074074075
2020-05-01 00:00:00+00:00,calibration,respirators,Demand proportional,don943,rec2058,5.0,122.0285,6.156539351851852
2020-05-01 00:00:00+00:00,calibration,respirators,Demand proportional,don953,rec2058,50.0,1237.3895,6.040023148148149
2020-05-01 00:00:00+00:00,calibration,respirators,Demand proportional,don955,rec2058,10.0,94.5685,5.990358796296296
2020-05-01 00:00:00+00:00,calibration,respirators,Demand proportional,don967,rec2058,250.0,5.1795,5.197708333333333
2020-05-01 00:00:00+00:00,calibration,respirators,Demand proportional,don970,rec2058,50.0,349.019,5.129675925925926
2020-05-01 00:00:00+00:00,calibration,respirators,Demand proportional,don973,rec2058,480.0,316.3175,5.03875
2020-05-01 00:00:00+00:00,calibration,respirators,Demand proportional,don979,rec2058,15.0,1761.3945,4.84599537037037
2020-05-01 00:00:00+00:00,calibration,respirators,Demand proportional,don983,rec2058,10.0,2316.7830000000004,4.408935185185185
2020-05-01 00:00:00+00:00,calibration,respirators,Demand proportional,don986,rec2058,10.0,1529.8575,4.356006944444444
2020-05-01 00:00:00+00:00,calibration,respirators,Demand proportional,don989,rec2058,400.0,31.625,4.341284722222222
2020-05-01 00:00:00+00:00,calibration,respirators,Demand proportional,don990,rec2058,1.0,1761.3945,4.3397800925925925
2020-05-01 00:00:00+00:00,calibration,respirators,Demand proportional,don993,rec2058,2.0,1991.554,4.2505092592592595
2020-05-01 00:00:00+00:00,calibration,respirators,Demand proportional,don998,rec2058,150.0,2460.78,4.179965277777778
2020-05-01 00:00:00+00:00,calibration,respirators,Demand proportional,don1001,rec2058,10.0,2612.9825,4.149583333333333
2020-05-01 00:00:00+00:00,calibration,respirators,Demand proportional,don1014,rec2058,300.0,366.0375,3.420798611111111
2020-05-01 00:00:00+00:00,calibration,respirators,Demand proportional,don1016,rec2058,16.0,928.423,3.368726851851852
2020-05-01 00:00:00+00:00,calibration,respirators,Demand proportional,don1020,rec2058,30.0,2316.7830000000004,3.321597222222222
2020-05-01 00:00:00+00:00,calibration,respirators,Demand proportional,don1022,rec2058,12.0,2460.78,3.3034606481481483
2020-05-01 00:00:00+00:00,calibration,respirators,Demand proportional,don1023,rec2058,1000.0,2388.424,3.2814236111111112
2020-05-01 00:00:00+00:00,calibration,respirators,Demand proportional,don1024,rec2058,60.0,1836.9605,3.2427430555555556
2020-05-01 00:00:00+00:00,calibration,respirators,Demand proportional,don1028,rec2058,120.0,14.096,3.207476851851852
2020-05-01 00:00:00+00:00,calibration,respirators,Demand proportional,don1030,rec2058,50.0,1237.3895,3.205914351851852
2020-05-01 00:00:00+00:00,calibration,respirators,Demand proportional,don1032,rec2058,50.0,1237.3895,3.205914351851852
2020-05-01 00:00:00+00:00,calibration,respirators,Demand proportional,don1036,rec2058,260.0,14.096,3.19318287037037
2020-05-01 00:00:00+00:00,calibration,respirators,Demand proportional,don1051,rec2058,100.0,46.091,2.899421296296296
2020-05-01 00:00:00+00:00,calibration,respirators,Demand proportional,don1066,rec2058,4.0,2460.78,2.387164351851852
2020-05-01 00:00:00+00:00,calibration,respirators,Demand proportional,don1071,rec2058,150.0,2612.9825,2.2934259259259258
2020-05-01 00:00:00+00:00,calibration,respirators,Demand proportional,don1072,rec2058,750.0,2460.78,2.281689814814815
2020-05-01 00:00:00+00:00,calibration,respirators,Demand proportional,don1083,rec2058,21.0,122.0285,2.2072800925925926
2020-05-01 00:00:00+00:00,calibration,respirators,Demand proportional,don1084,rec2058,1.0,2580.1675,2.1980208333333335
2020-05-01 00:00:00+00:00,calibration,respirators,Demand proportional,don1085,rec2058,2.0,2144.701,2.177337962962963
2020-05-01 00:00:00+00:00,calibration,respirators,Demand proportional,don1100,rec2058,1.0,2316.7830000000004,2.032233796296296
2020-05-01 00:00:00+00:00,calibration,respirators,Demand proportional,don1102,rec2058,5.0,267.284,2.0016782407407407
2020-05-01 00:00:00+00:00,calibration,respirators,Demand proportional,don1104,rec2058,5.0,267.284,1.9846064814814814
2020-05-01 00:00:00+00:00,calibration,respirators,Demand proportional,don1113,rec2058,200.0,2460.78,1.307025462962963
2020-05-01 00:00:00+00:00,calibration,respirators,Demand proportional,don1114,rec2058,40.0,2341.1225000000004,1.2885185185185186
2020-05-01 00:00:00+00:00,calibration,respirators,Demand proportional,don1115,rec2058,40.0,2341.1225000000004,1.2885185185185186
2020-05-01 00:00:00+00:00,calibration,respirators,Demand proportional,don1132,rec2058,20.0,1389.114,0.950474537037037
2020-05-01 00:00:00+00:00,calibration,respirators,Demand proportional,don1149,rec2058,10.0,333.27,0.14726851851851852
2020-05-01 00:00:00+00:00,calibration,surgicalMasks,Demand proportional,don919,rec2058,90.0,385.7645,6.89494212962963
2020-05-01 00:00:00+00:00,calibration,surgicalMasks,Demand proportional,don921,rec2058,4.0,1761.3945,6.8941435185185185
2020-05-01 00:00:00+00:00,calibration,surgicalMasks,Demand proportional,don927,rec2058,100.0,2450.419,6.401087962962963
2020-05-01 00:00:00+00:00,calibration,surgicalMasks,Demand proportional,don939,rec2058,100.0,1991.554,6.182928240740741
2020-05-01 00:00:00+00:00,calibration,surgicalMasks,Demand proportional,don944,rec2058,10.0,2316.7830000000004,6.153645833333333
2020-05-01 00:00:00+00:00,calibration,surgicalMasks,Demand proportional,don945,rec2058,10.0,2316.7830000000004,6.153645833333333
2020-05-01 00:00:00+00:00,calibration,surgicalMasks,Demand proportional,don947,rec2058,1000.0,2478.453,6.112951388888889
2020-05-01 00:00:00+00:00,calibration,surgicalMasks,Demand proportional,don948,rec2058,1000.0,316.3175,6.107893518518519
2020-05-01 00:00:00+00:00,calibration,surgicalMasks,Demand proportional,don950,rec2058,70.0,878.2284999999999,6.050243055555556
2020-05-01 00:00:00+00:00,calibration,surgicalMasks,Demand proportional,don959,rec2058,95.0,2460.78,5.387337962962963
2020-05-01 00:00:00+00:00,calibration,surgicalMasks,Demand proportional,don960,rec2058,500.0,1274.4155,5.381759259259259
2020-05-01 00:00:00+00:00,calibration,surgicalMasks,Demand proportional,don962,rec2058,500.0,1274.4155,5.3425
2020-05-01 00:00:00+00:00,calibration,surgicalMasks,Demand proportional,don964,rec2058,50.0,316.3175,5.258969907407407
2020-05-01 00:00:00+00:00,calibration,surgicalMasks,Demand proportional,don965,rec2058,200.0,1798.9735,5.230381944444445
2020-05-01 00:00:00+00:00,calibration,surgicalMasks,Demand proportional,don979,rec2058,75.0,1761.3945,4.84599537037037
2020-05-01 00:00:00+00:00,calibration,surgicalMasks,Demand proportional,don982,rec2058,300.0,2460.78,4.79505787037037
2020-05-01 00:00:00+00:00,calibration,surgicalMasks,Demand proportional,don986,rec2058,88.0,1529.8575,4.356006944444444
2020-05-01 00:00:00+00:00,calibration,surgicalMasks,Demand proportional,don989,rec2058,150.0,31.625,4.341284722222222
2020-05-01 00:00:00+00:00,calibration,surgicalMasks,Demand proportional,don993,rec2058,49.0,1991.554,4.2505092592592595
2020-05-01 00:00:00+00:00,calibration,surgicalMasks,Demand proportional,don994,rec2058,20.0,5.1795,4.236168981481481
2020-05-01 00:00:00+00:00,calibration,surgicalMasks,Demand proportional,don998,rec2058,100.0,2460.78,4.179965277777778
2020-05-01 00:00:00+00:00,calibration,surgicalMasks,Demand proportional,don1001,rec2058,60.0,2612.9825,4.149583333333333
2020-05-01 00:00:00+00:00,calibration,surgicalMasks,Demand proportional,don1009,rec2058,50.0,2316.7830000000004,3.944236111111111
2020-05-01 00:00:00+00:00,calibration,surgicalMasks,Demand proportional,don1010,rec2058,60.0,1320.073,3.8909606481481482
2020-05-01 00:00:00+00:00,calibration,surgicalMasks,Demand proportional,don1021,rec2058,90.0,366.0375,3.3188310185185186
2020-05-01 00:00:00+00:00,calibration,surgicalMasks,Demand proportional,don1025,rec2058,50.0,2316.7830000000004,3.2413773148148146
2020-05-01 00:00:00+00:00,calibration,surgicalMasks,Demand proportional,don1027,rec2058,70.0,122.0285,3.2114930555555556
2020-05-01 00:00:00+00:00,calibration,surgicalMasks,Demand proportional,don1036,rec2058,400.0,14.096,3.19318287037037
2020-05-01 00:00:00+00:00,calibration,surgicalMasks,Demand proportional,don1043,rec2058,100.0,2612.9825,3.1288657407407405
2020-05-01 00:00:00+00:00,calibration,surgicalMasks,Demand proportional,don1044,rec2058,40.0,2388.424,3.1230671296296295
2020-05-01 00:00:00+00:00,calibration,surgicalMasks,Demand proportional,don1045,rec2058,50.0,2316.7830000000004,3.0769212962962964
2020-05-01 00:00:00+00:00,calibration,surgicalMasks,Demand proportional,don1050,rec2058,950.0,2612.9825,2.9646875
2020-05-01 00:00:00+00:00,calibration,surgicalMasks,Demand proportional,don1065,rec2058,28.0,2529.878,2.3953935185185187
2020-05-01 00:00:00+00:00,calibration,surgicalMasks,Demand proportional,don1086,rec2058,40.0,349.019,2.1383680555555555
2020-05-01 00:00:00+00:00,calibration,surgicalMasks,Demand proportional,don1088,rec2058,2.0,2478.453,2.125474537037037
2020-05-01 00:00:00+00:00,calibration,surgicalMasks,Demand proportional,don1091,rec2058,50.0,1714.0065,2.1184606481481483
2020-05-01 00:00:00+00:00,calibration,surgicalMasks,Demand proportional,don1092,rec2058,30.0,5.1795,2.118425925925926
2020-05-01 00:00:00+00:00,calibration,surgicalMasks,Demand proportional,don1096,rec2058,1000.0,46.091,2.087523148148148
2020-05-01 00:00:00+00:00,calibration,surgicalMasks,Demand proportional,don1105,rec2058,1000.0,2612.9825,1.9441435185185185
2020-05-01 00:00:00+00:00,calibration,surgicalMasks,Demand proportional,don1106,rec2058,50.0,2460.78,1.8982291666666666
2020-05-01 00:00:00+00:00,calibration,surgicalMasks,Demand proportional,don1108,rec2058,150.0,993.8215,1.8467592592592592
2020-05-01 00:00:00+00:00,calibration,surgicalMasks,Demand proportional,don1125,rec2058,200.0,14.096,1.086238425925926
2020-05-01 00:00:00+00:00,calibration,surgicalMasks,Demand proportional,don1132,rec2058,50.0,1389.114,0.950474537037037
2020-05-01 00:00:00+00:00,calibration,surgicalMasks,Demand proportional,don1136,rec2058,100.0,366.0375,0.8791087962962963
2020-05-01 00:00:00+00:00,calibration,surgicalMasks,Demand proportional,don1146,rec2058,40.0,316.3175,0.19282407407407406
2020-05-01 00:00:00+00:00,calibration,faceShields,Demand proportional,don915,rec2058,1000.0,970.0415,6.922523148148148
2020-05-01 00:00:00+00:00,calibration,faceShields,Demand proportional,don933,rec2058,200.0,2441.548,6.263819444444445
2020-05-01 00:00:00+00:00,calibration,faceShields,Demand proportional,don934,rec2058,100.0,1529.8575,6.252986111111111
2020-05-01 00:00:00+00:00,calibration,faceShields,Demand proportional,don951,rec2058,60.0,14.096,6.044953703703704
2020-05-01 00:00:00+00:00,calibration,faceShields,Demand proportional,don961,rec2058,40.0,2175.199,5.372627314814815
2020-05-01 00:00:00+00:00,calibration,faceShields,Demand proportional,don972,rec2058,50.0,756.159,5.090381944444444
2020-05-01 00:00:00+00:00,calibration,faceShields,Demand proportional,don981,rec2058,1.0,5.1795,4.830150462962963
2020-05-01 00:00:00+00:00,calibration,faceShields,Demand proportional,don989,rec2058,180.0,31.625,4.341284722222222
2020-05-01 00:00:00+00:00,calibration,faceShields,Demand proportional,don999,rec2058,500.0,2212.9245,4.165543981481481
2020-05-01 00:00:00+00:00,calibration,faceShields,Demand proportional,don1005,rec2058,350.0,1679.5995,3.976122685185185
2020-05-01 00:00:00+00:00,calibration,faceShields,Demand proportional,don1006,rec2058,350.0,1679.5995,3.976122685185185
2020-05-01 00:00:00+00:00,calibration,faceShields,Demand proportional,don1007,rec2058,1000.0,349.019,3.9605671296296294
2020-05-01 00:00:00+00:00,calibration,faceShields,Demand proportional,don1015,rec2058,100.0,2460.78,3.4019097222222223
2020-05-01 00:00:00+00:00,calibration,faceShields,Demand proportional,don1018,rec2058,100.0,853.2660000000001,3.33375
2020-05-01 00:00:00+00:00,calibration,faceShields,Demand proportional,don1037,rec2058,1.0,853.2660000000001,3.187824074074074
2020-05-01 00:00:00+00:00,calibration,faceShields,Demand proportional,don1046,rec2058,10.0,31.625,3.0667824074074073
2020-05-01 00:00:00+00:00,calibration,faceShields,Demand proportional,don1047,rec2058,50.0,2297.1445000000003,3.0573958333333335
2020-05-01 00:00:00+00:00,calibration,faceShields,Demand proportional,don1048,rec2058,40.0,2175.199,3.0341087962962963
2020-05-01 00:00:00+00:00,calibration,faceShields,Demand proportional,don1058,rec2058,2.0,333.27,2.8265625
2020-05-01 00:00:00+00:00,calibration,faceShields,Demand proportional,don1069,rec2058,100.0,832.5285,2.333090277777778
2020-05-01 00:00:00+00:00,calibration,faceShields,Demand proportional,don1082,rec2058,1000.0,349.019,2.237696759259259
2020-05-01 00:00:00+00:00,calibration,faceShields,Demand proportional,don1099,rec2058,80.0,366.0375,2.0341435185185186
2020-05-01 00:00:00+00:00,calibration,faceShields,Demand proportional,don1110,rec2058,130.0,14.096,1.6012962962962962
2020-05-01 00:00:00+00:00,calibration,faceShields,Demand proportional,don1116,rec2058,625.0,14.096,1.2833796296296296
2020-05-01 00:00:00+00:00,calibration,faceShields,Demand proportional,don1121,rec2058,50.0,46.091,1.154375
2020-05-01 00:00:00+00:00,calibration,faceShields,Demand proportional,don1123,rec2058,550.0,1237.3895,1.142824074074074
2020-05-01 00:00:00+00:00,calibration,faceShields,Demand proportional,don1133,rec2058,1000.0,21.963,0.9136921296296296
2020-05-01 00:00:00+00:00,calibration,faceShields,Demand proportional,don1140,rec2058,200.0,2460.78,0.38787037037037037
2020-05-01 00:00:00+00:00,calibration,faceShields,Demand proportional,don1141,rec2058,200.0,2460.78,0.38787037037037037
2020-05-01 00:00:00+00:00,calibration,faceShields,Demand proportional,don1144,rec2058,50.0,2460.78,0.2129513888888889
2020-05-01 00:00:00+00:00,calibration,gowns,Demand proportional,don921,rec2720,1.0,1529.8575,6.8941435185185185
2020-05-01 00:00:00+00:00,calibration,gowns,Demand proportional,don1054,rec2720,1.0,2175.199,2.8837384259259258
2020-05-01 00:00:00+00:00,calibration,gowns,Demand proportional,don1058,rec2058,2.0,333.27,2.8265625
2020-05-01 00:00:00+00:00,calibration,gowns,Demand proportional,don1079,rec2300,600.0,94.5685,2.264710648148148
2020-05-01 00:00:00+00:00,calibration,gowns,Demand proportional,don1138,rec2720,30.0,2212.9245,0.5157060185185185
2020-05-08 00:00:00+00:00,calibration,respirators,Demand proportional,don1180,rec2300,300.0,1181.8465,6.316979166666667
2020-05-08 00:00:00+00:00,calibration,respirators,Demand proportional,don1184,rec2300,5.0,1494.9705,6.307650462962963
2020-05-08 00:00:00+00:00,calibration,respirators,Demand proportional,don1196,rec2300,800.0,1356.631,6.014664351851851
2020-05-08 00:00:00+00:00,calibration,respirators,Demand proportional,don1208,rec2300,30.0,784.2255,5.356030092592593
2020-05-08 00:00:00+00:00,calibration,respirators,Demand proportional,don1215,rec2300,9.0,2406.4505,5.283819444444444
2020-05-08 00:00:00+00:00,calibration,respirators,Demand proportional,don1230,rec2300,2.0,385.7645,4.322048611111111
2020-05-08 00:00:00+00:00,calibration,respirators,Demand proportional,don1237,rec2300,50.0,2450.419,4.185497685185185
2020-05-08 00:00:00+00:00,calibration,respirators,Demand proportional,don1238,rec2300,500.0,366.0375,4.173240740740741
2020-05-08 00:00:00+00:00,calibration,respirators,Demand proportional,don1239,rec2300,200.0,46.091,4.170925925925926
2020-05-08 00:00:00+00:00,calibration,respirators,Demand proportional,don1244,rec2300,150.0,366.0375,4.005613425925926
2020-05-08 00:00:00+00:00,calibration,respirators,Demand proportional,don1254,rec2300,200.0,2550.7465,3.2018287037037036
2020-05-08 00:00:00+00:00,calibration,respirators,Demand proportional,don1263,rec2300,250.0,2529.878,3.0623958333333334
2020-05-08 00:00:00+00:00,calibration,respirators,Demand proportional,don1274,rec2300,50.0,46.091,2.2183217592592595
2020-05-08 00:00:00+00:00,calibration,surgicalMasks,Demand proportional,don1156,rec2058,50.0,2175.199,6.9695833333333335
2020-05-08 00:00:00+00:00,calibration,surgicalMasks,Demand proportional,don1178,rec2058,100.0,853.2660000000001,6.336377314814815
2020-05-08 00:00:00+00:00,calibration,surgicalMasks,Demand proportional,don1180,rec2058,300.0,1237.3895,6.316979166666667
2020-05-08 00:00:00+00:00,calibration,surgicalMasks,Demand proportional,don1187,rec2058,50.0,21.963,6.276550925925926
2020-05-08 00:00:00+00:00,calibration,surgicalMasks,Demand proportional,don1191,rec2058,50.0,1761.3945,6.150486111111111
2020-05-08 00:00:00+00:00,calibration,surgicalMasks,Demand proportional,don1193,rec2058,9.0,853.2660000000001,6.08130787037037
2020-05-08 00:00:00+00:00,calibration,surgicalMasks,Demand proportional,don1203,rec2058,112.0,2249.91,5.370613425925926
2020-05-08 00:00:00+00:00,calibration,surgicalMasks,Demand proportional,don1208,rec2058,130.0,853.2660000000001,5.356030092592593
2020-05-08 00:00:00+00:00,calibration,surgicalMasks,Demand proportional,don1209,rec2058,40.0,2212.9245,5.348831018518519
2020-05-08 00:00:00+00:00,calibration,surgicalMasks,Demand proportional,don1215,rec2058,9.0,2460.78,5.283819444444444
2020-05-08 00:00:00+00:00,calibration,surgicalMasks,Demand proportional,don1217,rec2058,10.0,31.625,5.240810185185185
2020-05-08 00:00:00+00:00,calibration,surgicalMasks,Demand proportional,don1228,rec2058,15.0,2612.9825,4.3809375
2020-05-08 00:00:00+00:00,calibration,surgicalMasks,Demand proportional,don1229,rec2058,50.0,2297.1445000000003,4.330092592592592
2020-05-08 00:00:00+00:00,calibration,surgicalMasks,Demand proportional,don1244,rec2058,100.0,316.3175,4.005613425925926
2020-05-08 00:00:00+00:00,calibration,surgicalMasks,Demand proportional,don1246,rec2058,4.0,2612.9825,3.9541898148148147
2020-05-08 00:00:00+00:00,calibration,surgicalMasks,Demand proportional,don1251,rec2058,50.0,122.0285,3.834247685185185
2020-05-08 00:00:00+00:00,calibration,surgicalMasks,Demand proportional,don1267,rec2058,350.0,2316.7830000000004,3.0500578703703702
2020-05-08 00:00:00+00:00,calibration,surgicalMasks,Demand proportional,don1271,rec2058,950.0,2341.1225000000004,2.458391203703704
2020-05-08 00:00:00+00:00,calibration,surgicalMasks,Demand proportional,don1274,rec2058,100.0,14.096,2.2183217592592595
2020-05-08 00:00:00+00:00,calibration,surgicalMasks,Demand proportional,don1275,rec2058,200.0,2460.78,2.1790625
2020-05-08 00:00:00+00:00,calibration,surgicalMasks,Demand proportional,don1279,rec2058,50.0,68.58200000000001,2.0114699074074074
2020-05-08 00:00:00+00:00,calibration,surgicalMasks,Demand proportional,don1285,rec2058,6.0,2460.78,1.3581828703703704
2020-05-08 00:00:00+00:00,calibration,surgicalMasks,Demand proportional,don1288,rec2058,40.0,2550.7465,1.0986226851851852
2020-05-08 00:00:00+00:00,calibration,surgicalMasks,Demand proportional,don1289,rec2058,500.0,333.27,0.9982060185185185
2020-05-08 00:00:00+00:00,calibration,surgicalMasks,Demand proportional,don1303,rec2058,100.0,2478.453,0.18952546296296297
2020-05-08 00:00:00+00:00,calibration,surgicalMasks,Demand proportional,don1304,rec2058,100.0,1991.554,0.1675462962962963
2020-05-08 00:00:00+00:00,calibration,faceShields,Demand proportional,don1158,rec2058,50.0,333.27,6.932488425925926
2020-05-08 00:00:00+00:00,calibration,faceShields,Demand proportional,don1185,rec2058,9.0,316.3175,6.306979166666666
2020-05-08 00:00:00+00:00,calibration,faceShields,Demand proportional,don1202,rec2058,500.0,46.091,5.660590277777778
2020-05-08 00:00:00+00:00,calibration,faceShields,Demand proportional,don1205,rec2058,1.0,1356.631,5.363877314814815
2020-05-08 00:00:00+00:00,calibration,faceShields,Demand proportional,don1217,rec2058,1.0,31.625,5.240810185185185
2020-05-08 00:00:00+00:00,calibration,faceShields,Demand proportional,don1218,rec2058,30.0,2431.9855,5.234305555555555
2020-05-08 00:00:00+00:00,calibration,faceShields,Demand proportional,don1219,rec2058,40.0,2431.9855,5.232916666666667
2020-05-08 00:00:00+00:00,calibration,faceShields,Demand proportional,don1231,rec2058,24.0,2175.199,4.274444444444445
2020-05-08 00:00:00+00:00,calibration,faceShields,Demand proportional,don1248,rec2058,2.0,1389.114,3.852152777777778
2020-05-08 00:00:00+00:00,calibration,faceShields,Demand proportional,don1253,rec2058,60.0,14.096,3.2237037037037037
2020-05-08 00:00:00+00:00,calibration,faceShields,Demand proportional,don1268,rec2058,50.0,316.3175,3.0485069444444446
2020-05-08 00:00:00+00:00,calibration,faceShields,Demand proportional,don1280,rec2058,250.0,1836.9605,1.9061574074074075
2020-05-08 00:00:00+00:00,calibration,faceShields,Demand proportional,don1281,rec2058,68.0,1237.3895,1.8218981481481482
2020-05-08 00:00:00+00:00,calibration,gowns,Demand proportional,don1202,rec2300,300.0,21.963,5.660590277777778
2020-05-08 00:00:00+00:00,calibration,gowns,Demand proportional,don1251,rec2300,1.0,94.5685,3.834247685185185
2020-05-15 00:00:00+00:00,calibration,respirators,Demand proportional,don1329,rec2058,600.0,2297.1445000000003,2.9910763888888887
2020-05-15 00:00:00+00:00,calibration,respirators,Demand proportional,don1334,rec2058,2.0,1566.9865,2.4984375
2020-05-15 00:00:00+00:00,calibration,respirators,Demand proportional,don1345,rec2058,1.0,2316.7830000000004,2.2146296296296297
2020-05-15 00:00:00+00:00,calibration,respirators,Demand proportional,don1350,rec2058,50.0,2249.91,2.1799537037037036
2020-05-15 00:00:00+00:00,calibration,respirators,Demand proportional,don1357,rec2058,5.0,2175.199,2.1108680555555557
2020-05-15 00:00:00+00:00,calibration,respirators,Demand proportional,don1358,rec2058,50.0,1991.554,2.1100462962962965
2020-05-15 00:00:00+00:00,calibration,respirators,Demand proportional,don1360,rec2058,1.0,1210.635,2.108738425925926
2020-05-15 00:00:00+00:00,calibration,respirators,Demand proportional,don1361,rec2058,5.0,349.019,2.1078703703703705
2020-05-15 00:00:00+00:00,calibration,respirators,Demand proportional,don1362,rec2058,15.0,349.019,2.1067476851851854
2020-05-15 00:00:00+00:00,calibration,respirators,Demand proportional,don1364,rec2058,2.0,970.0415,2.105474537037037
2020-05-15 00:00:00+00:00,calibration,respirators,Demand proportional,don1365,rec2058,50.0,993.8215,2.104699074074074
2020-05-15 00:00:00+00:00,calibration,respirators,Demand proportional,don1368,rec2058,100.0,2460.78,1.9127662037037036
2020-05-15 00:00:00+00:00,calibration,respirators,Demand proportional,don1397,rec2058,20.0,1274.4155,0.9109837962962963
2020-05-15 00:00:00+00:00,calibration,respirators,Demand proportional,don1400,rec2058,22.0,2297.1445000000003,0.8483680555555555
2020-05-15 00:00:00+00:00,calibration,respirators,Demand proportional,don1401,rec2058,20.0,2297.1445000000003,0.5260648148148148
2020-05-15 00:00:00+00:00,calibration,respirators,Demand proportional,don1413,rec2058,20.0,1274.4155,0.26895833333333335
2020-05-15 00:00:00+00:00,calibration,surgicalMasks,Demand proportional,don1332,rec2058,50.0,2460.78,2.8113657407407406
2020-05-15 00:00:00+00:00,calibration,surgicalMasks,Demand proportional,don1343,rec2058,600.0,2297.1445000000003,2.3242939814814814
2020-05-15 00:00:00+00:00,calibration,surgicalMasks,Demand proportional,don1346,rec2058,50.0,1761.3945,2.2116782407407407
2020-05-15 00:00:00+00:00,calibration,surgicalMasks,Demand proportional,don1378,rec2058,400.0,1761.3945,1.3721296296296297
2020-05-15 00:00:00+00:00,calibration,surgicalMasks,Demand proportional,don1388,rec2058,980.0,590.1020000000001,1.126064814814815
2020-05-15 00:00:00+00:00,calibration,surgicalMasks,Demand proportional,don1395,rec2058,40.0,68.58200000000001,0.9239583333333333
2020-05-15 00:00:00+00:00,calibration,surgicalMasks,Demand proportional,don1397,rec2058,140.0,1274.4155,0.9109837962962963
2020-05-15 00:00:00+00:00,calibration,surgicalMasks,Demand proportional,don1400,rec2058,70.0,2297.1445000000003,0.8483680555555555
2020-05-15 00:00:00+00:00,calibration,surgicalMasks,Demand proportional,don1405,rec2058,30.0,68.58200000000001,0.3407986111111111
2020-05-15 00:00:00+00:00,calibration,surgicalMasks,Demand proportional,don1413,rec2058,120.0,1274.4155,0.26895833333333335
2020-05-15 00:00:00+00:00,calibration,surgicalMasks,Demand proportional,don1415,rec2058,160.0,2503.2615,0.1691087962962963
2020-05-15 00:00:00+00:00,calibration,faceShields,Demand proportional,don1309,rec2058,560.0,14.096,6.14417824074074
2020-05-15 00:00:00+00:00,calibration,faceShields,Demand proportional,don1313,rec2058,20.0,1954.693,5.130335648148148
2020-05-15 00:00:00+00:00,calibration,faceShields,Demand proportional,don1319,rec2058,500.0,2460.78,3.3868287037037037
2020-05-15 00:00:00+00:00,calibration,faceShields,Demand proportional,don1328,rec2058,1000.0,2580.1675,3.083391203703704
2020-05-15 00:00:00+00:00,calibration,faceShields,Demand proportional,don1330,rec2058,900.0,316.3175,2.8819444444444446
2020-05-15 00:00:00+00:00,calibration,faceShields,Demand proportional,don1335,rec2058,200.0,1274.4155,2.4657407407407406
2020-05-15 00:00:00+00:00,calibration,faceShields,Demand proportional,don1336,rec2058,300.0,349.019,2.420023148148148
2020-05-15 00:00:00+00:00,calibration,faceShields,Demand proportional,don1371,rec2058,20.0,2460.78,1.8474189814814814
2020-05-15 00:00:00+00:00,calibration,faceShields,Demand proportional,don1372,rec2058,200.0,316.3175,1.7829398148148148
2020-05-15 00:00:00+00:00,calibration,faceShields,Demand proportional,don1373,rec2058,200.0,316.3175,1.779988425925926
2020-05-15 00:00:00+00:00,calibration,faceShields,Demand proportional,don1376,rec2058,100.0,1210.635,1.5102662037037038
2020-05-15 00:00:00+00:00,calibration,faceShields,Demand proportional,don1377,rec2058,20.0,2612.9825,1.3745717592592592
2020-05-15 00:00:00+00:00,calibration,faceShields,Demand proportional,don1382,rec2058,160.0,1237.3895,1.2781712962962963
2020-05-15 00:00:00+00:00,calibration,faceShields,Demand proportional,don1383,rec2058,45.0,1761.3945,1.2716550925925927
2020-05-15 00:00:00+00:00,calibration,faceShields,Demand proportional,don1384,rec2058,45.0,1761.3945,1.270011574074074
2020-05-15 00:00:00+00:00,calibration,faceShields,Demand proportional,don1403,rec2058,600.0,5.1795,0.395
2020-05-15 00:00:00+00:00,calibration,faceShields,Demand proportional,don1409,rec2058,500.0,2144.701,0.29792824074074076
2020-05-22 00:00:00+00:00,calibration,respirators,Demand proportional,don1438,rec2300,200.0,2406.4505,3.1656712962962965
2020-05-22 00:00:00+00:00,calibration,respirators,Demand proportional,don1453,rec2058,1000.0,21.963,0.07921296296296296
2020-05-22 00:00:00+00:00,calibration,surgicalMasks,Demand proportional,don1421,rec2058,10.0,31.625,6.064050925925926
2020-05-22 00:00:00+00:00,calibration,surgicalMasks,Demand proportional,don1430,rec2058,400.0,21.963,4.366909722222222
2020-05-22 00:00:00+00:00,calibration,surgicalMasks,Demand proportional,don1438,rec2058,200.0,2460.78,3.1656712962962965
2020-05-22 00:00:00+00:00,calibration,surgicalMasks,Demand proportional,don1448,rec2058,980.0,590.1020000000001,1.0618865740740742
2020-05-22 00:00:00+00:00,calibration,surgicalMasks,Demand proportional,don1453,rec2058,1000.0,21.963,0.07921296296296296
2020-05-22 00:00:00+00:00,calibration,faceShields,Demand proportional,don1418,rec2058,100.0,970.0415,6.646215277777777
2020-05-22 00:00:00+00:00,calibration,faceShields,Demand proportional,don1428,rec2058,100.0,1274.4155,5.053796296296296
2020-05-22 00:00:00+00:00,calibration,faceShields,Demand proportional,don1432,rec2058,100.0,2144.701,4.211967592592592
2020-05-22 00:00:00+00:00,calibration,faceShields,Demand proportional,don1434,rec2058,100.0,2441.548,3.8241203703703706
2020-05-22 00:00:00+00:00,calibration,faceShields,Demand proportional,don1442,rec2058,99.0,2460.78,2.1559606481481484
2020-05-22 00:00:00+00:00,calibration,faceShields,Demand proportional,don1450,rec2058,1000.0,5.1795,0.21225694444444446
2020-05-22 00:00:00+00:00,calibration,gowns,Demand proportional,don1441,rec2720,300.0,2175.199,2.982060185185185
2020-05-22 00:00:00+00:00,calibration,gowns,Demand proportional,don1446,rec2720,24.0,2249.91,1.302800925925926
2020-05-29 00:00:00+00:00,calibration,respirators,Demand proportional,don1468,rec2300,300.0,2341.1225000000004,5.508599537037037
2020-05-29 00:00:00+00:00,calibration,respirators,Demand proportional,don1479,rec2300,150.0,31.625,3.2044675925925925
2020-05-29 00:00:00+00:00,calibration,respirators,Demand proportional,don1484,rec2300,420.0,811.1475,2.8355439814814813
2020-05-29 00:00:00+00:00,calibration,respirators,Demand proportional,don1485,rec2300,2.0,2316.7830000000004,2.1637037037037037
2020-05-29 00:00:00+00:00,calibration,respirators,Demand proportional,don1497,rec2300,200.0,2529.878,0.319224537037037
2020-05-29 00:00:00+00:00,calibration,surgicalMasks,Demand proportional,don1456,rec2058,500.0,5.1795,6.9542476851851855
2020-05-29 00:00:00+00:00,calibration,surgicalMasks,Demand proportional,don1459,rec2058,25.0,1679.5995,6.329224537037037
2020-05-29 00:00:00+00:00,calibration,surgicalMasks,Demand proportional,don1460,rec2058,500.0,2316.7830000000004,6.193668981481482
2020-05-29 00:00:00+00:00,calibration,surgicalMasks,Demand proportional,don1479,rec2058,100.0,46.091,3.2044675925925925
2020-05-29 00:00:00+00:00,calibration,surgicalMasks,Demand proportional,don1482,rec2058,30.0,2431.9855,2.8859953703703702
2020-05-29 00:00:00+00:00,calibration,faceShields,Demand proportional,don1461,rec2058,56.0,385.7645,6.148993055555556
2020-05-29 00:00:00+00:00,calibration,faceShields,Demand proportional,don1463,rec2058,500.0,1714.0065,5.812048611111111
2020-05-29 00:00:00+00:00,calibration,faceShields,Demand proportional,don1472,rec2058,3.0,1798.9735,3.359722222222222
2020-05-29 00:00:00+00:00,calibration,faceShields,Demand proportional,don1495,rec2058,200.0,31.625,1.323611111111111
2020-05-29 00:00:00+00:00,calibration,faceShields,Demand proportional,don1498,rec2058,200.0,2612.9825,0.22850694444444444
2020-05-29 00:00:00+00:00,calibration,gowns,Demand proportional,don1468,rec2720,50.0,2175.199,5.508599537037037
2020-06-05 00:00:00+00:00,calibration,surgicalMasks,Demand proportional,don1499,rec2058,250.0,5.1795,6.902337962962963
2020-06-05 00:00:00+00:00,calibration,faceShields,Demand proportional,don1502,rec2058,112.0,385.7645,2.1164699074074074
2020-06-05 00:00:00+00:00,calibration,faceShields,Demand proportional,don1504,rec2058,1000.0,2441.548,1.1952199074074075
2020-06-05 00:00:00+00:00,calibration,faceShields,Demand proportional,don1507,rec2058,1000.0,1356.631,1.0286342592592592
2020-06-12 00:00:00+00:00,validation,respirators,Demand proportional,don1508,rec2300,25.0,1878.0485,6.922256944444444
2020-06-12 00:00:00+00:00,validation,respirators,Demand proportional,don1518,rec2058,1000.0,237.9225,3.208263888888889
2020-06-12 00:00:00+00:00,validation,respirators,Demand proportional,don1520,rec2300,900.0,2406.4505,2.544398148148148
2020-06-12 00:00:00+00:00,validation,respirators,Demand proportional,don1522,rec2300,20.0,1714.0065,2.3616550925925925
2020-06-12 00:00:00+00:00,validation,faceShields,Demand proportional,don1515,rec2058,100.0,2297.1445000000003,3.3544212962962963
2020-06-12 00:00:00+00:00,validation,faceShields,Demand proportional,don1527,rec2058,106.0,2460.78,1.4218287037037036
2020-06-19 00:00:00+00:00,validation,respirators,Demand proportional,don1540,rec2300,1000.0,2550.7465,5.979548611111111
2020-06-19 00:00:00+00:00,validation,surgicalMasks,Demand proportional,don1542,rec2058,1000.0,970.0415,3.6922916666666667
2020-06-19 00:00:00+00:00,validation,surgicalMasks,Demand proportional,don1548,rec2058,50.0,31.625,2.6946875
2020-06-19 00:00:00+00:00,validation,surgicalMasks,Demand proportional,don1554,rec2058,60.0,1679.5995,2.160740740740741
2020-06-19 00:00:00+00:00,validation,faceShields,Demand proportional,don1543,rec2058,200.0,2277.5855,3.481388888888889
2020-06-19 00:00:00+00:00,validation,faceShields,Demand proportional,don1544,rec2058,50.0,2297.1445000000003,3.381898148148148
2020-06-19 00:00:00+00:00,validation,faceShields,Demand proportional,don1546,rec2058,100.0,1991.554,3.3454282407407407
2020-06-19 00:00:00+00:00,validation,faceShields,Demand proportional,don1557,rec2058,500.0,1954.693,0.3359490740740741
2020-06-19 00:00:00+00:00,validation,gowns,Demand proportional,don1546,rec2720,100.0,1761.3945,3.3454282407407407
2020-06-26 00:00:00+00:00,validation,respirators,Demand proportional,don1559,rec2058,800.0,46.091,5.375034722222222
2020-06-26 00:00:00+00:00,validation,surgicalMasks,Demand proportional,don1561,rec2058,600.0,1954.693,3.279421296296296
2020-06-26 00:00:00+00:00,validation,faceShields,Demand proportional,don1562,rec2058,2.0,14.096,2.2496296296296294
2020-06-26 00:00:00+00:00,validation,faceShields,Demand proportional,don1564,rec2058,200.0,2341.1225000000004,1.1930092592592592
2020-06-26 00:00:00+00:00,validation,faceShields,Demand proportional,don1565,rec2058,100.0,2316.7830000000004,0.5170254629629629
2020-07-03 00:00:00+00:00,test,respirators,Demand proportional,don1579,rec2058,3.0,349.019,0.7224652777777778
2020-07-03 00:00:00+00:00,test,surgicalMasks,Demand proportional,don1566,rec2058,280.0,1389.114,6.812627314814815
2020-07-03 00:00:00+00:00,test,surgicalMasks,Demand proportional,don1577,rec2058,50.0,68.58200000000001,1.7765277777777777
2020-07-03 00:00:00+00:00,test,surgicalMasks,Demand proportional,don1580,rec2058,1000.0,2460.78,0.4565162037037037
2020-07-03 00:00:00+00:00,test,faceShields,Demand proportional,don1571,rec2058,25.0,46.091,4.145023148148148
2020-07-03 00:00:00+00:00,test,faceShields,Demand proportional,don1573,rec2058,5.0,1237.3895,2.8470949074074072
2020-07-10 00:00:00+00:00,test,respirators,Demand proportional,don1584,rec2300,5.0,2144.701,6.097974537037037
2020-07-10 00:00:00+00:00,test,respirators,Demand proportional,don1592,rec2058,20.0,2478.453,4.157222222222222
2020-07-10 00:00:00+00:00,test,respirators,Demand proportional,don1602,rec2058,40.0,94.5685,1.2396643518518518
2020-07-10 00:00:00+00:00,test,surgicalMasks,Demand proportional,don1592,rec2058,30.0,2478.453,4.157222222222222
2020-07-10 00:00:00+00:00,test,surgicalMasks,Demand proportional,don1596,rec2058,1000.0,2450.419,2.3696180555555557
2020-07-10 00:00:00+00:00,test,surgicalMasks,Demand proportional,don1599,rec2058,200.0,2612.9825,1.9099884259259259
2020-07-10 00:00:00+00:00,test,surgicalMasks,Demand proportional,don1602,rec2058,50.0,94.5685,1.2396643518518518
2020-07-10 00:00:00+00:00,test,surgicalMasks,Demand proportional,don1604,rec2058,1000.0,316.3175,1.107337962962963
2020-07-10 00:00:00+00:00,test,surgicalMasks,Demand proportional,don1605,rec2058,450.0,2460.78,1.0484606481481482
2020-07-10 00:00:00+00:00,test,faceShields,Demand proportional,don1585,rec2058,40.0,46.091,6.008738425925926
2020-07-10 00:00:00+00:00,test,faceShields,Demand proportional,don1589,rec2058,30.0,316.3175,4.21130787037037
2020-07-10 00:00:00+00:00,test,faceShields,Demand proportional,don1595,rec2058,25.0,1761.3945,2.8978819444444444
2020-07-17 00:00:00+00:00,test,respirators,Demand proportional,don1611,rec2058,5.0,295.1365,6.970578703703704
2020-07-17 00:00:00+00:00,test,respirators,Demand proportional,don1622,rec2058,10.0,2441.548,5.094039351851852
2020-07-17 00:00:00+00:00,test,surgicalMasks,Demand proportional,don1615,rec2058,20.0,2144.701,6.857303240740741
2020-07-17 00:00:00+00:00,test,faceShields,Demand proportional,don1615,rec2058,2.0,2144.701,6.857303240740741
2020-07-17 00:00:00+00:00,test,faceShields,Demand proportional,don1618,rec2058,1000.0,1761.3945,6.23787037037037
2020-07-17 00:00:00+00:00,test,faceShields,Demand proportional,don1623,rec2058,200.0,2388.424,4.294733796296296
2020-07-24 00:00:00+00:00,test,respirators,Demand proportional,don1655,rec2058,500.0,31.625,6.0881944444444445
2020-07-24 00:00:00+00:00,test,faceShields,Demand proportional,don1655,rec2058,500.0,31.625,6.0881944444444445
2020-04-03 00:00:00+00:00,calibration,respirators,Equal allocation,don0,rec12,20.0,1237.3895,6.509027777777778
2020-04-24 00:00:00+00:00,calibration,respirators,Equal allocation,don103,rec2788,20.0,436.4295,4.833333333333333
2020-04-24 00:00:00+00:00,calibration,respirators,Equal allocation,don108,rec1037,15.0,5.1795,4.833333333333333
2020-04-24 00:00:00+00:00,calibration,respirators,Equal allocation,don116,rec1435,1.0,151.1025,4.833333333333333
2020-04-24 00:00:00+00:00,calibration,respirators,Equal allocation,don118,rec1435,2.0,94.5685,4.833333333333333
2020-04-24 00:00:00+00:00,calibration,respirators,Equal allocation,don124,rec1332,100.0,5.1795,4.833333333333333
2020-04-24 00:00:00+00:00,calibration,respirators,Equal allocation,don135,rec1523,2.0,21.963,4.833333333333333
2020-04-24 00:00:00+00:00,calibration,respirators,Equal allocation,don141,rec1514,5.0,14.096,4.833333333333333
2020-04-24 00:00:00+00:00,calibration,respirators,Equal allocation,don143,rec1037,1.0,5.1795,4.833333333333333
2020-04-24 00:00:00+00:00,calibration,respirators,Equal allocation,don145,rec1372,19.0,5.1795,4.833333333333333
2020-04-24 00:00:00+00:00,calibration,respirators,Equal allocation,don146,rec1113,35.0,175.261,4.833333333333333
2020-04-24 00:00:00+00:00,calibration,respirators,Equal allocation,don149,rec1037,3.0,5.1795,4.833333333333333
2020-04-24 00:00:00+00:00,calibration,respirators,Equal allocation,don150,rec1037,18.0,5.1795,4.833333333333333
2020-04-24 00:00:00+00:00,calibration,respirators,Equal allocation,don164,rec1271,2.0,5.1795,4.833333333333333
2020-04-24 00:00:00+00:00,calibration,respirators,Equal allocation,don166,rec458,10.0,46.091,4.833333333333333
2020-04-24 00:00:00+00:00,calibration,respirators,Equal allocation,don167,rec1037,2.0,5.1795,4.833333333333333
2020-04-24 00:00:00+00:00,calibration,respirators,Equal allocation,don168,rec0,6.0,94.5685,4.833333333333333
2020-04-24 00:00:00+00:00,calibration,respirators,Equal allocation,don172,rec442,12.0,175.261,4.833333333333333
2020-04-24 00:00:00+00:00,calibration,respirators,Equal allocation,don173,rec253,5.0,175.261,4.833333333333333
2020-04-24 00:00:00+00:00,calibration,respirators,Equal allocation,don184,rec253,140.0,68.58200000000001,4.833333333333333
2020-04-24 00:00:00+00:00,calibration,respirators,Equal allocation,don188,rec1594,500.0,5.1795,4.833333333333333
2020-04-24 00:00:00+00:00,calibration,respirators,Equal allocation,don199,rec1435,10.0,5.1795,4.833333333333333
2020-04-24 00:00:00+00:00,calibration,respirators,Equal allocation,don201,rec1226,16.0,175.261,4.833333333333333
2020-04-24 00:00:00+00:00,calibration,respirators,Equal allocation,don204,rec1506,7.0,14.096,4.833333333333333
2020-04-24 00:00:00+00:00,calibration,respirators,Equal allocation,don206,rec1332,20.0,14.096,4.833333333333333
2020-04-24 00:00:00+00:00,calibration,respirators,Equal allocation,don208,rec1273,50.0,5.1795,4.833333333333333
2020-04-24 00:00:00+00:00,calibration,respirators,Equal allocation,don209,rec1110,1.0,21.963,4.833333333333333
2020-04-24 00:00:00+00:00,calibration,respirators,Equal allocation,don215,rec1372,10.0,5.1795,4.833333333333333
2020-04-24 00:00:00+00:00,calibration,respirators,Equal allocation,don219,rec1037,1.0,5.1795,4.833333333333333
2020-04-24 00:00:00+00:00,calibration,respirators,Equal allocation,don220,rec1037,14.0,5.1795,4.833333333333333
2020-04-24 00:00:00+00:00,calibration,respirators,Equal allocation,don224,rec253,2.0,175.261,4.833333333333333
2020-04-24 00:00:00+00:00,calibration,respirators,Equal allocation,don233,rec409,2.0,5.1795,4.833333333333333
2020-04-24 00:00:00+00:00,calibration,respirators,Equal allocation,don234,rec1492,4.0,14.096,4.833333333333333
2020-04-24 00:00:00+00:00,calibration,respirators,Equal allocation,don235,rec1523,75.0,21.963,4.833333333333333
2020-04-24 00:00:00+00:00,calibration,respirators,Equal allocation,don243,rec1435,30.0,21.963,4.833333333333333
2020-04-24 00:00:00+00:00,calibration,respirators,Equal allocation,don244,rec1435,2.0,14.096,4.833333333333333
2020-04-24 00:00:00+00:00,calibration,respirators,Equal allocation,don245,rec1435,10.0,14.096,4.833333333333333
2020-04-24 00:00:00+00:00,calibration,respirators,Equal allocation,don247,rec1273,200.0,5.1795,4.833333333333333
2020-04-24 00:00:00+00:00,calibration,respirators,Equal allocation,don248,rec1390,1.0,14.096,4.833333333333333
2020-04-24 00:00:00+00:00,calibration,respirators,Equal allocation,don251,rec1110,5.0,5.1795,4.833333333333333
2020-04-24 00:00:00+00:00,calibration,respirators,Equal allocation,don258,rec1492,40.0,366.0375,4.833333333333333
2020-04-24 00:00:00+00:00,calibration,respirators,Equal allocation,don264,rec1037,120.0,5.1795,4.833333333333333
2020-04-24 00:00:00+00:00,calibration,respirators,Equal allocation,don265,rec1372,2.0,5.1795,4.833333333333333
2020-04-24 00:00:00+00:00,calibration,respirators,Equal allocation,don268,rec1093,300.0,151.1025,4.833333333333333
2020-04-24 00:00:00+00:00,calibration,respirators,Equal allocation,don282,rec0,4.0,5.1795,4.833333333333333
2020-04-24 00:00:00+00:00,calibration,respirators,Equal allocation,don294,rec1523,8.0,14.096,4.833333333333333
2020-04-24 00:00:00+00:00,calibration,respirators,Equal allocation,don295,rec1514,5.0,94.5685,4.833333333333333
2020-04-24 00:00:00+00:00,calibration,respirators,Equal allocation,don299,rec1037,900.0,14.096,4.833333333333333
2020-04-24 00:00:00+00:00,calibration,respirators,Equal allocation,don305,rec1037,30.0,5.1795,4.833333333333333
2020-04-24 00:00:00+00:00,calibration,respirators,Equal allocation,don309,rec1372,20.0,5.1795,4.833333333333333
2020-04-24 00:00:00+00:00,calibration,respirators,Equal allocation,don311,rec1372,2.0,5.1795,4.833333333333333
2020-04-24 00:00:00+00:00,calibration,respirators,Equal allocation,don314,rec1037,140.0,14.096,4.833333333333333
2020-04-24 00:00:00+00:00,calibration,respirators,Equal allocation,don317,rec1372,1000.0,5.1795,4.833333333333333
2020-04-24 00:00:00+00:00,calibration,respirators,Equal allocation,don353,rec1037,10.0,5.1795,4.833333333333333
2020-04-24 00:00:00+00:00,calibration,respirators,Equal allocation,don356,rec1037,300.0,5.1795,4.833333333333333
2020-04-24 00:00:00+00:00,calibration,respirators,Equal allocation,don357,rec1037,30.0,14.096,4.833333333333333
2020-04-24 00:00:00+00:00,calibration,respirators,Equal allocation,don358,rec1435,60.0,5.1795,4.833333333333333
2020-04-24 00:00:00+00:00,calibration,respirators,Equal allocation,don359,rec678,2.0,14.096,4.833333333333333
2020-04-24 00:00:00+00:00,calibration,respirators,Equal allocation,don360,rec1274,10.0,5.1795,4.833333333333333
2020-04-24 00:00:00+00:00,calibration,respirators,Equal allocation,don373,rec1492,300.0,267.284,4.833333333333333
2020-04-24 00:00:00+00:00,calibration,respirators,Equal allocation,don376,rec1399,200.0,5.1795,4.833333333333333
2020-04-24 00:00:00+00:00,calibration,respirators,Equal allocation,don381,rec1037,10.0,5.1795,4.833333333333333
2020-04-24 00:00:00+00:00,calibration,respirators,Equal allocation,don382,rec1492,90.0,366.0375,4.833333333333333
2020-04-24 00:00:00+00:00,calibration,respirators,Equal allocation,don383,rec122,11.0,5.1795,4.833333333333333
2020-04-24 00:00:00+00:00,calibration,respirators,Equal allocation,don388,rec442,10.0,151.1025,4.833333333333333
2020-04-24 00:00:00+00:00,calibration,respirators,Equal allocation,don397,rec442,1000.0,151.1025,4.833333333333333
2020-04-24 00:00:00+00:00,calibration,respirators,Equal allocation,don399,rec1332,38.0,14.096,4.833333333333333
2020-04-24 00:00:00+00:00,calibration,respirators,Equal allocation,don400,rec1520,5.0,5.1795,4.833333333333333
2020-04-24 00:00:00+00:00,calibration,respirators,Equal allocation,don401,rec2449,950.0,5.1795,4.833333333333333
2020-04-24 00:00:00+00:00,calibration,respirators,Equal allocation,don402,rec0,3.0,5.1795,4.833333333333333
2020-04-24 00:00:00+00:00,calibration,respirators,Equal allocation,don405,rec1372,1.0,5.1795,4.833333333333333
2020-04-24 00:00:00+00:00,calibration,respirators,Equal allocation,don411,rec678,30.0,46.091,4.833333333333333
2020-04-24 00:00:00+00:00,calibration,respirators,Equal allocation,don412,rec1037,15.0,5.1795,4.833333333333333
2020-04-24 00:00:00+00:00,calibration,respirators,Equal allocation,don414,rec1037,2.0,5.1795,4.833333333333333
2020-04-24 00:00:00+00:00,calibration,respirators,Equal allocation,don422,rec1037,1.0,5.1795,4.833333333333333
2020-04-24 00:00:00+00:00,calibration,respirators,Equal allocation,don427,rec1113,5.0,175.261,4.833333333333333
2020-04-24 00:00:00+00:00,calibration,respirators,Equal allocation,don429,rec0,24.0,5.1795,4.833333333333333
2020-04-24 00:00:00+00:00,calibration,respirators,Equal allocation,don430,rec0,5.0,21.963,4.833333333333333
2020-04-24 00:00:00+00:00,calibration,respirators,Equal allocation,don432,rec1052,6.0,408.943,4.833333333333333
2020-04-24 00:00:00+00:00,calibration,respirators,Equal allocation,don442,rec1037,3.0,5.1795,4.833333333333333
2020-04-24 00:00:00+00:00,calibration,respirators,Equal allocation,don443,rec253,2.0,68.58200000000001,4.833333333333333
2020-04-24 00:00:00+00:00,calibration,respirators,Equal allocation,don445,rec2455,3.0,94.5685,4.833333333333333
2020-04-24 00:00:00+00:00,calibration,respirators,Equal allocation,don446,rec0,5.0,5.1795,4.833333333333333
2020-04-24 00:00:00+00:00,calibration,respirators,Equal allocation,don466,rec2269,6.0,5.1795,4.833333333333333
2020-04-24 00:00:00+00:00,calibration,respirators,Equal allocation,don467,rec253,400.0,68.58200000000001,4.833333333333333
2020-04-24 00:00:00+00:00,calibration,respirators,Equal allocation,don468,rec1523,5.0,5.1795,4.833333333333333
2020-04-24 00:00:00+00:00,calibration,respirators,Equal allocation,don487,rec1037,3.0,14.096,4.833333333333333
2020-04-24 00:00:00+00:00,calibration,respirators,Equal allocation,don490,rec1113,9.0,94.5685,4.833333333333333
2020-04-24 00:00:00+00:00,calibration,respirators,Equal allocation,don493,rec1372,1.0,5.1795,4.833333333333333
2020-04-24 00:00:00+00:00,calibration,respirators,Equal allocation,don494,rec678,10.0,5.1795,4.833333333333333
2020-04-24 00:00:00+00:00,calibration,respirators,Equal allocation,don503,rec1372,4.0,5.1795,4.833333333333333
2020-04-24 00:00:00+00:00,calibration,respirators,Equal allocation,don507,rec1273,50.0,5.1795,4.833333333333333
2020-04-24 00:00:00+00:00,calibration,respirators,Equal allocation,don511,rec1492,10.0,366.0375,4.833333333333333
2020-04-24 00:00:00+00:00,calibration,respirators,Equal allocation,don522,rec1274,8.0,5.1795,4.833333333333333
2020-04-24 00:00:00+00:00,calibration,respirators,Equal allocation,don523,rec1274,8.0,5.1795,4.833333333333333
2020-04-24 00:00:00+00:00,calibration,respirators,Equal allocation,don527,rec1093,15.0,122.0285,4.833333333333333
2020-04-24 00:00:00+00:00,calibration,respirators,Equal allocation,don529,rec0,20.0,5.1795,4.833333333333333
2020-04-24 00:00:00+00:00,calibration,respirators,Equal allocation,don530,rec1037,10.0,5.1795,4.833333333333333
2020-04-24 00:00:00+00:00,calibration,respirators,Equal allocation,don531,rec0,12.0,5.1795,4.833333333333333
2020-04-24 00:00:00+00:00,calibration,respirators,Equal allocation,don533,rec605,20.0,14.096,4.833333333333333
2020-04-24 00:00:00+00:00,calibration,respirators,Equal allocation,don536,rec1772,100.0,5.1795,4.833333333333333
2020-04-24 00:00:00+00:00,calibration,respirators,Equal allocation,don538,rec1037,10.0,5.1795,4.833333333333333
2020-04-24 00:00:00+00:00,calibration,respirators,Equal allocation,don540,rec1037,42.0,5.1795,4.833333333333333
2020-04-24 00:00:00+00:00,calibration,respirators,Equal allocation,don541,rec1037,20.0,5.1795,4.833333333333333
2020-04-24 00:00:00+00:00,calibration,respirators,Equal allocation,don543,rec1274,10.0,5.1795,4.833333333333333
2020-04-24 00:00:00+00:00,calibration,respirators,Equal allocation,don544,rec1113,13.0,94.5685,4.833333333333333
2020-04-24 00:00:00+00:00,calibration,respirators,Equal allocation,don545,rec1514,6.0,467.0545,4.833333333333333
2020-04-24 00:00:00+00:00,calibration,respirators,Equal allocation,don553,rec1372,20.0,5.1795,4.833333333333333
2020-04-24 00:00:00+00:00,calibration,respirators,Equal allocation,don554,rec2788,500.0,436.4295,4.833333333333333
2020-04-24 00:00:00+00:00,calibration,respirators,Equal allocation,don568,rec1332,10.0,14.096,4.833333333333333
2020-04-24 00:00:00+00:00,calibration,respirators,Equal allocation,don570,rec1492,5.0,366.0375,4.833333333333333
2020-04-24 00:00:00+00:00,calibration,respirators,Equal allocation,don572,rec1372,45.0,5.1795,4.833333333333333
2020-04-24 00:00:00+00:00,calibration,respirators,Equal allocation,don575,rec1226,7.0,237.9225,4.833333333333333
2020-04-24 00:00:00+00:00,calibration,respirators,Equal allocation,don577,rec1076,40.0,122.0285,4.833333333333333
2020-04-24 00:00:00+00:00,calibration,respirators,Equal allocation,don578,rec2428,15.0,68.58200000000001,4.833333333333333
2020-04-24 00:00:00+00:00,calibration,respirators,Equal allocation,don579,rec122,1.0,46.091,4.833333333333333
2020-04-24 00:00:00+00:00,calibration,respirators,Equal allocation,don580,rec1492,1000.0,500.0335,4.833333333333333
2020-04-24 00:00:00+00:00,calibration,respirators,Equal allocation,don581,rec1037,1.0,5.1795,4.833333333333333
2020-04-24 00:00:00+00:00,calibration,respirators,Equal allocation,don589,rec1372,4.0,46.091,4.833333333333333
2020-04-24 00:00:00+00:00,calibration,respirators,Equal allocation,don597,rec1518,10.0,5.1795,4.833333333333333
2020-04-24 00:00:00+00:00,calibration,respirators,Equal allocation,don599,rec1037,5.0,5.1795,4.833333333333333
2020-04-24 00:00:00+00:00,calibration,respirators,Equal allocation,don611,rec0,30.0,5.1795,4.833333333333333
2020-04-24 00:00:00+00:00,calibration,respirators,Equal allocation,don612,rec0,70.0,21.963,4.833333333333333
2020-04-24 00:00:00+00:00,calibration,respirators,Equal allocation,don614,rec1522,2.0,21.963,4.833333333333333
2020-04-24 00:00:00+00:00,calibration,respirators,Equal allocation,don615,rec1523,100.0,31.625,4.833333333333333
2020-04-24 00:00:00+00:00,calibration,respirators,Equal allocation,don616,rec1982,6.0,5.1795,4.833333333333333
2020-04-24 00:00:00+00:00,calibration,respirators,Equal allocation,don617,rec1982,4.0,14.096,4.833333333333333
2020-04-24 00:00:00+00:00,calibration,respirators,Equal allocation,don620,rec1113,20.0,151.1025,4.833333333333333
2020-04-24 00:00:00+00:00,calibration,respirators,Equal allocation,don625,rec1492,3.0,500.0335,4.833333333333333
2020-04-24 00:00:00+00:00,calibration,respirators,Equal allocation,don627,rec1520,400.0,5.1795,4.833333333333333
2020-04-24 00:00:00+00:00,calibration,respirators,Equal allocation,don630,rec1435,15.0,5.1795,4.833333333333333
2020-04-24 00:00:00+00:00,calibration,respirators,Equal allocation,don633,rec1332,1000.0,5.1795,4.833333333333333
2020-04-24 00:00:00+00:00,calibration,respirators,Equal allocation,don634,rec1037,25.0,14.096,4.833333333333333
2020-04-24 00:00:00+00:00,calibration,respirators,Equal allocation,don635,rec2096,20.0,21.963,4.833333333333333
2020-04-24 00:00:00+00:00,calibration,respirators,Equal allocation,don637,rec2269,3.0,14.096,4.833333333333333
2020-04-24 00:00:00+00:00,calibration,respirators,Equal allocation,don643,rec1276,1.0,94.5685,4.833333333333333
2020-04-24 00:00:00+00:00,calibration,respirators,Equal allocation,don645,rec1729,10.0,151.1025,4.833333333333333
2020-04-24 00:00:00+00:00,calibration,respirators,Equal allocation,don646,rec1514,2.0,5.1795,4.833333333333333
2020-04-24 00:00:00+00:00,calibration,respirators,Equal allocation,don647,rec2455,1000.0,122.0285,4.833333333333333
2020-04-24 00:00:00+00:00,calibration,respirators,Equal allocation,don648,rec1076,3.0,94.5685,4.833333333333333
2020-04-24 00:00:00+00:00,calibration,respirators,Equal allocation,don649,rec458,12.0,14.096,4.833333333333333
2020-04-24 00:00:00+00:00,calibration,respirators,Equal allocation,don661,rec1037,2.0,5.1795,4.833333333333333
2020-04-24 00:00:00+00:00,calibration,respirators,Equal allocation,don662,rec678,20.0,5.1795,4.833333333333333
2020-04-24 00:00:00+00:00,calibration,respirators,Equal allocation,don666,rec1514,25.0,500.0335,4.833333333333333
2020-04-24 00:00:00+00:00,calibration,respirators,Equal allocation,don674,rec1443,24.0,21.963,4.833333333333333
2020-04-24 00:00:00+00:00,calibration,respirators,Equal allocation,don675,rec1390,3.0,5.1795,4.833333333333333
2020-04-24 00:00:00+00:00,calibration,respirators,Equal allocation,don676,rec1372,2.0,5.1795,4.833333333333333
2020-04-24 00:00:00+00:00,calibration,respirators,Equal allocation,don677,rec1274,3.0,5.1795,4.833333333333333
2020-04-24 00:00:00+00:00,calibration,respirators,Equal allocation,don682,rec2522,8.0,5.1795,4.833333333333333
2020-04-24 00:00:00+00:00,calibration,respirators,Equal allocation,don685,rec1276,6.0,5.1795,4.833333333333333
2020-04-24 00:00:00+00:00,calibration,respirators,Equal allocation,don686,rec452,6.0,46.091,4.833333333333333
2020-04-24 00:00:00+00:00,calibration,respirators,Equal allocation,don687,rec1226,1.0,68.58200000000001,4.833333333333333
2020-04-24 00:00:00+00:00,calibration,respirators,Equal allocation,don688,rec1492,3.0,267.284,4.833333333333333
2020-04-24 00:00:00+00:00,calibration,respirators,Equal allocation,don689,rec2393,1000.0,14.096,4.833333333333333
2020-04-24 00:00:00+00:00,calibration,respirators,Equal allocation,don691,rec1457,100.0,5.1795,4.833333333333333
2020-04-24 00:00:00+00:00,calibration,respirators,Equal allocation,don692,rec409,15.0,21.963,4.833333333333333
2020-04-24 00:00:00+00:00,calibration,respirators,Equal allocation,don693,rec1273,1000.0,14.096,4.833333333333333
2020-04-24 00:00:00+00:00,calibration,respirators,Equal allocation,don694,rec1037,500.0,21.963,4.833333333333333
2020-04-24 00:00:00+00:00,calibration,respirators,Equal allocation,don698,rec1471,4.0,31.625,4.833333333333333
2020-04-24 00:00:00+00:00,calibration,respirators,Equal allocation,don703,rec131,1.0,5.1795,4.833333333333333
2020-04-24 00:00:00+00:00,calibration,respirators,Equal allocation,don705,rec1037,620.0,5.1795,4.833333333333333
2020-04-24 00:00:00+00:00,calibration,respirators,Equal allocation,don706,rec0,10.0,5.1795,4.833333333333333
2020-04-24 00:00:00+00:00,calibration,respirators,Equal allocation,don707,rec678,500.0,21.963,4.833333333333333
2020-04-24 00:00:00+00:00,calibration,respirators,Equal allocation,don709,rec605,10.0,14.096,4.833333333333333
2020-04-24 00:00:00+00:00,calibration,respirators,Equal allocation,don717,rec1435,4.0,46.091,4.833333333333333
2020-04-24 00:00:00+00:00,calibration,respirators,Equal allocation,don719,rec1333,10.0,21.963,4.833333333333333
2020-04-24 00:00:00+00:00,calibration,respirators,Equal allocation,don723,rec1332,180.0,14.096,4.833333333333333
2020-04-24 00:00:00+00:00,calibration,respirators,Equal allocation,don726,rec2096,10.0,5.1795,4.833333333333333
2020-04-24 00:00:00+00:00,calibration,respirators,Equal allocation,don728,rec0,6.0,5.1795,4.833333333333333
2020-04-24 00:00:00+00:00,calibration,respirators,Equal allocation,don731,rec1372,2.0,5.1795,4.833333333333333
2020-04-24 00:00:00+00:00,calibration,respirators,Equal allocation,don740,rec1594,2.0,122.0285,4.833333333333333
2020-04-24 00:00:00+00:00,calibration,respirators,Equal allocation,don745,rec1113,500.0,175.261,4.833333333333333
2020-04-24 00:00:00+00:00,calibration,respirators,Equal allocation,don747,rec1226,20.0,122.0285,4.833333333333333
2020-04-24 00:00:00+00:00,calibration,respirators,Equal allocation,don748,rec1520,6.0,5.1795,4.833333333333333
2020-04-24 00:00:00+00:00,calibration,respirators,Equal allocation,don749,rec2058,60.0,14.096,4.833333333333333
2020-04-24 00:00:00+00:00,calibration,respirators,Equal allocation,don751,rec1372,200.0,5.1795,4.833333333333333
2020-04-24 00:00:00+00:00,calibration,respirators,Equal allocation,don752,rec678,40.0,14.096,4.833333333333333
2020-04-24 00:00:00+00:00,calibration,respirators,Equal allocation,don759,rec253,1000.0,175.261,4.833333333333333
2020-04-24 00:00:00+00:00,calibration,respirators,Equal allocation,don761,rec1037,20.0,5.1795,4.833333333333333
2020-04-24 00:00:00+00:00,calibration,respirators,Equal allocation,don762,rec0,11.0,5.1795,4.833333333333333
2020-04-24 00:00:00+00:00,calibration,respirators,Equal allocation,don763,rec1332,180.0,14.096,4.833333333333333
2020-04-24 00:00:00+00:00,calibration,respirators,Equal allocation,don764,rec1052,1000.0,385.7645,4.833333333333333
2020-04-24 00:00:00+00:00,calibration,respirators,Equal allocation,don766,rec1435,100.0,5.1795,4.833333333333333
2020-04-24 00:00:00+00:00,calibration,respirators,Equal allocation,don767,rec1226,20.0,151.1025,4.833333333333333
2020-04-24 00:00:00+00:00,calibration,respirators,Equal allocation,don768,rec1435,4.0,5.1795,4.833333333333333
2020-04-24 00:00:00+00:00,calibration,respirators,Equal allocation,don769,rec1435,13.0,5.1795,4.833333333333333
2020-04-24 00:00:00+00:00,calibration,respirators,Equal allocation,don77,rec1435,4.0,5.1795,4.833333333333333
2020-04-24 00:00:00+00:00,calibration,respirators,Equal allocation,don771,rec1372,20.0,5.1795,4.833333333333333
2020-04-24 00:00:00+00:00,calibration,respirators,Equal allocation,don772,rec1435,10.0,5.1795,4.833333333333333
2020-04-24 00:00:00+00:00,calibration,respirators,Equal allocation,don91,rec2788,18.0,436.4295,4.833333333333333
2020-04-24 00:00:00+00:00,calibration,respirators,Equal allocation,don92,rec2788,1.0,467.0545,4.833333333333333
2020-04-24 00:00:00+00:00,calibration,respirators,Equal allocation,don94,rec1372,1000.0,14.096,4.833333333333333
2020-04-24 00:00:00+00:00,calibration,respirators,Equal allocation,don95,rec1052,5.0,408.943,4.833333333333333
2020-04-24 00:00:00+00:00,calibration,respirators,Equal allocation,don98,rec1076,5.0,21.963,4.833333333333333
2020-04-24 00:00:00+00:00,calibration,respirators,Equal allocation,don778,rec2510,25.0,14.096,4.499305555555556
2020-04-24 00:00:00+00:00,calibration,respirators,Equal allocation,don801,rec1052,10.0,194.979,3.25556712962963
2020-04-24 00:00:00+00:00,calibration,respirators,Equal allocation,don812,rec253,1.0,68.58200000000001,2.883263888888889
2020-04-24 00:00:00+00:00,calibration,respirators,Equal allocation,don835,rec458,1.0,94.5685,2.2685069444444443
2020-04-24 00:00:00+00:00,calibration,respirators,Equal allocation,don836,rec1037,720.0,5.1795,2.263587962962963
2020-04-24 00:00:00+00:00,calibration,respirators,Equal allocation,don840,rec1435,4.0,5.1795,2.180138888888889
2020-04-24 00:00:00+00:00,calibration,respirators,Equal allocation,don852,rec1729,16.0,31.625,1.7783217592592593
2020-04-24 00:00:00+00:00,calibration,respirators,Equal allocation,don873,rec2303,300.0,14.096,1.0271064814814814
2020-04-24 00:00:00+00:00,calibration,respirators,Equal allocation,don886,rec605,20.0,94.5685,0.8513773148148148
2020-04-24 00:00:00+00:00,calibration,respirators,Equal allocation,don909,rec1435,2.0,151.1025,0.025902777777777778
2020-04-24 00:00:00+00:00,calibration,respirators,Equal allocation,don912,rec1519,120.0,5.1795,0.009155092592592593
2020-04-24 00:00:00+00:00,calibration,surgicalMasks,Equal allocation,don102,rec1584,8.0,5.1795,4.833333333333333
2020-04-24 00:00:00+00:00,calibration,surgicalMasks,Equal allocation,don129,rec2046,500.0,14.096,4.833333333333333
2020-04-24 00:00:00+00:00,calibration,surgicalMasks,Equal allocation,don130,rec2303,500.0,21.963,4.833333333333333
2020-04-24 00:00:00+00:00,calibration,surgicalMasks,Equal allocation,don131,rec1844,100.0,5.1795,4.833333333333333
2020-04-24 00:00:00+00:00,calibration,surgicalMasks,Equal allocation,don142,rec1520,80.0,5.1795,4.833333333333333
2020-04-24 00:00:00+00:00,calibration,surgicalMasks,Equal allocation,don159,rec1844,8.0,5.1795,4.833333333333333
2020-04-24 00:00:00+00:00,calibration,surgicalMasks,Equal allocation,don193,rec1037,1000.0,5.1795,4.833333333333333
2020-04-24 00:00:00+00:00,calibration,surgicalMasks,Equal allocation,don197,rec1435,30.0,5.1795,4.833333333333333
2020-04-24 00:00:00+00:00,calibration,surgicalMasks,Equal allocation,don200,rec2378,300.0,21.963,4.833333333333333
2020-04-24 00:00:00+00:00,calibration,surgicalMasks,Equal allocation,don205,rec1243,50.0,5.1795,4.833333333333333
2020-04-24 00:00:00+00:00,calibration,surgicalMasks,Equal allocation,don217,rec1844,200.0,5.1795,4.833333333333333
2020-04-24 00:00:00+00:00,calibration,surgicalMasks,Equal allocation,don228,rec1074,100.0,5.1795,4.833333333333333
2020-04-24 00:00:00+00:00,calibration,surgicalMasks,Equal allocation,don231,rec2303,500.0,31.625,4.833333333333333
2020-04-24 00:00:00+00:00,calibration,surgicalMasks,Equal allocation,don242,rec2021,20.0,122.0285,4.833333333333333
2020-04-24 00:00:00+00:00,calibration,surgicalMasks,Equal allocation,don293,rec1844,25.0,5.1795,4.833333333333333
2020-04-24 00:00:00+00:00,calibration,surgicalMasks,Equal allocation,don297,rec1037,100.0,5.1795,4.833333333333333
2020-04-24 00:00:00+00:00,calibration,surgicalMasks,Equal allocation,don307,rec1522,1000.0,14.096,4.833333333333333
2020-04-24 00:00:00+00:00,calibration,surgicalMasks,Equal allocation,don310,rec1844,80.0,5.1795,4.833333333333333
2020-04-24 00:00:00+00:00,calibration,surgicalMasks,Equal allocation,don312,rec1844,50.0,5.1795,4.833333333333333
2020-04-24 00:00:00+00:00,calibration,surgicalMasks,Equal allocation,don313,rec1844,150.0,5.1795,4.833333333333333
2020-04-24 00:00:00+00:00,calibration,surgicalMasks,Equal allocation,don323,rec1625,150.0,31.625,4.833333333333333
2020-04-24 00:00:00+00:00,calibration,surgicalMasks,Equal allocation,don324,rec1844,5.0,5.1795,4.833333333333333
2020-04-24 00:00:00+00:00,calibration,surgicalMasks,Equal allocation,don325,rec1390,500.0,14.096,4.833333333333333
2020-04-24 00:00:00+00:00,calibration,surgicalMasks,Equal allocation,don326,rec1052,1.0,267.284,4.833333333333333
2020-04-24 00:00:00+00:00,calibration,surgicalMasks,Equal allocation,don327,rec1435,75.0,5.1795,4.833333333333333
2020-04-24 00:00:00+00:00,calibration,surgicalMasks,Equal allocation,don329,rec1435,10.0,5.1795,4.833333333333333
2020-04-24 00:00:00+00:00,calibration,surgicalMasks,Equal allocation,don350,rec2035,50.0,14.096,4.833333333333333
2020-04-24 00:00:00+00:00,calibration,surgicalMasks,Equal allocation,don352,rec1274,500.0,5.1795,4.833333333333333
2020-04-24 00:00:00+00:00,calibration,surgicalMasks,Equal allocation,don355,rec1037,25.0,5.1795,4.833333333333333
2020-04-24 00:00:00+00:00,calibration,surgicalMasks,Equal allocation,don371,rec1435,60.0,5.1795,4.833333333333333
2020-04-24 00:00:00+00:00,calibration,surgicalMasks,Equal allocation,don382,rec1657,60.0,94.5685,4.833333333333333
2020-04-24 00:00:00+00:00,calibration,surgicalMasks,Equal allocation,don387,rec2510,50.0,68.58200000000001,4.833333333333333
2020-04-24 00:00:00+00:00,calibration,surgicalMasks,Equal allocation,don423,rec1519,150.0,14.096,4.833333333333333
2020-04-24 00:00:00+00:00,calibration,surgicalMasks,Equal allocation,don424,rec2021,40.0,68.58200000000001,4.833333333333333
2020-04-24 00:00:00+00:00,calibration,surgicalMasks,Equal allocation,don425,rec2021,50.0,94.5685,4.833333333333333
2020-04-24 00:00:00+00:00,calibration,surgicalMasks,Equal allocation,don437,rec342,250.0,122.0285,4.833333333333333
2020-04-24 00:00:00+00:00,calibration,surgicalMasks,Equal allocation,don442,rec1037,3.0,5.1795,4.833333333333333
2020-04-24 00:00:00+00:00,calibration,surgicalMasks,Equal allocation,don453,rec1435,50.0,68.58200000000001,4.833333333333333
2020-04-24 00:00:00+00:00,calibration,surgicalMasks,Equal allocation,don455,rec1435,4.0,5.1795,4.833333333333333
2020-04-24 00:00:00+00:00,calibration,surgicalMasks,Equal allocation,don475,rec1435,5.0,21.963,4.833333333333333
2020-04-24 00:00:00+00:00,calibration,surgicalMasks,Equal allocation,don477,rec2510,100.0,5.1795,4.833333333333333
2020-04-24 00:00:00+00:00,calibration,surgicalMasks,Equal allocation,don486,rec1037,95.0,5.1795,4.833333333333333
2020-04-24 00:00:00+00:00,calibration,surgicalMasks,Equal allocation,don488,rec1074,1000.0,5.1795,4.833333333333333
2020-04-24 00:00:00+00:00,calibration,surgicalMasks,Equal allocation,don518,rec2225,500.0,122.0285,4.833333333333333
2020-04-24 00:00:00+00:00,calibration,surgicalMasks,Equal allocation,don519,rec1435,230.0,5.1795,4.833333333333333
2020-04-24 00:00:00+00:00,calibration,surgicalMasks,Equal allocation,don532,rec1584,40.0,14.096,4.833333333333333
2020-04-24 00:00:00+00:00,calibration,surgicalMasks,Equal allocation,don533,rec1119,50.0,14.096,4.833333333333333
2020-04-24 00:00:00+00:00,calibration,surgicalMasks,Equal allocation,don536,rec1399,100.0,94.5685,4.833333333333333
2020-04-24 00:00:00+00:00,calibration,surgicalMasks,Equal allocation,don537,rec2046,50.0,21.963,4.833333333333333
2020-04-24 00:00:00+00:00,calibration,surgicalMasks,Equal allocation,don543,rec1274,35.0,5.1795,4.833333333333333
2020-04-24 00:00:00+00:00,calibration,surgicalMasks,Equal allocation,don550,rec1333,15.0,31.625,4.833333333333333
2020-04-24 00:00:00+00:00,calibration,surgicalMasks,Equal allocation,don551,rec1523,200.0,5.1795,4.833333333333333
2020-04-24 00:00:00+00:00,calibration,surgicalMasks,Equal allocation,don553,rec1844,40.0,5.1795,4.833333333333333
2020-04-24 00:00:00+00:00,calibration,surgicalMasks,Equal allocation,don554,rec2788,150.0,436.4295,4.833333333333333
2020-04-24 00:00:00+00:00,calibration,surgicalMasks,Equal allocation,don567,rec1657,15.0,5.1795,4.833333333333333
2020-04-24 00:00:00+00:00,calibration,surgicalMasks,Equal allocation,don571,rec1657,30.0,5.1795,4.833333333333333
2020-04-24 00:00:00+00:00,calibration,surgicalMasks,Equal allocation,don572,rec2117,240.0,5.1795,4.833333333333333
2020-04-24 00:00:00+00:00,calibration,surgicalMasks,Equal allocation,don577,rec1502,250.0,68.58200000000001,4.833333333333333
2020-04-24 00:00:00+00:00,calibration,surgicalMasks,Equal allocation,don578,rec2242,50.0,94.5685,4.833333333333333
2020-04-24 00:00:00+00:00,calibration,surgicalMasks,Equal allocation,don586,rec1844,5.0,5.1795,4.833333333333333
2020-04-24 00:00:00+00:00,calibration,surgicalMasks,Equal allocation,don589,rec2378,3.0,21.963,4.833333333333333
2020-04-24 00:00:00+00:00,calibration,surgicalMasks,Equal allocation,don600,rec2510,12.0,68.58200000000001,4.833333333333333
2020-04-24 00:00:00+00:00,calibration,surgicalMasks,Equal allocation,don605,rec1037,30.0,5.1795,4.833333333333333
2020-04-24 00:00:00+00:00,calibration,surgicalMasks,Equal allocation,don624,rec2397,1.0,175.261,4.833333333333333
2020-04-24 00:00:00+00:00,calibration,surgicalMasks,Equal allocation,don625,rec1657,2.0,333.27,4.833333333333333
2020-04-24 00:00:00+00:00,calibration,surgicalMasks,Equal allocation,don626,rec1476,50.0,5.1795,4.833333333333333
2020-04-24 00:00:00+00:00,calibration,surgicalMasks,Equal allocation,don627,rec1520,900.0,5.1795,4.833333333333333
2020-04-24 00:00:00+00:00,calibration,surgicalMasks,Equal allocation,don628,rec2096,12.0,151.1025,4.833333333333333
2020-04-24 00:00:00+00:00,calibration,surgicalMasks,Equal allocation,don649,rec1159,15.0,31.625,4.833333333333333
2020-04-24 00:00:00+00:00,calibration,surgicalMasks,Equal allocation,don650,rec1037,1000.0,5.1795,4.833333333333333
2020-04-24 00:00:00+00:00,calibration,surgicalMasks,Equal allocation,don654,rec1528,45.0,46.091,4.833333333333333
2020-04-24 00:00:00+00:00,calibration,surgicalMasks,Equal allocation,don656,rec1801,25.0,5.1795,4.833333333333333
2020-04-24 00:00:00+00:00,calibration,surgicalMasks,Equal allocation,don665,rec1520,20.0,5.1795,4.833333333333333
2020-04-24 00:00:00+00:00,calibration,surgicalMasks,Equal allocation,don666,rec2046,200.0,14.096,4.833333333333333
2020-04-24 00:00:00+00:00,calibration,surgicalMasks,Equal allocation,don685,rec2021,100.0,5.1795,4.833333333333333
2020-04-24 00:00:00+00:00,calibration,surgicalMasks,Equal allocation,don690,rec1657,10.0,14.096,4.833333333333333
2020-04-24 00:00:00+00:00,calibration,surgicalMasks,Equal allocation,don691,rec1457,50.0,5.1795,4.833333333333333
2020-04-24 00:00:00+00:00,calibration,surgicalMasks,Equal allocation,don696,rec1333,185.0,5.1795,4.833333333333333
2020-04-24 00:00:00+00:00,calibration,surgicalMasks,Equal allocation,don705,rec1037,100.0,5.1795,4.833333333333333
2020-04-24 00:00:00+00:00,calibration,surgicalMasks,Equal allocation,don715,rec1076,90.0,21.963,4.833333333333333
2020-04-24 00:00:00+00:00,calibration,surgicalMasks,Equal allocation,don717,rec1435,6.0,46.091,4.833333333333333
2020-04-24 00:00:00+00:00,calibration,surgicalMasks,Equal allocation,don737,rec1844,5.0,5.1795,4.833333333333333
2020-04-24 00:00:00+00:00,calibration,surgicalMasks,Equal allocation,don738,rec1037,50.0,5.1795,4.833333333333333
2020-04-24 00:00:00+00:00,calibration,surgicalMasks,Equal allocation,don74,rec1657,20.0,46.091,4.833333333333333
2020-04-24 00:00:00+00:00,calibration,surgicalMasks,Equal allocation,don745,rec1113,100.0,175.261,4.833333333333333
2020-04-24 00:00:00+00:00,calibration,surgicalMasks,Equal allocation,don746,rec1390,15.0,14.096,4.833333333333333
2020-04-24 00:00:00+00:00,calibration,surgicalMasks,Equal allocation,don752,rec1333,500.0,31.625,4.833333333333333
2020-04-24 00:00:00+00:00,calibration,surgicalMasks,Equal allocation,don753,rec1596,80.0,5.1795,4.833333333333333
2020-04-24 00:00:00+00:00,calibration,surgicalMasks,Equal allocation,don760,rec1435,50.0,14.096,4.833333333333333
2020-04-24 00:00:00+00:00,calibration,surgicalMasks,Equal allocation,don762,rec1333,35.0,5.1795,4.833333333333333
2020-04-24 00:00:00+00:00,calibration,surgicalMasks,Equal allocation,don764,rec1584,1000.0,31.625,4.833333333333333
2020-04-24 00:00:00+00:00,calibration,surgicalMasks,Equal allocation,don771,rec1844,40.0,5.1795,4.833333333333333
2020-04-24 00:00:00+00:00,calibration,surgicalMasks,Equal allocation,don778,rec2510,30.0,14.096,4.833333333333333
2020-04-24 00:00:00+00:00,calibration,surgicalMasks,Equal allocation,don97,rec2788,95.0,436.4295,4.833333333333333
2020-04-24 00:00:00+00:00,calibration,surgicalMasks,Equal allocation,don791,rec2096,200.0,151.1025,4.106944444444444
2020-04-24 00:00:00+00:00,calibration,surgicalMasks,Equal allocation,don825,rec1226,4.0,151.1025,2.3366435185185184
2020-04-24 00:00:00+00:00,calibration,surgicalMasks,Equal allocation,don827,rec1226,4.0,151.1025,2.3366319444444446
2020-04-24 00:00:00+00:00,calibration,surgicalMasks,Equal allocation,don829,rec1226,4.0,151.1025,2.3366319444444446
2020-04-24 00:00:00+00:00,calibration,surgicalMasks,Equal allocation,don833,rec1435,300.0,5.1795,2.280798611111111
2020-04-24 00:00:00+00:00,calibration,surgicalMasks,Equal allocation,don837,rec1523,200.0,21.963,2.241886574074074
2020-04-24 00:00:00+00:00,calibration,surgicalMasks,Equal allocation,don839,rec2303,1000.0,21.963,2.186898148148148
2020-04-24 00:00:00+00:00,calibration,surgicalMasks,Equal allocation,don845,rec1435,75.0,14.096,2.0969328703703702
2020-04-24 00:00:00+00:00,calibration,surgicalMasks,Equal allocation,don847,rec1333,150.0,5.1795,2.015601851851852
2020-04-24 00:00:00+00:00,calibration,surgicalMasks,Equal allocation,don873,rec2303,300.0,14.096,1.0271064814814814
2020-04-24 00:00:00+00:00,calibration,surgicalMasks,Equal allocation,don875,rec1274,300.0,5.1795,1.025451388888889
2020-04-24 00:00:00+00:00,calibration,surgicalMasks,Equal allocation,don882,rec2294,200.0,14.096,0.916400462962963
2020-04-24 00:00:00+00:00,calibration,surgicalMasks,Equal allocation,don884,rec1274,300.0,5.1795,0.8795949074074074
2020-04-24 00:00:00+00:00,calibration,surgicalMasks,Equal allocation,don887,rec1514,50.0,14.096,0.7370023148148148
2020-04-24 00:00:00+00:00,calibration,surgicalMasks,Equal allocation,don905,rec2117,165.0,21.963,0.04400462962962963
2020-04-24 00:00:00+00:00,calibration,surgicalMasks,Equal allocation,don906,rec1519,1000.0,14.096,0.029756944444444444
2020-04-24 00:00:00+00:00,calibration,surgicalMasks,Equal allocation,don909,rec2181,100.0,122.0285,0.025902777777777778
2020-04-24 00:00:00+00:00,calibration,surgicalMasks,Equal allocation,don911,rec1625,139.0,5.1795,0.01954861111111111
2020-04-24 00:00:00+00:00,calibration,faceShields,Equal allocation,don107,rec1584,7.0,14.096,4.833333333333333
2020-04-24 00:00:00+00:00,calibration,faceShields,Equal allocation,don112,rec2788,50.0,151.1025,4.833333333333333
2020-04-24 00:00:00+00:00,calibration,faceShields,Equal allocation,don114,rec1111,300.0,5.1795,4.833333333333333
2020-04-24 00:00:00+00:00,calibration,faceShields,Equal allocation,don115,rec1111,200.0,21.963,4.833333333333333
2020-04-24 00:00:00+00:00,calibration,faceShields,Equal allocation,don127,rec253,100.0,214.4355,4.833333333333333
2020-04-24 00:00:00+00:00,calibration,faceShields,Equal allocation,don128,rec456,500.0,5.1795,4.833333333333333
2020-04-24 00:00:00+00:00,calibration,faceShields,Equal allocation,don153,rec678,50.0,14.096,4.833333333333333
2020-04-24 00:00:00+00:00,calibration,faceShields,Equal allocation,don154,rec1514,10.0,68.58200000000001,4.833333333333333
2020-04-24 00:00:00+00:00,calibration,faceShields,Equal allocation,don156,rec1443,5.0,21.963,4.833333333333333
2020-04-24 00:00:00+00:00,calibration,faceShields,Equal allocation,don189,rec2288,48.0,5.1795,4.833333333333333
2020-04-24 00:00:00+00:00,calibration,faceShields,Equal allocation,don190,rec1584,100.0,237.9225,4.833333333333333
2020-04-24 00:00:00+00:00,calibration,faceShields,Equal allocation,don191,rec185,100.0,14.096,4.833333333333333
2020-04-24 00:00:00+00:00,calibration,faceShields,Equal allocation,don238,rec1679,10.0,68.58200000000001,4.833333333333333
2020-04-24 00:00:00+00:00,calibration,faceShields,Equal allocation,don250,rec1159,1.0,31.625,4.833333333333333
2020-04-24 00:00:00+00:00,calibration,faceShields,Equal allocation,don288,rec1111,100.0,5.1795,4.833333333333333
2020-04-24 00:00:00+00:00,calibration,faceShields,Equal allocation,don308,rec1037,100.0,5.1795,4.833333333333333
2020-04-24 00:00:00+00:00,calibration,faceShields,Equal allocation,don319,rec1076,100.0,21.963,4.833333333333333
2020-04-24 00:00:00+00:00,calibration,faceShields,Equal allocation,don320,rec1159,14.0,94.5685,4.833333333333333
2020-04-24 00:00:00+00:00,calibration,faceShields,Equal allocation,don322,rec1435,200.0,5.1795,4.833333333333333
2020-04-24 00:00:00+00:00,calibration,faceShields,Equal allocation,don332,rec253,100.0,68.58200000000001,4.833333333333333
2020-04-24 00:00:00+00:00,calibration,faceShields,Equal allocation,don336,rec678,100.0,5.1795,4.833333333333333
2020-04-24 00:00:00+00:00,calibration,faceShields,Equal allocation,don337,rec1110,200.0,14.096,4.833333333333333
2020-04-24 00:00:00+00:00,calibration,faceShields,Equal allocation,don338,rec1048,300.0,68.58200000000001,4.833333333333333
2020-04-24 00:00:00+00:00,calibration,faceShields,Equal allocation,don339,rec1659,50.0,237.9225,4.833333333333333
2020-04-24 00:00:00+00:00,calibration,faceShields,Equal allocation,don349,rec1113,100.0,122.0285,4.833333333333333
2020-04-24 00:00:00+00:00,calibration,faceShields,Equal allocation,don363,rec2125,100.0,5.1795,4.833333333333333
2020-04-24 00:00:00+00:00,calibration,faceShields,Equal allocation,don366,rec1519,1000.0,5.1795,4.833333333333333
2020-04-24 00:00:00+00:00,calibration,faceShields,Equal allocation,don367,rec1584,50.0,14.096,4.833333333333333
2020-04-24 00:00:00+00:00,calibration,faceShields,Equal allocation,don368,rec1113,400.0,122.0285,4.833333333333333
2020-04-24 00:00:00+00:00,calibration,faceShields,Equal allocation,don369,rec1243,30.0,5.1795,4.833333333333333
2020-04-24 00:00:00+00:00,calibration,faceShields,Equal allocation,don370,rec1111,500.0,21.963,4.833333333333333
2020-04-24 00:00:00+00:00,calibration,faceShields,Equal allocation,don378,rec2125,15.0,14.096,4.833333333333333
2020-04-24 00:00:00+00:00,calibration,faceShields,Equal allocation,don389,rec1390,200.0,5.1795,4.833333333333333
2020-04-24 00:00:00+00:00,calibration,faceShields,Equal allocation,don391,rec1519,40.0,5.1795,4.833333333333333
2020-04-24 00:00:00+00:00,calibration,faceShields,Equal allocation,don392,rec1520,50.0,5.1795,4.833333333333333
2020-04-24 00:00:00+00:00,calibration,faceShields,Equal allocation,don395,rec2303,30.0,14.096,4.833333333333333
2020-04-24 00:00:00+00:00,calibration,faceShields,Equal allocation,don407,rec1520,15.0,14.096,4.833333333333333
2020-04-24 00:00:00+00:00,calibration,faceShields,Equal allocation,don408,rec1333,50.0,14.096,4.833333333333333
2020-04-24 00:00:00+00:00,calibration,faceShields,Equal allocation,don409,rec1326,40.0,5.1795,4.833333333333333
2020-04-24 00:00:00+00:00,calibration,faceShields,Equal allocation,don410,rec2046,500.0,14.096,4.833333333333333
2020-04-24 00:00:00+00:00,calibration,faceShields,Equal allocation,don433,rec2294,20.0,5.1795,4.833333333333333
2020-04-24 00:00:00+00:00,calibration,faceShields,Equal allocation,don434,rec1111,100.0,5.1795,4.833333333333333
2020-04-24 00:00:00+00:00,calibration,faceShields,Equal allocation,don448,rec131,82.0,94.5685,4.833333333333333
2020-04-24 00:00:00+00:00,calibration,faceShields,Equal allocation,don449,rec1037,15.0,5.1795,4.833333333333333
2020-04-24 00:00:00+00:00,calibration,faceShields,Equal allocation,don450,rec1729,9.0,122.0285,4.833333333333333
2020-04-24 00:00:00+00:00,calibration,faceShields,Equal allocation,don451,rec1037,40.0,46.091,4.833333333333333
2020-04-24 00:00:00+00:00,calibration,faceShields,Equal allocation,don461,rec2788,200.0,436.4295,4.833333333333333
2020-04-24 00:00:00+00:00,calibration,faceShields,Equal allocation,don463,rec452,30.0,46.091,4.833333333333333
2020-04-24 00:00:00+00:00,calibration,faceShields,Equal allocation,don472,rec1443,14.0,21.963,4.833333333333333
2020-04-24 00:00:00+00:00,calibration,faceShields,Equal allocation,don484,rec2046,100.0,21.963,4.833333333333333
2020-04-24 00:00:00+00:00,calibration,faceShields,Equal allocation,don489,rec1113,30.0,151.1025,4.833333333333333
2020-04-24 00:00:00+00:00,calibration,faceShields,Equal allocation,don491,rec1111,50.0,5.1795,4.833333333333333
2020-04-24 00:00:00+00:00,calibration,faceShields,Equal allocation,don499,rec185,100.0,5.1795,4.833333333333333
2020-04-24 00:00:00+00:00,calibration,faceShields,Equal allocation,don501,rec0,100.0,5.1795,4.833333333333333
2020-04-24 00:00:00+00:00,calibration,faceShields,Equal allocation,don512,rec1729,500.0,94.5685,4.833333333333333
2020-04-24 00:00:00+00:00,calibration,faceShields,Equal allocation,don513,rec1968,100.0,122.0285,4.833333333333333
2020-04-24 00:00:00+00:00,calibration,faceShields,Equal allocation,don514,rec2788,1500.0,436.4295,4.833333333333333
2020-04-24 00:00:00+00:00,calibration,faceShields,Equal allocation,don516,rec1435,20.0,21.963,4.833333333333333
2020-04-24 00:00:00+00:00,calibration,faceShields,Equal allocation,don536,rec2445,500.0,151.1025,4.833333333333333
2020-04-24 00:00:00+00:00,calibration,faceShields,Equal allocation,don547,rec2303,25.0,5.1795,4.833333333333333
2020-04-24 00:00:00+00:00,calibration,faceShields,Equal allocation,don566,rec1584,25.0,31.625,4.833333333333333
2020-04-24 00:00:00+00:00,calibration,faceShields,Equal allocation,don578,rec2428,5.0,68.58200000000001,4.833333333333333
2020-04-24 00:00:00+00:00,calibration,faceShields,Equal allocation,don583,rec1435,100.0,21.963,4.833333333333333
2020-04-24 00:00:00+00:00,calibration,faceShields,Equal allocation,don587,rec1625,50.0,14.096,4.833333333333333
2020-04-24 00:00:00+00:00,calibration,faceShields,Equal allocation,don602,rec2125,100.0,5.1795,4.833333333333333
2020-04-24 00:00:00+00:00,calibration,faceShields,Equal allocation,don603,rec1113,35.0,151.1025,4.833333333333333
2020-04-24 00:00:00+00:00,calibration,faceShields,Equal allocation,don604,rec2303,50.0,5.1795,4.833333333333333
2020-04-24 00:00:00+00:00,calibration,faceShields,Equal allocation,don605,rec1037,15.0,5.1795,4.833333333333333
2020-04-24 00:00:00+00:00,calibration,faceShields,Equal allocation,don653,rec1457,20.0,5.1795,4.833333333333333
2020-04-24 00:00:00+00:00,calibration,faceShields,Equal allocation,don666,rec2046,10.0,14.096,4.833333333333333
2020-04-24 00:00:00+00:00,calibration,faceShields,Equal allocation,don667,rec1659,40.0,237.9225,4.833333333333333
2020-04-24 00:00:00+00:00,calibration,faceShields,Equal allocation,don668,rec1679,7.0,68.58200000000001,4.833333333333333
2020-04-24 00:00:00+00:00,calibration,faceShields,Equal allocation,don669,rec131,30.0,94.5685,4.833333333333333
2020-04-24 00:00:00+00:00,calibration,faceShields,Equal allocation,don670,rec2125,50.0,5.1795,4.833333333333333
2020-04-24 00:00:00+00:00,calibration,faceShields,Equal allocation,don680,rec1584,70.0,21.963,4.833333333333333
2020-04-24 00:00:00+00:00,calibration,faceShields,Equal allocation,don681,rec678,70.0,14.096,4.833333333333333
2020-04-24 00:00:00+00:00,calibration,faceShields,Equal allocation,don685,rec131,300.0,175.261,4.833333333333333
2020-04-24 00:00:00+00:00,calibration,faceShields,Equal allocation,don705,rec1037,200.0,5.1795,4.833333333333333
2020-04-24 00:00:00+00:00,calibration,faceShields,Equal allocation,don706,rec0,1.0,5.1795,4.833333333333333
2020-04-24 00:00:00+00:00,calibration,faceShields,Equal allocation,don707,rec678,500.0,21.963,4.833333333333333
2020-04-24 00:00:00+00:00,calibration,faceShields,Equal allocation,don712,rec2445,1000.0,46.091,4.833333333333333
2020-04-24 00:00:00+00:00,calibration,faceShields,Equal allocation,don713,rec1506,22.0,5.1795,4.833333333333333
2020-04-24 00:00:00+00:00,calibration,faceShields,Equal allocation,don718,rec1226,5.0,5.1795,4.833333333333333
2020-04-24 00:00:00+00:00,calibration,faceShields,Equal allocation,don720,rec1659,10.0,46.091,4.833333333333333
2020-04-24 00:00:00+00:00,calibration,faceShields,Equal allocation,don736,rec2222,1100.0,5.1795,4.833333333333333
2020-04-24 00:00:00+00:00,calibration,faceShields,Equal allocation,don745,rec1113,10.0,175.261,4.833333333333333
2020-04-24 00:00:00+00:00,calibration,faceShields,Equal allocation,don748,rec1520,50.0,5.1795,4.833333333333333
2020-04-24 00:00:00+00:00,calibration,faceShields,Equal allocation,don754,rec2733,500.0,122.0285,4.833333333333333
2020-04-24 00:00:00+00:00,calibration,faceShields,Equal allocation,don756,rec2184,25.0,14.096,4.833333333333333
2020-04-24 00:00:00+00:00,calibration,faceShields,Equal allocation,don757,rec2303,1.0,14.096,4.833333333333333
2020-04-24 00:00:00+00:00,calibration,faceShields,Equal allocation,don758,rec1111,50.0,5.1795,4.833333333333333
2020-04-24 00:00:00+00:00,calibration,faceShields,Equal allocation,don764,rec1584,1000.0,31.625,4.833333333333333
2020-04-24 00:00:00+00:00,calibration,faceShields,Equal allocation,don774,rec1659,10.0,237.9225,4.833333333333333
2020-04-24 00:00:00+00:00,calibration,faceShields,Equal allocation,don79,rec2125,400.0,349.019,4.833333333333333
2020-04-24 00:00:00+00:00,calibration,faceShields,Equal allocation,don80,rec1523,100.0,31.625,4.833333333333333
2020-04-24 00:00:00+00:00,calibration,faceShields,Equal allocation,don787,rec1326,130.0,46.091,4.120138888888889
2020-04-24 00:00:00+00:00,calibration,faceShields,Equal allocation,don791,rec2428,10.0,122.0285,4.106944444444444
2020-04-24 00:00:00+00:00,calibration,faceShields,Equal allocation,don792,rec1801,18.0,5.1795,3.9680555555555554
2020-04-24 00:00:00+00:00,calibration,faceShields,Equal allocation,don804,rec1111,30.0,14.096,3.1822800925925927
2020-04-24 00:00:00+00:00,calibration,faceShields,Equal allocation,don810,rec1111,15.0,5.1795,3.1121875
2020-04-24 00:00:00+00:00,calibration,faceShields,Equal allocation,don818,rec1528,300.0,68.58200000000001,2.684375
2020-04-24 00:00:00+00:00,calibration,faceShields,Equal allocation,don838,rec1052,6.0,366.0375,2.230891203703704
2020-04-24 00:00:00+00:00,calibration,faceShields,Equal allocation,don844,rec1519,70.0,14.096,2.1476273148148146
2020-04-24 00:00:00+00:00,calibration,faceShields,Equal allocation,don849,rec131,80.0,68.58200000000001,1.954224537037037
2020-04-24 00:00:00+00:00,calibration,faceShields,Equal allocation,don854,rec2046,1000.0,14.096,1.6799768518518519
2020-04-24 00:00:00+00:00,calibration,faceShields,Equal allocation,don855,rec131,67.0,237.9225,1.4203472222222222
2020-04-24 00:00:00+00:00,calibration,faceShields,Equal allocation,don858,rec1333,200.0,14.096,1.327037037037037
2020-04-24 00:00:00+00:00,calibration,faceShields,Equal allocation,don871,rec253,40.0,68.58200000000001,1.0721643518518518
2020-04-24 00:00:00+00:00,calibration,faceShields,Equal allocation,don879,rec185,70.0,5.1795,0.9708449074074074
2020-04-24 00:00:00+00:00,calibration,faceShields,Equal allocation,don880,rec1037,60.0,5.1795,0.9651620370370371
2020-04-24 00:00:00+00:00,calibration,faceShields,Equal allocation,don891,rec1226,10.0,214.4355,0.40152777777777776
2020-04-24 00:00:00+00:00,calibration,faceShields,Equal allocation,don892,rec452,200.0,5.1795,0.39244212962962965
2020-04-24 00:00:00+00:00,calibration,faceShields,Equal allocation,don899,rec2788,50.0,436.4295,0.2446412037037037
2020-04-24 00:00:00+00:00,calibration,faceShields,Equal allocation,don901,rec2788,50.0,436.4295,0.2254050925925926
2020-04-24 00:00:00+00:00,calibration,faceShields,Equal allocation,don910,rec1111,20.0,5.1795,0.01957175925925926
2020-04-24 00:00:00+00:00,calibration,gowns,Equal allocation,don178,rec1488,500.0,5.1795,4.833333333333333
2020-04-24 00:00:00+00:00,calibration,gowns,Equal allocation,don179,rec621,8.0,14.096,4.833333333333333
2020-04-24 00:00:00+00:00,calibration,gowns,Equal allocation,don247,rec1150,400.0,14.096,4.833333333333333
2020-04-24 00:00:00+00:00,calibration,gowns,Equal allocation,don254,rec1516,1.0,94.5685,4.833333333333333
2020-04-24 00:00:00+00:00,calibration,gowns,Equal allocation,don255,rec256,100.0,295.1365,4.833333333333333
2020-04-24 00:00:00+00:00,calibration,gowns,Equal allocation,don303,rec2035,50.0,31.625,4.833333333333333
2020-04-24 00:00:00+00:00,calibration,gowns,Equal allocation,don304,rec1333,9.0,5.1795,4.833333333333333
2020-04-24 00:00:00+00:00,calibration,gowns,Equal allocation,don328,rec1274,40.0,5.1795,4.833333333333333
2020-04-24 00:00:00+00:00,calibration,gowns,Equal allocation,don342,rec185,500.0,151.1025,4.833333333333333
2020-04-24 00:00:00+00:00,calibration,gowns,Equal allocation,don343,rec1226,500.0,14.096,4.833333333333333
2020-04-24 00:00:00+00:00,calibration,gowns,Equal allocation,don431,rec2046,100.0,151.1025,4.833333333333333
2020-04-24 00:00:00+00:00,calibration,gowns,Equal allocation,don459,rec1982,150.0,5.1795,4.833333333333333
2020-04-24 00:00:00+00:00,calibration,gowns,Equal allocation,don578,rec2428,50.0,68.58200000000001,4.833333333333333
2020-04-24 00:00:00+00:00,calibration,gowns,Equal allocation,don581,rec1332,1.0,5.1795,4.833333333333333
2020-04-24 00:00:00+00:00,calibration,gowns,Equal allocation,don588,rec2316,49.0,5.1795,4.833333333333333
2020-04-24 00:00:00+00:00,calibration,gowns,Equal allocation,don605,rec1596,3.0,5.1795,4.833333333333333
2020-04-24 00:00:00+00:00,calibration,gowns,Equal allocation,don620,rec1113,10.0,151.1025,4.833333333333333
2020-04-24 00:00:00+00:00,calibration,gowns,Equal allocation,don691,rec1457,100.0,5.1795,4.833333333333333
2020-04-24 00:00:00+00:00,calibration,gowns,Equal allocation,don717,rec2184,10.0,31.625,4.833333333333333
2020-04-24 00:00:00+00:00,calibration,gowns,Equal allocation,don745,rec1113,200.0,175.261,4.833333333333333
2020-04-24 00:00:00+00:00,calibration,gowns,Equal allocation,don756,rec2184,75.0,14.096,4.833333333333333
2020-04-24 00:00:00+00:00,calibration,gowns,Equal allocation,don760,rec1435,4.0,14.096,4.833333333333333
2020-04-24 00:00:00+00:00,calibration,gowns,Equal allocation,don781,rec1792,150.0,31.625,4.418055555555555
2020-05-01 00:00:00+00:00,calibration,respirators,Equal allocation,don919,rec2859,100.0,267.284,6.89494212962963
2020-05-01 00:00:00+00:00,calibration,respirators,Equal allocation,don927,rec1524,10.0,5.1795,6.401087962962963
2020-05-01 00:00:00+00:00,calibration,respirators,Equal allocation,don940,rec1111,60.0,5.1795,6.1827199074074075
2020-05-01 00:00:00+00:00,calibration,respirators,Equal allocation,don943,rec1349,5.0,94.5685,6.156539351851852
2020-05-01 00:00:00+00:00,calibration,respirators,Equal allocation,don953,rec2363,50.0,151.1025,6.040023148148149
2020-05-01 00:00:00+00:00,calibration,respirators,Equal allocation,don955,rec1050,10.0,94.5685,5.990358796296296
2020-05-01 00:00:00+00:00,calibration,respirators,Equal allocation,don967,rec1050,250.0,5.1795,5.197708333333333
2020-05-01 00:00:00+00:00,calibration,respirators,Equal allocation,don970,rec14,50.0,5.1795,5.129675925925926
2020-05-01 00:00:00+00:00,calibration,respirators,Equal allocation,don973,rec3402,480.0,14.096,5.03875
2020-05-01 00:00:00+00:00,calibration,respirators,Equal allocation,don979,rec2932,15.0,5.1795,4.84599537037037
2020-05-01 00:00:00+00:00,calibration,respirators,Equal allocation,don983,rec2294,10.0,5.1795,4.408935185185185
2020-05-01 00:00:00+00:00,calibration,respirators,Equal allocation,don986,rec1313,10.0,5.1795,4.356006944444444
2020-05-01 00:00:00+00:00,calibration,respirators,Equal allocation,don989,rec1349,400.0,5.1795,4.341284722222222
2020-05-01 00:00:00+00:00,calibration,respirators,Equal allocation,don990,rec1022,1.0,5.1795,4.3397800925925925
2020-05-01 00:00:00+00:00,calibration,respirators,Equal allocation,don993,rec1352,2.0,175.261,4.2505092592592595
2020-05-01 00:00:00+00:00,calibration,respirators,Equal allocation,don998,rec1111,150.0,5.1795,4.179965277777778
2020-05-01 00:00:00+00:00,calibration,respirators,Equal allocation,don1001,rec582,10.0,5.1795,4.149583333333333
2020-05-01 00:00:00+00:00,calibration,respirators,Equal allocation,don1014,rec313,300.0,68.58200000000001,3.420798611111111
2020-05-01 00:00:00+00:00,calibration,respirators,Equal allocation,don1016,rec2940,16.0,46.091,3.368726851851852
2020-05-01 00:00:00+00:00,calibration,respirators,Equal allocation,don1020,rec1679,30.0,68.58200000000001,3.321597222222222
2020-05-01 00:00:00+00:00,calibration,respirators,Equal allocation,don1022,rec2222,12.0,31.625,3.3034606481481483
2020-05-01 00:00:00+00:00,calibration,respirators,Equal allocation,don1023,rec1443,1000.0,5.1795,3.2814236111111112
2020-05-01 00:00:00+00:00,calibration,respirators,Equal allocation,don1024,rec2515,60.0,68.58200000000001,3.2427430555555556
2020-05-01 00:00:00+00:00,calibration,respirators,Equal allocation,don1028,rec1050,120.0,5.1795,3.207476851851852
2020-05-01 00:00:00+00:00,calibration,respirators,Equal allocation,don1030,rec2363,50.0,151.1025,3.205914351851852
2020-05-01 00:00:00+00:00,calibration,respirators,Equal allocation,don1032,rec2363,50.0,151.1025,3.205914351851852
2020-05-01 00:00:00+00:00,calibration,respirators,Equal allocation,don1036,rec1050,260.0,5.1795,3.19318287037037
2020-05-01 00:00:00+00:00,calibration,respirators,Equal allocation,don1051,rec872,100.0,14.096,2.899421296296296
2020-05-01 00:00:00+00:00,calibration,respirators,Equal allocation,don1066,rec2222,4.0,14.096,2.387164351851852
2020-05-01 00:00:00+00:00,calibration,respirators,Equal allocation,don1071,rec582,150.0,5.1795,2.2934259259259258
2020-05-01 00:00:00+00:00,calibration,respirators,Equal allocation,don1072,rec1111,750.0,5.1795,2.281689814814815
2020-05-01 00:00:00+00:00,calibration,respirators,Equal allocation,don1083,rec1400,21.0,68.58200000000001,2.2072800925925926
2020-05-01 00:00:00+00:00,calibration,respirators,Equal allocation,don1084,rec1379,1.0,14.096,2.1980208333333335
2020-05-01 00:00:00+00:00,calibration,respirators,Equal allocation,don1085,rec526,2.0,5.1795,2.177337962962963
2020-05-01 00:00:00+00:00,calibration,respirators,Equal allocation,don1100,rec1679,1.0,21.963,2.032233796296296
2020-05-01 00:00:00+00:00,calibration,respirators,Equal allocation,don1102,rec946,5.0,21.963,2.0016782407407407
2020-05-01 00:00:00+00:00,calibration,respirators,Equal allocation,don1104,rec946,5.0,21.963,1.9846064814814814
2020-05-01 00:00:00+00:00,calibration,respirators,Equal allocation,don1113,rec87,200.0,68.58200000000001,1.307025462962963
2020-05-01 00:00:00+00:00,calibration,respirators,Equal allocation,don1114,rec1679,40.0,46.091,1.2885185185185186
2020-05-01 00:00:00+00:00,calibration,respirators,Equal allocation,don1115,rec1679,40.0,46.091,1.2885185185185186
2020-05-01 00:00:00+00:00,calibration,respirators,Equal allocation,don1132,rec683,20.0,175.261,0.950474537037037
2020-05-01 00:00:00+00:00,calibration,respirators,Equal allocation,don1149,rec1360,10.0,14.096,0.14726851851851852
2020-05-01 00:00:00+00:00,calibration,surgicalMasks,Equal allocation,don919,rec1657,90.0,14.096,6.89494212962963
2020-05-01 00:00:00+00:00,calibration,surgicalMasks,Equal allocation,don921,rec2269,4.0,5.1795,6.8941435185185185
2020-05-01 00:00:00+00:00,calibration,surgicalMasks,Equal allocation,don927,rec2451,100.0,5.1795,6.401087962962963
2020-05-01 00:00:00+00:00,calibration,surgicalMasks,Equal allocation,don939,rec2931,100.0,94.5685,6.182928240740741
2020-05-01 00:00:00+00:00,calibration,surgicalMasks,Equal allocation,don944,rec2449,10.0,151.1025,6.153645833333333
2020-05-01 00:00:00+00:00,calibration,surgicalMasks,Equal allocation,don945,rec2449,10.0,151.1025,6.153645833333333
2020-05-01 00:00:00+00:00,calibration,surgicalMasks,Equal allocation,don947,rec2747,1000.0,14.096,6.112951388888889
2020-05-01 00:00:00+00:00,calibration,surgicalMasks,Equal allocation,don948,rec3402,1000.0,5.1795,6.107893518518519
2020-05-01 00:00:00+00:00,calibration,surgicalMasks,Equal allocation,don950,rec3206,70.0,408.943,6.050243055555556
2020-05-01 00:00:00+00:00,calibration,surgicalMasks,Equal allocation,don959,rec2451,95.0,5.1795,5.387337962962963
2020-05-01 00:00:00+00:00,calibration,surgicalMasks,Equal allocation,don960,rec2397,500.0,14.096,5.381759259259259
2020-05-01 00:00:00+00:00,calibration,surgicalMasks,Equal allocation,don962,rec2397,500.0,14.096,5.3425
2020-05-01 00:00:00+00:00,calibration,surgicalMasks,Equal allocation,don964,rec3402,50.0,5.1795,5.258969907407407
2020-05-01 00:00:00+00:00,calibration,surgicalMasks,Equal allocation,don965,rec2035,200.0,194.979,5.230381944444445
2020-05-01 00:00:00+00:00,calibration,surgicalMasks,Equal allocation,don979,rec2269,75.0,5.1795,4.84599537037037
2020-05-01 00:00:00+00:00,calibration,surgicalMasks,Equal allocation,don982,rec2451,300.0,5.1795,4.79505787037037
2020-05-01 00:00:00+00:00,calibration,surgicalMasks,Equal allocation,don986,rec1271,88.0,5.1795,4.356006944444444
2020-05-01 00:00:00+00:00,calibration,surgicalMasks,Equal allocation,don989,rec3126,150.0,14.096,4.341284722222222
2020-05-01 00:00:00+00:00,calibration,surgicalMasks,Equal allocation,don993,rec2931,49.0,94.5685,4.2505092592592595
2020-05-01 00:00:00+00:00,calibration,surgicalMasks,Equal allocation,don994,rec1050,20.0,5.1795,4.236168981481481
2020-05-01 00:00:00+00:00,calibration,surgicalMasks,Equal allocation,don998,rec2451,100.0,5.1795,4.179965277777778
2020-05-01 00:00:00+00:00,calibration,surgicalMasks,Equal allocation,don1001,rec185,60.0,14.096,4.149583333333333
2020-05-01 00:00:00+00:00,calibration,surgicalMasks,Equal allocation,don1009,rec2449,50.0,151.1025,3.944236111111111
2020-05-01 00:00:00+00:00,calibration,surgicalMasks,Equal allocation,don1010,rec2397,60.0,94.5685,3.8909606481481482
2020-05-01 00:00:00+00:00,calibration,surgicalMasks,Equal allocation,don1021,rec1657,90.0,5.1795,3.3188310185185186
2020-05-01 00:00:00+00:00,calibration,surgicalMasks,Equal allocation,don1025,rec2449,50.0,151.1025,3.2413773148148146
2020-05-01 00:00:00+00:00,calibration,surgicalMasks,Equal allocation,don1027,rec1553,70.0,68.58200000000001,3.2114930555555556
2020-05-01 00:00:00+00:00,calibration,surgicalMasks,Equal allocation,don1036,rec1050,400.0,5.1795,3.19318287037037
2020-05-01 00:00:00+00:00,calibration,surgicalMasks,Equal allocation,don1043,rec185,100.0,5.1795,3.1288657407407405
2020-05-01 00:00:00+00:00,calibration,surgicalMasks,Equal allocation,don1044,rec571,40.0,5.1795,3.1230671296296295
2020-05-01 00:00:00+00:00,calibration,surgicalMasks,Equal allocation,don1045,rec3289,50.0,5.1795,3.0769212962962964
2020-05-01 00:00:00+00:00,calibration,surgicalMasks,Equal allocation,don1050,rec185,950.0,14.096,2.9646875
2020-05-01 00:00:00+00:00,calibration,surgicalMasks,Equal allocation,don1065,rec1171,28.0,31.625,2.3953935185185187
2020-05-01 00:00:00+00:00,calibration,surgicalMasks,Equal allocation,don1086,rec1360,40.0,5.1795,2.1383680555555555
2020-05-01 00:00:00+00:00,calibration,surgicalMasks,Equal allocation,don1088,rec2543,2.0,14.096,2.125474537037037
2020-05-01 00:00:00+00:00,calibration,surgicalMasks,Equal allocation,don1091,rec2269,50.0,31.625,2.1184606481481483
2020-05-01 00:00:00+00:00,calibration,surgicalMasks,Equal allocation,don1092,rec1050,30.0,5.1795,2.118425925925926
2020-05-01 00:00:00+00:00,calibration,surgicalMasks,Equal allocation,don1096,rec1553,1000.0,14.096,2.087523148148148
2020-05-01 00:00:00+00:00,calibration,surgicalMasks,Equal allocation,don1105,rec2043,1000.0,21.963,1.9441435185185185
2020-05-01 00:00:00+00:00,calibration,surgicalMasks,Equal allocation,don1106,rec2451,50.0,5.1795,1.8982291666666666
2020-05-01 00:00:00+00:00,calibration,surgicalMasks,Equal allocation,don1108,rec1052,150.0,408.943,1.8467592592592592
2020-05-01 00:00:00+00:00,calibration,surgicalMasks,Equal allocation,don1125,rec1050,200.0,5.1795,1.086238425925926
2020-05-01 00:00:00+00:00,calibration,surgicalMasks,Equal allocation,don1132,rec2397,50.0,237.9225,0.950474537037037
2020-05-01 00:00:00+00:00,calibration,surgicalMasks,Equal allocation,don1136,rec1657,100.0,5.1795,0.8791087962962963
2020-05-01 00:00:00+00:00,calibration,surgicalMasks,Equal allocation,don1146,rec3402,40.0,5.1795,0.19282407407407406
2020-05-01 00:00:00+00:00,calibration,faceShields,Equal allocation,don915,rec395,1000.0,5.1795,6.922523148148148
2020-05-01 00:00:00+00:00,calibration,faceShields,Equal allocation,don933,rec1177,200.0,5.1795,6.263819444444445
2020-05-01 00:00:00+00:00,calibration,faceShields,Equal allocation,don934,rec1313,100.0,5.1795,6.252986111111111
2020-05-01 00:00:00+00:00,calibration,faceShields,Equal allocation,don951,rec1436,60.0,5.1795,6.044953703703704
2020-05-01 00:00:00+00:00,calibration,faceShields,Equal allocation,don961,rec1471,40.0,31.625,5.372627314814815
2020-05-01 00:00:00+00:00,calibration,faceShields,Equal allocation,don972,rec1052,50.0,68.58200000000001,5.090381944444444
2020-05-01 00:00:00+00:00,calibration,faceShields,Equal allocation,don981,rec1050,1.0,5.1795,4.830150462962963
2020-05-01 00:00:00+00:00,calibration,faceShields,Equal allocation,don989,rec1273,180.0,5.1795,4.341284722222222
2020-05-01 00:00:00+00:00,calibration,faceShields,Equal allocation,don999,rec3355,500.0,151.1025,4.165543981481481
2020-05-01 00:00:00+00:00,calibration,faceShields,Equal allocation,don1005,rec2087,350.0,46.091,3.976122685185185
2020-05-01 00:00:00+00:00,calibration,faceShields,Equal allocation,don1006,rec2087,350.0,46.091,3.976122685185185
2020-05-01 00:00:00+00:00,calibration,faceShields,Equal allocation,don1007,rec1012,1000.0,5.1795,3.9605671296296294
2020-05-01 00:00:00+00:00,calibration,faceShields,Equal allocation,don1015,rec1372,100.0,5.1795,3.4019097222222223
2020-05-01 00:00:00+00:00,calibration,faceShields,Equal allocation,don1018,rec3037,100.0,500.0335,3.33375
2020-05-01 00:00:00+00:00,calibration,faceShields,Equal allocation,don1037,rec3037,1.0,500.0335,3.187824074074074
2020-05-01 00:00:00+00:00,calibration,faceShields,Equal allocation,don1046,rec872,10.0,5.1795,3.0667824074074073
2020-05-01 00:00:00+00:00,calibration,faceShields,Equal allocation,don1047,rec2352,50.0,14.096,3.0573958333333335
2020-05-01 00:00:00+00:00,calibration,faceShields,Equal allocation,don1048,rec1471,40.0,31.625,3.0341087962962963
2020-05-01 00:00:00+00:00,calibration,faceShields,Equal allocation,don1058,rec1030,2.0,5.1795,2.8265625
2020-05-01 00:00:00+00:00,calibration,faceShields,Equal allocation,don1069,rec3037,100.0,500.0335,2.333090277777778
2020-05-01 00:00:00+00:00,calibration,faceShields,Equal allocation,don1082,rec14,1000.0,5.1795,2.237696759259259
2020-05-01 00:00:00+00:00,calibration,faceShields,Equal allocation,don1099,rec1514,80.0,21.963,2.0341435185185186
2020-05-01 00:00:00+00:00,calibration,faceShields,Equal allocation,don1110,rec1050,130.0,5.1795,1.6012962962962962
2020-05-01 00:00:00+00:00,calibration,faceShields,Equal allocation,don1116,rec3093,625.0,5.1795,1.2833796296296296
2020-05-01 00:00:00+00:00,calibration,faceShields,Equal allocation,don1121,rec1273,50.0,5.1795,1.154375
2020-05-01 00:00:00+00:00,calibration,faceShields,Equal allocation,don1123,rec683,550.0,68.58200000000001,1.142824074074074
2020-05-01 00:00:00+00:00,calibration,faceShields,Equal allocation,don1133,rec3065,1000.0,5.1795,0.9136921296296296
2020-05-01 00:00:00+00:00,calibration,faceShields,Equal allocation,don1140,rec2022,200.0,5.1795,0.38787037037037037
2020-05-01 00:00:00+00:00,calibration,faceShields,Equal allocation,don1141,rec2022,200.0,5.1795,0.38787037037037037
2020-05-01 00:00:00+00:00,calibration,faceShields,Equal allocation,don1144,rec1372,50.0,5.1795,0.2129513888888889
2020-05-01 00:00:00+00:00,calibration,gowns,Equal allocation,don921,rec2269,1.0,5.1795,6.8941435185185185
2020-05-01 00:00:00+00:00,calibration,gowns,Equal allocation,don1054,rec1625,1.0,68.58200000000001,2.8837384259259258
2020-05-01 00:00:00+00:00,calibration,gowns,Equal allocation,don1058,rec1360,2.0,5.1795,2.8265625
2020-05-01 00:00:00+00:00,calibration,gowns,Equal allocation,don1079,rec1523,600.0,46.091,2.264710648148148
2020-05-01 00:00:00+00:00,calibration,gowns,Equal allocation,don1138,rec1625,30.0,5.1795,0.5157060185185185
2020-05-08 00:00:00+00:00,calibration,respirators,Equal allocation,don1180,rec683,300.0,68.58200000000001,6.316979166666667
2020-05-08 00:00:00+00:00,calibration,respirators,Equal allocation,don1184,rec1347,5.0,5.1795,6.307650462962963
2020-05-08 00:00:00+00:00,calibration,respirators,Equal allocation,don1196,rec635,800.0,151.1025,6.014664351851851
2020-05-08 00:00:00+00:00,calibration,respirators,Equal allocation,don1208,rec3140,30.0,5.1795,5.356030092592593
2020-05-08 00:00:00+00:00,calibration,respirators,Equal allocation,don1215,rec1844,9.0,5.1795,5.283819444444444
2020-05-08 00:00:00+00:00,calibration,respirators,Equal allocation,don1230,rec1488,2.0,5.1795,4.322048611111111
2020-05-08 00:00:00+00:00,calibration,respirators,Equal allocation,don1237,rec1844,50.0,46.091,4.185497685185185
2020-05-08 00:00:00+00:00,calibration,respirators,Equal allocation,don1238,rec1488,500.0,21.963,4.173240740740741
2020-05-08 00:00:00+00:00,calibration,respirators,Equal allocation,don1239,rec1362,200.0,5.1795,4.170925925925926
2020-05-08 00:00:00+00:00,calibration,respirators,Equal allocation,don1244,rec1513,150.0,21.963,4.005613425925926
2020-05-08 00:00:00+00:00,calibration,respirators,Equal allocation,don1254,rec881,200.0,5.1795,3.2018287037037036
2020-05-08 00:00:00+00:00,calibration,respirators,Equal allocation,don1263,rec1048,250.0,5.1795,3.0623958333333334
2020-05-08 00:00:00+00:00,calibration,respirators,Equal allocation,don1274,rec1362,50.0,5.1795,2.2183217592592595
2020-05-08 00:00:00+00:00,calibration,surgicalMasks,Equal allocation,don1156,rec2096,50.0,122.0285,6.9695833333333335
2020-05-08 00:00:00+00:00,calibration,surgicalMasks,Equal allocation,don1178,rec3288,100.0,366.0375,6.336377314814815
2020-05-08 00:00:00+00:00,calibration,surgicalMasks,Equal allocation,don1180,rec1093,300.0,333.27,6.316979166666667
2020-05-08 00:00:00+00:00,calibration,surgicalMasks,Equal allocation,don1187,rec3176,50.0,5.1795,6.276550925925926
2020-05-08 00:00:00+00:00,calibration,surgicalMasks,Equal allocation,don1191,rec2288,50.0,5.1795,6.150486111111111
2020-05-08 00:00:00+00:00,calibration,surgicalMasks,Equal allocation,don1193,rec3288,9.0,366.0375,6.08130787037037
2020-05-08 00:00:00+00:00,calibration,surgicalMasks,Equal allocation,don1203,rec1594,112.0,5.1795,5.370613425925926
2020-05-08 00:00:00+00:00,calibration,surgicalMasks,Equal allocation,don1208,rec3288,130.0,349.019,5.356030092592593
2020-05-08 00:00:00+00:00,calibration,surgicalMasks,Equal allocation,don1209,rec2096,40.0,31.625,5.348831018518519
2020-05-08 00:00:00+00:00,calibration,surgicalMasks,Equal allocation,don1215,rec2543,9.0,5.1795,5.283819444444444
2020-05-08 00:00:00+00:00,calibration,surgicalMasks,Equal allocation,don1217,rec3176,10.0,21.963,5.240810185185185
2020-05-08 00:00:00+00:00,calibration,surgicalMasks,Equal allocation,don1228,rec186,15.0,14.096,4.3809375
2020-05-08 00:00:00+00:00,calibration,surgicalMasks,Equal allocation,don1229,rec1688,50.0,21.963,4.330092592592592
2020-05-08 00:00:00+00:00,calibration,surgicalMasks,Equal allocation,don1244,rec1513,100.0,21.963,4.005613425925926
2020-05-08 00:00:00+00:00,calibration,surgicalMasks,Equal allocation,don1246,rec186,4.0,5.1795,3.9541898148148147
2020-05-08 00:00:00+00:00,calibration,surgicalMasks,Equal allocation,don1251,rec1400,50.0,94.5685,3.834247685185185
2020-05-08 00:00:00+00:00,calibration,surgicalMasks,Equal allocation,don1267,rec31,350.0,14.096,3.0500578703703702
2020-05-08 00:00:00+00:00,calibration,surgicalMasks,Equal allocation,don1271,rec1679,950.0,5.1795,2.458391203703704
2020-05-08 00:00:00+00:00,calibration,surgicalMasks,Equal allocation,don1274,rec1332,100.0,5.1795,2.2183217592592595
2020-05-08 00:00:00+00:00,calibration,surgicalMasks,Equal allocation,don1275,rec2543,200.0,5.1795,2.1790625
2020-05-08 00:00:00+00:00,calibration,surgicalMasks,Equal allocation,don1279,rec1400,50.0,14.096,2.0114699074074074
2020-05-08 00:00:00+00:00,calibration,surgicalMasks,Equal allocation,don1285,rec2543,6.0,5.1795,1.3581828703703704
2020-05-08 00:00:00+00:00,calibration,surgicalMasks,Equal allocation,don1288,rec1159,40.0,31.625,1.0986226851851852
2020-05-08 00:00:00+00:00,calibration,surgicalMasks,Equal allocation,don1289,rec1488,500.0,14.096,0.9982060185185185
2020-05-08 00:00:00+00:00,calibration,surgicalMasks,Equal allocation,don1303,rec2543,100.0,21.963,0.18952546296296297
2020-05-08 00:00:00+00:00,calibration,surgicalMasks,Equal allocation,don1304,rec3123,100.0,94.5685,0.1675462962962963
2020-05-08 00:00:00+00:00,calibration,faceShields,Equal allocation,don1158,rec1038,50.0,5.1795,6.932488425925926
2020-05-08 00:00:00+00:00,calibration,faceShields,Equal allocation,don1185,rec3402,9.0,5.1795,6.306979166666666
2020-05-08 00:00:00+00:00,calibration,faceShields,Equal allocation,don1202,rec89,500.0,5.1795,5.660590277777778
2020-05-08 00:00:00+00:00,calibration,faceShields,Equal allocation,don1205,rec3037,1.0,151.1025,5.363877314814815
2020-05-08 00:00:00+00:00,calibration,faceShields,Equal allocation,don1217,rec89,1.0,5.1795,5.240810185185185
2020-05-08 00:00:00+00:00,calibration,faceShields,Equal allocation,don1218,rec2662,30.0,5.1795,5.234305555555555
2020-05-08 00:00:00+00:00,calibration,faceShields,Equal allocation,don1219,rec2662,40.0,5.1795,5.232916666666667
2020-05-08 00:00:00+00:00,calibration,faceShields,Equal allocation,don1231,rec88,24.0,68.58200000000001,4.274444444444445
2020-05-08 00:00:00+00:00,calibration,faceShields,Equal allocation,don1248,rec12,2.0,214.4355,3.852152777777778
2020-05-08 00:00:00+00:00,calibration,faceShields,Equal allocation,don1253,rec1596,60.0,5.1795,3.2237037037037037
2020-05-08 00:00:00+00:00,calibration,faceShields,Equal allocation,don1268,rec3402,50.0,14.096,3.0485069444444446
2020-05-08 00:00:00+00:00,calibration,faceShields,Equal allocation,don1280,rec2768,250.0,94.5685,1.9061574074074075
2020-05-08 00:00:00+00:00,calibration,faceShields,Equal allocation,don1281,rec2776,68.0,31.625,1.8218981481481482
2020-05-08 00:00:00+00:00,calibration,gowns,Equal allocation,don1202,rec456,300.0,5.1795,5.660590277777778
2020-05-08 00:00:00+00:00,calibration,gowns,Equal allocation,don1251,rec1553,1.0,68.58200000000001,3.834247685185185
2020-05-15 00:00:00+00:00,calibration,respirators,Equal allocation,don1329,rec2294,600.0,14.096,2.9910763888888887
2020-05-15 00:00:00+00:00,calibration,respirators,Equal allocation,don1334,rec23,2.0,5.1795,2.4984375
2020-05-15 00:00:00+00:00,calibration,respirators,Equal allocation,don1345,rec2294,1.0,5.1795,2.2146296296296297
2020-05-15 00:00:00+00:00,calibration,respirators,Equal allocation,don1350,rec1594,50.0,14.096,2.1799537037037036
2020-05-15 00:00:00+00:00,calibration,respirators,Equal allocation,don1357,rec2202,5.0,5.1795,2.1108680555555557
2020-05-15 00:00:00+00:00,calibration,respirators,Equal allocation,don1358,rec1352,50.0,175.261,2.1100462962962965
2020-05-15 00:00:00+00:00,calibration,respirators,Equal allocation,don1360,rec2363,1.0,175.261,2.108738425925926
2020-05-15 00:00:00+00:00,calibration,respirators,Equal allocation,don1361,rec1515,5.0,5.1795,2.1078703703703705
2020-05-15 00:00:00+00:00,calibration,respirators,Equal allocation,don1362,rec1518,15.0,31.625,2.1067476851851854
2020-05-15 00:00:00+00:00,calibration,respirators,Equal allocation,don1364,rec2940,2.0,14.096,2.105474537037037
2020-05-15 00:00:00+00:00,calibration,respirators,Equal allocation,don1365,rec2940,50.0,46.091,2.104699074074074
2020-05-15 00:00:00+00:00,calibration,respirators,Equal allocation,don1368,rec2451,100.0,5.1795,1.9127662037037036
2020-05-15 00:00:00+00:00,calibration,respirators,Equal allocation,don1397,rec3037,20.0,46.091,0.9109837962962963
2020-05-15 00:00:00+00:00,calibration,respirators,Equal allocation,don1400,rec2294,22.0,5.1795,0.8483680555555555
2020-05-15 00:00:00+00:00,calibration,respirators,Equal allocation,don1401,rec2294,20.0,94.5685,0.5260648148148148
2020-05-15 00:00:00+00:00,calibration,respirators,Equal allocation,don1413,rec3037,20.0,46.091,0.26895833333333335
2020-05-15 00:00:00+00:00,calibration,surgicalMasks,Equal allocation,don1332,rec1625,50.0,14.096,2.8113657407407406
2020-05-15 00:00:00+00:00,calibration,surgicalMasks,Equal allocation,don1343,rec1331,600.0,46.091,2.3242939814814814
2020-05-15 00:00:00+00:00,calibration,surgicalMasks,Equal allocation,don1346,rec1119,50.0,5.1795,2.2116782407407407
2020-05-15 00:00:00+00:00,calibration,surgicalMasks,Equal allocation,don1378,rec1968,400.0,31.625,1.3721296296296297
2020-05-15 00:00:00+00:00,calibration,surgicalMasks,Equal allocation,don1388,rec1224,980.0,366.0375,1.126064814814815
2020-05-15 00:00:00+00:00,calibration,surgicalMasks,Equal allocation,don1395,rec1400,40.0,5.1795,0.9239583333333333
2020-05-15 00:00:00+00:00,calibration,surgicalMasks,Equal allocation,don1397,rec1460,140.0,46.091,0.9109837962962963
2020-05-15 00:00:00+00:00,calibration,surgicalMasks,Equal allocation,don1400,rec315,70.0,31.625,0.8483680555555555
2020-05-15 00:00:00+00:00,calibration,surgicalMasks,Equal allocation,don1405,rec1400,30.0,5.1795,0.3407986111111111
2020-05-15 00:00:00+00:00,calibration,surgicalMasks,Equal allocation,don1413,rec1460,120.0,46.091,0.26895833333333335
2020-05-15 00:00:00+00:00,calibration,surgicalMasks,Equal allocation,don1415,rec1171,160.0,46.091,0.1691087962962963
2020-05-15 00:00:00+00:00,calibration,faceShields,Equal allocation,don1309,rec1602,560.0,5.1795,6.14417824074074
2020-05-15 00:00:00+00:00,calibration,faceShields,Equal allocation,don1313,rec2551,20.0,31.625,5.130335648148148
2020-05-15 00:00:00+00:00,calibration,faceShields,Equal allocation,don1319,rec1524,500.0,5.1795,3.3868287037037037
2020-05-15 00:00:00+00:00,calibration,faceShields,Equal allocation,don1328,rec1481,1000.0,5.1795,3.083391203703704
2020-05-15 00:00:00+00:00,calibration,faceShields,Equal allocation,don1330,rec1360,900.0,21.963,2.8819444444444446
2020-05-15 00:00:00+00:00,calibration,faceShields,Equal allocation,don1335,rec3037,200.0,46.091,2.4657407407407406
2020-05-15 00:00:00+00:00,calibration,faceShields,Equal allocation,don1336,rec1518,300.0,31.625,2.420023148148148
2020-05-15 00:00:00+00:00,calibration,faceShields,Equal allocation,don1371,rec1524,20.0,5.1795,1.8474189814814814
2020-05-15 00:00:00+00:00,calibration,faceShields,Equal allocation,don1372,rec1186,200.0,21.963,1.7829398148148148
2020-05-15 00:00:00+00:00,calibration,faceShields,Equal allocation,don1373,rec1186,200.0,21.963,1.779988425925926
2020-05-15 00:00:00+00:00,calibration,faceShields,Equal allocation,don1376,rec1093,100.0,175.261,1.5102662037037038
2020-05-15 00:00:00+00:00,calibration,faceShields,Equal allocation,don1377,rec186,20.0,5.1795,1.3745717592592592
2020-05-15 00:00:00+00:00,calibration,faceShields,Equal allocation,don1382,rec1093,160.0,175.261,1.2781712962962963
2020-05-15 00:00:00+00:00,calibration,faceShields,Equal allocation,don1383,rec594,45.0,21.963,1.2716550925925927
2020-05-15 00:00:00+00:00,calibration,faceShields,Equal allocation,don1384,rec594,45.0,21.963,1.270011574074074
2020-05-15 00:00:00+00:00,calibration,faceShields,Equal allocation,don1403,rec1332,600.0,5.1795,0.395
2020-05-15 00:00:00+00:00,calibration,faceShields,Equal allocation,don1409,rec88,500.0,94.5685,0.29792824074074076
2020-05-22 00:00:00+00:00,calibration,respirators,Equal allocation,don1438,rec2543,200.0,5.1795,3.1656712962962965
2020-05-22 00:00:00+00:00,calibration,respirators,Equal allocation,don1453,rec1795,1000.0,21.963,0.07921296296296296
2020-05-22 00:00:00+00:00,calibration,surgicalMasks,Equal allocation,don1421,rec3176,10.0,14.096,6.064050925925926
2020-05-22 00:00:00+00:00,calibration,surgicalMasks,Equal allocation,don1430,rec3176,400.0,5.1795,4.366909722222222
2020-05-22 00:00:00+00:00,calibration,surgicalMasks,Equal allocation,don1438,rec2393,200.0,31.625,3.1656712962962965
2020-05-22 00:00:00+00:00,calibration,surgicalMasks,Equal allocation,don1448,rec1309,980.0,366.0375,1.0618865740740742
2020-05-22 00:00:00+00:00,calibration,surgicalMasks,Equal allocation,don1453,rec1795,1000.0,21.963,0.07921296296296296
2020-05-22 00:00:00+00:00,calibration,faceShields,Equal allocation,don1418,rec2940,100.0,5.1795,6.646215277777777
2020-05-22 00:00:00+00:00,calibration,faceShields,Equal allocation,don1428,rec635,100.0,194.979,5.053796296296296
2020-05-22 00:00:00+00:00,calibration,faceShields,Equal allocation,don1432,rec526,100.0,68.58200000000001,4.211967592592592
2020-05-22 00:00:00+00:00,calibration,faceShields,Equal allocation,don1434,rec303,100.0,5.1795,3.8241203703703706
2020-05-22 00:00:00+00:00,calibration,faceShields,Equal allocation,don1442,rec2451,99.0,5.1795,2.1559606481481484
2020-05-22 00:00:00+00:00,calibration,faceShields,Equal allocation,don1450,rec1362,1000.0,5.1795,0.21225694444444446
2020-05-22 00:00:00+00:00,calibration,gowns,Equal allocation,don1441,rec2425,300.0,5.1795,2.982060185185185
2020-05-22 00:00:00+00:00,calibration,gowns,Equal allocation,don1446,rec1372,24.0,5.1795,1.302800925925926
2020-05-29 00:00:00+00:00,calibration,respirators,Equal allocation,don1468,rec3934,300.0,5.1795,5.508599537037037
2020-05-29 00:00:00+00:00,calibration,respirators,Equal allocation,don1479,rec20,150.0,14.096,3.2044675925925925
2020-05-29 00:00:00+00:00,calibration,respirators,Equal allocation,don1484,rec228,420.0,5.1795,2.8355439814814813
2020-05-29 00:00:00+00:00,calibration,respirators,Equal allocation,don1485,rec3640,2.0,14.096,2.1637037037037037
2020-05-29 00:00:00+00:00,calibration,respirators,Equal allocation,don1497,rec3221,200.0,21.963,0.319224537037037
2020-05-29 00:00:00+00:00,calibration,surgicalMasks,Equal allocation,don1456,rec1362,500.0,5.1795,6.9542476851851855
2020-05-29 00:00:00+00:00,calibration,surgicalMasks,Equal allocation,don1459,rec184,25.0,31.625,6.329224537037037
2020-05-29 00:00:00+00:00,calibration,surgicalMasks,Equal allocation,don1460,rec1506,500.0,46.091,6.193668981481482
2020-05-29 00:00:00+00:00,calibration,surgicalMasks,Equal allocation,don1479,rec1362,100.0,46.091,3.2044675925925925
2020-05-29 00:00:00+00:00,calibration,surgicalMasks,Equal allocation,don1482,rec912,30.0,46.091,2.8859953703703702
2020-05-29 00:00:00+00:00,calibration,faceShields,Equal allocation,don1461,rec3022,56.0,21.963,6.148993055555556
2020-05-29 00:00:00+00:00,calibration,faceShields,Equal allocation,don1463,rec920,500.0,21.963,5.812048611111111
2020-05-29 00:00:00+00:00,calibration,faceShields,Equal allocation,don1472,rec2932,3.0,68.58200000000001,3.359722222222222
2020-05-29 00:00:00+00:00,calibration,faceShields,Equal allocation,don1495,rec3437,200.0,5.1795,1.323611111111111
2020-05-29 00:00:00+00:00,calibration,faceShields,Equal allocation,don1498,rec2043,200.0,31.625,0.22850694444444444
2020-05-29 00:00:00+00:00,calibration,gowns,Equal allocation,don1468,rec1443,50.0,5.1795,5.508599537037037
2020-06-05 00:00:00+00:00,calibration,surgicalMasks,Equal allocation,don1499,rec1982,250.0,5.1795,6.902337962962963
2020-06-05 00:00:00+00:00,calibration,faceShields,Equal allocation,don1502,rec1224,112.0,267.284,2.1164699074074074
2020-06-05 00:00:00+00:00,calibration,faceShields,Equal allocation,don1504,rec266,1000.0,5.1795,1.1952199074074075
2020-06-05 00:00:00+00:00,calibration,faceShields,Equal allocation,don1507,rec4348,1000.0,14.096,1.0286342592592592
2020-06-12 00:00:00+00:00,validation,respirators,Equal allocation,don1508,rec2445,25.0,151.1025,6.922256944444444
2020-06-12 00:00:00+00:00,validation,respirators,Equal allocation,don1518,rec2300,1000.0,194.979,3.208263888888889
2020-06-12 00:00:00+00:00,validation,respirators,Equal allocation,don1520,rec1265,900.0,5.1795,2.544398148148148
2020-06-12 00:00:00+00:00,validation,respirators,Equal allocation,don1522,rec1028,20.0,5.1795,2.3616550925925925
2020-06-12 00:00:00+00:00,validation,faceShields,Equal allocation,don1515,rec1831,100.0,31.625,3.3544212962962963
2020-06-12 00:00:00+00:00,validation,faceShields,Equal allocation,don1527,rec1844,106.0,5.1795,1.4218287037037036
2020-06-19 00:00:00+00:00,validation,respirators,Equal allocation,don1540,rec1019,1000.0,5.1795,5.979548611111111
2020-06-19 00:00:00+00:00,validation,surgicalMasks,Equal allocation,don1542,rec3882,1000.0,5.1795,3.6922916666666667
2020-06-19 00:00:00+00:00,validation,surgicalMasks,Equal allocation,don1548,rec2318,50.0,5.1795,2.6946875
2020-06-19 00:00:00+00:00,validation,surgicalMasks,Equal allocation,don1554,rec615,60.0,31.625,2.160740740740741
2020-06-19 00:00:00+00:00,validation,faceShields,Equal allocation,don1543,rec2857,200.0,68.58200000000001,3.481388888888889
2020-06-19 00:00:00+00:00,validation,faceShields,Equal allocation,don1544,rec5445,50.0,14.096,3.381898148148148
2020-06-19 00:00:00+00:00,validation,faceShields,Equal allocation,don1546,rec1691,100.0,14.096,3.3454282407407407
2020-06-19 00:00:00+00:00,validation,faceShields,Equal allocation,don1557,rec110,500.0,94.5685,0.3359490740740741
2020-06-19 00:00:00+00:00,validation,gowns,Equal allocation,don1546,rec2931,100.0,94.5685,3.3454282407407407
2020-06-26 00:00:00+00:00,validation,respirators,Equal allocation,don1559,rec456,800.0,14.096,5.375034722222222
2020-06-26 00:00:00+00:00,validation,surgicalMasks,Equal allocation,don1561,rec5489,600.0,14.096,3.279421296296296
2020-06-26 00:00:00+00:00,validation,faceShields,Equal allocation,don1562,rec1982,2.0,5.1795,2.2496296296296294
2020-06-26 00:00:00+00:00,validation,faceShields,Equal allocation,don1564,rec1331,200.0,5.1795,1.1930092592592592
2020-06-26 00:00:00+00:00,validation,faceShields,Equal allocation,don1565,rec2294,100.0,5.1795,0.5170254629629629
2020-07-03 00:00:00+00:00,test,respirators,Equal allocation,don1579,rec3059,3.0,5.1795,0.7224652777777778
2020-07-03 00:00:00+00:00,test,surgicalMasks,Equal allocation,don1566,rec5043,280.0,5.1795,6.812627314814815
2020-07-03 00:00:00+00:00,test,surgicalMasks,Equal allocation,don1577,rec1400,50.0,5.1795,1.7765277777777777
2020-07-03 00:00:00+00:00,test,surgicalMasks,Equal allocation,don1580,rec1111,1000.0,5.1795,0.4565162037037037
2020-07-03 00:00:00+00:00,test,faceShields,Equal allocation,don1571,rec982,25.0,5.1795,4.145023148148148
2020-07-03 00:00:00+00:00,test,faceShields,Equal allocation,don1573,rec5426,5.0,237.9225,2.8470949074074072
2020-07-10 00:00:00+00:00,test,respirators,Equal allocation,don1584,rec2096,5.0,5.1795,6.097974537037037
2020-07-10 00:00:00+00:00,test,respirators,Equal allocation,don1592,rec4352,20.0,5.1795,4.157222222222222
2020-07-10 00:00:00+00:00,test,respirators,Equal allocation,don1602,rec3126,40.0,68.58200000000001,1.2396643518518518
2020-07-10 00:00:00+00:00,test,surgicalMasks,Equal allocation,don1592,rec1524,30.0,14.096,4.157222222222222
2020-07-10 00:00:00+00:00,test,surgicalMasks,Equal allocation,don1596,rec1524,1000.0,46.091,2.3696180555555557
2020-07-10 00:00:00+00:00,test,surgicalMasks,Equal allocation,don1599,rec624,200.0,14.096,1.9099884259259259
2020-07-10 00:00:00+00:00,test,surgicalMasks,Equal allocation,don1602,rec1244,50.0,94.5685,1.2396643518518518
2020-07-10 00:00:00+00:00,test,surgicalMasks,Equal allocation,don1604,rec4833,1000.0,14.096,1.107337962962963
2020-07-10 00:00:00+00:00,test,surgicalMasks,Equal allocation,don1605,rec1524,450.0,5.1795,1.0484606481481482
2020-07-10 00:00:00+00:00,test,faceShields,Equal allocation,don1585,rec1349,40.0,5.1795,6.008738425925926
2020-07-10 00:00:00+00:00,test,faceShields,Equal allocation,don1589,rec1513,30.0,14.096,4.21130787037037
2020-07-10 00:00:00+00:00,test,faceShields,Equal allocation,don1595,rec4813,25.0,14.096,2.8978819444444444
2020-07-17 00:00:00+00:00,test,respirators,Equal allocation,don1611,rec946,5.0,14.096,6.970578703703704
2020-07-17 00:00:00+00:00,test,respirators,Equal allocation,don1622,rec2662,10.0,14.096,5.094039351851852
2020-07-17 00:00:00+00:00,test,surgicalMasks,Equal allocation,don1615,rec1594,20.0,122.0285,6.857303240740741
2020-07-17 00:00:00+00:00,test,faceShields,Equal allocation,don1615,rec621,2.0,214.4355,6.857303240740741
2020-07-17 00:00:00+00:00,test,faceShields,Equal allocation,don1618,rec480,1000.0,31.625,6.23787037037037
2020-07-17 00:00:00+00:00,test,faceShields,Equal allocation,don1623,rec1268,200.0,5.1795,4.294733796296296
2020-07-24 00:00:00+00:00,test,respirators,Equal allocation,don1655,rec3176,500.0,5.1795,6.0881944444444445
2020-07-24 00:00:00+00:00,test,faceShields,Equal allocation,don1655,rec3176,500.0,5.1795,6.0881944444444445
