date,node_id,region,ccn,node_name,address,city,zip,hospital_subtype,fips_code,geocoded_hospital_address,hhs_ids,publication_date,is_metro_micro,total_beds_7_day_sum,all_adult_hospital_beds_7_day_sum,all_adult_hospital_inpatient_beds_7_day_sum,inpatient_beds_used_7_day_sum,all_adult_hospital_inpatient_bed_occupied_7_day_sum,total_adult_patients_hosp_confirmed_suspected_covid_7d_sum,total_adult_patients_hospitalized_confirmed_covid_7_day_sum,total_pediatric_patients_hosp_confirmed_suspected_covid_7d_sum,total_pediatric_patients_hospitalized_confirmed_covid_7_day_sum,inpatient_beds_7_day_sum,total_icu_beds_7_day_sum,total_staffed_adult_icu_beds_7_day_sum,icu_beds_used_7_day_sum,staffed_adult_icu_bed_occupancy_7_day_sum,staffed_icu_adult_patients_confirmed_suspected_covid_7d_sum,staffed_icu_adult_patients_confirmed_covid_7_day_sum,total_patients_hospitalized_confirmed_influenza_7_day_sum,icu_patients_confirmed_influenza_7_day_sum,total_patients_hosp_confirmed_influenza_and_covid_7d_sum,total_beds_7_day_coverage,all_adult_hospital_beds_7_day_coverage,all_adult_hospital_inpatient_beds_7_day_coverage,inpatient_beds_used_7_day_coverage,all_adult_hospital_inpatient_bed_occupied_7_day_coverage,total_adult_patients_hosp_confirmed_suspected_covid_7d_cov,total_adult_patients_hospitalized_confirmed_covid_7_day_coverage,total_pediatric_patients_hosp_confirmed_suspected_covid_7d_cov,total_pediatric_patients_hosp_confirmed_covid_7d_cov,inpatient_beds_7_day_coverage,total_icu_beds_7_day_coverage,total_staffed_adult_icu_beds_7_day_coverage,icu_beds_used_7_day_coverage,staffed_adult_icu_bed_occupancy_7_day_coverage,staffed_icu_adult_patients_confirmed_suspected_covid_7d_cov,staffed_icu_adult_patients_confirmed_covid_7_day_coverage,total_patients_hospitalized_confirmed_influenza_7_day_coverage,icu_patients_confirmed_influenza_7_day_coverage,total_patients_hosp_confirmed_influenza_and_covid_7d_cov,previous_day_admission_adult_covid_confirmed_7_day_sum,previous_day_admission_adult_covid_confirmed_18_19_7_day_sum,previous_day_admission_adult_covid_confirmed_20_29_7_day_sum,previous_day_admission_adult_covid_confirmed_30_39_7_day_sum,previous_day_admission_adult_covid_confirmed_40_49_7_day_sum,previous_day_admission_adult_covid_confirmed_50_59_7_day_sum,previous_day_admission_adult_covid_confirmed_60_69_7_day_sum,previous_day_admission_adult_covid_confirmed_70_79_7_day_sum,previous_day_admission_adult_covid_confirmed_80plus_7_day_sum,previous_day_admission_adult_covid_confirmed_unknown_7_day_sum,previous_day_admission_pediatric_covid_confirmed_7_day_sum,previous_day_covid_ed_visits_7_day_sum,previous_day_admission_adult_covid_suspected_7_day_sum,previous_day_admission_adult_covid_suspected_18_19_7_day_sum,previous_day_admission_adult_covid_suspected_20_29_7_day_sum,previous_day_admission_adult_covid_suspected_30_39_7_day_sum,previous_day_admission_adult_covid_suspected_40_49_7_day_sum,previous_day_admission_adult_covid_suspected_50_59_7_day_sum,previous_day_admission_adult_covid_suspected_60_69_7_day_sum,previous_day_admission_adult_covid_suspected_70_79_7_day_sum,previous_day_admission_adult_covid_suspected_80plus_7_day_sum,previous_day_admission_adult_covid_suspected_unknown_7_day_sum,previous_day_admission_pediatric_covid_suspected_7_day_sum,previous_day_total_ed_visits_7_day_sum,previous_day_admission_influenza_confirmed_7_day_sum,is_corrected,previous_day_admission_adult_covid_confirmed_7_day_coverage,previous_day_admission_adult_covid_suspected_7_day_coverage,previous_day_admission_pediatric_covid_confirmed_7_day_coverage,previous_day_admission_pediatric_covid_suspected_7_day_coverage,previous_week_patients_covid_vaccinated_doses_all_7_day,previous_week_patients_covid_vaccinated_doses_all_7_day_sum,previous_week_patients_covid_vaccinated_doses_one_7_day,previous_week_patients_covid_vaccinated_doses_one_7_day_sum,previous_week_personnel_covid_vaccd_doses_administered_7_day,previous_week_personnel_covid_vaccd_doses_administered_7_day_sum,total_personnel_covid_vaccinated_doses_all_7_day,total_personnel_covid_vaccinated_doses_all_7_day_sum,total_personnel_covid_vaccinated_doses_none_7_day,total_personnel_covid_vaccinated_doses_none_7_day_sum,total_personnel_covid_vaccinated_doses_one_7_day,total_personnel_covid_vaccinated_doses_one_7_day_sum,total_beds_7_day_avg,all_adult_hospital_beds_7_day_avg,all_adult_hospital_inpatient_beds_7_day_avg,inpatient_beds_used_7_day_avg,all_adult_hospital_inpatient_bed_occupied_7_day_avg,total_adult_patients_hosp_confirmed_suspected_covid_7d_avg,total_adult_patients_hospitalized_confirmed_covid_7_day_avg,total_pediatric_patients_hosp_confirmed_suspected_covid_7d_avg,total_pediatric_patients_hospitalized_confirmed_covid_7_day_avg,inpatient_beds_7_day_avg,total_icu_beds_7_day_avg,total_staffed_adult_icu_beds_7_day_avg,icu_beds_used_7_day_avg,staffed_adult_icu_bed_occupancy_7_day_avg,staffed_icu_adult_patients_confirmed_suspected_covid_7d_avg,staffed_icu_adult_patients_confirmed_covid_7_day_avg,total_patients_hospitalized_confirmed_influenza_7_day_avg,icu_patients_confirmed_influenza_7_day_avg,total_patients_hosp_confirmed_influenza_and_covid_7d_avg,_observed_total_staffed_adult_icu_beds_7_day_avg,_observed_staffed_adult_icu_bed_occupancy_7_day_avg,_observed_staffed_icu_adult_patients_confirmed_covid_7_day_avg,_observed_previous_day_admission_adult_covid_confirmed_7_day_sum,_observed_previous_day_admission_adult_covid_suspected_7_day_sum
2020-11-06,050025,CA,50025.0,UC SAN DIEGO HEALTH HILLCREST - HILLCREST MED CTR,,,92103.0,,6073.0,,,20230623.0,1.0,6594.0,5649.0,4669.0,4336.0,4016.0,242.0,225.0,,0.0,5614.0,1274.0,791.0,868.0,666.0,83.0,80.0,0.0,0.0,0.0,7.0,7.0,7.0,7.0,7.0,7.0,7.0,7.0,7.0,7.0,7.0,7.0,7.0,7.0,7.0,7.0,7.0,7.0,7.0,10.0,,,,0.0,,,,0.0,0.0,0.0,383.0,13.0,0.0,,0.0,,,5.0,,0.0,0.0,0.0,1347.0,0.0,0.0,7.0,7.0,7.0,7.0,,,,,,,,,,,,,942.0,807.0,667.0,619.4,573.7,34.6,32.1,,0.0,802.0,182.0,113.0,124.0,95.1,11.9,11.4,0.0,0.0,0.0,1.0,1.0,1.0,1.0,1.0
2020-11-13,050025,CA,50025.0,UC SAN DIEGO HEALTH HILLCREST - HILLCREST MED CTR,,,92103.0,,6073.0,,,20230623.0,1.0,6594.0,5649.0,4669.0,4324.0,4025.0,270.0,244.0,0.0,0.0,5614.0,1274.0,791.0,864.0,679.0,99.0,94.0,0.0,0.0,0.0,7.0,7.0,7.0,7.0,7.0,7.0,7.0,7.0,7.0,7.0,7.0,7.0,7.0,7.0,7.0,7.0,7.0,7.0,7.0,18.0,0.0,0.0,,,,8.0,,,0.0,0.0,483.0,15.0,0.0,,,,6.0,,,,0.0,0.0,1395.0,0.0,0.0,7.0,7.0,7.0,7.0,,,,,,,,,,,,,942.0,807.0,667.0,617.7,575.0,38.6,34.9,0.0,0.0,802.0,182.0,113.0,123.4,97.0,14.1,13.4,0.0,0.0,0.0,1.0,1.0,1.0,1.0,1.0
2020-11-20,050025,CA,50025.0,UC SAN DIEGO HEALTH HILLCREST - HILLCREST MED CTR,,,92103.0,,6073.0,,,20230623.0,1.0,6594.0,5649.0,4669.0,4342.0,4043.0,370.0,348.0,,0.0,5608.0,1274.0,791.0,856.0,689.0,131.0,121.0,0.0,0.0,0.0,7.0,7.0,7.0,7.0,7.0,7.0,7.0,7.0,7.0,7.0,7.0,7.0,7.0,7.0,7.0,7.0,7.0,7.0,7.0,13.0,0.0,,,,,,,0.0,0.0,0.0,390.0,15.0,0.0,,,,4.0,,,,0.0,,1421.0,0.0,0.0,7.0,7.0,7.0,7.0,,,,,,,,,,,,,942.0,807.0,667.0,620.3,577.6,52.9,49.7,,0.0,801.1,182.0,113.0,122.3,98.4,18.7,17.3,0.0,0.0,0.0,1.0,1.0,1.0,1.0,1.0
2020-11-27,050025,CA,50025.0,UC SAN DIEGO HEALTH HILLCREST - HILLCREST MED CTR,,,92103.0,,6073.0,,,20230623.0,1.0,6591.0,5651.0,4671.0,4288.0,3972.0,375.0,359.0,,,5611.0,1297.0,791.0,854.0,647.0,135.0,133.0,0.0,0.0,0.0,7.0,7.0,7.0,7.0,7.0,7.0,7.0,7.0,7.0,7.0,7.0,7.0,7.0,7.0,7.0,7.0,7.0,7.0,7.0,16.0,0.0,,,,,6.0,,,0.0,0.0,393.0,9.0,0.0,0.0,0.0,4.0,,0.0,,,0.0,0.0,1349.0,0.0,0.0,7.0,7.0,7.0,7.0,,,,,,,,,,,,,941.6,807.3,667.3,612.6,567.4,53.6,51.3,,,801.6,185.3,113.0,122.0,92.4,19.3,19.0,0.0,0.0,0.0,1.0,1.0,1.0,1.0,1.0
2020-12-04,050025,CA,50025.0,UC SAN DIEGO HEALTH HILLCREST - HILLCREST MED CTR,,,92103.0,,6073.0,,,20230623.0,1.0,7103.0,6193.0,4697.0,4301.0,3951.0,409.0,386.0,,,5607.0,1443.0,799.0,906.0,675.0,169.0,165.0,0.0,0.0,0.0,7.0,7.0,7.0,7.0,7.0,7.0,7.0,7.0,7.0,7.0,7.0,7.0,7.0,7.0,7.0,7.0,7.0,7.0,7.0,24.0,,,,,5.0,6.0,4.0,,0.0,0.0,396.0,9.0,0.0,,,,,,,,0.0,0.0,1310.0,0.0,0.0,7.0,7.0,7.0,7.0,,,,,,,,,,,,,1014.7,884.7,671.0,614.4,564.4,58.4,55.1,,,801.0,206.1,114.1,129.4,96.4,24.1,23.6,0.0,0.0,0.0,1.0,1.0,1.0,1.0,1.0
2020-12-11,050025,CA,50025.0,UC SAN DIEGO HEALTH HILLCREST - HILLCREST MED CTR,,,92103.0,,6073.0,,,20230623.0,1.0,6824.0,6225.0,4643.0,4020.0,3775.0,535.0,511.0,,0.0,5242.0,1249.0,773.0,908.0,675.0,204.0,195.0,0.0,0.0,0.0,7.0,7.0,7.0,7.0,7.0,7.0,7.0,7.0,7.0,7.0,7.0,7.0,7.0,7.0,7.0,7.0,7.0,7.0,7.0,37.0,0.0,5.0,5.0,5.0,8.0,7.0,4.0,,0.0,0.0,476.0,11.0,0.0,0.0,,0.0,0.0,5.0,,,0.0,,1446.0,0.0,0.0,7.0,7.0,7.0,7.0,,,,,,,,,,,,,974.9,889.3,663.3,574.3,539.3,76.4,73.0,,0.0,748.9,178.4,110.4,129.7,96.4,29.1,27.9,0.0,0.0,0.0,1.0,1.0,1.0,1.0,1.0
2020-12-18,050025,CA,50025.0,UC SAN DIEGO HEALTH HILLCREST - HILLCREST MED CTR,,,92103.0,,6073.0,,,20230623.0,1.0,6085.0,5509.0,4558.0,3841.0,3647.0,700.0,666.0,4.0,0.0,5134.0,1184.0,707.0,804.0,610.0,230.0,221.0,0.0,0.0,0.0,7.0,7.0,7.0,7.0,7.0,7.0,7.0,7.0,7.0,7.0,7.0,7.0,7.0,7.0,7.0,7.0,7.0,7.0,7.0,43.0,0.0,,5.0,4.0,6.0,13.0,10.0,4.0,0.0,0.0,502.0,16.0,0.0,,5.0,,,,,,0.0,0.0,1376.0,0.0,0.0,7.0,7.0,7.0,7.0,,,,,,,,,,,,,869.3,787.0,651.1,548.7,521.0,100.0,95.1,,0.0,733.4,169.1,101.0,114.9,87.1,32.9,31.6,0.0,0.0,0.0,1.0,1.0,1.0,1.0,1.0
2020-12-25,050025,CA,50025.0,UC SAN DIEGO HEALTH HILLCREST - HILLCREST MED CTR,,,92103.0,,6073.0,,,20230623.0,1.0,5852.0,5292.0,4508.0,3665.0,3496.0,862.0,825.0,0.0,0.0,5068.0,1183.0,707.0,796.0,627.0,322.0,317.0,0.0,0.0,0.0,7.0,7.0,7.0,7.0,7.0,7.0,7.0,7.0,7.0,7.0,7.0,7.0,7.0,7.0,7.0,7.0,7.0,7.0,7.0,43.0,,,7.0,,15.0,10.0,,,0.0,0.0,512.0,19.0,,,0.0,,5.0,,4.0,4.0,0.0,0.0,1443.0,0.0,0.0,7.0,7.0,7.0,7.0,,,,,,,,,,,,,836.0,756.0,644.0,523.6,499.4,123.1,117.9,0.0,0.0,724.0,169.0,101.0,113.7,89.6,46.0,45.3,0.0,0.0,0.0,1.0,1.0,1.0,1.0,1.0
2021-01-01,050025,CA,50025.0,UC SAN DIEGO HEALTH HILLCREST - HILLCREST MED CTR,,,92103.0,,6073.0,,,20230623.0,1.0,5852.0,5292.0,4508.0,3948.0,3763.0,937.0,903.0,,0.0,5068.0,1183.0,707.0,838.0,653.0,301.0,291.0,0.0,0.0,0.0,7.0,7.0,7.0,7.0,7.0,7.0,7.0,7.0,7.0,7.0,7.0,7.0,7.0,7.0,7.0,7.0,7.0,7.0,7.0,48.0,0.0,4.0,9.0,,5.0,13.0,9.0,5.0,0.0,0.0,535.0,18.0,0.0,,,,4.0,4.0,,,0.0,0.0,1361.0,0.0,0.0,7.0,7.0,7.0,7.0,,,,,,,,,,,,,836.0,756.0,644.0,564.0,537.6,133.9,129.0,,0.0,724.0,169.0,101.0,119.7,93.3,43.0,41.6,0.0,0.0,0.0,1.0,1.0,1.0,1.0,1.0
2021-01-08,050025,CA,50025.0,UC SAN DIEGO HEALTH HILLCREST - HILLCREST MED CTR,,,92103.0,,6073.0,,,20230623.0,1.0,5853.0,5293.0,4509.0,4003.0,3835.0,1078.0,1051.0,,0.0,5069.0,1184.0,708.0,833.0,665.0,308.0,301.0,0.0,0.0,0.0,7.0,7.0,7.0,7.0,7.0,7.0,7.0,7.0,7.0,7.0,7.0,7.0,7.0,7.0,7.0,7.0,7.0,7.0,7.0,37.0,0.0,,4.0,5.0,6.0,9.0,4.0,6.0,0.0,0.0,520.0,14.0,0.0,,,0.0,,,5.0,,0.0,0.0,1394.0,0.0,0.0,7.0,7.0,7.0,7.0,,,,,,,,,,,,,836.1,756.1,644.1,571.9,547.9,154.0,150.1,,0.0,724.1,169.1,101.1,119.0,95.0,44.0,43.0,0.0,0.0,0.0,1.0,1.0,1.0,1.0,1.0
2021-01-15,050025,CA,50025.0,UC SAN DIEGO HEALTH HILLCREST - HILLCREST MED CTR,,,92103.0,,6073.0,,,20230623.0,1.0,5853.0,5293.0,4509.0,3989.0,3807.0,963.0,939.0,,0.0,5069.0,1183.0,707.0,841.0,659.0,282.0,273.0,0.0,0.0,0.0,7.0,7.0,7.0,7.0,7.0,7.0,7.0,7.0,7.0,7.0,7.0,7.0,7.0,7.0,7.0,7.0,7.0,7.0,7.0,34.0,0.0,,4.0,,6.0,8.0,4.0,6.0,0.0,0.0,509.0,10.0,0.0,0.0,,,,,,,0.0,,1399.0,0.0,0.0,7.0,7.0,7.0,7.0,,,,,,,,,,,,,836.1,756.1,644.1,569.9,543.9,137.6,134.1,,0.0,724.1,169.0,101.0,120.1,94.1,40.3,39.0,0.0,0.0,0.0,1.0,1.0,1.0,1.0,1.0
2021-01-22,050025,CA,50025.0,UC SAN DIEGO HEALTH HILLCREST - HILLCREST MED CTR,,,92103.0,,6073.0,,,20230623.0,1.0,5852.0,5292.0,4508.0,3914.0,3736.0,763.0,738.0,5.0,,5068.0,1183.0,707.0,815.0,637.0,258.0,249.0,0.0,0.0,0.0,7.0,7.0,7.0,7.0,7.0,7.0,7.0,7.0,7.0,7.0,7.0,7.0,7.0,7.0,7.0,7.0,7.0,7.0,7.0,26.0,0.0,0.0,7.0,,,,8.0,,0.0,0.0,512.0,13.0,0.0,,,,,5.0,,,0.0,0.0,1385.0,0.0,0.0,7.0,7.0,7.0,7.0,,,,,,,,,,,,,836.0,756.0,644.0,559.1,533.7,109.0,105.4,,,724.0,169.0,101.0,116.4,91.0,36.9,35.6,0.0,0.0,0.0,1.0,1.0,1.0,1.0,1.0
2021-01-29,050025,CA,50025.0,UC SAN DIEGO HEALTH HILLCREST - HILLCREST MED CTR,,,92103.0,,6073.0,,,20230623.0,1.0,5856.0,5296.0,4512.0,3930.0,3738.0,701.0,681.0,,,5072.0,1187.0,711.0,826.0,634.0,220.0,215.0,0.0,0.0,0.0,7.0,7.0,7.0,7.0,7.0,7.0,7.0,7.0,7.0,7.0,7.0,7.0,7.0,7.0,7.0,7.0,7.0,7.0,7.0,36.0,,,7.0,,5.0,8.0,7.0,5.0,0.0,0.0,473.0,8.0,0.0,,,,,,0.0,,0.0,0.0,1368.0,0.0,0.0,7.0,7.0,7.0,7.0,,,,,,,,,,,,,836.6,756.6,644.6,561.4,534.0,100.1,97.3,,,724.6,169.6,101.6,118.0,90.6,31.4,30.7,0.0,0.0,0.0,1.0,1.0,1.0,1.0,1.0
2021-02-05,050025,CA,50025.0,UC SAN DIEGO HEALTH HILLCREST - HILLCREST MED CTR,,,92103.0,,6073.0,,,20230623.0,1.0,5852.0,5292.0,4508.0,3935.0,3766.0,615.0,594.0,0.0,0.0,5068.0,1183.0,707.0,811.0,642.0,188.0,178.0,,0.0,0.0,7.0,7.0,7.0,7.0,7.0,7.0,7.0,7.0,7.0,7.0,7.0,7.0,7.0,7.0,7.0,7.0,7.0,7.0,7.0,33.0,0.0,,5.0,,4.0,8.0,5.0,6.0,0.0,0.0,481.0,10.0,0.0,0.0,0.0,0.0,,,,4.0,0.0,0.0,1440.0,0.0,0.0,7.0,7.0,7.0,7.0,4990.0,,122770.0,,18980.0,,8885.0,,3039.0,,1210.0,,836.0,756.0,644.0,562.1,538.0,87.9,84.9,0.0,0.0,724.0,169.0,101.0,115.9,91.7,26.9,25.4,,0.0,0.0,1.0,1.0,1.0,1.0,1.0
2021-02-12,050025,CA,50025.0,UC SAN DIEGO HEALTH HILLCREST - HILLCREST MED CTR,,,92103.0,,6073.0,,,20230623.0,1.0,5856.0,5296.0,4512.0,3894.0,3714.0,523.0,489.0,,,5072.0,1187.0,711.0,816.0,637.0,188.0,174.0,0.0,0.0,0.0,7.0,7.0,7.0,7.0,7.0,7.0,7.0,7.0,7.0,7.0,7.0,7.0,7.0,7.0,7.0,7.0,7.0,7.0,7.0,20.0,0.0,,,,4.0,6.0,,,0.0,0.0,472.0,21.0,0.0,,,4.0,6.0,,4.0,,0.0,0.0,1437.0,0.0,0.0,7.0,7.0,7.0,7.0,15482.0,,4032.0,,539.0,,9378.0,,2981.0,,792.0,,836.6,756.6,644.6,556.3,530.6,74.7,69.9,,,724.6,169.6,101.6,116.6,91.0,26.9,24.9,0.0,0.0,0.0,1.0,1.0,1.0,1.0,1.0
2021-02-19,050025,CA,50025.0,UC SAN DIEGO HEALTH HILLCREST - HILLCREST MED CTR,,,92103.0,,6073.0,,,20230623.0,1.0,5858.0,5298.0,4514.0,4086.0,3889.0,467.0,432.0,,0.0,5074.0,1189.0,713.0,835.0,638.0,154.0,146.0,0.0,0.0,0.0,7.0,7.0,7.0,7.0,7.0,7.0,7.0,7.0,7.0,7.0,7.0,7.0,7.0,7.0,7.0,7.0,7.0,7.0,7.0,22.0,0.0,5.0,,5.0,,4.0,4.0,0.0,0.0,0.0,415.0,15.0,,0.0,4.0,,,,,,0.0,,1438.0,0.0,0.0,7.0,7.0,7.0,7.0,15511.0,,6511.0,,256.0,,9534.0,,2913.0,,775.0,,836.9,756.9,644.9,583.7,555.6,66.7,61.7,,0.0,724.9,169.9,101.9,119.3,91.1,22.0,20.9,0.0,0.0,0.0,1.0,1.0,1.0,1.0,1.0
2021-02-26,050025,CA,50025.0,UC SAN DIEGO HEALTH HILLCREST - HILLCREST MED CTR,,,92103.0,,6073.0,,,20230623.0,1.0,5867.0,5307.0,4523.0,4097.0,3866.0,385.0,358.0,,0.0,5083.0,1198.0,722.0,872.0,641.0,124.0,121.0,0.0,0.0,0.0,7.0,7.0,7.0,7.0,7.0,7.0,7.0,7.0,7.0,7.0,7.0,7.0,7.0,7.0,7.0,7.0,7.0,7.0,7.0,14.0,0.0,,,5.0,,,,,0.0,0.0,402.0,13.0,0.0,5.0,,,,,,0.0,0.0,0.0,1414.0,0.0,0.0,7.0,7.0,7.0,7.0,20021.0,,7216.0,,327.0,,9702.0,,2862.0,,689.0,,838.1,758.1,646.1,585.3,552.3,55.0,51.1,,0.0,726.1,171.1,103.1,124.6,91.6,17.7,17.3,0.0,0.0,0.0,1.0,1.0,1.0,1.0,1.0
2021-03-05,050025,CA,50025.0,UC SAN DIEGO HEALTH HILLCREST - HILLCREST MED CTR,,,92103.0,,6073.0,,,20230623.0,1.0,5842.0,5282.0,4516.0,4055.0,3819.0,316.0,285.0,0.0,0.0,5076.0,1191.0,715.0,878.0,642.0,94.0,87.0,0.0,0.0,0.0,7.0,7.0,7.0,7.0,7.0,7.0,7.0,7.0,7.0,7.0,7.0,7.0,7.0,7.0,7.0,7.0,7.0,7.0,7.0,13.0,0.0,,,,4.0,0.0,,,0.0,0.0,423.0,19.0,0.0,,4.0,,,,6.0,0.0,0.0,0.0,1495.0,0.0,0.0,7.0,7.0,7.0,7.0,23282.0,,8306.0,,273.0,,10063.0,,2775.0,,713.0,,834.6,754.6,645.1,579.3,545.6,45.1,40.7,0.0,0.0,725.1,170.1,102.1,125.4,91.7,13.4,12.4,0.0,0.0,0.0,1.0,1.0,1.0,1.0,1.0
2021-03-12,050025,CA,50025.0,UC SAN DIEGO HEALTH HILLCREST - HILLCREST MED CTR,,,92103.0,,6073.0,,,20230623.0,1.0,5814.0,5254.0,4512.0,3986.0,3744.0,247.0,220.0,,0.0,5072.0,1187.0,711.0,832.0,590.0,70.0,64.0,0.0,0.0,0.0,7.0,7.0,7.0,7.0,7.0,7.0,7.0,7.0,7.0,7.0,7.0,7.0,7.0,7.0,7.0,7.0,7.0,7.0,7.0,11.0,0.0,0.0,,,6.0,0.0,0.0,0.0,0.0,0.0,402.0,13.0,0.0,,5.0,,,,0.0,0.0,0.0,0.0,1349.0,0.0,0.0,7.0,7.0,7.0,7.0,23893.0,,2174.0,,289.0,,10288.0,,2729.0,,568.0,,830.6,750.6,644.6,569.4,534.9,35.3,31.4,,0.0,724.6,169.6,101.6,118.9,84.3,10.0,9.1,0.0,0.0,0.0,1.0,1.0,1.0,1.0,1.0
2021-03-19,050025,CA,50025.0,UC SAN DIEGO HEALTH HILLCREST - HILLCREST MED CTR,,,92103.0,,6073.0,,,20230623.0,1.0,5810.0,5250.0,4508.0,3953.0,3708.0,204.0,185.0,,0.0,5068.0,1183.0,707.0,834.0,589.0,62.0,57.0,0.0,0.0,0.0,7.0,7.0,7.0,7.0,7.0,7.0,7.0,7.0,7.0,7.0,7.0,7.0,7.0,7.0,7.0,7.0,7.0,7.0,7.0,6.0,0.0,0.0,,0.0,,0.0,0.0,0.0,0.0,0.0,401.0,10.0,0.0,,,0.0,5.0,0.0,,0.0,0.0,0.0,1420.0,0.0,0.0,7.0,7.0,7.0,7.0,12998.0,,16636.0,,211.0,,10161.0,,2671.0,,559.0,,830.0,750.0,644.0,564.7,529.7,29.1,26.4,,0.0,724.0,169.0,101.0,119.1,84.1,8.9,8.1,0.0,0.0,0.0,1.0,1.0,1.0,1.0,1.0
2021-03-26,050025,CA,50025.0,UC SAN DIEGO HEALTH HILLCREST - HILLCREST MED CTR,,,92103.0,,6073.0,,,20230623.0,1.0,5810.0,5250.0,4508.0,3894.0,3689.0,196.0,174.0,,0.0,5068.0,1183.0,707.0,790.0,585.0,40.0,37.0,0.0,0.0,0.0,7.0,7.0,7.0,7.0,7.0,7.0,7.0,7.0,7.0,7.0,7.0,7.0,7.0,7.0,7.0,7.0,7.0,7.0,7.0,15.0,0.0,,5.0,,0.0,4.0,,0.0,0.0,0.0,418.0,10.0,,,5.0,,0.0,,0.0,0.0,0.0,0.0,1438.0,0.0,0.0,7.0,7.0,7.0,7.0,7983.0,,9611.0,,205.0,,10275.0,,2619.0,,535.0,,830.0,750.0,644.0,556.3,527.0,28.0,24.9,,0.0,724.0,169.0,101.0,112.9,83.6,5.7,5.3,0.0,0.0,0.0,1.0,1.0,1.0,1.0,1.0
2021-04-02,050025,CA,50025.0,UC SAN DIEGO HEALTH HILLCREST - HILLCREST MED CTR,,,92103.0,,6073.0,,,20230623.0,1.0,5810.0,5250.0,4508.0,3943.0,3752.0,173.0,149.0,,0.0,5068.0,1183.0,707.0,755.0,564.0,37.0,36.0,0.0,0.0,0.0,7.0,7.0,7.0,7.0,7.0,7.0,7.0,7.0,7.0,7.0,7.0,7.0,7.0,7.0,7.0,7.0,7.0,7.0,7.0,9.0,0.0,0.0,,,0.0,,,,0.0,0.0,436.0,13.0,0.0,,6.0,,0.0,,,0.0,0.0,0.0,1461.0,0.0,0.0,7.0,7.0,7.0,7.0,5978.0,,10896.0,,206.0,,10395.0,,2568.0,,479.0,,830.0,750.0,644.0,563.3,536.0,24.7,21.3,,0.0,724.0,169.0,101.0,107.9,80.6,5.3,5.1,0.0,0.0,0.0,1.0,1.0,1.0,1.0,1.0
2021-04-09,050025,CA,50025.0,UC SAN DIEGO HEALTH HILLCREST - HILLCREST MED CTR,,,92103.0,,6073.0,,,20230623.0,1.0,5810.0,5250.0,4508.0,3869.0,3712.0,138.0,124.0,,0.0,5068.0,1183.0,707.0,746.0,589.0,35.0,33.0,0.0,0.0,0.0,7.0,7.0,7.0,7.0,7.0,7.0,7.0,7.0,7.0,7.0,7.0,7.0,7.0,7.0,7.0,7.0,7.0,7.0,7.0,12.0,0.0,0.0,5.0,,,,0.0,,0.0,0.0,446.0,4.0,0.0,,,0.0,0.0,0.0,0.0,0.0,0.0,0.0,1509.0,0.0,0.0,7.0,7.0,7.0,7.0,5550.0,,24196.0,,151.0,,10475.0,,2530.0,,474.0,,830.0,750.0,644.0,552.7,530.3,19.7,17.7,,0.0,724.0,169.0,101.0,106.6,84.1,5.0,4.7,0.0,0.0,0.0,1.0,1.0,1.0,1.0,1.0
2021-04-16,050025,CA,50025.0,UC SAN DIEGO HEALTH HILLCREST - HILLCREST MED CTR,,,92103.0,,6073.0,,,20230623.0,1.0,5810.0,5250.0,4508.0,3987.0,3812.0,175.0,153.0,,0.0,5068.0,1183.0,707.0,777.0,602.0,41.0,37.0,0.0,0.0,0.0,7.0,7.0,7.0,7.0,7.0,7.0,7.0,7.0,7.0,7.0,7.0,7.0,7.0,7.0,7.0,7.0,7.0,7.0,7.0,12.0,0.0,,,,4.0,,,,0.0,0.0,441.0,9.0,0.0,,,0.0,,,,0.0,0.0,0.0,1484.0,0.0,0.0,7.0,7.0,7.0,7.0,9261.0,,8982.0,,128.0,,10569.0,,2494.0,,434.0,,830.0,750.0,644.0,569.6,544.6,25.0,21.9,,0.0,724.0,169.0,101.0,111.0,86.0,5.9,5.3,0.0,0.0,0.0,1.0,1.0,1.0,1.0,1.0
2021-04-23,050025,CA,50025.0,UC SAN DIEGO HEALTH HILLCREST - HILLCREST MED CTR,,,92103.0,,6073.0,,,20230623.0,1.0,5810.0,5250.0,4508.0,4077.0,3887.0,129.0,102.0,6.0,0.0,5068.0,1183.0,707.0,819.0,629.0,32.0,27.0,,0.0,0.0,7.0,7.0,7.0,7.0,7.0,7.0,7.0,7.0,7.0,7.0,7.0,7.0,7.0,7.0,7.0,7.0,7.0,7.0,7.0,7.0,0.0,,,,,,,,0.0,0.0,463.0,14.0,,,7.0,0.0,0.0,,,0.0,0.0,0.0,1505.0,0.0,0.0,7.0,7.0,7.0,7.0,14785.0,,9749.0,,125.0,,10661.0,,2473.0,,366.0,,830.0,750.0,644.0,582.4,555.3,18.4,14.6,,0.0,724.0,169.0,101.0,117.0,89.9,4.6,4.8999999999999995,,0.0,0.0,1.0,1.0,0.0,1.0,1.0
2021-04-30,050025,CA,50025.0,UC SAN DIEGO HEALTH HILLCREST - HILLCREST MED CTR,,,92103.0,,6073.0,,,20230623.0,1.0,5816.0,5256.0,4514.0,3970.0,3803.0,106.0,87.0,,0.0,5074.0,1189.0,713.0,802.0,635.0,27.0,25.0,0.0,0.0,0.0,7.0,7.0,7.0,7.0,7.0,7.0,7.0,7.0,7.0,7.0,7.0,7.0,7.0,7.0,7.0,7.0,7.0,7.0,7.0,6.0,0.0,,0.0,,0.0,0.0,,0.0,0.0,0.0,493.0,11.0,0.0,4.0,4.0,0.0,,,,0.0,0.0,0.0,1804.0,0.0,0.0,7.0,7.0,7.0,7.0,17914.0,,3680.0,,109.0,,10750.0,,2446.0,,307.0,,830.9,750.9,644.9,567.1,543.3,15.1,12.4,,0.0,724.9,169.9,101.9,114.6,90.7,,4.5,0.0,0.0,0.0,1.0,1.0,0.0,1.0,1.0
2021-05-07,050025,CA,50025.0,UC SAN DIEGO HEALTH HILLCREST - HILLCREST MED CTR,,,92103.0,,6073.0,,,20230623.0,1.0,5810.0,5250.0,4508.0,4035.0,3884.0,107.0,85.0,,0.0,5068.0,1183.0,707.0,783.0,632.0,32.0,29.0,0.0,0.0,0.0,7.0,7.0,7.0,7.0,7.0,7.0,7.0,7.0,7.0,7.0,7.0,7.0,7.0,7.0,7.0,7.0,7.0,7.0,7.0,4.0,0.0,0.0,,0.0,,0.0,,0.0,0.0,0.0,466.0,13.0,0.0,4.0,,,,,,0.0,0.0,0.0,1741.0,0.0,0.0,7.0,7.0,7.0,7.0,18750.0,,3974.0,,88.0,,10812.0,,2430.0,,274.0,,830.0,750.0,644.0,576.4,554.9,15.3,12.1,,0.0,724.0,169.0,101.0,111.9,90.3,4.6,4.1,0.0,0.0,0.0,1.0,1.0,1.0,1.0,1.0
2021-05-14,050025,CA,50025.0,UC SAN DIEGO HEALTH HILLCREST - HILLCREST MED CTR,,,92103.0,,6073.0,,,20230623.0,1.0,5810.0,5250.0,4508.0,4174.0,3999.0,137.0,116.0,,0.0,5068.0,1183.0,707.0,812.0,637.0,45.0,41.0,0.0,0.0,0.0,7.0,7.0,7.0,7.0,7.0,7.0,7.0,7.0,7.0,7.0,7.0,7.0,7.0,7.0,7.0,7.0,7.0,7.0,7.0,9.0,,0.0,,,,0.0,0.0,0.0,0.0,0.0,407.0,13.0,,,7.0,,,,,0.0,0.0,0.0,1627.0,0.0,0.0,7.0,7.0,7.0,7.0,11093.0,,5300.0,,78.0,,10847.0,,2401.0,,265.0,,830.0,750.0,644.0,596.3,571.3,19.6,16.6,,0.0,724.0,169.0,101.0,116.0,91.0,6.4,5.9,0.0,0.0,0.0,1.0,1.0,1.0,1.0,1.0
2021-05-21,050025,CA,50025.0,UC SAN DIEGO HEALTH HILLCREST - HILLCREST MED CTR,,,92103.0,,6073.0,,,20230623.0,1.0,5813.0,5253.0,4511.0,4035.0,3840.0,130.0,106.0,,,5071.0,1186.0,710.0,820.0,625.0,47.0,44.0,0.0,0.0,0.0,7.0,7.0,7.0,7.0,7.0,7.0,7.0,7.0,7.0,7.0,7.0,7.0,7.0,7.0,7.0,7.0,7.0,7.0,7.0,4.0,0.0,0.0,,0.0,,0.0,0.0,0.0,0.0,0.0,407.0,14.0,,,7.0,0.0,,0.0,,0.0,0.0,0.0,1559.0,0.0,0.0,7.0,7.0,7.0,7.0,6775.0,,2857.0,,45.0,,10870.0,,2386.0,,256.0,,830.4,750.4,644.4,576.4,548.6,18.6,15.1,,,724.4,169.4,101.4,117.1,89.3,6.7,6.3,0.0,0.0,0.0,1.0,1.0,1.0,1.0,1.0
2021-05-28,050025,CA,50025.0,UC SAN DIEGO HEALTH HILLCREST - HILLCREST MED CTR,,,92103.0,,6073.0,,,20230623.0,1.0,5810.0,5250.0,4508.0,3933.0,3754.0,101.0,88.0,9.0,7.0,5068.0,1183.0,707.0,790.0,611.0,56.0,52.0,0.0,0.0,0.0,7.0,7.0,7.0,7.0,7.0,7.0,7.0,7.0,7.0,7.0,7.0,7.0,7.0,7.0,7.0,7.0,7.0,7.0,7.0,4.2,0.0,0.0,,0.0,0.0,0.0,0.0,0.0,0.0,0.0,403.0,6.0,0.0,,,0.0,,0.0,0.0,0.0,0.0,0.0,1670.0,0.0,0.0,7.0,7.0,7.0,7.0,7424.0,,850.0,,58.0,,10904.0,,2375.0,,230.0,,830.0,750.0,644.0,561.9,536.3,14.4,12.6,,,724.0,169.0,101.0,112.9,87.3,8.0,7.4,0.0,0.0,0.0,1.0,1.0,1.0,0.0,1.0
2021-06-04,050025,CA,50025.0,UC SAN DIEGO HEALTH HILLCREST - HILLCREST MED CTR,,,92103.0,,6073.0,,,20230623.0,1.0,5810.0,5250.0,4508.0,4060.0,3878.0,95.0,68.0,8.0,7.0,5068.0,1183.0,707.0,807.0,625.0,40.0,37.0,0.0,0.0,0.0,7.0,7.0,7.0,7.0,7.0,7.0,7.0,7.0,7.0,7.0,7.0,7.0,7.0,7.0,7.0,7.0,7.0,7.0,7.0,4.4,0.0,,,,0.0,0.0,0.0,0.0,0.0,0.0,386.0,13.0,0.0,,4.0,,4.0,,,0.0,0.0,0.0,1613.0,0.0,0.0,7.0,7.0,7.0,7.0,8790.0,,431.0,,44.0,,10944.0,,2366.0,,207.0,,830.0,750.0,644.0,580.0,554.0,13.6,9.7,,,724.0,169.0,101.0,115.3,89.3,5.7,5.3,0.0,0.0,0.0,1.0,1.0,1.0,0.0,1.0
2021-06-11,050025,CA,50025.0,UC SAN DIEGO HEALTH HILLCREST - HILLCREST MED CTR,,,92103.0,,6073.0,,,20230623.0,1.0,5810.0,5250.0,4508.0,4057.0,3832.0,68.0,51.0,9.0,7.0,5068.0,1183.0,707.0,848.0,623.0,27.0,25.0,0.0,0.0,0.0,7.0,7.0,7.0,7.0,7.0,7.0,7.0,7.0,7.0,7.0,7.0,7.0,7.0,7.0,7.0,7.0,7.0,7.0,7.0,4.6,0.0,0.0,0.0,0.0,,0.0,0.0,0.0,0.0,0.0,387.0,8.0,0.0,,4.0,,,0.0,0.0,0.0,0.0,0.0,1671.0,0.0,0.0,7.0,7.0,7.0,7.0,10423.0,,480.0,,26.0,,10968.0,,2364.0,,192.0,,830.0,750.0,644.0,579.6,547.4,9.7,7.3,,,724.0,169.0,101.0,121.1,89.0,,5.15,0.0,0.0,0.0,1.0,1.0,0.0,0.0,1.0
2021-06-18,050025,CA,50025.0,UC SAN DIEGO HEALTH HILLCREST - HILLCREST MED CTR,,,92103.0,,6073.0,,,20230623.0,1.0,5810.0,5250.0,4508.0,4054.0,3845.0,70.0,56.0,9.0,7.0,5068.0,1186.0,707.0,804.0,595.0,38.0,35.0,0.0,0.0,0.0,7.0,7.0,7.0,7.0,7.0,7.0,7.0,7.0,7.0,7.0,7.0,7.0,7.0,7.0,7.0,7.0,7.0,7.0,7.0,4.8,0.0,0.0,0.0,,0.0,0.0,0.0,0.0,0.0,0.0,383.0,7.0,0.0,0.0,,,,,,0.0,0.0,0.0,1624.0,0.0,0.0,7.0,7.0,7.0,7.0,7074.0,,198.0,,23.0,,10962.0,,2359.0,,187.0,,830.0,750.0,644.0,579.1,549.3,10.0,8.0,,,724.0,169.4,101.0,114.9,85.0,5.4,5.0,0.0,0.0,0.0,1.0,1.0,1.0,0.0,1.0
2021-06-25,050025,CA,50025.0,UC SAN DIEGO HEALTH HILLCREST - HILLCREST MED CTR,,,92103.0,,6073.0,,,20230623.0,1.0,5811.0,5251.0,4509.0,4044.0,3867.0,86.0,62.0,7.0,7.0,5069.0,1184.0,708.0,809.0,632.0,32.0,30.0,0.0,0.0,0.0,7.0,7.0,7.0,7.0,7.0,7.0,7.0,7.0,7.0,7.0,7.0,7.0,7.0,7.0,7.0,7.0,7.0,7.0,7.0,5.0,0.0,0.0,,0.0,,0.0,0.0,,0.0,0.0,359.0,12.0,0.0,,5.0,,,,0.0,0.0,0.0,0.0,1699.0,0.0,0.0,7.0,7.0,7.0,7.0,1887.0,,192.0,,11.0,,10962.0,,2352.0,,194.0,,830.1,750.1,644.1,577.7,552.4,12.3,8.9,,,724.1,169.1,101.1,115.6,90.3,4.6,4.3,0.0,0.0,0.0,1.0,1.0,1.0,1.0,1.0
2021-07-02,050025,CA,50025.0,UC SAN DIEGO HEALTH HILLCREST - HILLCREST MED CTR,,,92103.0,,6073.0,,,20230623.0,1.0,5810.0,5250.0,4508.0,4042.0,3853.0,89.0,68.0,7.0,7.0,5068.0,1183.0,707.0,764.0,575.0,26.0,25.0,0.0,0.0,0.0,7.0,7.0,7.0,7.0,7.0,7.0,7.0,7.0,7.0,7.0,7.0,7.0,7.0,7.0,7.0,7.0,7.0,7.0,7.0,5.0,0.0,0.0,0.0,,,0.0,,0.0,0.0,0.0,366.0,13.0,0.0,,4.0,0.0,4.0,,,0.0,0.0,0.0,1729.0,0.0,0.0,7.0,7.0,7.0,7.0,122.0,,35.0,,,,10734.0,,2347.0,,193.0,,830.0,750.0,644.0,577.4,550.4,12.7,9.7,,,724.0,169.0,101.0,109.1,82.1,,5.2,0.0,0.0,0.0,1.0,1.0,0.0,0.0,1.0
2021-07-09,050025,CA,50025.0,UC SAN DIEGO HEALTH HILLCREST - HILLCREST MED CTR,,,92103.0,,6073.0,,,20230623.0,1.0,5811.0,5251.0,4509.0,4146.0,3948.0,82.0,69.0,7.0,7.0,5069.0,1183.0,707.0,818.0,619.0,25.0,24.0,0.0,0.0,0.0,7.0,7.0,7.0,7.0,7.0,7.0,7.0,7.0,7.0,7.0,7.0,7.0,7.0,7.0,7.0,7.0,7.0,7.0,7.0,5.0,0.0,0.0,,,0.0,0.0,,0.0,0.0,0.0,379.0,10.0,0.0,,,,0.0,,,0.0,0.0,0.0,1682.0,0.0,0.0,7.0,7.0,7.0,7.0,223.0,,86.0,,12.0,,10736.0,,2337.0,,200.0,,830.1,750.1,644.1,592.3,564.0,11.7,9.9,,,724.1,169.0,101.0,116.9,88.4,,6.1,0.0,0.0,0.0,1.0,1.0,0.0,1.0,1.0
2021-07-16,050025,CA,50025.0,UC SAN DIEGO HEALTH HILLCREST - HILLCREST MED CTR,,,92103.0,,6073.0,,,20230623.0,1.0,5810.0,5250.0,4508.0,3907.0,3718.0,127.0,102.0,0.0,0.0,5068.0,1183.0,707.0,782.0,593.0,54.0,49.0,0.0,0.0,0.0,7.0,7.0,7.0,7.0,7.0,7.0,7.0,7.0,7.0,7.0,7.0,7.0,7.0,7.0,7.0,7.0,7.0,7.0,7.0,9.0,0.0,,4.0,,0.0,0.0,,,0.0,0.0,418.0,17.0,0.0,4.0,7.0,0.0,0.0,5.0,,0.0,0.0,0.0,1676.0,0.0,0.0,7.0,7.0,7.0,7.0,105.0,,142.0,,10.0,,10725.0,,2332.0,,203.0,,830.0,750.0,644.0,558.1,531.1,18.1,14.6,0.0,0.0,724.0,169.0,101.0,111.7,84.7,7.7,7.0,0.0,0.0,0.0,1.0,1.0,1.0,1.0,1.0
2021-07-23,050025,CA,50025.0,UC SAN DIEGO HEALTH HILLCREST - HILLCREST MED CTR,,,92103.0,,6073.0,,,20230623.0,1.0,5810.0,5250.0,4508.0,4099.0,3915.0,196.0,168.0,,0.0,5068.0,1183.0,707.0,790.0,607.0,53.0,51.0,0.0,0.0,0.0,7.0,7.0,7.0,7.0,7.0,7.0,7.0,7.0,7.0,7.0,7.0,7.0,7.0,7.0,7.0,7.0,7.0,7.0,7.0,17.0,0.0,0.0,6.0,5.0,0.0,,,,0.0,0.0,489.0,14.0,0.0,,8.0,,,,0.0,0.0,0.0,,1703.0,0.0,0.0,7.0,7.0,7.0,7.0,73.0,,134.0,,17.0,,10768.0,,2326.0,,212.0,,830.0,750.0,644.0,585.6,559.3,28.0,24.0,,0.0,724.0,169.0,101.0,112.9,86.7,7.6,7.3,0.0,0.0,0.0,1.0,1.0,1.0,1.0,1.0
2021-07-30,050025,CA,50025.0,UC SAN DIEGO HEALTH HILLCREST - HILLCREST MED CTR,,,92103.0,,6073.0,,,20230623.0,1.0,5810.0,5250.0,4508.0,4151.0,3922.0,249.0,209.0,0.0,0.0,5068.0,1183.0,707.0,840.0,611.0,68.0,66.0,0.0,0.0,0.0,7.0,7.0,7.0,7.0,7.0,7.0,7.0,7.0,7.0,7.0,7.0,7.0,7.0,7.0,7.0,7.0,7.0,7.0,7.0,14.0,0.0,4.0,,,4.0,,,0.0,0.0,0.0,524.0,19.0,0.0,,9.0,,0.0,5.0,,0.0,0.0,0.0,1685.0,0.0,0.0,7.0,7.0,7.0,7.0,74.0,,140.0,,32.0,,10771.0,,2309.0,,231.0,,830.0,750.0,644.0,593.0,560.3,35.6,29.9,0.0,0.0,724.0,169.0,101.0,120.0,87.3,9.7,9.4,0.0,0.0,0.0,1.0,1.0,1.0,1.0,1.0
2020-11-06,050262,CA,50262.0,RONALD REAGAN UCLA MEDICAL CENTER,,,90095.0,,6037.0,,,20230623.0,1.0,3199.0,2723.0,2492.0,2764.0,2391.0,216.0,120.0,,0.0,2968.0,1085.0,763.0,998.0,713.0,70.0,66.0,0.0,0.0,0.0,7.0,7.0,7.0,7.0,7.0,7.0,7.0,7.0,7.0,7.0,7.0,7.0,7.0,7.0,7.0,7.0,7.0,7.0,7.0,0.0,0.0,0.0,0.0,0.0,0.0,0.0,0.0,0.0,0.0,0.0,123.0,0.0,0.0,0.0,0.0,0.0,0.0,0.0,0.0,0.0,0.0,0.0,766.0,0.0,0.0,7.0,7.0,7.0,7.0,,,,,,,,,,,,,457.0,389.0,356.0,394.9,341.6,30.9,17.1,,0.0,424.0,155.0,109.0,142.6,101.9,10.0,9.4,0.0,0.0,0.0,1.0,1.0,1.0,1.0,1.0
2020-11-13,050262,CA,50262.0,RONALD REAGAN UCLA MEDICAL CENTER,,,90095.0,,6037.0,,,20230623.0,1.0,2742.0,2334.0,2136.0,2373.0,2063.0,186.0,107.0,10.0,0.0,2544.0,930.0,654.0,819.0,616.0,80.0,71.0,0.0,0.0,0.0,6.0,6.0,6.0,6.0,6.0,6.0,6.0,6.0,6.0,6.0,6.0,6.0,6.0,6.0,6.0,6.0,6.0,6.0,6.0,0.0,0.0,0.0,0.0,0.0,0.0,0.0,0.0,0.0,0.0,0.0,126.0,0.0,0.0,0.0,0.0,0.0,0.0,0.0,0.0,0.0,0.0,0.0,710.0,0.0,0.0,6.0,6.0,6.0,6.0,,,,,,,,,,,,,457.0,389.0,356.0,395.5,343.8,31.0,17.8,,0.0,424.0,155.0,109.0,136.5,102.7,13.3,11.8,0.0,0.0,0.0,1.0,1.0,1.0,1.0,1.0
2020-11-20,050262,CA,50262.0,RONALD REAGAN UCLA MEDICAL CENTER,,,90095.0,,6037.0,,,20230623.0,1.0,3199.0,2723.0,2492.0,2740.0,2407.0,271.0,180.0,11.0,,2968.0,1085.0,763.0,946.0,728.0,114.0,90.0,0.0,0.0,0.0,7.0,7.0,7.0,7.0,7.0,7.0,7.0,7.0,7.0,7.0,7.0,7.0,7.0,7.0,7.0,7.0,7.0,7.0,7.0,0.0,0.0,0.0,0.0,0.0,0.0,0.0,0.0,0.0,0.0,0.0,158.0,0.0,0.0,0.0,0.0,0.0,0.0,0.0,0.0,0.0,0.0,0.0,827.0,0.0,0.0,7.0,7.0,7.0,7.0,,,,,,,,,,,,,457.0,389.0,356.0,391.4,343.9,38.7,25.7,,,424.0,155.0,109.0,135.1,104.0,16.3,12.9,0.0,0.0,0.0,1.0,1.0,1.0,1.0,1.0
2020-11-27,050262,CA,50262.0,RONALD REAGAN UCLA MEDICAL CENTER,,,90095.0,,6037.0,,,20230623.0,1.0,2742.0,2334.0,2136.0,2301.0,2034.0,253.0,183.0,10.0,,2544.0,930.0,654.0,788.0,621.0,82.0,73.0,0.0,0.0,0.0,6.0,6.0,6.0,6.0,6.0,6.0,6.0,6.0,6.0,6.0,6.0,6.0,6.0,6.0,6.0,6.0,6.0,6.0,6.0,10.0,,0.0,,0.0,,4.0,0.0,,0.0,,149.0,0.0,0.0,0.0,0.0,0.0,0.0,0.0,0.0,0.0,0.0,0.0,696.0,0.0,0.0,6.0,6.0,6.0,6.0,,,,,,,,,,,,,457.0,389.0,356.0,383.5,339.0,42.2,30.5,,,424.0,155.0,109.0,131.3,103.5,13.7,12.2,0.0,0.0,0.0,1.0,1.0,1.0,1.0,1.0
2020-12-04,050262,CA,50262.0,RONALD REAGAN UCLA MEDICAL CENTER,,,90095.0,,6037.0,,,20230623.0,1.0,3199.0,2723.0,2492.0,2761.0,2389.0,372.0,265.0,12.0,7.0,2968.0,1085.0,763.0,922.0,718.0,130.0,118.0,0.0,0.0,0.0,7.0,7.0,7.0,7.0,7.0,7.0,7.0,7.0,7.0,7.0,7.0,7.0,7.0,7.0,7.0,7.0,7.0,7.0,7.0,44.0,0.0,,5.0,7.0,9.0,11.0,5.0,5.0,0.0,,191.0,0.0,0.0,0.0,0.0,0.0,0.0,0.0,0.0,0.0,0.0,0.0,757.0,0.0,0.0,7.0,7.0,7.0,7.0,,,,,,,,,,,,,457.0,389.0,356.0,394.4,341.3,53.1,37.9,,,424.0,155.0,109.0,131.7,102.6,18.6,16.9,0.0,0.0,0.0,1.0,1.0,1.0,1.0,1.0
2020-12-11,050262,CA,50262.0,RONALD REAGAN UCLA MEDICAL CENTER,,,90095.0,,6037.0,,,20230623.0,1.0,3199.0,2723.0,2492.0,2753.0,2410.0,482.0,342.0,20.0,11.0,2968.0,1085.0,763.0,964.0,718.0,149.0,135.0,0.0,0.0,0.0,7.0,7.0,7.0,7.0,7.0,7.0,7.0,7.0,7.0,7.0,7.0,7.0,7.0,7.0,7.0,7.0,7.0,7.0,7.0,44.0,,6.0,0.0,5.0,4.0,14.0,12.0,,0.0,5.0,224.0,0.0,0.0,0.0,0.0,0.0,0.0,0.0,0.0,0.0,0.0,0.0,893.0,0.0,0.0,7.0,7.0,7.0,7.0,,,,,,,,,,,,,457.0,389.0,356.0,393.3,344.3,68.9,48.9,,,424.0,155.0,109.0,137.7,102.6,21.3,19.3,0.0,0.0,0.0,1.0,1.0,1.0,1.0,1.0
2020-12-18,050262,CA,50262.0,RONALD REAGAN UCLA MEDICAL CENTER,,,90095.0,,6037.0,,,20230623.0,1.0,3199.0,2723.0,2492.0,2675.0,2351.0,647.0,542.0,11.0,11.0,2968.0,1085.0,763.0,926.0,688.0,199.0,199.0,0.0,0.0,0.0,7.0,7.0,7.0,7.0,7.0,7.0,7.0,7.0,7.0,7.0,7.0,7.0,7.0,7.0,7.0,7.0,7.0,7.0,7.0,86.0,,6.0,9.0,9.0,11.0,15.0,16.0,19.0,0.0,,260.0,0.0,0.0,0.0,0.0,0.0,0.0,0.0,0.0,0.0,0.0,0.0,853.0,0.0,0.0,7.0,7.0,7.0,7.0,,,,,,,,,,,,,457.0,389.0,356.0,382.1,335.9,92.4,77.4,,,424.0,155.0,109.0,132.3,98.3,28.4,28.4,0.0,0.0,0.0,1.0,1.0,1.0,1.0,1.0
2020-12-25,050262,CA,50262.0,RONALD REAGAN UCLA MEDICAL CENTER,,,90095.0,,6037.0,,,20230623.0,1.0,3199.0,2723.0,2492.0,2636.0,2363.0,783.0,661.0,19.0,5.0,2968.0,1085.0,763.0,887.0,713.0,271.0,249.0,0.0,0.0,0.0,7.0,7.0,7.0,7.0,7.0,7.0,7.0,7.0,7.0,7.0,7.0,7.0,7.0,7.0,7.0,7.0,7.0,7.0,7.0,58.0,,,4.0,8.0,12.0,16.0,9.0,7.0,0.0,,237.0,13.0,0.0,4.0,4.0,,,,0.0,,0.0,,884.0,0.0,0.0,7.0,7.0,7.0,7.0,,,,,,,,,,,,,457.0,389.0,356.0,376.6,337.6,111.9,94.4,,,424.0,155.0,109.0,126.7,101.9,38.7,35.6,0.0,0.0,0.0,1.0,1.0,1.0,1.0,1.0
2021-01-01,050262,CA,50262.0,RONALD REAGAN UCLA MEDICAL CENTER,,,90095.0,,6037.0,,,20230623.0,1.0,3199.0,2723.0,2492.0,2693.0,2387.0,748.0,635.0,24.0,15.0,2968.0,1085.0,763.0,927.0,717.0,288.0,278.0,0.0,0.0,0.0,7.0,7.0,7.0,7.0,7.0,7.0,7.0,7.0,7.0,7.0,7.0,7.0,7.0,7.0,7.0,7.0,7.0,7.0,7.0,84.0,0.0,,9.0,9.0,17.0,21.0,9.0,16.0,0.0,4.0,248.0,10.0,0.0,4.0,0.0,0.0,,,0.0,,0.0,,779.0,0.0,0.0,7.0,7.0,7.0,7.0,,,,,,,,,,,,,457.0,389.0,356.0,384.7,341.0,106.9,90.7,,,424.0,155.0,109.0,132.4,102.4,41.1,39.7,0.0,0.0,0.0,1.0,1.0,1.0,1.0,1.0
2021-01-08,050262,CA,50262.0,RONALD REAGAN UCLA MEDICAL CENTER,,,90095.0,,6037.0,,,20230623.0,1.0,3199.0,2723.0,2492.0,2655.0,2355.0,817.0,705.0,21.0,21.0,2968.0,1085.0,763.0,914.0,696.0,268.0,268.0,0.0,0.0,0.0,7.0,7.0,7.0,7.0,7.0,7.0,7.0,7.0,7.0,7.0,7.0,7.0,7.0,7.0,7.0,7.0,7.0,7.0,7.0,87.0,0.0,9.0,6.0,12.0,23.0,14.0,4.0,19.0,0.0,,199.0,0.0,0.0,0.0,0.0,0.0,0.0,0.0,0.0,0.0,0.0,0.0,780.0,0.0,0.0,7.0,7.0,7.0,7.0,,,,,,,,,,,,,457.0,389.0,356.0,379.3,336.4,116.7,100.7,,,424.0,155.0,109.0,130.6,99.4,38.3,38.3,0.0,0.0,0.0,1.0,1.0,1.0,1.0,1.0
2021-01-15,050262,CA,50262.0,RONALD REAGAN UCLA MEDICAL CENTER,,,90095.0,,6037.0,,,20230623.0,1.0,3211.0,2735.0,2504.0,2739.0,2427.0,820.0,708.0,23.0,17.0,2980.0,1097.0,775.0,975.0,732.0,299.0,281.0,0.0,0.0,0.0,7.0,7.0,7.0,7.0,7.0,7.0,7.0,7.0,7.0,7.0,7.0,7.0,7.0,7.0,7.0,7.0,7.0,7.0,7.0,45.0,0.0,,,,7.0,9.0,9.0,13.0,0.0,,206.0,0.0,0.0,0.0,0.0,0.0,0.0,0.0,0.0,0.0,0.0,0.0,808.0,0.0,0.0,7.0,7.0,7.0,7.0,,,,,,,,,,,,,458.7,390.7,357.7,391.3,346.7,117.1,101.1,,,425.7,156.7,110.7,139.3,104.6,42.7,40.1,0.0,0.0,0.0,1.0,1.0,1.0,1.0,1.0
2021-01-22,050262,CA,50262.0,RONALD REAGAN UCLA MEDICAL CENTER,,,90095.0,,6037.0,,,20230623.0,1.0,3220.0,2744.0,2513.0,2763.0,2398.0,632.0,510.0,23.0,23.0,2989.0,1106.0,784.0,955.0,723.0,215.0,215.0,0.0,0.0,0.0,7.0,7.0,7.0,7.0,7.0,7.0,7.0,7.0,7.0,7.0,7.0,7.0,7.0,7.0,7.0,7.0,7.0,7.0,7.0,49.0,0.0,5.0,,6.0,15.0,8.0,7.0,6.0,0.0,,158.0,0.0,0.0,0.0,0.0,0.0,0.0,0.0,0.0,0.0,0.0,0.0,737.0,0.0,0.0,7.0,7.0,7.0,7.0,,,,,,,,,,,,,460.0,392.0,359.0,394.7,342.6,90.3,72.9,,,427.0,158.0,112.0,136.4,103.3,30.7,30.7,0.0,0.0,0.0,1.0,1.0,1.0,1.0,1.0
2021-01-29,050262,CA,50262.0,RONALD REAGAN UCLA MEDICAL CENTER,,,90095.0,,6037.0,,,20230623.0,1.0,3220.0,2744.0,2513.0,2839.0,2479.0,552.0,461.0,6.0,6.0,2989.0,1106.0,784.0,973.0,728.0,217.0,201.0,0.0,0.0,0.0,7.0,7.0,7.0,7.0,7.0,7.0,7.0,7.0,7.0,7.0,7.0,7.0,7.0,7.0,7.0,7.0,7.0,7.0,7.0,30.0,,,5.0,,5.0,6.0,5.0,,0.0,0.0,189.0,0.0,0.0,0.0,0.0,0.0,0.0,0.0,0.0,0.0,0.0,0.0,807.0,0.0,0.0,7.0,7.0,7.0,7.0,11536.0,,18236.0,,29772.0,,11536.0,,8196.0,,18236.0,,460.0,392.0,359.0,405.6,354.1,78.9,65.9,,,427.0,158.0,112.0,139.0,104.0,31.0,28.7,0.0,0.0,0.0,1.0,1.0,1.0,1.0,1.0
2021-02-05,050262,CA,50262.0,RONALD REAGAN UCLA MEDICAL CENTER,,,90095.0,,6037.0,,,20230623.0,1.0,3220.0,2744.0,2513.0,2864.0,2470.0,502.0,413.0,0.0,0.0,2989.0,1106.0,784.0,989.0,721.0,198.0,198.0,0.0,0.0,0.0,7.0,7.0,7.0,7.0,7.0,7.0,7.0,7.0,7.0,7.0,7.0,7.0,7.0,7.0,7.0,7.0,7.0,7.0,7.0,36.0,0.0,,,5.0,6.0,10.0,9.0,4.0,0.0,0.0,157.0,0.0,0.0,0.0,0.0,0.0,0.0,0.0,0.0,0.0,0.0,0.0,800.0,0.0,0.0,7.0,7.0,7.0,7.0,2789.0,,353.0,,3143.0,,14325.0,,8161.0,,18589.0,,460.0,392.0,359.0,409.1,352.9,71.7,59.0,0.0,0.0,427.0,158.0,112.0,141.3,103.0,28.3,28.3,0.0,0.0,0.0,1.0,1.0,1.0,1.0,1.0
2021-02-12,050262,CA,50262.0,RONALD REAGAN UCLA MEDICAL CENTER,,,90095.0,,6037.0,,,20230623.0,1.0,3220.0,2744.0,2513.0,2746.0,2382.0,335.0,293.0,8.0,,2989.0,1106.0,784.0,919.0,676.0,165.0,145.0,0.0,0.0,0.0,7.0,7.0,7.0,7.0,7.0,7.0,7.0,7.0,7.0,7.0,7.0,7.0,7.0,7.0,7.0,7.0,7.0,7.0,7.0,18.0,0.0,,,,,,,6.0,0.0,,130.0,35.0,0.0,,5.0,5.0,8.0,8.0,6.0,0.0,0.0,,791.0,0.0,0.0,7.0,7.0,7.0,7.0,731.0,,302.0,,1033.0,,15056.0,,7920.0,,18891.0,,460.0,392.0,359.0,392.3,340.3,47.9,41.9,,,427.0,158.0,112.0,131.3,96.6,23.6,20.7,0.0,0.0,0.0,1.0,1.0,1.0,1.0,1.0
2021-02-19,050262,CA,50262.0,RONALD REAGAN UCLA MEDICAL CENTER,,,90095.0,,6037.0,,,20230623.0,1.0,3220.0,2744.0,2513.0,2615.0,2300.0,209.0,177.0,5.0,5.0,2989.0,1106.0,784.0,855.0,641.0,115.0,112.0,0.0,0.0,0.0,7.0,7.0,7.0,7.0,7.0,7.0,7.0,7.0,7.0,7.0,7.0,7.0,7.0,7.0,7.0,7.0,7.0,7.0,7.0,7.0,0.0,,,0.0,,,0.0,,0.0,,117.0,23.0,0.0,5.0,,,5.0,,4.0,0.0,0.0,,785.0,0.0,0.0,7.0,7.0,7.0,7.0,856.0,,233.0,,1089.0,,15912.0,,7828.0,,19124.0,,460.0,392.0,359.0,373.6,328.6,29.9,25.3,,,427.0,158.0,112.0,122.1,91.6,16.4,16.0,0.0,0.0,0.0,1.0,1.0,1.0,1.0,1.0
2021-02-26,050262,CA,50262.0,RONALD REAGAN UCLA MEDICAL CENTER,,,90095.0,,6037.0,,,20230623.0,1.0,3220.0,2744.0,2513.0,2710.0,2422.0,136.0,112.0,,,2989.0,1106.0,784.0,960.0,726.0,86.0,86.0,0.0,0.0,0.0,7.0,7.0,7.0,7.0,7.0,7.0,7.0,7.0,7.0,7.0,7.0,7.0,7.0,7.0,7.0,7.0,7.0,7.0,7.0,5.5,0.0,0.0,,0.0,0.0,,0.0,,0.0,,124.0,0.0,0.0,0.0,0.0,0.0,0.0,0.0,0.0,0.0,0.0,0.0,788.0,0.0,0.0,7.0,7.0,7.0,7.0,530.0,,250.0,,780.0,,16442.0,,7577.0,,19374.0,,460.0,392.0,359.0,387.1,346.0,19.4,16.0,,,427.0,158.0,112.0,137.1,103.7,12.3,12.3,0.0,0.0,0.0,1.0,1.0,1.0,0.0,1.0
2021-03-05,050262,CA,50262.0,RONALD REAGAN UCLA MEDICAL CENTER,,,90095.0,,6037.0,,,20230623.0,1.0,3220.0,2744.0,2513.0,2711.0,2392.0,107.0,89.0,15.0,13.0,2989.0,1106.0,784.0,965.0,716.0,70.0,70.0,0.0,0.0,0.0,7.0,7.0,7.0,7.0,7.0,7.0,7.0,7.0,7.0,7.0,7.0,7.0,7.0,7.0,7.0,7.0,7.0,7.0,7.0,4.0,0.0,0.0,,0.0,,,0.0,,0.0,,113.0,0.0,0.0,0.0,0.0,0.0,0.0,0.0,0.0,0.0,0.0,0.0,823.0,0.0,0.0,7.0,7.0,7.0,7.0,463.0,,130.0,,593.0,,16905.0,,7566.0,,19504.0,,460.0,392.0,359.0,387.3,341.7,15.3,12.7,,,427.0,158.0,112.0,137.9,102.3,10.0,10.0,0.0,0.0,0.0,1.0,1.0,1.0,1.0,1.0
2021-03-12,050262,CA,50262.0,RONALD REAGAN UCLA MEDICAL CENTER,,,90095.0,,6037.0,,,20230623.0,1.0,3220.0,2744.0,2513.0,2705.0,2423.0,101.0,69.0,9.0,9.0,2989.0,1106.0,784.0,941.0,725.0,48.0,48.0,0.0,0.0,0.0,7.0,7.0,7.0,7.0,7.0,7.0,7.0,7.0,7.0,7.0,7.0,7.0,7.0,7.0,7.0,7.0,7.0,7.0,7.0,10.0,0.0,0.0,0.0,,,,,,0.0,,119.0,0.0,0.0,0.0,0.0,0.0,0.0,0.0,0.0,0.0,0.0,0.0,818.0,0.0,0.0,7.0,7.0,7.0,7.0,298.0,,159.0,,457.0,,17203.0,,7496.0,,19663.0,,460.0,392.0,359.0,386.4,346.1,14.4,9.9,,,427.0,158.0,112.0,134.4,103.6,6.9,6.9,0.0,0.0,0.0,1.0,1.0,1.0,1.0,1.0
2021-03-19,050262,CA,50262.0,RONALD REAGAN UCLA MEDICAL CENTER,,,90095.0,,6037.0,,,20230623.0,1.0,3220.0,2744.0,2513.0,2721.0,2423.0,72.0,42.0,5.0,4.0,2989.0,1106.0,784.0,953.0,724.0,27.0,27.0,0.0,0.0,0.0,7.0,7.0,7.0,7.0,7.0,7.0,7.0,7.0,7.0,7.0,7.0,7.0,7.0,7.0,7.0,7.0,7.0,7.0,7.0,8.0,0.0,,,0.0,0.0,0.0,0.0,,0.0,,129.0,5.0,0.0,0.0,,0.0,,,,0.0,0.0,0.0,871.0,0.0,0.0,7.0,7.0,7.0,7.0,199.0,,137.0,,336.0,,17402.0,,7389.0,,19800.0,,460.0,392.0,359.0,388.7,346.1,10.3,6.0,,,427.0,158.0,112.0,136.1,103.4,,6.325,0.0,0.0,0.0,1.0,1.0,0.0,0.0,1.0
2021-03-26,050262,CA,50262.0,RONALD REAGAN UCLA MEDICAL CENTER,,,90095.0,,6037.0,,,20230623.0,1.0,3220.0,2744.0,2513.0,2791.0,2429.0,72.0,50.0,,0.0,2989.0,1106.0,784.0,997.0,735.0,24.0,24.0,0.0,0.0,0.0,7.0,7.0,7.0,7.0,7.0,7.0,7.0,7.0,7.0,7.0,7.0,7.0,7.0,7.0,7.0,7.0,7.0,7.0,7.0,6.0,0.0,0.0,0.0,,,0.0,0.0,,0.0,0.0,123.0,3.333333333333333,0.0,0.0,,,0.0,0.0,,0.0,0.0,0.0,910.0,0.0,0.0,7.0,7.0,7.0,7.0,130.0,,178.0,,308.0,,17532.0,,7264.0,,19978.0,,460.0,392.0,359.0,398.7,347.0,10.3,7.1,,0.0,427.0,158.0,112.0,142.4,105.0,,5.75,0.0,0.0,0.0,1.0,1.0,0.0,0.0,0.0
2021-04-02,050262,CA,50262.0,RONALD REAGAN UCLA MEDICAL CENTER,,,90095.0,,6037.0,,,20230623.0,1.0,3220.0,2744.0,2513.0,2781.0,2439.0,42.0,33.0,,0.0,2989.0,1106.0,784.0,981.0,740.0,24.0,22.0,0.0,0.0,0.0,7.0,7.0,7.0,7.0,7.0,7.0,7.0,7.0,7.0,7.0,7.0,7.0,7.0,7.0,7.0,7.0,7.0,7.0,7.0,4.0,0.0,0.0,,0.0,,0.0,0.0,0.0,0.0,0.0,140.0,1.6666666666666665,0.0,,0.0,0.0,0.0,0.0,0.0,0.0,0.0,0.0,923.0,0.0,0.0,7.0,7.0,7.0,7.0,123.0,,196.0,,319.0,,17655.0,,7122.0,,20174.0,,460.0,392.0,359.0,397.3,348.4,6.0,4.7,,0.0,427.0,158.0,112.0,140.1,105.7,,5.175,0.0,0.0,0.0,1.0,1.0,0.0,0.0,0.0
2021-04-09,050262,CA,50262.0,RONALD REAGAN UCLA MEDICAL CENTER,,,90095.0,,6037.0,,,20230623.0,1.0,3220.0,2744.0,2513.0,2789.0,2424.0,65.0,49.0,0.0,0.0,2989.0,1106.0,784.0,1001.0,730.0,32.0,32.0,0.0,0.0,0.0,7.0,7.0,7.0,7.0,7.0,7.0,7.0,7.0,7.0,7.0,7.0,7.0,7.0,7.0,7.0,7.0,7.0,7.0,7.0,2.0,0.0,0.0,0.0,0.0,,,0.0,0.0,0.0,0.0,120.0,0.0,0.0,0.0,0.0,0.0,0.0,0.0,0.0,0.0,0.0,0.0,952.0,0.0,0.0,7.0,7.0,7.0,7.0,84.0,,127.0,,211.0,,17739.0,,7053.0,,20301.0,,460.0,392.0,359.0,398.4,346.3,9.3,7.0,0.0,0.0,427.0,158.0,112.0,143.0,104.3,4.6,4.6,0.0,0.0,0.0,1.0,1.0,1.0,0.0,1.0
2021-04-16,050262,CA,50262.0,RONALD REAGAN UCLA MEDICAL CENTER,,,90095.0,,6037.0,,,20230623.0,1.0,3220.0,2744.0,2513.0,2796.0,2439.0,67.0,54.0,0.0,0.0,2989.0,1106.0,784.0,999.0,738.0,31.0,30.0,0.0,0.0,0.0,7.0,7.0,7.0,7.0,7.0,7.0,7.0,7.0,7.0,7.0,7.0,7.0,7.0,7.0,7.0,7.0,7.0,7.0,7.0,0.0,0.0,0.0,0.0,0.0,0.0,0.0,0.0,0.0,0.0,0.0,137.0,0.0,0.0,0.0,0.0,0.0,0.0,0.0,0.0,0.0,0.0,0.0,1005.0,0.0,0.0,7.0,7.0,7.0,7.0,83.0,,69.0,,152.0,,17822.0,,7106.0,,20370.0,,460.0,392.0,359.0,399.4,348.4,9.6,7.7,0.0,0.0,427.0,158.0,112.0,142.7,105.4,4.4,4.3,0.0,0.0,0.0,1.0,1.0,1.0,1.0,1.0
2021-04-23,050262,CA,50262.0,RONALD REAGAN UCLA MEDICAL CENTER,,,90095.0,,6037.0,,,20230623.0,1.0,3220.0,2744.0,2513.0,2837.0,2497.0,49.0,42.0,0.0,0.0,2989.0,1106.0,784.0,997.0,735.0,37.0,37.0,0.0,0.0,0.0,7.0,7.0,7.0,7.0,7.0,7.0,7.0,7.0,7.0,7.0,7.0,7.0,7.0,7.0,7.0,7.0,7.0,7.0,7.0,0.0,0.0,0.0,0.0,0.0,0.0,0.0,0.0,0.0,0.0,0.0,143.0,0.0,0.0,0.0,0.0,0.0,0.0,0.0,0.0,0.0,0.0,0.0,935.0,0.0,0.0,7.0,7.0,7.0,7.0,83.0,,69.0,,152.0,,17822.0,,7106.0,,20370.0,,460.0,392.0,359.0,405.3,356.7,7.0,6.0,0.0,0.0,427.0,158.0,112.0,142.4,105.0,5.3,5.3,0.0,0.0,0.0,1.0,1.0,1.0,1.0,1.0
2021-04-30,050262,CA,50262.0,RONALD REAGAN UCLA MEDICAL CENTER,,,90095.0,,6037.0,,,20230623.0,1.0,3220.0,2744.0,2513.0,2753.0,2442.0,60.0,51.0,0.0,0.0,2989.0,1106.0,784.0,964.0,726.0,38.0,38.0,0.0,0.0,0.0,7.0,7.0,7.0,7.0,7.0,7.0,7.0,7.0,7.0,7.0,7.0,7.0,7.0,7.0,7.0,7.0,7.0,7.0,7.0,0.0,0.0,0.0,,0.0,,0.0,0.0,,,0.0,136.0,0.0,0.0,0.0,0.0,0.0,0.0,0.0,0.0,0.0,,0.0,976.0,0.0,0.0,7.0,7.0,7.0,7.0,83.0,,69.0,,152.0,,17822.0,,7106.0,,20370.0,,460.0,392.0,359.0,393.3,348.9,8.6,7.3,0.0,0.0,427.0,158.0,112.0,137.7,103.7,5.4,5.4,0.0,0.0,0.0,1.0,1.0,1.0,0.0,1.0
2021-05-07,050262,CA,50262.0,RONALD REAGAN UCLA MEDICAL CENTER,,,90095.0,,6037.0,,,20230623.0,1.0,3220.0,2744.0,2513.0,2782.0,2444.0,60.0,53.0,0.0,0.0,2989.0,1106.0,784.0,993.0,738.0,32.0,32.0,0.0,0.0,0.0,7.0,7.0,7.0,7.0,7.0,7.0,7.0,7.0,7.0,7.0,7.0,7.0,7.0,7.0,7.0,7.0,7.0,7.0,7.0,0.0,0.0,0.0,0.0,0.0,0.0,0.0,0.0,0.0,0.0,0.0,128.0,0.0,0.0,0.0,0.0,0.0,0.0,0.0,0.0,0.0,0.0,0.0,978.0,0.0,0.0,7.0,7.0,7.0,7.0,83.0,,69.0,,152.0,,17822.0,,7106.0,,20370.0,,460.0,392.0,359.0,397.4,349.1,8.6,7.6,0.0,0.0,427.0,158.0,112.0,141.9,105.4,4.6,4.6,0.0,0.0,0.0,1.0,1.0,1.0,1.0,1.0
2021-05-14,050262,CA,50262.0,RONALD REAGAN UCLA MEDICAL CENTER,,,90095.0,,6037.0,,,20230623.0,1.0,3220.0,2744.0,2513.0,2803.0,2447.0,39.0,32.0,0.0,0.0,2989.0,1106.0,784.0,976.0,741.0,21.0,20.0,0.0,0.0,0.0,7.0,7.0,7.0,7.0,7.0,7.0,7.0,7.0,7.0,7.0,7.0,7.0,7.0,7.0,7.0,7.0,7.0,7.0,7.0,0.0,0.0,0.0,0.0,0.0,0.0,0.0,0.0,0.0,0.0,0.0,129.0,0.0,0.0,0.0,0.0,0.0,0.0,0.0,0.0,0.0,0.0,0.0,923.0,0.0,0.0,7.0,7.0,7.0,7.0,625.0,,324.0,,949.0,,18447.0,,6776.0,,20694.0,,460.0,392.0,359.0,400.4,349.6,5.6,4.6,0.0,0.0,427.0,158.0,112.0,139.4,105.9,,4.688888888888888,0.0,0.0,0.0,1.0,1.0,0.0,1.0,1.0
2021-05-21,050262,CA,50262.0,RONALD REAGAN UCLA MEDICAL CENTER,,,90095.0,,6037.0,,,20230623.0,1.0,3220.0,2744.0,2513.0,2686.0,2324.0,52.0,38.0,0.0,0.0,2989.0,1106.0,784.0,971.0,745.0,26.0,20.0,0.0,0.0,0.0,7.0,7.0,7.0,7.0,7.0,7.0,7.0,7.0,7.0,7.0,7.0,7.0,7.0,7.0,7.0,7.0,7.0,7.0,7.0,0.0,0.0,0.0,0.0,,0.0,0.0,0.0,0.0,0.0,0.0,134.0,0.0,0.0,0.0,0.0,0.0,0.0,0.0,0.0,0.0,0.0,0.0,960.0,0.0,0.0,7.0,7.0,7.0,7.0,85.0,,110.0,,195.0,,18532.0,,6596.0,,2357.0,,460.0,392.0,359.0,383.7,332.0,7.4,5.4,0.0,0.0,427.0,158.0,112.0,138.7,106.4,,4.777777777777778,0.0,0.0,0.0,1.0,1.0,0.0,0.0,1.0
2021-05-28,050262,CA,50262.0,RONALD REAGAN UCLA MEDICAL CENTER,,,90095.0,,6037.0,,,20230623.0,1.0,3220.0,2744.0,2513.0,2734.0,2427.0,26.0,19.0,0.0,0.0,2989.0,1106.0,784.0,945.0,749.0,7.0,7.0,0.0,0.0,0.0,7.0,7.0,7.0,7.0,7.0,7.0,7.0,7.0,7.0,7.0,7.0,7.0,7.0,7.0,7.0,7.0,7.0,7.0,7.0,0.0,0.0,0.0,0.0,0.0,0.0,0.0,0.0,0.0,0.0,0.0,139.0,0.0,0.0,0.0,0.0,0.0,0.0,0.0,0.0,0.0,0.0,0.0,1013.0,0.0,0.0,7.0,7.0,7.0,7.0,59.0,,0.0,,59.0,,18591.0,,6641.0,,2357.0,,460.0,392.0,359.0,390.6,346.7,,,0.0,0.0,427.0,158.0,112.0,135.0,107.0,,4.866666666666666,0.0,0.0,0.0,1.0,1.0,0.0,1.0,1.0
2021-06-04,050262,CA,50262.0,RONALD REAGAN UCLA MEDICAL CENTER,,,90095.0,,6037.0,,,20230623.0,1.0,3220.0,2744.0,2513.0,2712.0,2411.0,54.0,41.0,,0.0,2989.0,1106.0,784.0,951.0,734.0,27.0,26.0,0.0,0.0,0.0,7.0,7.0,7.0,7.0,7.0,7.0,7.0,7.0,7.0,7.0,7.0,7.0,7.0,7.0,7.0,7.0,7.0,7.0,7.0,0.0,0.0,0.0,,,0.0,0.0,0.0,0.0,0.0,0.0,129.0,0.0,0.0,0.0,0.0,0.0,0.0,0.0,0.0,0.0,0.0,0.0,1025.0,0.0,0.0,7.0,7.0,7.0,7.0,,,,,,,,,,,,,460.0,392.0,359.0,387.4,344.4,7.7,5.9,,0.0,427.0,158.0,112.0,135.9,104.9,,4.955555555555556,0.0,0.0,0.0,1.0,1.0,0.0,0.0,1.0
2021-06-11,050262,CA,50262.0,RONALD REAGAN UCLA MEDICAL CENTER,,,90095.0,,6037.0,,,20230623.0,1.0,3220.0,2744.0,2513.0,2731.0,2419.0,43.0,36.0,0.0,0.0,2989.0,1106.0,784.0,979.0,735.0,25.0,25.0,0.0,0.0,0.0,7.0,7.0,7.0,7.0,7.0,7.0,7.0,7.0,7.0,7.0,7.0,7.0,7.0,7.0,7.0,7.0,7.0,7.0,7.0,0.0,0.0,0.0,0.0,0.0,0.0,0.0,0.0,0.0,0.0,0.0,125.0,0.0,0.0,0.0,0.0,0.0,0.0,0.0,0.0,0.0,0.0,0.0,994.0,0.0,0.0,7.0,7.0,7.0,7.0,,,,,,,,,,,,,460.0,392.0,359.0,390.1,345.6,6.1,5.1,0.0,0.0,427.0,158.0,112.0,139.9,105.0,,5.044444444444444,0.0,0.0,0.0,1.0,1.0,0.0,1.0,1.0
2021-06-18,050262,CA,50262.0,RONALD REAGAN UCLA MEDICAL CENTER,,,90095.0,,6037.0,,,20230623.0,1.0,3220.0,2744.0,2513.0,2768.0,2422.0,37.0,30.0,0.0,0.0,2989.0,1106.0,784.0,997.0,743.0,20.0,20.0,0.0,0.0,0.0,7.0,7.0,7.0,7.0,7.0,7.0,7.0,7.0,7.0,7.0,7.0,7.0,7.0,7.0,7.0,7.0,7.0,7.0,7.0,0.0,0.0,0.0,0.0,0.0,0.0,0.0,0.0,0.0,0.0,0.0,150.0,0.0,0.0,0.0,0.0,0.0,0.0,0.0,0.0,0.0,0.0,0.0,1037.0,0.0,0.0,7.0,7.0,7.0,7.0,313.0,,169.0,,482.0,,18904.0,,6633.0,,2210.0,,460.0,392.0,359.0,395.4,346.0,5.3,4.3,0.0,0.0,427.0,158.0,112.0,142.4,106.1,,5.133333333333334,0.0,0.0,0.0,1.0,1.0,0.0,1.0,1.0
2021-06-25,050262,CA,50262.0,RONALD REAGAN UCLA MEDICAL CENTER,,,90095.0,,6037.0,,,20230623.0,1.0,3220.0,2744.0,2513.0,2814.0,2456.0,46.0,39.0,0.0,0.0,2989.0,1106.0,784.0,987.0,746.0,26.0,26.0,0.0,0.0,0.0,7.0,7.0,7.0,7.0,7.0,7.0,7.0,7.0,7.0,7.0,7.0,7.0,7.0,7.0,7.0,7.0,7.0,7.0,7.0,0.0,0.0,0.0,0.0,0.0,0.0,0.0,0.0,0.0,0.0,0.0,148.0,0.0,0.0,0.0,0.0,0.0,0.0,0.0,0.0,0.0,0.0,0.0,1015.0,0.0,0.0,7.0,7.0,7.0,7.0,313.0,,169.0,,482.0,,18904.0,,6633.0,,2210.0,,460.0,392.0,359.0,402.0,350.9,6.6,5.6,0.0,0.0,427.0,158.0,112.0,141.0,106.6,,5.222222222222222,0.0,0.0,0.0,1.0,1.0,0.0,1.0,1.0
2021-07-02,050262,CA,50262.0,RONALD REAGAN UCLA MEDICAL CENTER,,,90095.0,,6037.0,,,20230623.0,1.0,3220.0,2744.0,2513.0,2895.0,2495.0,44.0,37.0,0.0,0.0,2989.0,1106.0,784.0,1012.0,736.0,19.0,19.0,0.0,0.0,0.0,7.0,7.0,7.0,7.0,7.0,7.0,7.0,7.0,7.0,7.0,7.0,7.0,7.0,7.0,7.0,7.0,7.0,7.0,7.0,0.0,0.0,0.0,0.0,0.0,0.0,0.0,0.0,0.0,0.0,0.0,167.0,0.0,0.0,0.0,0.0,0.0,0.0,0.0,0.0,0.0,0.0,0.0,1053.0,0.0,0.0,7.0,7.0,7.0,7.0,129.0,,42.0,,42.0,,1944.0,,379.0,,,,460.0,392.0,359.0,413.6,356.4,6.3,5.3,0.0,0.0,427.0,158.0,112.0,144.6,105.1,,5.311111111111112,0.0,0.0,0.0,1.0,1.0,0.0,1.0,1.0
2021-07-09,050262,CA,50262.0,RONALD REAGAN UCLA MEDICAL CENTER,,,90095.0,,6037.0,,,20230623.0,1.0,3220.0,2744.0,2513.0,2938.0,2516.0,83.0,71.0,0.0,0.0,2989.0,1106.0,784.0,1064.0,757.0,40.0,38.0,0.0,0.0,0.0,7.0,7.0,7.0,7.0,7.0,7.0,7.0,7.0,7.0,7.0,7.0,7.0,7.0,7.0,7.0,7.0,7.0,7.0,7.0,0.0,0.0,0.0,0.0,0.0,0.0,0.0,0.0,0.0,0.0,0.0,147.0,0.0,0.0,0.0,0.0,0.0,0.0,0.0,0.0,0.0,0.0,0.0,999.0,0.0,0.0,7.0,7.0,7.0,7.0,30.0,,28.0,,58.0,,20025.0,,5212.0,,2545.0,,460.0,392.0,359.0,419.7,359.4,11.9,10.1,0.0,0.0,427.0,158.0,112.0,152.0,108.1,5.7,5.4,0.0,0.0,0.0,1.0,1.0,1.0,1.0,1.0
2021-07-16,050262,CA,50262.0,RONALD REAGAN UCLA MEDICAL CENTER,,,90095.0,,6037.0,,,20230623.0,1.0,3206.0,2741.0,2543.0,2887.0,2491.0,141.0,133.0,8.0,6.0,3008.0,1103.0,781.0,1018.0,748.0,64.0,63.0,0.0,0.0,0.0,7.0,7.0,7.0,7.0,7.0,7.0,7.0,7.0,7.0,7.0,7.0,7.0,7.0,7.0,7.0,7.0,6.0,6.0,6.0,0.0,0.0,0.0,0.0,0.0,0.0,0.0,0.0,0.0,0.0,0.0,147.0,0.0,0.0,0.0,0.0,0.0,0.0,0.0,0.0,0.0,0.0,0.0,1031.0,0.0,0.0,7.0,7.0,7.0,7.0,136.0,,129.0,,129.0,,20161.0,,5152.0,,2538.0,,458.0,391.6,363.3,412.4,355.9,20.1,19.0,,,429.7,157.6,111.6,145.4,106.9,9.1,9.0,0.0,0.0,0.0,1.0,1.0,1.0,1.0,1.0
2021-07-23,050262,CA,50262.0,RONALD REAGAN UCLA MEDICAL CENTER,,,90095.0,,6037.0,,,20230623.0,1.0,3202.0,2726.0,2495.0,2770.0,2406.0,164.0,157.0,11.0,11.0,2971.0,1088.0,766.0,953.0,690.0,73.0,73.0,0.0,0.0,0.0,7.0,7.0,7.0,7.0,7.0,7.0,7.0,7.0,7.0,7.0,7.0,7.0,7.0,7.0,7.0,7.0,7.0,7.0,7.0,0.0,0.0,0.0,0.0,0.0,0.0,0.0,0.0,0.0,0.0,0.0,153.0,0.0,0.0,0.0,0.0,0.0,0.0,0.0,0.0,0.0,0.0,0.0,1039.0,0.0,0.0,7.0,7.0,7.0,7.0,2691.0,,503.0,,503.0,,22852.0,,4733.0,,350.0,,457.4,389.4,356.4,395.7,343.7,23.4,22.4,,,424.4,155.4,109.4,136.1,98.6,10.4,10.4,0.0,0.0,0.0,1.0,1.0,1.0,1.0,1.0
2021-07-30,050262,CA,50262.0,RONALD REAGAN UCLA MEDICAL CENTER,,,90095.0,,6037.0,,,20230623.0,1.0,3199.0,2723.0,2492.0,2833.0,2474.0,207.0,200.0,5.0,5.0,2968.0,1085.0,763.0,972.0,719.0,90.0,89.0,0.0,0.0,0.0,7.0,7.0,7.0,7.0,7.0,7.0,7.0,7.0,7.0,7.0,7.0,7.0,7.0,7.0,7.0,7.0,7.0,7.0,7.0,0.0,0.0,0.0,0.0,0.0,0.0,0.0,0.0,0.0,0.0,0.0,163.0,0.0,0.0,0.0,0.0,0.0,0.0,0.0,0.0,0.0,0.0,0.0,966.0,0.0,0.0,7.0,7.0,7.0,7.0,7.0,,9.0,,9.0,,1909.0,,339.0,,102.0,,457.0,389.0,356.0,404.7,353.4,29.6,28.6,,,424.0,155.0,109.0,138.9,102.7,12.9,12.7,0.0,0.0,0.0,1.0,1.0,1.0,1.0,1.0
2020-11-06,050373,CA,50373.0,LAC+USC MEDICAL CENTER,,,90033.0,,6037.0,,,20230623.0,1.0,4442.0,4170.0,4170.0,3496.0,3353.0,272.0,233.0,11.0,,4442.0,909.0,735.0,707.0,600.0,109.0,94.0,0.0,0.0,0.0,7.0,7.0,7.0,7.0,7.0,7.0,7.0,7.0,7.0,7.0,7.0,7.0,7.0,7.0,7.0,7.0,7.0,7.0,7.0,34.0,0.0,4.0,,8.0,5.0,6.0,7.0,,0.0,0.0,140.0,15.0,0.0,,,0.0,,4.0,,,0.0,0.0,2278.0,0.0,0.0,7.0,7.0,7.0,7.0,,,,,,,,,,,,,634.6,595.7,595.7,499.4,479.0,38.9,33.3,,,634.6,129.9,105.0,101.0,85.7,15.6,13.4,0.0,0.0,0.0,1.0,1.0,1.0,1.0,1.0
2020-11-13,050373,CA,50373.0,LAC+USC MEDICAL CENTER,,,90033.0,,6037.0,,,20230623.0,1.0,4535.0,4269.0,4269.0,3634.0,3488.0,328.0,283.0,5.0,,4535.0,897.0,735.0,714.0,614.0,124.0,114.0,0.0,0.0,0.0,7.0,7.0,7.0,7.0,7.0,7.0,7.0,7.0,7.0,7.0,7.0,7.0,7.0,7.0,7.0,7.0,7.0,7.0,7.0,47.0,0.0,7.0,5.0,7.0,10.0,12.0,5.0,,0.0,0.0,140.0,8.0,,0.0,0.0,,4.0,,0.0,0.0,0.0,,2413.0,0.0,0.0,7.0,7.0,7.0,7.0,,,,,,,,,,,,,647.9,609.9,609.9,519.1,498.3,46.9,40.4,,,647.9,128.1,105.0,102.0,87.7,17.7,16.3,0.0,0.0,0.0,1.0,1.0,1.0,1.0,1.0
2020-11-20,050373,CA,50373.0,LAC+USC MEDICAL CENTER,,,90033.0,,6037.0,,,20230623.0,1.0,3881.0,3641.0,3641.0,3011.0,2876.0,331.0,306.0,7.0,4.0,3881.0,798.0,644.0,652.0,550.0,126.0,123.0,0.0,0.0,0.0,6.0,6.0,6.0,6.0,6.0,6.0,6.0,6.0,6.0,6.0,6.0,6.0,6.0,6.0,6.0,6.0,6.0,6.0,6.0,53.0,,6.0,9.0,8.0,11.0,13.0,,,0.0,,143.0,8.0,0.0,,,,,0.0,,0.0,0.0,0.0,1848.0,0.0,0.0,6.0,6.0,6.0,6.0,,,,,,,,,,,,,646.8,606.8,606.8,501.8,479.3,55.2,51.0,,,646.8,133.0,107.3,108.7,91.7,21.0,20.5,0.0,0.0,0.0,1.0,1.0,1.0,1.0,1.0
2020-11-27,050373,CA,50373.0,LAC+USC MEDICAL CENTER,,,90033.0,,6037.0,,,20230623.0,1.0,4499.0,4194.0,4194.0,3596.0,3388.0,492.0,465.0,18.0,14.0,4499.0,893.0,714.0,736.0,592.0,162.0,155.0,0.0,0.0,0.0,7.0,7.0,7.0,7.0,7.0,7.0,7.0,7.0,7.0,7.0,7.0,7.0,7.0,7.0,7.0,7.0,7.0,7.0,7.0,68.0,0.0,4.0,9.0,12.0,11.0,16.0,10.0,6.0,0.0,4.0,218.0,5.0,0.0,,0.0,0.0,,,,,0.0,0.0,2264.0,0.0,0.0,7.0,7.0,7.0,7.0,,,,,,,,,,,,,642.7,599.1,599.1,513.7,484.0,70.3,66.4,,,642.7,127.6,102.0,105.1,84.6,23.1,22.1,0.0,0.0,0.0,1.0,1.0,1.0,1.0,1.0
2020-12-04,050373,CA,50373.0,LAC+USC MEDICAL CENTER,,,90033.0,,6037.0,,,20230623.0,1.0,4540.0,4244.0,4244.0,3776.0,3582.0,748.0,690.0,13.0,12.0,4540.0,927.0,750.0,808.0,649.0,240.0,232.0,0.0,0.0,0.0,7.0,7.0,7.0,7.0,7.0,7.0,7.0,7.0,7.0,7.0,7.0,7.0,7.0,7.0,7.0,7.0,7.0,7.0,7.0,102.0,,10.0,,18.0,23.0,27.0,14.0,6.0,0.0,,276.0,15.0,0.0,0.0,,4.0,,,,,0.0,0.0,2281.0,0.0,0.0,7.0,7.0,7.0,7.0,,,,,,,,,,,,,648.6,606.3,606.3,539.4,511.7,106.9,98.6,,,648.6,132.4,107.1,115.4,92.7,34.3,33.1,0.0,0.0,0.0,1.0,1.0,1.0,1.0,1.0
2020-12-11,050373,CA,50373.0,LAC+USC MEDICAL CENTER,,,90033.0,,6037.0,,,20230623.0,1.0,4592.0,4303.0,4303.0,3779.0,3593.0,990.0,952.0,18.0,15.0,4592.0,966.0,785.0,807.0,657.0,288.0,286.0,0.0,0.0,0.0,7.0,7.0,7.0,7.0,7.0,7.0,7.0,7.0,7.0,7.0,7.0,7.0,7.0,7.0,7.0,7.0,7.0,7.0,7.0,151.0,,9.0,16.0,26.0,43.0,22.0,14.0,20.0,0.0,6.0,349.0,8.0,0.0,,,4.0,,,0.0,0.0,0.0,0.0,2239.0,0.0,0.0,7.0,7.0,7.0,7.0,,,,,,,,,,,,,656.0,614.7,614.7,539.9,513.3,141.4,136.0,,,656.0,138.0,112.1,115.3,93.9,41.1,40.9,0.0,0.0,0.0,1.0,1.0,1.0,1.0,1.0
2020-12-18,050373,CA,50373.0,LAC+USC MEDICAL CENTER,,,90033.0,,6037.0,,,20230623.0,1.0,4475.0,4176.0,4176.0,3653.0,3462.0,1284.0,1256.0,14.0,14.0,4475.0,980.0,792.0,832.0,671.0,375.0,368.0,0.0,0.0,0.0,7.0,7.0,7.0,7.0,7.0,7.0,7.0,7.0,7.0,7.0,7.0,7.0,7.0,7.0,7.0,7.0,7.0,7.0,7.0,155.0,,14.0,16.0,22.0,39.0,32.0,14.0,16.0,0.0,,403.0,6.0,0.0,0.0,,0.0,,,0.0,0.0,0.0,0.0,2097.0,0.0,0.0,7.0,7.0,7.0,7.0,,,,,,,,,,,,,639.3,596.6,596.6,521.9,494.6,183.4,179.4,,,639.3,140.0,113.1,118.9,95.9,53.6,52.6,0.0,0.0,0.0,1.0,1.0,1.0,1.0,1.0
2020-12-25,050373,CA,50373.0,LAC+USC MEDICAL CENTER,,,90033.0,,6037.0,,,20230623.0,1.0,4437.0,4144.0,4144.0,3896.0,3685.0,1516.0,1497.0,31.0,26.0,4437.0,987.0,792.0,879.0,723.0,400.0,398.0,0.0,0.0,0.0,7.0,7.0,7.0,7.0,7.0,7.0,7.0,7.0,7.0,7.0,7.0,7.0,7.0,7.0,7.0,7.0,7.0,7.0,7.0,143.0,0.0,11.0,12.0,22.0,40.0,33.0,12.0,13.0,0.0,,327.0,5.0,0.0,0.0,,0.0,0.0,0.0,0.0,,0.0,,1993.0,0.0,0.0,7.0,7.0,7.0,7.0,,,,,,,,,,,,,633.9,592.0,592.0,556.6,526.4,216.6,213.9,4.4,,633.9,141.0,113.1,125.6,103.3,57.1,56.9,0.0,0.0,0.0,1.0,1.0,1.0,1.0,0.0
2021-01-01,050373,CA,50373.0,LAC+USC MEDICAL CENTER,,,90033.0,,6037.0,,,20230623.0,1.0,4549.0,4232.0,4232.0,4129.0,3879.0,1689.0,1668.0,25.0,23.0,4549.0,1007.0,810.0,924.0,743.0,432.0,430.0,0.0,0.0,0.0,7.0,7.0,7.0,7.0,7.0,7.0,7.0,7.0,7.0,7.0,7.0,7.0,7.0,7.0,7.0,7.0,7.0,7.0,7.0,176.0,0.0,8.0,14.0,26.0,48.0,38.0,26.0,16.0,0.0,4.0,234.0,4.0,0.0,0.0,,,,0.0,0.0,0.0,0.0,0.0,1753.0,0.0,0.0,7.0,7.0,7.0,7.0,,,,,,,,,,,,,649.9,604.6,604.6,589.9,554.1,241.3,238.3,,,649.9,143.9,115.7,132.0,106.1,61.7,61.4,0.0,0.0,0.0,1.0,1.0,1.0,1.0,1.0
2021-01-08,050373,CA,50373.0,LAC+USC MEDICAL CENTER,,,90033.0,,6037.0,,,20230623.0,1.0,4515.0,4177.0,4155.0,3925.0,3703.0,1736.0,1680.0,33.0,29.0,4493.0,1038.0,852.0,833.0,683.0,435.0,432.0,0.0,0.0,0.0,7.0,7.0,7.0,7.0,7.0,7.0,7.0,7.0,7.0,7.0,7.0,7.0,7.0,7.0,7.0,7.0,7.0,7.0,7.0,161.0,0.0,7.0,16.0,26.0,34.0,28.0,31.0,19.0,0.0,5.0,257.0,8.0,0.0,0.0,,,,,0.0,0.0,0.0,0.0,1905.0,0.0,0.0,7.0,7.0,7.0,7.0,,,,,,,,,,,,,645.0,596.7,593.6,560.7,529.0,248.0,240.0,4.7,4.1,641.9,148.3,121.7,119.0,97.6,62.1,61.7,0.0,0.0,0.0,1.0,1.0,1.0,1.0,1.0
2021-01-15,050373,CA,50373.0,LAC+USC MEDICAL CENTER,,,90033.0,,6037.0,,,20230623.0,1.0,4693.0,4261.0,4154.0,3884.0,3669.0,1609.0,1558.0,39.0,35.0,4586.0,1042.0,811.0,909.0,754.0,500.0,500.0,0.0,0.0,0.0,7.0,7.0,7.0,7.0,7.0,7.0,7.0,7.0,7.0,7.0,7.0,7.0,7.0,7.0,7.0,7.0,7.0,7.0,7.0,127.0,,7.0,11.0,18.0,28.0,24.0,21.0,17.0,0.0,5.0,222.0,5.0,0.0,,,0.0,,0.0,,0.0,0.0,0.0,1996.0,0.0,0.0,7.0,7.0,7.0,7.0,,,,,,,,,,,,,670.4,608.7,593.4,554.9,524.1,229.9,222.6,5.6,5.0,655.1,148.9,115.9,129.9,107.7,71.4,71.4,0.0,0.0,0.0,1.0,1.0,1.0,1.0,1.0
2021-01-22,050373,CA,50373.0,LAC+USC MEDICAL CENTER,,,90033.0,,6037.0,,,20230623.0,1.0,4687.0,4270.0,4165.0,3777.0,3581.0,1392.0,1356.0,30.0,28.0,4582.0,1054.0,812.0,877.0,741.0,453.0,453.0,0.0,0.0,0.0,7.0,7.0,7.0,7.0,7.0,7.0,7.0,7.0,7.0,7.0,7.0,7.0,7.0,7.0,7.0,7.0,7.0,7.0,7.0,125.0,0.0,7.0,10.0,19.0,33.0,36.0,9.0,11.0,0.0,4.0,219.0,4.0,0.0,0.0,0.0,,,,0.0,,0.0,0.0,1988.0,0.0,0.0,7.0,7.0,7.0,7.0,,,417.0,,11921.0,,831.0,,8274.0,,497.0,,669.6,610.0,595.0,539.6,511.6,198.9,193.7,4.3,4.0,654.6,150.6,116.0,125.3,105.9,64.7,64.7,0.0,0.0,0.0,1.0,1.0,1.0,1.0,1.0
2021-01-29,050373,CA,50373.0,LAC+USC MEDICAL CENTER,,,90033.0,,6037.0,,,20230623.0,1.0,4587.0,4160.0,4069.0,3441.0,3278.0,955.0,933.0,17.0,15.0,4496.0,1057.0,805.0,817.0,691.0,352.0,348.0,0.0,0.0,0.0,7.0,7.0,7.0,7.0,7.0,7.0,7.0,7.0,7.0,7.0,7.0,7.0,7.0,7.0,7.0,7.0,7.0,7.0,7.0,93.0,0.0,5.0,6.0,16.0,28.0,25.0,6.0,7.0,0.0,,217.0,7.0,0.0,,,0.0,0.0,0.0,,0.0,0.0,0.0,2129.0,0.0,0.0,7.0,7.0,7.0,7.0,,,334.0,,1133.0,,5679.0,,8022.0,,941.0,,655.3,594.3,581.3,491.6,468.3,136.4,133.3,,,642.3,151.0,115.0,116.7,98.7,50.3,49.7,0.0,0.0,0.0,1.0,1.0,1.0,1.0,0.0
2021-02-05,050373,CA,50373.0,LAC+USC MEDICAL CENTER,,,90033.0,,6037.0,,,20230623.0,1.0,4592.0,4154.0,4040.0,3608.0,3373.0,984.0,953.0,40.0,35.0,4478.0,1045.0,789.0,866.0,705.0,316.0,314.0,0.0,0.0,0.0,7.0,7.0,7.0,7.0,7.0,7.0,7.0,7.0,7.0,7.0,7.0,7.0,7.0,7.0,7.0,7.0,7.0,7.0,7.0,96.0,,11.0,11.0,17.0,21.0,15.0,15.0,4.0,0.0,9.0,201.0,10.0,0.0,0.0,,,4.0,,,0.0,0.0,0.0,2477.0,0.0,0.0,7.0,7.0,7.0,7.0,79.0,,1031.0,,386.0,,5968.0,,7936.0,,766.0,,656.0,593.4,577.1,515.4,481.9,140.6,136.1,5.7,5.0,639.7,149.3,112.7,123.7,100.7,45.1,44.9,0.0,0.0,0.0,1.0,1.0,1.0,1.0,1.0
2021-02-12,050373,CA,50373.0,LAC+USC MEDICAL CENTER,,,90033.0,,6037.0,,,20230623.0,1.0,4527.0,4096.0,3969.0,3266.0,3051.0,685.0,657.0,37.0,35.0,4400.0,1021.0,762.0,800.0,648.0,264.0,260.0,0.0,0.0,0.0,7.0,7.0,7.0,7.0,7.0,7.0,7.0,7.0,7.0,7.0,7.0,7.0,7.0,7.0,7.0,7.0,7.0,7.0,7.0,58.0,0.0,4.0,7.0,14.0,15.0,7.0,,8.0,0.0,,140.0,10.0,0.0,0.0,0.0,,,,0.0,0.0,0.0,,2309.0,0.0,0.0,7.0,7.0,7.0,7.0,343.0,,377.0,,379.0,,6260.0,,7895.0,,577.0,,646.7,585.1,567.0,466.6,435.9,97.9,93.9,5.3,5.0,628.6,145.9,108.9,114.3,92.6,37.7,37.1,0.0,0.0,0.0,1.0,1.0,1.0,1.0,0.0
2021-02-19,050373,CA,50373.0,LAC+USC MEDICAL CENTER,,,90033.0,,6037.0,,,20230623.0,1.0,4541.0,4140.0,4028.0,3353.0,3159.0,542.0,513.0,21.0,19.0,4429.0,1074.0,808.0,760.0,611.0,214.0,211.0,0.0,0.0,0.0,7.0,7.0,7.0,7.0,7.0,7.0,7.0,7.0,7.0,7.0,7.0,7.0,7.0,7.0,7.0,7.0,7.0,7.0,7.0,44.0,,4.0,6.0,8.0,10.0,9.0,5.0,,0.0,,118.0,10.0,0.0,,,0.0,4.0,,,0.0,0.0,,2524.0,0.0,0.0,7.0,7.0,7.0,7.0,290.0,,371.0,,250.0,,6445.0,,7854.0,,467.0,,648.7,591.4,575.4,479.0,451.3,77.4,73.3,,,632.7,153.4,115.4,108.6,87.3,30.6,30.1,0.0,0.0,0.0,1.0,1.0,1.0,1.0,1.0
2021-02-26,050373,CA,50373.0,LAC+USC MEDICAL CENTER,,,90033.0,,6037.0,,,20230623.0,1.0,4515.0,4091.0,3992.0,3389.0,3173.0,397.0,371.0,23.0,19.0,4416.0,1033.0,763.0,712.0,557.0,137.0,136.0,0.0,0.0,0.0,7.0,7.0,7.0,7.0,7.0,7.0,7.0,7.0,7.0,7.0,7.0,7.0,7.0,7.0,7.0,7.0,7.0,7.0,7.0,57.0,0.0,6.0,9.0,13.0,17.0,5.0,5.0,,0.0,,113.0,7.0,0.0,0.0,,,,,0.0,0.0,0.0,0.0,2624.0,0.0,0.0,7.0,7.0,7.0,7.0,1038.0,,235.0,,170.0,,6591.0,,7825.0,,367.0,,645.0,584.4,570.3,484.1,453.3,56.7,53.0,,,630.9,147.6,109.0,101.7,79.6,19.6,19.4,0.0,0.0,0.0,1.0,1.0,1.0,1.0,1.0
2021-03-05,050373,CA,50373.0,LAC+USC MEDICAL CENTER,,,90033.0,,6037.0,,,20230623.0,1.0,4444.0,4028.0,3906.0,3399.0,3200.0,356.0,331.0,10.0,10.0,4322.0,986.0,717.0,726.0,564.0,111.0,110.0,0.0,0.0,0.0,7.0,7.0,7.0,7.0,7.0,7.0,7.0,7.0,7.0,7.0,7.0,7.0,7.0,7.0,7.0,7.0,7.0,7.0,7.0,42.0,0.0,,6.0,10.0,7.0,13.0,,,0.0,,109.0,13.0,0.0,0.0,5.0,,,,0.0,0.0,0.0,0.0,2619.0,0.0,0.0,7.0,7.0,7.0,7.0,382.0,,366.0,,142.0,,6683.0,,7752.0,,356.0,,634.9,575.4,558.0,485.6,457.1,50.9,47.3,,,617.4,140.9,102.4,103.7,80.6,15.9,15.7,0.0,0.0,0.0,1.0,1.0,1.0,1.0,1.0
2021-03-12,050373,CA,50373.0,LAC+USC MEDICAL CENTER,,,90033.0,,6037.0,,,20230623.0,1.0,4417.0,4028.0,3917.0,3184.0,2993.0,282.0,252.0,9.0,8.0,4306.0,965.0,706.0,692.0,551.0,87.0,85.0,0.0,0.0,0.0,7.0,7.0,7.0,7.0,7.0,7.0,7.0,7.0,7.0,7.0,7.0,7.0,7.0,7.0,7.0,7.0,7.0,7.0,7.0,36.0,0.0,4.0,5.0,10.0,8.0,7.0,,,0.0,0.0,100.0,8.0,,0.0,0.0,,,5.0,0.0,0.0,0.0,,2526.0,0.0,0.0,7.0,7.0,7.0,7.0,302.0,,765.0,,151.0,,6770.0,,7694.0,,357.0,,631.0,575.4,559.6,454.9,427.6,40.3,36.0,,,615.1,137.9,100.9,98.9,78.7,12.4,12.1,0.0,0.0,0.0,1.0,1.0,1.0,1.0,1.0
2021-03-19,050373,CA,50373.0,LAC+USC MEDICAL CENTER,,,90033.0,,6037.0,,,20230623.0,1.0,4501.0,4098.0,3950.0,3481.0,3280.0,266.0,241.0,8.0,7.0,4353.0,981.0,715.0,737.0,588.0,73.0,70.0,0.0,0.0,0.0,7.0,7.0,7.0,7.0,7.0,7.0,7.0,7.0,7.0,7.0,7.0,7.0,7.0,7.0,7.0,7.0,7.0,7.0,7.0,41.0,,6.0,5.0,11.0,7.0,6.0,4.0,,0.0,,111.0,12.0,0.0,,4.0,,,,,0.0,0.0,0.0,2765.0,0.0,0.0,7.0,7.0,7.0,7.0,176.0,,2471.0,,76.0,,6816.0,,7632.0,,371.0,,643.0,585.4,564.3,497.3,468.6,38.0,34.4,,,621.9,140.1,102.1,105.3,84.0,10.4,10.0,0.0,0.0,0.0,1.0,1.0,1.0,1.0,1.0
2021-03-26,050373,CA,50373.0,LAC+USC MEDICAL CENTER,,,90033.0,,6037.0,,,20230623.0,1.0,4468.0,4061.0,3922.0,3537.0,3321.0,297.0,287.0,12.0,7.0,4329.0,966.0,700.0,772.0,599.0,61.0,59.0,0.0,0.0,0.0,7.0,7.0,7.0,7.0,7.0,7.0,7.0,7.0,7.0,7.0,7.0,7.0,7.0,7.0,7.0,7.0,7.0,7.0,7.0,64.0,,,14.0,11.0,14.0,11.0,5.0,5.0,0.0,,104.0,9.333333333333334,0.0,0.0,,,0.0,,0.0,0.0,0.0,0.0,2723.0,0.0,0.0,7.0,7.0,7.0,7.0,262.0,,405.0,,119.0,,6900.0,,7586.0,,336.0,,638.3,580.1,560.3,505.3,474.4,42.4,41.0,,,618.4,138.0,100.0,110.3,85.6,8.7,8.4,0.0,0.0,0.0,1.0,1.0,1.0,1.0,0.0
2021-04-02,050373,CA,50373.0,LAC+USC MEDICAL CENTER,,,90033.0,,6037.0,,,20230623.0,1.0,4355.0,3940.0,3841.0,3528.0,3301.0,249.0,235.0,,0.0,4256.0,939.0,669.0,756.0,587.0,33.0,28.0,0.0,0.0,0.0,7.0,7.0,7.0,7.0,7.0,7.0,7.0,7.0,7.0,7.0,7.0,7.0,7.0,7.0,7.0,7.0,7.0,7.0,7.0,43.0,0.0,7.0,,9.0,9.0,7.0,,5.0,0.0,0.0,94.0,6.666666666666667,0.0,,,0.0,0.0,0.0,0.0,0.0,0.0,0.0,2813.0,0.0,0.0,7.0,7.0,7.0,7.0,,,,,,,,,,,,,622.1,562.9,548.7,504.0,471.6,35.6,33.6,,0.0,608.0,134.1,95.6,108.0,83.9,4.7,4.0,0.0,0.0,0.0,1.0,1.0,1.0,1.0,0.0
2021-04-09,050373,CA,50373.0,LAC+USC MEDICAL CENTER,,,90033.0,,6037.0,,,20230623.0,1.0,5017.0,4596.0,4477.0,3999.0,3786.0,197.0,184.0,0.0,0.0,4898.0,2020.0,1711.0,1234.0,1078.0,25.0,25.0,0.0,0.0,0.0,7.0,7.0,7.0,7.0,7.0,7.0,7.0,7.0,7.0,7.0,7.0,7.0,7.0,7.0,7.0,7.0,7.0,7.0,7.0,59.0,,10.0,9.0,13.0,15.0,7.0,,,0.0,17.0,126.0,4.0,0.0,,,0.0,0.0,,,0.0,0.0,0.0,3016.0,0.0,0.0,7.0,7.0,7.0,7.0,2385.0,,1065.0,,118.0,,7050.0,,7506.0,,301.0,,716.7,656.6,639.6,571.3,540.9,28.1,26.3,0.0,0.0,699.7,288.6,244.4,176.3,154.0,,4.3,0.0,0.0,0.0,1.0,1.0,0.0,1.0,1.0
2021-04-16,050373,CA,50373.0,LAC+USC MEDICAL CENTER,,,90033.0,,6037.0,,,20230623.0,1.0,4480.0,4049.0,3916.0,3311.0,3122.0,203.0,189.0,,0.0,4347.0,948.0,677.0,692.0,547.0,24.0,24.0,0.0,0.0,0.0,7.0,7.0,7.0,7.0,7.0,7.0,7.0,7.0,7.0,7.0,7.0,7.0,7.0,7.0,7.0,7.0,7.0,7.0,7.0,33.0,,4.0,6.0,6.0,6.0,8.0,0.0,,0.0,,92.0,6.0,0.0,,0.0,,,0.0,0.0,,0.0,0.0,2962.0,0.0,0.0,7.0,7.0,7.0,7.0,876.0,,767.0,,19.0,,7091.0,,7452.0,,271.0,,640.0,578.4,559.4,473.0,446.0,29.0,27.0,,0.0,621.0,135.4,96.7,98.9,78.1,,4.6000000000000005,0.0,0.0,0.0,1.0,1.0,0.0,1.0,1.0
2021-04-23,050373,CA,50373.0,LAC+USC MEDICAL CENTER,,,90033.0,,6037.0,,,20230623.0,1.0,4409.0,3979.0,3851.0,3496.0,3234.0,201.0,194.0,8.0,7.0,4281.0,952.0,680.0,776.0,590.0,35.0,34.0,0.0,0.0,0.0,7.0,7.0,7.0,7.0,7.0,7.0,7.0,7.0,7.0,7.0,7.0,7.0,7.0,7.0,7.0,7.0,7.0,7.0,7.0,49.0,0.0,4.0,11.0,11.0,12.0,9.0,,0.0,0.0,,107.0,6.0,0.0,,0.0,0.0,,0.0,0.0,0.0,0.0,0.0,2988.0,0.0,0.0,7.0,7.0,7.0,7.0,1063.0,,483.0,,61.0,,7405.0,,8187.0,,272.0,,629.9,568.4,550.1,499.4,462.0,28.7,27.7,,,611.6,136.0,97.1,110.9,84.3,5.0,4.9,0.0,0.0,0.0,1.0,1.0,1.0,1.0,0.0
2021-04-30,050373,CA,50373.0,LAC+USC MEDICAL CENTER,,,90033.0,,6037.0,,,20230623.0,1.0,4451.0,4045.0,3910.0,3432.0,3194.0,185.0,176.0,11.0,10.0,4316.0,977.0,704.0,705.0,543.0,27.0,26.0,0.0,0.0,0.0,7.0,7.0,7.0,7.0,7.0,7.0,7.0,7.0,7.0,7.0,7.0,7.0,7.0,7.0,7.0,7.0,7.0,7.0,7.0,47.0,,10.0,5.0,7.0,10.0,10.0,4.0,0.0,0.0,,84.0,6.0,0.0,0.0,,,,0.0,,0.0,0.0,0.0,3008.0,0.0,0.0,7.0,7.0,7.0,7.0,868.0,,479.0,,85.0,,7348.0,,7823.0,,238.0,,635.9,577.9,558.6,490.3,456.3,26.4,25.1,,,616.6,139.6,100.6,100.7,77.6,,5.15,0.0,0.0,0.0,1.0,1.0,0.0,1.0,1.0
2021-05-07,050373,CA,50373.0,LAC+USC MEDICAL CENTER,,,90033.0,,6037.0,,,20230623.0,1.0,4400.0,3964.0,3857.0,3467.0,3269.0,197.0,190.0,7.0,7.0,4293.0,944.0,665.0,689.0,548.0,38.0,38.0,0.0,0.0,0.0,7.0,7.0,7.0,7.0,7.0,7.0,7.0,7.0,7.0,7.0,7.0,7.0,7.0,7.0,7.0,7.0,7.0,7.0,7.0,47.0,0.0,6.0,5.0,9.0,18.0,4.0,,,0.0,0.0,88.0,5.0,0.0,0.0,0.0,0.0,0.0,,0.0,0.0,0.0,0.0,2935.0,0.0,0.0,7.0,7.0,7.0,7.0,709.0,,300.0,,43.0,,7433.0,,7756.0,,238.0,,628.6,566.3,551.0,495.3,467.0,28.1,27.1,,,613.3,134.9,95.0,98.4,78.3,5.4,5.4,0.0,0.0,0.0,1.0,1.0,1.0,1.0,0.0
2021-05-14,050373,CA,50373.0,LAC+USC MEDICAL CENTER,,,90033.0,,6037.0,,,20230623.0,1.0,4436.0,3997.0,3878.0,3453.0,3229.0,187.0,176.0,14.0,14.0,4317.0,966.0,686.0,641.0,501.0,22.0,22.0,0.0,0.0,0.0,7.0,7.0,7.0,7.0,7.0,7.0,7.0,7.0,7.0,7.0,7.0,7.0,7.0,7.0,7.0,7.0,7.0,7.0,7.0,55.0,,4.0,11.0,19.0,10.0,6.0,,,0.0,,105.0,4.0,0.0,0.0,,0.0,,,0.0,,0.0,0.0,2968.0,0.0,0.0,7.0,7.0,7.0,7.0,459.0,,344.0,,32.0,,7491.0,,7729.0,,232.0,,633.7,571.0,554.0,493.3,461.3,26.7,25.1,,,616.7,138.0,98.0,91.6,71.6,,5.581818181818182,0.0,0.0,0.0,1.0,1.0,0.0,1.0,1.0
2021-05-21,050373,CA,50373.0,LAC+USC MEDICAL CENTER,,,90033.0,,6037.0,,,20230623.0,1.0,4350.0,3901.0,3805.0,3314.0,3070.0,144.0,128.0,12.0,10.0,4254.0,907.0,629.0,631.0,484.0,17.0,16.0,0.0,0.0,0.0,7.0,7.0,7.0,7.0,7.0,7.0,7.0,7.0,7.0,7.0,7.0,7.0,7.0,7.0,7.0,7.0,7.0,7.0,7.0,33.0,0.0,5.0,4.0,6.0,10.0,6.0,,,0.0,0.0,100.0,6.0,0.0,,,,,0.0,0.0,0.0,0.0,0.0,3071.0,0.0,0.0,7.0,7.0,7.0,7.0,510.0,,215.0,,53.0,,7568.0,,7637.0,,221.0,,621.4,557.3,543.6,473.4,438.6,20.6,18.3,,,607.7,129.6,89.9,90.1,69.1,,5.763636363636364,0.0,0.0,0.0,1.0,1.0,0.0,1.0,1.0
2021-05-28,050373,CA,50373.0,LAC+USC MEDICAL CENTER,,,90033.0,,6037.0,,,20230623.0,1.0,4428.0,3986.0,3885.0,3367.0,3154.0,143.0,134.0,11.0,11.0,4327.0,951.0,671.0,665.0,518.0,16.0,16.0,0.0,0.0,0.0,7.0,7.0,7.0,7.0,7.0,7.0,7.0,7.0,7.0,7.0,7.0,7.0,7.0,7.0,7.0,7.0,7.0,7.0,7.0,50.0,,12.0,4.0,5.0,10.0,10.0,5.0,,0.0,,73.0,4.0,0.0,,0.0,0.0,0.0,,0.0,,0.0,0.0,3099.0,0.0,0.0,7.0,7.0,7.0,7.0,116.0,,97.0,,31.0,,7598.0,,7570.0,,209.0,,632.6,569.4,555.0,481.0,450.6,20.4,19.1,,,618.1,135.9,95.9,95.0,74.0,,5.945454545454545,0.0,0.0,0.0,1.0,1.0,0.0,1.0,1.0
2021-06-04,050373,CA,50373.0,LAC+USC MEDICAL CENTER,,,90033.0,,6037.0,,,20230623.0,1.0,4454.0,4010.0,3893.0,3472.0,3298.0,142.0,129.0,,,4337.0,974.0,691.0,699.0,568.0,13.0,13.0,0.0,0.0,0.0,7.0,7.0,7.0,7.0,7.0,7.0,7.0,7.0,7.0,7.0,7.0,7.0,7.0,7.0,7.0,7.0,7.0,7.0,7.0,43.0,,,,5.0,11.0,12.0,4.0,5.0,0.0,,62.0,4.0,0.0,0.0,0.0,,,,0.0,0.0,0.0,0.0,3183.0,0.0,0.0,7.0,7.0,7.0,7.0,508.0,,150.0,,22.0,,7656.0,,7627.0,,200.0,,636.3,572.9,556.1,496.0,471.1,20.3,18.4,,,619.6,139.1,98.7,99.9,81.1,,6.127272727272728,0.0,0.0,0.0,1.0,1.0,0.0,1.0,1.0
2021-06-11,050373,CA,50373.0,LAC+USC MEDICAL CENTER,,,90033.0,,6037.0,,,20230623.0,1.0,4461.0,4045.0,3907.0,3518.0,3343.0,112.0,102.0,0.0,0.0,4323.0,948.0,694.0,698.0,589.0,22.0,21.0,0.0,0.0,0.0,7.0,7.0,7.0,7.0,7.0,7.0,7.0,7.0,7.0,7.0,7.0,7.0,7.0,7.0,7.0,7.0,7.0,7.0,7.0,47.0,0.0,4.0,6.0,9.0,15.0,7.0,6.0,0.0,0.0,0.0,67.0,4.0,0.0,,0.0,0.0,0.0,,,0.0,0.0,0.0,3250.0,0.0,0.0,7.0,7.0,7.0,7.0,209.0,,160.0,,28.0,,7738.0,,7588.0,,193.0,,637.3,577.9,558.1,502.6,477.6,16.0,14.6,0.0,0.0,617.6,135.4,99.1,99.7,84.1,,6.3090909090909095,0.0,0.0,0.0,1.0,1.0,0.0,1.0,0.0
2021-06-18,050373,CA,50373.0,LAC+USC MEDICAL CENTER,,,90033.0,,6037.0,,,20230623.0,1.0,4470.0,4036.0,3899.0,3565.0,3378.0,76.0,67.0,,0.0,4333.0,915.0,649.0,699.0,577.0,10.0,8.0,0.0,0.0,0.0,7.0,7.0,7.0,7.0,7.0,7.0,7.0,7.0,7.0,7.0,7.0,7.0,7.0,7.0,7.0,7.0,7.0,7.0,7.0,38.0,0.0,,4.0,5.0,12.0,10.0,,,0.0,0.0,42.0,4.0,0.0,0.0,,0.0,,,0.0,0.0,0.0,0.0,3277.0,0.0,0.0,7.0,7.0,7.0,7.0,62.0,,77.0,,34.0,,7839.0,,7525.0,,194.0,,638.6,576.6,557.0,509.3,482.6,10.9,9.6,,0.0,619.0,130.7,92.7,99.9,82.4,,6.490909090909091,0.0,0.0,0.0,1.0,1.0,0.0,1.0,1.0
2021-06-25,050373,CA,50373.0,LAC+USC MEDICAL CENTER,,,90033.0,,6037.0,,,20230623.0,1.0,4491.0,4046.0,3934.0,3644.0,3410.0,83.0,67.0,,0.0,4379.0,940.0,665.0,712.0,566.0,16.0,14.0,0.0,0.0,0.0,7.0,7.0,7.0,7.0,7.0,7.0,7.0,7.0,7.0,7.0,7.0,7.0,7.0,7.0,7.0,7.0,7.0,7.0,7.0,27.0,,,5.0,5.0,6.0,5.0,,,0.0,0.0,58.0,7.0,0.0,,0.0,,,0.0,,0.0,0.0,0.0,3286.0,0.0,0.0,7.0,7.0,7.0,7.0,188.0,,107.0,,9.0,,7913.0,,7358.0,,193.0,,641.6,578.0,562.0,520.6,487.1,11.9,9.6,,0.0,625.6,134.3,95.0,101.7,80.9,,6.672727272727273,0.0,0.0,0.0,1.0,1.0,0.0,1.0,1.0
2021-07-02,050373,CA,50373.0,LAC+USC MEDICAL CENTER,,,90033.0,,6037.0,,,20230623.0,1.0,4420.0,3977.0,3842.0,3515.0,3338.0,76.0,67.0,,,4285.0,973.0,700.0,682.0,560.0,14.0,14.0,0.0,0.0,0.0,7.0,7.0,7.0,7.0,7.0,7.0,7.0,7.0,7.0,7.0,7.0,7.0,7.0,7.0,7.0,7.0,7.0,7.0,7.0,16.0,0.0,0.0,,0.0,6.0,7.0,0.0,,0.0,,87.0,4.0,0.0,,0.0,,,,0.0,0.0,0.0,0.0,3199.0,0.0,0.0,7.0,7.0,7.0,7.0,66.0,,45.0,,9.0,,7751.0,,7274.0,,188.0,,631.4,568.1,548.9,502.1,476.9,10.9,9.6,,,612.1,139.0,100.0,97.4,80.0,,6.854545454545455,0.0,0.0,0.0,1.0,1.0,0.0,1.0,1.0
2021-07-09,050373,CA,50373.0,LAC+USC MEDICAL CENTER,,,90033.0,,6037.0,,,20230623.0,1.0,4376.0,3940.0,3806.0,3514.0,3330.0,108.0,91.0,0.0,0.0,4242.0,919.0,654.0,683.0,560.0,18.0,17.0,0.0,0.0,0.0,7.0,7.0,7.0,7.0,7.0,7.0,7.0,7.0,7.0,7.0,7.0,7.0,7.0,7.0,7.0,7.0,7.0,7.0,7.0,13.0,0.0,4.0,,,,,0.0,,0.0,0.0,95.0,9.0,0.0,,,,0.0,,,0.0,0.0,0.0,3379.0,0.0,0.0,7.0,7.0,7.0,7.0,61.0,,86.0,,20.0,,7811.0,,7238.0,,180.0,,625.1,562.9,543.7,502.0,475.7,15.4,13.0,0.0,0.0,606.0,131.3,93.4,97.6,80.0,,7.036363636363637,0.0,0.0,0.0,1.0,1.0,0.0,1.0,1.0
2021-07-16,050373,CA,50373.0,LAC+USC MEDICAL CENTER,,,90033.0,,6037.0,,,20230623.0,1.0,4392.0,3951.0,3837.0,3667.0,3432.0,131.0,121.0,,0.0,4278.0,900.0,639.0,711.0,554.0,22.0,22.0,0.0,0.0,0.0,7.0,7.0,7.0,7.0,7.0,7.0,7.0,7.0,7.0,7.0,7.0,7.0,7.0,7.0,7.0,7.0,7.0,7.0,7.0,21.0,0.0,,4.0,6.0,4.0,,,,0.0,0.0,88.0,7.0,0.0,,,,,,,0.0,0.0,0.0,3171.0,0.0,0.0,7.0,7.0,7.0,7.0,127.0,,151.0,,21.0,,7847.0,,7213.0,,173.0,,627.4,564.4,548.1,523.9,490.3,18.7,17.3,,0.0,611.1,128.6,91.3,101.6,79.1,,7.218181818181819,0.0,0.0,0.0,1.0,1.0,0.0,1.0,1.0
2021-07-23,050373,CA,50373.0,LAC+USC MEDICAL CENTER,,,90033.0,,6037.0,,,20230623.0,1.0,4313.0,3902.0,3794.0,3508.0,3277.0,138.0,129.0,5.0,,4205.0,882.0,652.0,777.0,610.0,52.0,52.0,0.0,0.0,0.0,7.0,7.0,7.0,7.0,7.0,7.0,7.0,7.0,7.0,7.0,7.0,7.0,7.0,7.0,7.0,7.0,7.0,7.0,7.0,15.0,0.0,,5.0,,,,,,0.0,,83.0,6.0,0.0,,,0.0,,,0.0,0.0,0.0,0.0,3184.0,0.0,0.0,7.0,7.0,7.0,7.0,74.0,,179.0,,17.0,,7905.0,,7127.0,,189.0,,616.1,557.4,542.0,501.1,468.1,19.7,18.4,,,600.7,126.0,93.1,111.0,87.1,7.4,7.4,0.0,0.0,0.0,1.0,1.0,1.0,1.0,1.0
2021-07-30,050373,CA,50373.0,LAC+USC MEDICAL CENTER,,,90033.0,,6037.0,,,20230623.0,1.0,4338.0,3934.0,3790.0,3513.0,3294.0,148.0,133.0,,,4194.0,883.0,657.0,720.0,577.0,46.0,42.0,0.0,0.0,0.0,7.0,7.0,7.0,7.0,7.0,7.0,7.0,7.0,7.0,7.0,7.0,7.0,7.0,7.0,7.0,7.0,7.0,7.0,7.0,20.0,0.0,4.0,,,,4.0,,,0.0,,93.0,8.0,0.0,,0.0,,4.0,,,0.0,0.0,,3092.0,0.0,0.0,7.0,7.0,7.0,7.0,75.0,,165.0,,15.0,,8001.0,,7070.0,,202.0,,619.7,562.0,541.4,501.9,470.6,21.1,19.0,,,599.1,126.1,93.9,102.9,82.4,6.6,6.0,0.0,0.0,0.0,1.0,1.0,1.0,1.0,1.0
2020-11-06,050441,CA,50441.0,STANFORD HEALTH CARE,,,94305.0,,6085.0,,,20230623.0,1.0,4418.0,4316.0,4242.0,3775.0,3775.0,90.0,73.0,0.0,0.0,4242.0,693.0,693.0,505.0,505.0,24.0,22.0,0.0,0.0,0.0,7.0,7.0,7.0,7.0,7.0,7.0,7.0,7.0,7.0,7.0,7.0,7.0,7.0,7.0,7.0,7.0,2.0,2.0,2.0,15.0,0.0,0.0,6.0,,,6.0,0.0,0.0,0.0,0.0,145.0,171.0,,5.0,11.0,16.0,35.0,30.0,41.0,31.0,0.0,0.0,1682.0,0.0,0.0,7.0,7.0,7.0,7.0,,,,,,,,,,,,,631.1,616.6,606.0,539.3,539.3,12.9,10.4,0.0,0.0,606.0,99.0,99.0,72.1,72.1,,4.3,0.0,0.0,0.0,1.0,1.0,0.0,1.0,1.0
2020-11-13,050441,CA,50441.0,STANFORD HEALTH CARE,,,94305.0,,6085.0,,,20230623.0,1.0,4474.0,4355.0,4242.0,4043.0,4043.0,111.0,102.0,0.0,0.0,4242.0,693.0,693.0,557.0,557.0,21.0,17.0,4.0,0.0,0.0,7.0,7.0,7.0,7.0,7.0,7.0,7.0,7.0,7.0,7.0,7.0,7.0,7.0,7.0,7.0,7.0,7.0,7.0,7.0,20.0,0.0,,,4.0,4.0,,,7.0,0.0,0.0,130.0,225.0,0.0,11.0,22.0,19.0,39.0,43.0,42.0,49.0,0.0,,1756.0,0.0,0.0,7.0,7.0,7.0,7.0,,,,,,,,,,,,,639.1,622.1,606.0,577.6,577.6,15.9,14.6,0.0,0.0,606.0,99.0,99.0,79.6,79.6,,4.3,,0.0,0.0,1.0,1.0,0.0,1.0,1.0
2020-11-20,050441,CA,50441.0,STANFORD HEALTH CARE,,,94305.0,,6085.0,,,20230623.0,1.0,4420.0,4301.0,4230.0,3891.0,3891.0,128.0,119.0,0.0,0.0,4230.0,693.0,693.0,572.0,572.0,35.0,30.0,,0.0,0.0,7.0,7.0,7.0,7.0,7.0,7.0,7.0,7.0,7.0,7.0,7.0,7.0,7.0,7.0,7.0,7.0,7.0,7.0,7.0,30.0,0.0,,,9.0,10.0,,,,0.0,0.0,246.0,265.0,,15.0,42.0,27.0,39.0,44.0,51.0,46.0,0.0,0.0,2620.0,,0.0,7.0,7.0,7.0,7.0,,,,,,,,,,,,,631.4,614.4,604.3,555.9,555.9,18.3,17.0,0.0,0.0,604.3,99.0,99.0,81.7,81.7,5.0,4.3,,0.0,0.0,1.0,1.0,1.0,1.0,1.0
2020-11-27,050441,CA,50441.0,STANFORD HEALTH CARE,,,94305.0,,6085.0,,,20230623.0,1.0,4423.0,4304.0,4221.0,3897.0,3897.0,178.0,153.0,0.0,0.0,4233.0,693.0,693.0,592.0,592.0,59.0,57.0,,0.0,,7.0,7.0,7.0,7.0,7.0,7.0,7.0,7.0,7.0,7.0,7.0,7.0,7.0,7.0,7.0,7.0,7.0,7.0,7.0,38.0,0.0,5.0,,7.0,7.0,8.0,5.0,,0.0,0.0,366.0,188.0,0.0,14.0,40.0,34.0,36.0,40.0,47.0,55.0,0.0,,6690.0,,0.0,7.0,7.0,7.0,6.0,,,,,,,,,,,,,631.9,614.9,603.0,556.7,556.7,25.4,21.9,0.0,0.0,604.7,99.0,99.0,84.6,84.6,8.4,8.1,,0.0,,1.0,1.0,1.0,1.0,1.0
2020-12-04,050441,CA,50441.0,STANFORD HEALTH CARE,,,94305.0,,6085.0,,,20230623.0,1.0,4449.0,4330.0,4330.0,4128.0,4128.0,315.0,287.0,0.0,0.0,4330.0,693.0,693.0,624.0,624.0,74.0,69.0,,0.0,,7.0,7.0,7.0,7.0,7.0,7.0,7.0,7.0,7.0,7.0,7.0,7.0,7.0,7.0,7.0,7.0,7.0,7.0,7.0,75.0,,,,13.0,20.0,18.0,6.0,11.0,0.0,,587.0,295.0,4.0,19.0,32.0,29.0,52.0,44.0,47.0,68.0,0.0,,3305.0,0.0,0.0,7.0,7.0,7.0,7.0,,,,,,,,,,,,,635.6,618.6,618.6,589.7,589.7,45.0,41.0,0.0,0.0,618.6,99.0,99.0,89.1,89.1,10.6,9.9,,0.0,,1.0,1.0,1.0,1.0,1.0
2020-12-11,050441,CA,50441.0,STANFORD HEALTH CARE,,,94305.0,,6085.0,,,20230623.0,1.0,4478.0,4359.0,4359.0,4016.0,4016.0,508.0,479.0,0.0,0.0,4359.0,718.0,718.0,680.0,680.0,133.0,128.0,,0.0,0.0,7.0,7.0,7.0,7.0,7.0,7.0,7.0,7.0,7.0,7.0,7.0,7.0,7.0,7.0,7.0,7.0,7.0,7.0,7.0,90.0,0.0,4.0,5.0,13.0,10.0,14.0,16.0,28.0,0.0,,372.0,281.0,,17.0,31.0,28.0,36.0,49.0,54.0,65.0,0.0,,2200.0,,0.0,7.0,7.0,7.0,7.0,,,,,,,,,,,,,639.7,622.7,622.7,573.7,573.7,72.6,68.4,0.0,0.0,622.7,102.6,102.6,97.1,97.1,19.0,18.3,,0.0,0.0,1.0,1.0,1.0,1.0,1.0
2020-12-18,050441,CA,50441.0,STANFORD HEALTH CARE,,,94305.0,,6085.0,,,20230623.0,1.0,4439.0,4320.0,4334.0,3905.0,3905.0,672.0,614.0,0.0,0.0,4334.0,694.0,694.0,687.0,687.0,209.0,193.0,,0.0,,7.0,7.0,7.0,7.0,7.0,7.0,7.0,7.0,7.0,7.0,7.0,7.0,7.0,7.0,7.0,7.0,7.0,7.0,7.0,89.0,0.0,4.0,11.0,10.0,12.0,18.0,10.0,24.0,0.0,,363.0,373.0,0.0,24.0,41.0,35.0,58.0,76.0,61.0,78.0,0.0,0.0,1916.0,,0.0,7.0,7.0,7.0,7.0,,,,,,,,,,,,,634.1,617.1,619.1,557.9,557.9,96.0,87.7,0.0,0.0,619.1,99.1,99.1,98.1,98.1,29.9,27.6,,0.0,,1.0,1.0,1.0,1.0,1.0
2020-12-25,050441,CA,50441.0,STANFORD HEALTH CARE,,,94305.0,,6085.0,,,20230623.0,1.0,4431.0,4312.0,4312.0,3776.0,3776.0,774.0,730.0,0.0,0.0,4312.0,700.0,700.0,669.0,669.0,229.0,217.0,,0.0,0.0,7.0,7.0,7.0,7.0,7.0,7.0,7.0,7.0,7.0,7.0,7.0,7.0,7.0,7.0,7.0,7.0,7.0,7.0,7.0,91.0,,4.0,4.0,5.0,9.0,16.0,28.0,24.0,0.0,,300.0,236.0,,13.0,31.0,18.0,37.0,45.0,50.0,40.0,0.0,,1618.0,,0.0,7.0,7.0,7.0,7.0,,,,,,,,,,,,,633.0,616.0,616.0,539.4,539.4,110.6,104.3,0.0,0.0,616.0,100.0,100.0,95.6,95.6,32.7,31.0,,0.0,0.0,1.0,1.0,1.0,1.0,1.0
2021-01-01,050441,CA,50441.0,STANFORD HEALTH CARE,,,94305.0,,6085.0,,,20230623.0,1.0,4427.0,4308.0,4308.0,3938.0,3938.0,891.0,849.0,0.0,0.0,4308.0,702.0,702.0,689.0,689.0,258.0,241.0,,0.0,0.0,7.0,7.0,7.0,7.0,7.0,7.0,7.0,7.0,7.0,7.0,7.0,7.0,7.0,7.0,7.0,7.0,7.0,7.0,7.0,107.0,0.0,5.0,13.0,16.0,22.0,18.0,13.0,20.0,0.0,,346.0,313.0,0.0,23.0,39.0,24.0,51.0,62.0,67.0,47.0,0.0,,1907.0,0.0,0.0,7.0,7.0,7.0,7.0,,,,,,,,,,,,,632.4,615.4,615.4,562.6,562.6,127.3,121.3,0.0,0.0,615.4,100.3,100.3,98.4,98.4,36.9,34.4,,0.0,0.0,1.0,1.0,1.0,1.0,1.0
2021-01-08,050441,CA,50441.0,STANFORD HEALTH CARE,,,94305.0,,6085.0,,,20230623.0,1.0,4456.0,4337.0,4337.0,4010.0,4010.0,812.0,773.0,0.0,0.0,4337.0,693.0,693.0,675.0,675.0,262.0,247.0,0.0,0.0,0.0,7.0,7.0,7.0,7.0,7.0,7.0,7.0,7.0,7.0,7.0,7.0,7.0,7.0,7.0,7.0,7.0,7.0,7.0,7.0,95.0,,6.0,10.0,12.0,11.0,23.0,15.0,16.0,0.0,0.0,290.0,332.0,,20.0,35.0,34.0,51.0,59.0,71.0,60.0,0.0,0.0,1733.0,0.0,0.0,7.0,7.0,7.0,7.0,,,,,,,,,,,,,636.6,619.6,619.6,572.9,572.9,116.0,110.4,0.0,0.0,619.6,99.0,99.0,96.4,96.4,37.4,35.3,0.0,0.0,0.0,1.0,1.0,1.0,1.0,1.0
2021-01-15,050441,CA,50441.0,STANFORD HEALTH CARE,,,94305.0,,6085.0,,,20230623.0,1.0,4423.0,4304.0,4304.0,3714.0,3714.0,669.0,623.0,,,4304.0,698.0,698.0,670.0,670.0,243.0,222.0,0.0,0.0,0.0,7.0,7.0,7.0,7.0,7.0,7.0,7.0,7.0,7.0,7.0,7.0,7.0,7.0,7.0,7.0,7.0,7.0,7.0,7.0,89.0,,10.0,18.0,7.0,17.0,14.0,11.0,11.0,0.0,,240.0,268.0,0.0,25.0,38.0,28.0,35.0,50.0,55.0,37.0,0.0,,1551.0,0.0,0.0,7.0,7.0,7.0,6.0,,,,,,,,,,,,,631.9,614.9,614.9,530.6,530.6,95.6,89.0,,,614.9,99.7,99.7,95.7,95.7,34.7,31.7,0.0,0.0,0.0,1.0,1.0,1.0,1.0,1.0
2021-01-22,050441,CA,50441.0,STANFORD HEALTH CARE,,,94305.0,,6085.0,,,20230623.0,1.0,4422.0,4303.0,4303.0,3796.0,3796.0,563.0,533.0,0.0,0.0,4303.0,697.0,697.0,674.0,674.0,196.0,189.0,,0.0,,7.0,7.0,7.0,7.0,7.0,7.0,7.0,7.0,7.0,7.0,7.0,7.0,7.0,7.0,7.0,7.0,7.0,7.0,7.0,57.0,,0.0,7.0,5.0,6.0,17.0,11.0,10.0,0.0,0.0,174.0,319.0,,18.0,33.0,30.0,43.0,57.0,60.0,77.0,0.0,0.0,1429.0,,0.0,7.0,7.0,7.0,7.0,,,,,,,,,,,,,631.7,614.7,614.7,542.3,542.3,80.4,76.1,0.0,0.0,614.7,99.6,99.6,96.3,96.3,28.0,27.0,,0.0,,1.0,1.0,1.0,1.0,1.0
2021-01-29,050441,CA,50441.0,STANFORD HEALTH CARE,,,94305.0,,6085.0,,,20230623.0,1.0,4441.0,4322.0,4322.0,3847.0,3847.0,498.0,487.0,0.0,0.0,4322.0,693.0,693.0,595.0,595.0,149.0,143.0,0.0,0.0,0.0,7.0,7.0,7.0,7.0,7.0,7.0,7.0,7.0,7.0,7.0,7.0,7.0,7.0,7.0,7.0,7.0,7.0,7.0,7.0,57.0,0.0,,10.0,4.0,8.0,14.0,10.0,9.0,0.0,0.0,162.0,299.0,,21.0,46.0,30.0,33.0,50.0,61.0,57.0,0.0,,1439.0,0.0,0.0,7.0,7.0,7.0,7.0,,,,,,,,,,,,,634.4,617.4,617.4,549.6,549.6,71.1,69.6,0.0,0.0,617.4,99.0,99.0,85.0,85.0,21.3,20.4,0.0,0.0,0.0,1.0,1.0,1.0,1.0,1.0
2021-02-05,050441,CA,50441.0,STANFORD HEALTH CARE,,,94305.0,,6085.0,,,20230623.0,1.0,4470.0,4351.0,4351.0,3995.0,3995.0,470.0,441.0,0.0,0.0,4351.0,695.0,695.0,614.0,614.0,142.0,133.0,0.0,0.0,0.0,7.0,7.0,7.0,7.0,7.0,7.0,7.0,7.0,7.0,7.0,7.0,7.0,7.0,7.0,7.0,7.0,7.0,7.0,7.0,47.0,0.0,4.0,5.0,4.0,9.0,12.0,4.0,9.0,0.0,0.0,119.0,309.0,,16.0,56.0,16.0,54.0,67.0,42.0,57.0,0.0,,1484.0,0.0,0.0,7.0,7.0,7.0,7.0,,,,,,,,,,,,,638.6,621.6,621.6,570.7,570.7,67.1,63.0,0.0,0.0,621.6,99.3,99.3,87.7,87.7,20.3,19.0,0.0,0.0,0.0,1.0,1.0,1.0,1.0,1.0
2021-02-12,050441,CA,50441.0,STANFORD HEALTH CARE,,,94305.0,,6085.0,,,20230623.0,1.0,4421.0,4302.0,4302.0,3737.0,3737.0,391.0,373.0,0.0,0.0,4302.0,693.0,693.0,616.0,616.0,140.0,130.0,0.0,0.0,0.0,7.0,7.0,7.0,7.0,7.0,7.0,7.0,7.0,7.0,7.0,7.0,7.0,7.0,7.0,7.0,7.0,7.0,7.0,7.0,35.0,0.0,0.0,5.0,4.0,7.0,4.0,5.0,10.0,0.0,0.0,92.0,256.0,0.0,17.0,23.0,23.0,38.0,42.0,48.0,65.0,0.0,0.0,1380.0,0.0,0.0,7.0,7.0,7.0,7.0,802.0,,41545.0,,39542.0,,18874.0,,8521.0,,20668.0,,631.6,614.6,614.6,533.9,533.9,55.9,53.3,0.0,0.0,614.6,99.0,99.0,88.0,88.0,20.0,18.6,0.0,0.0,0.0,1.0,1.0,1.0,1.0,1.0
2021-02-19,050441,CA,50441.0,STANFORD HEALTH CARE,,,94305.0,,6085.0,,,20230623.0,1.0,4412.0,4293.0,4293.0,3612.0,3612.0,335.0,315.0,0.0,0.0,4293.0,693.0,693.0,582.0,582.0,123.0,117.0,0.0,0.0,0.0,7.0,7.0,7.0,7.0,7.0,7.0,7.0,7.0,7.0,7.0,7.0,7.0,7.0,7.0,7.0,7.0,7.0,7.0,7.0,20.0,0.0,0.0,5.0,,5.0,5.0,,0.0,0.0,0.0,84.0,229.0,,22.0,28.0,19.0,27.0,49.0,38.0,45.0,0.0,0.0,1340.0,0.0,0.0,7.0,7.0,7.0,6.0,,,17919.0,,923.0,,906.0,,8617.0,,17.0,,630.3,613.3,613.3,516.0,516.0,47.9,45.0,0.0,0.0,613.3,99.0,99.0,83.1,83.1,17.6,16.7,0.0,0.0,0.0,1.0,1.0,1.0,1.0,1.0
2021-02-26,050441,CA,50441.0,STANFORD HEALTH CARE,,,94305.0,,6085.0,,,20230623.0,1.0,4419.0,4300.0,4300.0,3753.0,3753.0,276.0,259.0,0.0,0.0,4300.0,693.0,693.0,595.0,595.0,108.0,103.0,0.0,0.0,0.0,7.0,7.0,7.0,7.0,7.0,7.0,7.0,7.0,7.0,7.0,7.0,7.0,7.0,7.0,7.0,7.0,7.0,7.0,7.0,21.0,0.0,4.0,,,,,,5.0,0.0,0.0,60.0,258.0,,19.0,31.0,26.0,33.0,44.0,51.0,53.0,0.0,0.0,1424.0,0.0,0.0,7.0,7.0,7.0,7.0,,,21526.0,,83.0,,68.0,,8613.0,,15.0,,631.3,614.3,614.3,536.1,536.1,39.4,37.0,0.0,0.0,614.3,99.0,99.0,85.0,85.0,15.4,14.7,0.0,0.0,0.0,1.0,1.0,1.0,1.0,1.0
2021-03-05,050441,CA,50441.0,STANFORD HEALTH CARE,,,94305.0,,6085.0,,,20230623.0,1.0,4424.0,4305.0,4305.0,3856.0,3856.0,268.0,250.0,0.0,0.0,4305.0,693.0,693.0,597.0,597.0,92.0,80.0,,0.0,,7.0,7.0,7.0,7.0,7.0,7.0,7.0,7.0,7.0,7.0,7.0,7.0,7.0,7.0,7.0,7.0,7.0,7.0,7.0,20.0,0.0,0.0,,7.0,4.0,,,,0.0,0.0,44.0,169.0,0.0,8.0,21.0,21.0,19.0,34.0,33.0,33.0,0.0,0.0,1354.0,,0.0,7.0,7.0,7.0,6.0,0.0,,19267.0,,89.0,,48.0,,8541.0,,41.0,,632.0,615.0,615.0,550.9,550.9,38.3,35.7,0.0,0.0,615.0,99.0,99.0,85.3,85.3,13.1,11.4,,0.0,,1.0,1.0,1.0,1.0,1.0
2021-03-12,050441,CA,50441.0,STANFORD HEALTH CARE,,,94305.0,,6085.0,,,20230623.0,1.0,4448.0,4329.0,4329.0,4054.0,4054.0,259.0,240.0,0.0,0.0,4329.0,693.0,693.0,615.0,615.0,75.0,64.0,0.0,0.0,0.0,7.0,7.0,7.0,7.0,7.0,7.0,7.0,7.0,7.0,7.0,7.0,7.0,7.0,7.0,7.0,7.0,7.0,7.0,7.0,23.0,0.0,,5.0,,,,4.0,4.0,0.0,0.0,61.0,256.0,,20.0,42.0,23.0,29.0,46.0,51.0,44.0,0.0,,1414.0,0.0,0.0,7.0,7.0,7.0,7.0,0.0,,18345.0,,87.0,,44.0,,8497.0,,43.0,,635.4,618.4,618.4,579.1,579.1,37.0,34.3,0.0,0.0,618.4,99.0,99.0,87.9,87.9,10.7,9.1,0.0,0.0,0.0,1.0,1.0,1.0,1.0,1.0
2021-03-19,050441,CA,50441.0,STANFORD HEALTH CARE,,,94305.0,,6085.0,,,20230623.0,1.0,4424.0,4305.0,4305.0,3921.0,3921.0,212.0,191.0,0.0,0.0,4305.0,693.0,693.0,636.0,636.0,74.0,71.0,0.0,0.0,0.0,7.0,7.0,7.0,7.0,7.0,7.0,7.0,7.0,7.0,7.0,7.0,7.0,7.0,7.0,7.0,7.0,7.0,7.0,7.0,19.0,0.0,5.0,,,4.0,,,,0.0,0.0,63.0,270.0,,21.0,40.0,31.0,43.0,46.0,50.0,38.0,0.0,,1454.0,0.0,0.0,7.0,7.0,7.0,7.0,0.0,,24603.0,,45.0,,8.0,,8464.0,,37.0,,632.0,615.0,615.0,560.1,560.1,30.3,27.3,0.0,0.0,615.0,99.0,99.0,90.9,90.9,10.6,10.1,0.0,0.0,0.0,1.0,1.0,1.0,1.0,1.0
2021-03-26,050441,CA,50441.0,STANFORD HEALTH CARE,,,94305.0,,6085.0,,,20230623.0,1.0,4417.0,4298.0,4298.0,3821.0,3821.0,221.0,213.0,0.0,0.0,4298.0,693.0,693.0,576.0,576.0,88.0,86.0,0.0,0.0,0.0,7.0,7.0,7.0,7.0,7.0,7.0,7.0,7.0,7.0,7.0,7.0,7.0,7.0,7.0,7.0,7.0,7.0,7.0,7.0,12.0,0.0,0.0,,,,,,,0.0,0.0,51.0,209.0,,16.0,38.0,21.0,23.0,38.0,43.0,29.0,0.0,0.0,1469.0,0.0,0.0,7.0,7.0,7.0,7.0,0.0,,22023.0,,73.0,,11.0,,8486.0,,62.0,,631.0,614.0,614.0,545.9,545.9,31.6,30.4,0.0,0.0,614.0,99.0,99.0,82.3,82.3,12.6,12.3,0.0,0.0,0.0,1.0,1.0,1.0,1.0,1.0
2021-04-02,050441,CA,50441.0,STANFORD HEALTH CARE,,,94305.0,,6085.0,,,20230623.0,1.0,4413.0,4294.0,4294.0,3911.0,3911.0,197.0,190.0,0.0,0.0,4294.0,693.0,693.0,595.0,595.0,70.0,68.0,0.0,0.0,0.0,7.0,7.0,7.0,7.0,7.0,7.0,7.0,7.0,7.0,7.0,7.0,7.0,7.0,7.0,7.0,7.0,7.0,7.0,7.0,15.0,0.0,,6.0,,,,,0.0,0.0,0.0,58.0,223.0,,11.0,37.0,25.0,26.0,41.0,44.0,38.0,0.0,,1427.0,0.0,0.0,7.0,7.0,7.0,7.0,5.0,,23733.0,,117.0,,37.0,,8440.0,,80.0,,630.4,613.4,613.4,558.7,558.7,28.1,27.1,0.0,0.0,613.4,99.0,99.0,85.0,85.0,10.0,9.7,0.0,0.0,0.0,1.0,1.0,1.0,1.0,1.0
2021-04-09,050441,CA,50441.0,STANFORD HEALTH CARE,,,94305.0,,6085.0,,,20230623.0,1.0,4448.0,4329.0,4328.0,4063.0,4063.0,207.0,195.0,0.0,0.0,4328.0,693.0,693.0,599.0,599.0,44.0,43.0,0.0,0.0,0.0,7.0,7.0,7.0,7.0,7.0,7.0,7.0,7.0,7.0,7.0,7.0,7.0,7.0,7.0,7.0,7.0,7.0,7.0,7.0,20.0,0.0,,,4.0,4.0,,4.0,,0.0,0.0,58.0,177.0,0.0,10.0,21.0,13.0,26.0,39.0,29.0,39.0,0.0,0.0,1573.0,0.0,0.0,7.0,7.0,7.0,7.0,0.0,,21516.0,,148.0,,36.0,,8350.0,,112.0,,635.4,618.4,618.3,580.4,580.4,29.6,27.9,0.0,0.0,618.3,99.0,99.0,85.6,85.6,6.3,6.1,0.0,0.0,0.0,1.0,1.0,1.0,1.0,1.0
2021-04-16,050441,CA,50441.0,STANFORD HEALTH CARE,,,94305.0,,6085.0,,,20230623.0,1.0,4424.0,4305.0,4305.0,4048.0,4048.0,163.0,159.0,0.0,0.0,4305.0,693.0,693.0,584.0,584.0,31.0,31.0,0.0,0.0,0.0,7.0,7.0,7.0,7.0,7.0,7.0,7.0,7.0,7.0,7.0,7.0,7.0,7.0,7.0,7.0,7.0,7.0,7.0,7.0,10.0,0.0,,,,,,,0.0,0.0,0.0,37.0,267.0,,24.0,42.0,22.0,24.0,51.0,47.0,56.0,0.0,0.0,1529.0,0.0,0.0,7.0,7.0,7.0,7.0,0.0,,41260.0,,11.0,,40.0,,8296.0,,71.0,,632.0,615.0,615.0,578.3,578.3,23.3,22.7,0.0,0.0,615.0,99.0,99.0,83.4,83.4,4.4,4.4,0.0,0.0,0.0,1.0,1.0,1.0,1.0,1.0
2021-04-23,050441,CA,50441.0,STANFORD HEALTH CARE,,,94305.0,,6085.0,,,20230623.0,1.0,4447.0,4328.0,4328.0,4188.0,4188.0,151.0,142.0,0.0,0.0,4328.0,693.0,693.0,599.0,599.0,32.0,31.0,0.0,0.0,0.0,7.0,7.0,7.0,7.0,7.0,7.0,7.0,7.0,7.0,7.0,7.0,7.0,7.0,7.0,7.0,7.0,7.0,7.0,7.0,14.0,0.0,,,4.0,,0.0,,,0.0,0.0,47.0,224.0,,15.0,35.0,20.0,33.0,33.0,42.0,44.0,0.0,,1584.0,0.0,0.0,7.0,7.0,7.0,7.0,0.0,,28311.0,,121.0,,60.0,,8339.0,,61.0,,635.3,618.3,618.3,598.3,598.3,21.6,20.3,0.0,0.0,618.3,99.0,99.0,85.6,85.6,4.6,4.4,0.0,0.0,0.0,1.0,1.0,1.0,1.0,1.0
2021-04-30,050441,CA,50441.0,STANFORD HEALTH CARE,,,94305.0,,6085.0,,,20230623.0,1.0,4448.0,4329.0,4329.0,4206.0,4206.0,128.0,114.0,0.0,0.0,4340.0,693.0,693.0,603.0,603.0,31.0,27.0,0.0,0.0,0.0,7.0,7.0,7.0,7.0,7.0,7.0,7.0,7.0,7.0,7.0,7.0,7.0,7.0,7.0,7.0,7.0,7.0,7.0,7.0,8.0,,,,0.0,,,,0.0,0.0,0.0,40.0,275.0,,23.0,43.0,27.0,33.0,47.0,49.0,51.0,0.0,,1623.0,0.0,0.0,7.0,7.0,7.0,7.0,0.0,,21468.0,,111.0,,75.0,,8314.0,,36.0,,635.4,618.4,618.4,600.9,600.9,18.3,16.3,0.0,0.0,620.0,99.0,99.0,86.1,86.1,4.4,4.65,0.0,0.0,0.0,1.0,1.0,0.0,1.0,1.0
2021-05-07,050441,CA,50441.0,STANFORD HEALTH CARE,,,94305.0,,6085.0,,,20230623.0,1.0,4436.0,4317.0,4317.0,4148.0,4148.0,137.0,124.0,0.0,0.0,4317.0,693.0,693.0,617.0,617.0,37.0,34.0,0.0,0.0,0.0,7.0,7.0,7.0,7.0,7.0,7.0,7.0,7.0,7.0,7.0,7.0,7.0,7.0,7.0,7.0,7.0,7.0,7.0,7.0,11.0,0.0,,,,,,,,0.0,0.0,38.0,247.0,0.0,24.0,44.0,16.0,34.0,50.0,31.0,48.0,0.0,0.0,1572.0,0.0,0.0,7.0,7.0,7.0,7.0,0.0,,23236.0,,102.0,,94.0,,8343.0,,8.0,,633.7,616.7,616.7,592.6,592.6,19.6,17.7,0.0,0.0,616.7,99.0,99.0,88.1,88.1,5.3,4.9,0.0,0.0,0.0,1.0,1.0,1.0,1.0,1.0
2021-05-14,050441,CA,50441.0,STANFORD HEALTH CARE,,,94305.0,,6085.0,,,20230623.0,1.0,4491.0,4372.0,4372.0,4251.0,4251.0,141.0,136.0,0.0,0.0,4372.0,693.0,693.0,612.0,612.0,29.0,27.0,0.0,0.0,0.0,7.0,7.0,7.0,7.0,7.0,7.0,7.0,7.0,7.0,7.0,7.0,7.0,7.0,7.0,7.0,7.0,7.0,7.0,7.0,11.0,0.0,,,,,,,0.0,0.0,0.0,45.0,252.0,,12.0,36.0,24.0,33.0,42.0,38.0,66.0,0.0,0.0,1553.0,0.0,0.0,7.0,7.0,7.0,7.0,0.0,,32742.0,,87.0,,77.0,,8363.0,,10.0,,641.6,624.6,624.6,607.3,607.3,20.1,19.4,0.0,0.0,624.6,99.0,99.0,87.4,87.4,4.1,5.300000000000001,0.0,0.0,0.0,1.0,1.0,0.0,1.0,1.0
2021-05-21,050441,CA,50441.0,STANFORD HEALTH CARE,,,94305.0,,6085.0,,,20230623.0,1.0,4501.0,4382.0,4382.0,4247.0,4247.0,121.0,111.0,0.0,0.0,4382.0,693.0,693.0,577.0,577.0,45.0,40.0,0.0,0.0,0.0,7.0,7.0,7.0,7.0,7.0,7.0,7.0,7.0,7.0,7.0,7.0,7.0,7.0,7.0,7.0,7.0,7.0,7.0,7.0,7.0,0.0,,,,,,,0.0,0.0,0.0,28.0,227.0,,11.0,27.0,23.0,33.0,38.0,48.0,46.0,0.0,0.0,1625.0,0.0,0.0,7.0,7.0,7.0,7.0,0.0,,11574.0,,60.0,,53.0,,8368.0,,7.0,,643.0,626.0,626.0,606.7,606.7,17.3,15.9,0.0,0.0,626.0,99.0,99.0,82.4,82.4,6.4,5.7,0.0,0.0,0.0,1.0,1.0,1.0,1.0,1.0
2021-05-28,050441,CA,50441.0,STANFORD HEALTH CARE,,,94305.0,,6085.0,,,20230623.0,1.0,4525.0,4406.0,4406.0,4225.0,4225.0,109.0,98.0,0.0,0.0,4406.0,694.0,694.0,625.0,625.0,43.0,39.0,0.0,0.0,0.0,7.0,7.0,7.0,7.0,7.0,7.0,7.0,7.0,7.0,7.0,7.0,7.0,7.0,7.0,7.0,7.0,7.0,7.0,7.0,6.0,,0.0,,0.0,0.0,0.0,,,0.0,0.0,32.0,224.0,,8.0,31.0,23.0,29.0,49.0,37.0,44.0,0.0,0.0,1687.0,0.0,0.0,7.0,7.0,7.0,7.0,0.0,,4756.0,,51.0,,37.0,,8303.0,,14.0,,646.4,629.4,629.4,603.6,603.6,15.6,14.0,0.0,0.0,629.4,99.1,99.1,89.3,89.3,6.1,5.6,0.0,0.0,0.0,1.0,1.0,1.0,1.0,1.0
2021-06-04,050441,CA,50441.0,STANFORD HEALTH CARE,,,94305.0,,6085.0,,,20230623.0,1.0,4541.0,4422.0,4422.0,4365.0,4365.0,123.0,108.0,0.0,0.0,4422.0,693.0,693.0,638.0,638.0,47.0,47.0,,0.0,0.0,7.0,7.0,7.0,7.0,7.0,7.0,7.0,7.0,7.0,7.0,7.0,7.0,7.0,7.0,7.0,7.0,7.0,7.0,7.0,6.0,0.0,0.0,,0.0,,,0.0,0.0,0.0,0.0,27.0,231.0,,16.0,38.0,18.0,34.0,51.0,39.0,33.0,0.0,,1672.0,,0.0,7.0,7.0,7.0,7.0,0.0,,3792.0,,31.0,,22.0,,8276.0,,9.0,,648.7,631.7,631.7,623.6,623.6,17.6,15.4,0.0,0.0,631.7,99.0,99.0,91.1,91.1,6.7,6.7,,0.0,0.0,1.0,1.0,1.0,1.0,1.0
2021-06-11,050441,CA,50441.0,STANFORD HEALTH CARE,,,94305.0,,6085.0,,,20230623.0,1.0,4537.0,4418.0,4418.0,4327.0,4327.0,109.0,98.0,0.0,0.0,4418.0,713.0,713.0,630.0,630.0,50.0,47.0,0.0,0.0,0.0,7.0,7.0,7.0,7.0,7.0,7.0,7.0,7.0,7.0,7.0,7.0,7.0,7.0,7.0,7.0,7.0,7.0,7.0,7.0,4.0,,0.0,0.0,0.0,,0.0,0.0,,0.0,0.0,24.0,201.0,,14.0,37.0,14.0,27.0,30.0,47.0,31.0,0.0,,1622.0,0.0,0.0,7.0,7.0,7.0,7.0,0.0,,3172.0,,,,0.0,,8279.0,,,,648.1,631.1,631.1,618.1,618.1,15.6,14.0,0.0,0.0,631.1,101.9,101.9,90.0,90.0,7.1,6.7,0.0,0.0,0.0,1.0,1.0,1.0,1.0,1.0
2021-06-18,050441,CA,50441.0,STANFORD HEALTH CARE,,,94305.0,,6085.0,,,20230623.0,1.0,4530.0,4411.0,4411.0,4349.0,4349.0,112.0,104.0,0.0,0.0,4411.0,813.0,813.0,655.0,655.0,49.0,45.0,0.0,0.0,0.0,7.0,7.0,7.0,7.0,7.0,7.0,7.0,7.0,7.0,7.0,7.0,7.0,7.0,7.0,7.0,7.0,7.0,7.0,7.0,6.0,0.0,,0.0,,,,0.0,0.0,0.0,0.0,32.0,185.0,,12.0,42.0,14.0,25.0,32.0,30.0,27.0,0.0,0.0,1676.0,0.0,0.0,7.0,7.0,7.0,7.0,0.0,,1919.0,,0.0,,0.0,,8259.0,,0.0,,647.1,630.1,630.1,621.3,621.3,16.0,14.9,0.0,0.0,630.1,116.1,116.1,93.6,93.6,7.0,6.4,0.0,0.0,0.0,1.0,1.0,1.0,1.0,1.0
2021-06-25,050441,CA,50441.0,STANFORD HEALTH CARE,,,94305.0,,6085.0,,,20230623.0,1.0,4542.0,4440.0,4440.0,4380.0,4380.0,106.0,95.0,0.0,0.0,4440.0,833.0,833.0,641.0,641.0,42.0,36.0,0.0,0.0,0.0,7.0,7.0,7.0,7.0,7.0,7.0,7.0,7.0,7.0,7.0,7.0,7.0,7.0,7.0,7.0,7.0,7.0,7.0,7.0,5.0,0.0,,,,0.0,,,0.0,0.0,0.0,26.0,207.0,0.0,21.0,29.0,24.0,29.0,30.0,39.0,35.0,0.0,0.0,1728.0,0.0,0.0,7.0,7.0,7.0,7.0,0.0,,1406.0,,0.0,,9.0,,20.0,,7182.0,,648.9,634.3,634.3,625.7,625.7,15.1,13.6,0.0,0.0,634.3,119.0,119.0,91.6,91.6,6.0,5.1,0.0,0.0,0.0,1.0,1.0,1.0,1.0,1.0
2021-07-02,050441,CA,50441.0,STANFORD HEALTH CARE,,,94305.0,,6085.0,,,20230623.0,1.0,4494.0,4375.0,4375.0,4236.0,4236.0,71.0,55.0,0.0,0.0,4375.0,833.0,833.0,631.0,631.0,18.0,11.0,0.0,0.0,0.0,7.0,7.0,7.0,7.0,7.0,7.0,7.0,7.0,7.0,7.0,7.0,7.0,7.0,7.0,7.0,7.0,7.0,7.0,7.0,5.0,0.0,0.0,,,,,0.0,0.0,0.0,0.0,35.0,174.0,,13.0,31.0,12.0,31.0,39.0,21.0,26.0,0.0,,1691.0,0.0,0.0,7.0,7.0,7.0,6.0,0.0,,300.0,,34.0,,14.0,,7113.0,,20.0,,642.0,625.0,625.0,605.1,605.1,10.1,7.9,0.0,0.0,625.0,119.0,119.0,90.1,90.1,,5.16,0.0,0.0,0.0,1.0,1.0,0.0,1.0,1.0
2021-07-09,050441,CA,50441.0,STANFORD HEALTH CARE,,,94305.0,,6085.0,,,20230623.0,1.0,4427.0,4308.0,4308.0,4233.0,4233.0,75.0,55.0,0.0,0.0,4308.0,833.0,833.0,590.0,590.0,13.0,9.0,0.0,0.0,0.0,7.0,7.0,7.0,7.0,7.0,7.0,7.0,7.0,7.0,7.0,7.0,7.0,7.0,7.0,7.0,7.0,7.0,7.0,7.0,8.0,0.0,,0.0,0.0,,0.0,,,0.0,0.0,47.0,219.0,,14.0,46.0,24.0,35.0,34.0,35.0,30.0,0.0,,1751.0,0.0,0.0,7.0,7.0,7.0,7.0,0.0,,179.0,,39.0,,15.0,,6620.0,,24.0,,632.4,615.4,615.4,604.7,604.7,10.7,7.9,0.0,0.0,615.4,119.0,119.0,84.3,84.3,,5.22,0.0,0.0,0.0,1.0,1.0,0.0,1.0,1.0
2021-07-16,050441,CA,50441.0,STANFORD HEALTH CARE,,,94305.0,,6085.0,,,20230623.0,1.0,4542.0,4423.0,4423.0,4368.0,4368.0,70.0,56.0,0.0,0.0,4423.0,833.0,833.0,632.0,632.0,16.0,11.0,0.0,0.0,0.0,7.0,7.0,7.0,7.0,7.0,7.0,7.0,7.0,7.0,7.0,7.0,7.0,7.0,7.0,7.0,7.0,7.0,7.0,7.0,15.0,0.0,,5.0,,,,,,0.0,0.0,66.0,241.0,,25.0,30.0,27.0,33.0,44.0,34.0,47.0,0.0,,1743.0,0.0,0.0,7.0,7.0,7.0,7.0,0.0,,213.0,,75.0,,18.0,,5561.0,,57.0,,648.9,631.9,631.9,624.0,624.0,10.0,8.0,0.0,0.0,631.9,119.0,119.0,90.3,90.3,,5.28,0.0,0.0,0.0,1.0,1.0,0.0,1.0,1.0
2021-07-23,050441,CA,50441.0,STANFORD HEALTH CARE,,,94305.0,,6085.0,,,20230623.0,1.0,4578.0,4459.0,4459.0,4367.0,4367.0,68.0,59.0,0.0,0.0,4459.0,833.0,833.0,642.0,642.0,16.0,15.0,0.0,0.0,0.0,7.0,7.0,7.0,7.0,7.0,7.0,7.0,7.0,7.0,7.0,7.0,7.0,7.0,7.0,7.0,7.0,7.0,7.0,7.0,12.0,,,0.0,0.0,4.0,0.0,,,0.0,0.0,60.0,218.0,,13.0,46.0,21.0,25.0,34.0,47.0,29.0,0.0,,1721.0,0.0,0.0,7.0,7.0,7.0,7.0,0.0,,89.0,,91.0,,27914.0,,5197.0,,62.0,,654.0,637.0,637.0,623.9,623.9,9.7,8.4,0.0,0.0,637.0,119.0,119.0,91.7,91.7,,5.34,0.0,0.0,0.0,1.0,1.0,0.0,1.0,1.0
2021-07-30,050441,CA,50441.0,STANFORD HEALTH CARE,,,94305.0,,6085.0,,,20230623.0,1.0,4652.0,4533.0,4533.0,4498.0,4498.0,161.0,137.0,0.0,0.0,4533.0,833.0,833.0,626.0,626.0,42.0,38.0,0.0,0.0,0.0,7.0,7.0,7.0,7.0,7.0,7.0,7.0,7.0,7.0,7.0,7.0,7.0,7.0,7.0,7.0,7.0,7.0,7.0,7.0,27.0,0.0,,6.0,5.0,5.0,5.0,,0.0,0.0,0.0,86.0,269.0,,24.0,48.0,28.0,32.0,52.0,44.0,39.0,0.0,,1930.0,0.0,0.0,7.0,7.0,7.0,7.0,0.0,,71.0,,113.0,,28312.0,,4868.0,,79.0,,664.6,647.6,647.6,642.6,642.6,23.0,19.6,0.0,0.0,647.6,119.0,119.0,89.4,89.4,6.0,5.4,0.0,0.0,0.0,1.0,1.0,1.0,1.0,1.0
2020-11-06,050454,CA,50454.0,UCSF MEDICAL CENTER,,,94143.0,,6075.0,,,20230623.0,1.0,4832.0,3550.0,3549.0,4574.0,3505.0,94.0,84.0,,0.0,4830.0,1284.0,714.0,1005.0,518.0,30.0,28.0,,,,7.0,7.0,7.0,7.0,7.0,7.0,7.0,7.0,7.0,7.0,7.0,7.0,7.0,7.0,7.0,7.0,0.0,0.0,0.0,0.0,0.0,,0.0,0.0,0.0,0.0,0.0,0.0,0.0,0.0,196.0,0.0,0.0,0.0,0.0,0.0,0.0,0.0,0.0,0.0,0.0,0.0,814.0,,0.0,7.0,7.0,7.0,7.0,,,,,,,,,,,,,690.3,507.1,507.0,653.4,500.7,13.4,12.0,,0.0,690.0,183.4,102.0,143.6,74.0,4.3,4.0,,,,1.0,1.0,1.0,0.0,1.0
2020-11-13,050454,CA,50454.0,UCSF MEDICAL CENTER,,,94143.0,,6075.0,,,20230623.0,1.0,4839.0,3563.0,3563.0,4466.0,3416.0,88.0,78.0,9.0,8.0,4839.0,1304.0,714.0,1000.0,506.0,21.0,16.0,,,,7.0,7.0,7.0,7.0,7.0,7.0,7.0,7.0,7.0,7.0,7.0,7.0,7.0,7.0,7.0,7.0,0.0,0.0,0.0,0.0,0.0,,0.0,0.0,0.0,0.0,0.0,0.0,0.0,,192.0,0.0,0.0,0.0,0.0,0.0,0.0,0.0,0.0,0.0,0.0,0.0,842.0,,0.0,7.0,7.0,7.0,7.0,,,,,,,,,,,,,691.3,509.0,509.0,638.0,488.0,12.6,11.1,,,691.3,186.3,102.0,142.9,72.3,,6.133333333333333,,,,1.0,1.0,0.0,0.0,1.0
2020-11-20,050454,CA,50454.0,UCSF MEDICAL CENTER,,,94143.0,,6075.0,,,20230623.0,1.0,4643.0,3405.0,3405.0,4305.0,3296.0,107.0,97.0,7.0,4.0,4643.0,1317.0,714.0,999.0,510.0,33.0,26.0,0.0,0.0,0.0,7.0,7.0,7.0,7.0,7.0,7.0,7.0,7.0,7.0,7.0,7.0,7.0,7.0,7.0,7.0,7.0,2.0,2.0,2.0,0.0,0.0,0.0,0.0,0.0,0.0,0.0,0.0,0.0,0.0,,213.0,0.0,0.0,0.0,0.0,0.0,0.0,0.0,0.0,0.0,0.0,0.0,863.0,0.0,0.0,7.0,7.0,7.0,7.0,,,,,,,,,,,,,663.3,486.4,486.4,615.0,470.9,15.3,13.9,,,663.3,188.1,102.0,142.7,72.9,4.7,8.266666666666666,0.0,0.0,0.0,1.0,1.0,0.0,1.0,1.0
2020-11-27,050454,CA,50454.0,UCSF MEDICAL CENTER,,,94143.0,,6075.0,,,20230623.0,1.0,4432.0,3180.0,3180.0,3962.0,3022.0,176.0,170.0,11.0,9.0,4432.0,1334.0,714.0,1032.0,519.0,74.0,73.0,,,,7.0,7.0,7.0,7.0,7.0,7.0,7.0,7.0,7.0,7.0,7.0,7.0,7.0,7.0,7.0,7.0,0.0,0.0,0.0,0.0,0.0,,0.0,0.0,0.0,0.0,0.0,0.0,0.0,,233.0,0.0,0.0,0.0,0.0,0.0,0.0,0.0,0.0,0.0,0.0,0.0,900.0,,0.0,7.0,7.0,7.0,7.0,,,,,,,,,,,,,633.1,454.3,454.3,566.0,431.7,25.1,24.3,,,633.1,190.6,102.0,147.4,74.1,10.6,10.4,,,,1.0,1.0,1.0,0.0,1.0
2020-12-04,050454,CA,50454.0,UCSF MEDICAL CENTER,,,94143.0,,6075.0,,,20230623.0,1.0,4747.0,3521.0,3521.0,4363.0,3429.0,277.0,267.0,8.0,8.0,4747.0,1360.0,714.0,1070.0,539.0,96.0,92.0,0.0,0.0,0.0,7.0,7.0,7.0,7.0,7.0,7.0,7.0,7.0,7.0,7.0,7.0,7.0,7.0,7.0,7.0,7.0,1.0,1.0,1.0,0.0,0.0,,0.0,0.0,0.0,0.0,0.0,0.0,0.0,,239.0,0.0,0.0,0.0,,0.0,0.0,0.0,0.0,0.0,0.0,0.0,843.0,0.0,0.0,7.0,7.0,7.0,7.0,,,,,,,,,,,,,678.1,503.0,503.0,623.3,489.9,39.6,38.1,,,678.1,194.3,102.0,152.9,77.0,13.7,13.1,0.0,0.0,0.0,1.0,1.0,1.0,0.0,0.0
2020-12-11,050454,CA,50454.0,UCSF MEDICAL CENTER,,,94143.0,,6075.0,,,20230623.0,1.0,4845.0,3585.0,3585.0,4491.0,3554.0,331.0,323.0,12.0,8.0,4845.0,1326.0,714.0,1084.0,575.0,131.0,128.0,0.0,0.0,0.0,7.0,7.0,7.0,7.0,7.0,7.0,7.0,7.0,7.0,7.0,7.0,7.0,7.0,7.0,7.0,7.0,1.0,1.0,1.0,0.0,,0.0,,0.0,0.0,0.0,0.0,0.0,0.0,,226.0,0.0,0.0,0.0,0.0,0.0,0.0,0.0,0.0,0.0,0.0,,727.0,0.0,0.0,7.0,7.0,7.0,7.0,,,,,,,,,,,,,692.1,512.1,512.1,641.6,507.7,47.3,46.1,,,692.1,189.4,102.0,154.9,82.1,18.7,18.3,0.0,0.0,0.0,1.0,1.0,1.0,0.0,1.0
2020-12-18,050454,CA,50454.0,UCSF MEDICAL CENTER,,,94143.0,,6075.0,,,20230623.0,1.0,5057.0,3870.0,3853.0,4334.0,3435.0,386.0,349.0,11.0,10.0,5024.0,1343.0,714.0,1048.0,551.0,111.0,110.0,0.0,0.0,0.0,7.0,7.0,7.0,7.0,7.0,7.0,7.0,7.0,7.0,7.0,7.0,7.0,7.0,7.0,7.0,7.0,7.0,7.0,7.0,0.0,0.0,,0.0,0.0,0.0,0.0,0.0,0.0,0.0,,236.0,0.0,0.0,0.0,0.0,0.0,0.0,0.0,0.0,0.0,0.0,,784.0,,0.0,7.0,7.0,7.0,7.0,,,,,,,,,,,,,722.4,552.9,550.4,619.1,490.7,55.1,49.9,,,717.7,191.9,102.0,149.7,78.7,15.9,15.7,0.0,0.0,0.0,1.0,1.0,1.0,0.0,1.0
2020-12-25,050454,CA,50454.0,UCSF MEDICAL CENTER,,,94143.0,,6075.0,,,20230623.0,1.0,5306.0,4235.0,4235.0,3698.0,2925.0,418.0,401.0,8.0,8.0,5306.0,1379.0,714.0,1023.0,511.0,136.0,134.0,0.0,0.0,0.0,7.0,7.0,7.0,7.0,7.0,7.0,7.0,7.0,7.0,7.0,7.0,7.0,7.0,7.0,7.0,7.0,7.0,7.0,7.0,0.0,0.0,,0.0,0.0,0.0,0.0,0.0,0.0,0.0,0.0,212.0,0.0,0.0,0.0,0.0,0.0,0.0,0.0,0.0,0.0,0.0,0.0,825.0,,0.0,7.0,7.0,7.0,7.0,,,,,,,,,,,,,758.0,605.0,605.0,528.3,417.9,59.7,57.3,,,758.0,197.0,102.0,146.1,73.0,19.4,19.1,0.0,0.0,0.0,1.0,1.0,1.0,0.0,1.0
2021-01-01,050454,CA,50454.0,UCSF MEDICAL CENTER,,,94143.0,,6075.0,,,20230623.0,1.0,5482.0,4235.0,4235.0,3971.0,3071.0,535.0,515.0,10.0,10.0,5482.0,1346.0,714.0,1032.0,525.0,144.0,144.0,0.0,0.0,0.0,7.0,7.0,7.0,7.0,7.0,7.0,7.0,7.0,7.0,7.0,7.0,7.0,7.0,7.0,7.0,7.0,7.0,7.0,7.0,0.0,,0.0,,0.0,0.0,0.0,0.0,0.0,0.0,,273.0,0.0,0.0,0.0,0.0,0.0,0.0,0.0,0.0,0.0,0.0,0.0,846.0,0.0,0.0,7.0,7.0,7.0,7.0,,,,,,,,,,,,,783.1,605.0,605.0,567.3,438.7,76.4,73.6,,,783.1,192.3,102.0,147.4,75.0,20.6,20.6,0.0,0.0,0.0,1.0,1.0,1.0,0.0,1.0
2021-01-08,050454,CA,50454.0,UCSF MEDICAL CENTER,,,94143.0,,6075.0,,,20230623.0,1.0,5839.0,4235.0,4235.0,4698.0,3405.0,543.0,522.0,70.0,57.0,5839.0,1339.0,714.0,1160.0,605.0,173.0,165.0,0.0,0.0,0.0,7.0,7.0,7.0,7.0,7.0,7.0,7.0,7.0,7.0,7.0,7.0,7.0,7.0,7.0,7.0,7.0,7.0,7.0,7.0,0.0,0.0,,,0.0,0.0,0.0,0.0,0.0,0.0,,225.0,0.0,0.0,0.0,0.0,0.0,0.0,0.0,0.0,0.0,0.0,0.0,806.0,,0.0,7.0,7.0,7.0,7.0,,,,,,,,,,,,,834.1,605.0,605.0,671.1,486.4,77.6,74.6,10.0,8.1,834.1,191.3,102.0,165.7,86.4,24.7,23.6,0.0,0.0,0.0,1.0,1.0,1.0,0.0,1.0
2021-01-15,050454,CA,50454.0,UCSF MEDICAL CENTER,,,94143.0,,6075.0,,,20230623.0,1.0,5858.0,4235.0,4235.0,4671.0,3339.0,440.0,429.0,30.0,27.0,5858.0,1331.0,714.0,1121.0,597.0,162.0,160.0,0.0,0.0,0.0,7.0,7.0,7.0,7.0,7.0,7.0,7.0,7.0,7.0,7.0,7.0,7.0,7.0,7.0,7.0,7.0,7.0,7.0,7.0,0.0,0.0,0.0,,0.0,0.0,0.0,0.0,0.0,0.0,,230.0,0.0,0.0,0.0,0.0,0.0,0.0,0.0,0.0,0.0,0.0,0.0,843.0,0.0,0.0,7.0,7.0,7.0,7.0,,,,,,,,,,,,,836.9,605.0,605.0,667.3,477.0,62.9,61.3,4.3,,836.9,190.1,102.0,160.1,85.3,23.1,22.9,0.0,0.0,0.0,1.0,1.0,1.0,0.0,1.0
2021-01-22,050454,CA,50454.0,UCSF MEDICAL CENTER,,,94143.0,,6075.0,,,20230623.0,1.0,5800.0,4235.0,4235.0,4856.0,3514.0,343.0,328.0,37.0,24.0,5800.0,1329.0,715.0,1178.0,646.0,192.0,161.0,0.0,0.0,0.0,7.0,7.0,7.0,7.0,7.0,7.0,7.0,7.0,7.0,7.0,7.0,7.0,7.0,7.0,7.0,7.0,7.0,7.0,7.0,0.0,,0.0,0.0,0.0,0.0,0.0,0.0,0.0,0.0,,198.0,0.0,0.0,0.0,,0.0,0.0,0.0,0.0,0.0,0.0,0.0,845.0,0.0,0.0,7.0,7.0,7.0,7.0,,,,,,,,,,,,,828.6,605.0,605.0,693.7,502.0,49.0,46.9,5.3,,828.6,189.9,102.1,168.3,92.3,27.4,23.0,0.0,0.0,0.0,1.0,1.0,1.0,0.0,0.0
2021-01-29,050454,CA,50454.0,UCSF MEDICAL CENTER,,,94143.0,,6075.0,,,20230623.0,1.0,5831.0,4235.0,4235.0,4868.0,3572.0,333.0,320.0,19.0,18.0,5831.0,1311.0,714.0,1131.0,612.0,139.0,139.0,0.0,0.0,0.0,7.0,7.0,7.0,7.0,7.0,7.0,7.0,7.0,7.0,7.0,7.0,7.0,7.0,7.0,7.0,7.0,7.0,7.0,7.0,0.0,0.0,0.0,0.0,,0.0,0.0,0.0,0.0,0.0,,227.0,0.0,0.0,0.0,0.0,0.0,0.0,0.0,0.0,0.0,0.0,0.0,837.0,0.0,0.0,7.0,7.0,7.0,7.0,,,,,,,,,,,,,833.0,605.0,605.0,695.4,510.3,47.6,45.7,,,833.0,187.3,102.0,161.6,87.4,19.9,19.9,0.0,0.0,0.0,1.0,1.0,1.0,0.0,1.0
2021-02-05,050454,CA,50454.0,UCSF MEDICAL CENTER,,,94143.0,,6075.0,,,20230623.0,1.0,5847.0,4235.0,4235.0,4909.0,3650.0,313.0,304.0,10.0,8.0,5847.0,1303.0,714.0,1120.0,630.0,149.0,149.0,0.0,0.0,0.0,7.0,7.0,7.0,7.0,7.0,7.0,7.0,7.0,7.0,7.0,7.0,7.0,7.0,7.0,7.0,7.0,7.0,7.0,7.0,0.0,0.0,0.0,,0.0,0.0,0.0,0.0,0.0,0.0,,221.0,0.0,0.0,0.0,0.0,0.0,0.0,,,0.0,0.0,,881.0,0.0,0.0,7.0,7.0,7.0,7.0,,,,,,,,,,,,,835.3,605.0,605.0,701.3,521.4,44.7,43.4,,,835.3,186.1,102.0,160.0,90.0,21.3,21.3,0.0,0.0,0.0,1.0,1.0,1.0,0.0,0.0
2021-02-12,050454,CA,50454.0,UCSF MEDICAL CENTER,,,94143.0,,6075.0,,,20230623.0,1.0,5801.0,4235.0,4235.0,4653.0,3517.0,302.0,287.0,12.0,7.0,5801.0,1285.0,714.0,1033.0,589.0,124.0,122.0,0.0,0.0,0.0,7.0,7.0,7.0,7.0,7.0,7.0,7.0,7.0,7.0,7.0,7.0,7.0,7.0,7.0,7.0,7.0,7.0,7.0,7.0,0.0,0.0,,0.0,0.0,0.0,0.0,0.0,0.0,0.0,0.0,168.0,0.0,0.0,0.0,0.0,0.0,0.0,0.0,0.0,0.0,0.0,,788.0,0.0,0.0,7.0,7.0,7.0,7.0,,,,,,,,,,,,,828.7,605.0,605.0,664.7,502.4,43.1,41.0,,,828.7,183.6,102.0,147.6,84.1,17.7,17.4,0.0,0.0,0.0,1.0,1.0,1.0,0.0,1.0
2021-02-19,050454,CA,50454.0,UCSF MEDICAL CENTER,,,94143.0,,6075.0,,,20230623.0,1.0,5810.0,4235.0,4235.0,4752.0,3525.0,235.0,221.0,10.0,10.0,5810.0,1296.0,714.0,1058.0,584.0,110.0,110.0,0.0,0.0,0.0,7.0,7.0,7.0,7.0,7.0,7.0,7.0,7.0,7.0,7.0,7.0,7.0,7.0,7.0,7.0,7.0,7.0,7.0,7.0,0.0,0.0,0.0,0.0,0.0,0.0,0.0,0.0,0.0,0.0,4.0,204.0,0.0,0.0,0.0,0.0,0.0,0.0,0.0,0.0,0.0,0.0,0.0,831.0,0.0,0.0,7.0,7.0,7.0,7.0,,,,,,,,,,,,,830.0,605.0,605.0,678.9,503.6,33.6,31.6,,,830.0,185.1,102.0,151.1,83.4,15.7,15.7,0.0,0.0,0.0,1.0,1.0,1.0,1.0,1.0
2021-02-26,050454,CA,50454.0,UCSF MEDICAL CENTER,,,94143.0,,6075.0,,,20230623.0,1.0,5814.0,4235.0,4235.0,4752.0,3524.0,172.0,154.0,12.0,12.0,5814.0,1291.0,714.0,1102.0,598.0,83.0,82.0,0.0,0.0,0.0,7.0,7.0,7.0,7.0,7.0,7.0,7.0,7.0,7.0,7.0,7.0,7.0,7.0,7.0,7.0,7.0,7.0,7.0,7.0,0.0,0.0,0.0,0.0,,0.0,0.0,0.0,0.0,0.0,0.0,175.0,0.0,0.0,,0.0,0.0,0.0,0.0,0.0,0.0,0.0,0.0,820.0,0.0,0.0,7.0,7.0,7.0,7.0,,,,,,,,,,,,,830.6,605.0,605.0,678.9,503.4,24.6,22.0,,,830.6,184.4,102.0,157.4,85.4,11.9,11.7,0.0,0.0,0.0,1.0,1.0,1.0,0.0,0.0
2021-03-05,050454,CA,50454.0,UCSF MEDICAL CENTER,,,94143.0,,6075.0,,,20230623.0,1.0,5813.0,4235.0,4235.0,4833.0,3587.0,131.0,93.0,17.0,17.0,5813.0,1290.0,714.0,1064.0,596.0,52.0,52.0,7.0,0.0,0.0,7.0,7.0,7.0,7.0,7.0,7.0,7.0,7.0,7.0,7.0,7.0,7.0,7.0,7.0,7.0,7.0,7.0,7.0,7.0,0.0,0.0,0.0,0.0,0.0,0.0,0.0,0.0,0.0,0.0,0.0,179.0,0.0,0.0,0.0,0.0,0.0,0.0,0.0,0.0,0.0,0.0,0.0,811.0,,0.0,7.0,7.0,7.0,7.0,,,,,,,,,,,,,830.4,605.0,605.0,690.4,512.4,18.7,13.3,,,830.4,184.3,102.0,152.0,85.1,7.4,7.4,,0.0,0.0,1.0,1.0,1.0,1.0,1.0
2021-03-12,050454,CA,50454.0,UCSF MEDICAL CENTER,,,94143.0,,6075.0,,,20230623.0,1.0,5857.0,4235.0,4235.0,4785.0,3423.0,104.0,95.0,8.0,8.0,5857.0,1284.0,699.0,1069.0,560.0,45.0,45.0,12.0,0.0,,7.0,7.0,7.0,7.0,7.0,7.0,7.0,7.0,7.0,7.0,7.0,7.0,7.0,7.0,7.0,7.0,7.0,7.0,7.0,4.0,0.0,0.0,0.0,,0.0,,0.0,0.0,0.0,,89.0,0.0,0.0,0.0,0.0,0.0,0.0,0.0,0.0,0.0,0.0,0.0,892.0,,0.0,7.0,7.0,7.0,7.0,,,,,,,,,,,,,836.7,605.0,605.0,683.6,489.0,14.9,13.6,,,836.7,183.4,99.9,152.7,80.0,6.4,6.4,,0.0,,1.0,1.0,1.0,1.0,1.0
2021-03-19,050454,CA,50454.0,UCSF MEDICAL CENTER,,,94143.0,,6075.0,,,20230623.0,1.0,5943.0,4235.0,4235.0,4994.0,3609.0,98.0,96.0,,0.0,5943.0,1386.0,714.0,1157.0,600.0,40.0,39.0,7.0,0.0,0.0,7.0,7.0,7.0,7.0,7.0,7.0,7.0,7.0,7.0,7.0,7.0,7.0,7.0,7.0,7.0,7.0,7.0,7.0,7.0,10.0,0.0,,,,,4.0,0.0,0.0,0.0,0.0,21.0,0.0,0.0,0.0,0.0,0.0,0.0,,0.0,0.0,0.0,,900.0,0.0,0.0,7.0,7.0,7.0,7.0,,,,,,,,,,,,,849.0,605.0,605.0,713.4,515.6,14.0,13.7,,0.0,849.0,198.0,102.0,165.3,85.7,5.7,5.6,,0.0,0.0,1.0,1.0,1.0,1.0,0.0
2021-03-26,050454,CA,50454.0,UCSF MEDICAL CENTER,,,94143.0,,6075.0,,,20230623.0,1.0,5943.0,4235.0,4235.0,4819.0,3581.0,63.0,60.0,7.0,7.0,5943.0,1386.0,714.0,1100.0,559.0,17.0,17.0,15.0,0.0,5.0,7.0,7.0,7.0,7.0,7.0,7.0,7.0,7.0,7.0,7.0,7.0,7.0,7.0,7.0,7.0,7.0,7.0,7.0,7.0,8.0,0.0,0.0,0.0,0.0,0.0,,0.0,,0.0,0.0,13.0,0.0,0.0,0.0,,0.0,0.0,0.0,0.0,0.0,0.0,0.0,941.0,0.0,0.0,7.0,7.0,7.0,7.0,,,,,,,,,,,,,849.0,605.0,605.0,688.4,511.6,9.0,8.6,,,849.0,198.0,102.0,157.1,79.9,,5.375,,0.0,,1.0,1.0,0.0,0.0,0.0
2021-04-02,050454,CA,50454.0,UCSF MEDICAL CENTER,,,94143.0,,6075.0,,,20230623.0,1.0,5943.0,4235.0,4235.0,4793.0,3471.0,60.0,52.0,9.0,9.0,5943.0,1386.0,714.0,1077.0,545.0,11.0,11.0,27.0,0.0,,7.0,7.0,7.0,7.0,7.0,7.0,7.0,7.0,7.0,7.0,7.0,7.0,7.0,7.0,7.0,7.0,7.0,7.0,7.0,6.0,,,0.0,0.0,,0.0,,,0.0,0.0,10.0,0.0,0.0,0.0,0.0,0.0,,,0.0,0.0,0.0,0.0,894.0,0.0,0.0,7.0,7.0,7.0,7.0,,,,,,,,,,,,,849.0,605.0,605.0,684.7,495.9,8.6,7.4,,,849.0,198.0,102.0,153.9,77.9,,5.15,,0.0,,1.0,1.0,0.0,1.0,0.0
2021-04-09,050454,CA,50454.0,UCSF MEDICAL CENTER,,,94143.0,,6075.0,,,20230623.0,1.0,5943.0,4235.0,4235.0,4928.0,3566.0,50.0,50.0,12.0,12.0,5943.0,1386.0,714.0,1119.0,555.0,18.0,18.0,23.0,0.0,0.0,7.0,7.0,7.0,7.0,7.0,7.0,7.0,7.0,7.0,7.0,7.0,7.0,7.0,7.0,7.0,7.0,7.0,7.0,7.0,6.0,0.0,0.0,,0.0,,,,,0.0,,14.0,0.0,0.0,0.0,0.0,0.0,0.0,0.0,0.0,0.0,0.0,0.0,933.0,0.0,0.0,7.0,7.0,7.0,7.0,,,,,,,,,,,,,849.0,605.0,605.0,704.0,509.4,7.1,7.1,,,849.0,198.0,102.0,159.9,79.3,,4.925,,0.0,0.0,1.0,1.0,0.0,1.0,1.0
2021-04-16,050454,CA,50454.0,UCSF MEDICAL CENTER,,,94143.0,,6075.0,,,20230623.0,1.0,5943.0,4235.0,4235.0,4929.0,3539.0,74.0,74.0,14.0,14.0,5943.0,1386.0,714.0,1098.0,582.0,33.0,33.0,19.0,0.0,0.0,7.0,7.0,7.0,7.0,7.0,7.0,7.0,7.0,7.0,7.0,7.0,7.0,7.0,7.0,7.0,7.0,7.0,7.0,7.0,8.0,0.0,,4.0,,0.0,0.0,0.0,0.0,0.0,,17.0,0.0,0.0,0.0,0.0,0.0,0.0,0.0,0.0,0.0,0.0,0.0,946.0,0.0,1.0,7.0,7.0,7.0,7.0,,,,,,,,,,,,,849.0,605.0,605.0,704.1,505.6,10.6,10.6,,,849.0,198.0,102.0,156.9,83.1,4.7,4.7,,0.0,0.0,1.0,1.0,1.0,1.0,1.0
2021-04-23,050454,CA,50454.0,UCSF MEDICAL CENTER,,,94143.0,,6075.0,,,20230623.0,1.0,5943.0,4235.0,4235.0,4871.0,3586.0,70.0,70.0,9.0,9.0,5943.0,1400.0,714.0,1010.0,549.0,25.0,25.0,19.0,0.0,53.0,7.0,7.0,7.0,7.0,7.0,7.0,7.0,7.0,7.0,7.0,7.0,7.0,7.0,7.0,7.0,7.0,7.0,7.0,7.0,4.0,0.0,0.0,0.0,,,0.0,,,0.0,0.0,,0.0,0.0,0.0,0.0,0.0,0.0,0.0,0.0,0.0,0.0,0.0,918.0,,0.0,7.0,7.0,7.0,7.0,,,,,,,,,,,,,849.0,605.0,605.0,695.9,512.3,10.0,10.0,,,849.0,200.0,102.0,144.3,78.4,,4.7,,0.0,7.6,1.0,1.0,0.0,1.0,1.0
2021-04-30,050454,CA,50454.0,UCSF MEDICAL CENTER,,,94143.0,,6075.0,,,20230623.0,1.0,5943.0,4235.0,4235.0,4630.0,3447.0,35.0,35.0,4.0,4.0,5943.0,1386.0,714.0,891.0,508.0,21.0,21.0,53.0,0.0,44.0,7.0,7.0,7.0,7.0,7.0,7.0,7.0,7.0,7.0,7.0,7.0,7.0,7.0,7.0,7.0,7.0,7.0,7.0,7.0,0.0,0.0,0.0,0.0,0.0,0.0,0.0,0.0,0.0,0.0,,8.0,0.0,0.0,0.0,0.0,0.0,0.0,0.0,0.0,0.0,0.0,0.0,930.0,,0.0,7.0,7.0,7.0,7.0,,,,,,,,,,,,,849.0,605.0,605.0,661.4,492.4,5.0,5.0,,,849.0,198.0,102.0,127.3,72.6,,4.7,7.6,0.0,6.3,1.0,1.0,0.0,1.0,1.0
2021-05-07,050454,CA,50454.0,UCSF MEDICAL CENTER,,,94143.0,,6075.0,,,20230623.0,1.0,5943.0,4235.0,4235.0,4653.0,3503.0,47.0,39.0,16.0,14.0,5943.0,1386.0,714.0,1082.0,542.0,22.0,20.0,45.0,0.0,0.0,7.0,7.0,7.0,7.0,7.0,7.0,7.0,7.0,7.0,7.0,7.0,7.0,7.0,7.0,7.0,7.0,7.0,7.0,7.0,4.0,0.0,0.0,,,0.0,0.0,0.0,0.0,0.0,0.0,6.0,0.0,0.0,0.0,,0.0,0.0,0.0,0.0,0.0,0.0,0.0,989.0,,0.0,7.0,7.0,7.0,7.0,,,,,,,,,,,,,849.0,605.0,605.0,664.7,500.4,6.7,5.6,,,849.0,198.0,102.0,154.6,77.4,,4.7,6.4,0.0,0.0,1.0,1.0,0.0,1.0,0.0
2021-05-14,050454,CA,50454.0,UCSF MEDICAL CENTER,,,94143.0,,6075.0,,,20230623.0,1.0,5943.0,4235.0,4235.0,4644.0,3485.0,55.0,48.0,22.0,18.0,5943.0,1386.0,714.0,1108.0,540.0,32.0,25.0,28.0,0.0,0.0,7.0,7.0,7.0,7.0,7.0,7.0,7.0,7.0,7.0,7.0,7.0,7.0,7.0,7.0,7.0,7.0,7.0,7.0,7.0,6.0,0.0,0.0,,,,0.0,0.0,0.0,0.0,,7.0,0.0,0.0,,0.0,0.0,0.0,0.0,0.0,0.0,0.0,0.0,886.0,0.0,0.0,7.0,7.0,7.0,7.0,,,,,,,,,,,,,849.0,605.0,605.0,663.4,497.9,7.9,6.9,,,849.0,198.0,102.0,158.3,77.1,4.6,4.7,4.0,0.0,0.0,1.0,1.0,0.0,1.0,0.0
2021-05-21,050454,CA,50454.0,UCSF MEDICAL CENTER,,,94143.0,,6075.0,,,20230623.0,1.0,5943.0,4235.0,4235.0,4514.0,3408.0,58.0,51.0,17.0,17.0,5943.0,1386.0,714.0,1100.0,543.0,32.0,24.0,41.0,0.0,0.0,7.0,7.0,7.0,7.0,7.0,7.0,7.0,7.0,7.0,7.0,7.0,7.0,7.0,7.0,7.0,7.0,7.0,7.0,7.0,3.0,0.0,0.0,0.0,0.0,,,0.0,0.0,0.0,0.0,4.0,0.0,0.0,0.0,0.0,0.0,0.0,0.0,0.0,0.0,0.0,0.0,935.0,,0.0,7.0,7.0,7.0,7.0,,,,,,,,,,,,,849.0,605.0,605.0,644.9,486.9,8.3,7.3,,,849.0,198.0,102.0,157.1,77.6,4.6,4.7,5.9,0.0,0.0,1.0,1.0,0.0,0.0,1.0
2021-05-28,050454,CA,50454.0,UCSF MEDICAL CENTER,,,94143.0,,6075.0,,,20230623.0,1.0,5943.0,4235.0,4235.0,4404.0,3306.0,35.0,34.0,11.0,11.0,5943.0,1375.0,710.0,1068.0,499.0,23.0,23.0,46.0,0.0,0.0,7.0,7.0,7.0,7.0,7.0,7.0,7.0,7.0,7.0,7.0,7.0,7.0,7.0,7.0,7.0,7.0,7.0,7.0,7.0,0.0,0.0,0.0,0.0,0.0,0.0,0.0,0.0,0.0,0.0,0.0,9.0,0.0,0.0,0.0,0.0,0.0,0.0,0.0,0.0,0.0,0.0,0.0,908.0,,0.0,7.0,7.0,7.0,7.0,,,,,,,,,,,,,849.0,605.0,605.0,629.1,472.3,5.0,4.9,,,849.0,196.4,101.4,152.6,71.3,,4.7,6.6,0.0,0.0,1.0,1.0,0.0,1.0,1.0
2021-06-04,050454,CA,50454.0,UCSF MEDICAL CENTER,,,94143.0,,6075.0,,,20230623.0,1.0,5943.0,4235.0,4235.0,4577.0,3473.0,35.0,32.0,5.0,5.0,5943.0,1377.0,711.0,1114.0,525.0,19.0,19.0,32.0,0.0,0.0,7.0,7.0,7.0,7.0,7.0,7.0,7.0,7.0,7.0,7.0,7.0,7.0,7.0,7.0,7.0,7.0,7.0,7.0,7.0,1.0,0.0,0.0,0.0,0.0,0.0,,,0.0,0.0,,,0.0,0.0,0.0,0.0,0.0,0.0,0.0,0.0,0.0,0.0,0.0,968.0,,0.0,7.0,7.0,7.0,7.0,,,,,,,,,,,,,849.0,605.0,605.0,653.9,496.1,5.0,4.6,,,849.0,196.7,101.6,159.1,75.0,,4.7,4.6,0.0,0.0,1.0,1.0,0.0,0.0,1.0
2021-06-11,050454,CA,50454.0,UCSF MEDICAL CENTER,,,94143.0,,6075.0,,,20230623.0,1.0,5943.0,4235.0,4235.0,4645.0,3485.0,39.0,39.0,26.0,19.0,5943.0,1386.0,714.0,1113.0,520.0,15.0,15.0,36.0,0.0,56.0,7.0,7.0,7.0,7.0,7.0,7.0,7.0,7.0,7.0,7.0,7.0,7.0,7.0,7.0,7.0,7.0,7.0,7.0,7.0,2.0,0.0,,0.0,0.0,0.0,0.0,0.0,0.0,0.0,0.0,10.0,0.0,0.0,0.0,0.0,0.0,0.0,0.0,0.0,0.0,0.0,0.0,971.0,0.0,0.0,7.0,7.0,7.0,7.0,,,,,,,,,,,,,849.0,605.0,605.0,663.6,497.9,5.6,5.6,,,849.0,198.0,102.0,159.0,74.3,,4.7,5.1,0.0,8.0,1.0,1.0,0.0,0.0,1.0
2021-06-18,050454,CA,50454.0,UCSF MEDICAL CENTER,,,94143.0,,6075.0,,,20230623.0,1.0,5943.0,4235.0,4171.0,4571.0,3459.0,70.0,61.0,9.0,8.0,5879.0,1386.0,714.0,1072.0,502.0,19.0,18.0,44.0,0.0,113.0,7.0,7.0,7.0,7.0,7.0,7.0,7.0,7.0,7.0,7.0,7.0,7.0,7.0,7.0,7.0,7.0,7.0,7.0,7.0,3.0,0.0,0.0,0.0,0.0,,0.0,0.0,0.0,0.0,28.0,5.0,0.0,0.0,0.0,0.0,0.0,0.0,0.0,0.0,0.0,0.0,0.0,927.0,0.0,0.0,7.0,7.0,7.0,7.0,,,,,,,,,,,,,849.0,605.0,595.9,653.0,494.1,10.0,8.7,,,839.9,198.0,102.0,153.1,71.7,,4.7,6.3,0.0,16.1,1.0,1.0,0.0,0.0,1.0
2021-06-25,050454,CA,50454.0,UCSF MEDICAL CENTER,,,94143.0,,6075.0,,,20230623.0,1.0,5943.0,4235.0,4235.0,4698.0,3565.0,73.0,54.0,10.0,10.0,5943.0,1358.0,686.0,1053.0,488.0,25.0,22.0,36.0,0.0,107.0,7.0,7.0,7.0,7.0,7.0,7.0,7.0,7.0,7.0,7.0,7.0,7.0,7.0,7.0,7.0,7.0,7.0,7.0,7.0,4.0,0.0,,0.0,,0.0,0.0,0.0,0.0,0.0,29.0,5.0,3.0,0.0,,0.0,0.0,0.0,0.0,,0.0,0.0,0.0,947.0,,0.0,7.0,7.0,7.0,7.0,,,,,,,,,,,,,849.0,605.0,605.0,671.1,509.3,10.4,7.7,,,849.0,194.0,98.0,150.4,69.7,,4.7,5.1,0.0,15.3,1.0,1.0,0.0,0.0,0.0
2021-07-02,050454,CA,50454.0,UCSF MEDICAL CENTER,,,94143.0,,6075.0,,,20230623.0,1.0,5943.0,4235.0,4235.0,4447.0,3372.0,81.0,46.0,4.0,,5943.0,1302.0,630.0,1037.0,526.0,38.0,33.0,23.0,,31.0,7.0,7.0,7.0,7.0,7.0,7.0,7.0,7.0,7.0,7.0,7.0,7.0,7.0,7.0,7.0,7.0,7.0,7.0,7.0,5.0,0.0,0.0,0.0,4.0,,0.0,0.0,0.0,0.0,0.0,13.0,6.0,0.0,0.0,0.0,0.0,,,,0.0,0.0,,991.0,0.0,0.0,7.0,7.0,7.0,7.0,,,,,,,,,,,,,849.0,605.0,605.0,635.3,481.7,11.6,6.6,,,849.0,186.0,90.0,148.1,75.1,5.4,4.7,,,4.4,1.0,1.0,1.0,1.0,1.0
2021-07-09,050454,CA,50454.0,UCSF MEDICAL CENTER,,,94143.0,,6075.0,,,20230623.0,1.0,5943.0,4235.0,4235.0,4525.0,3469.0,65.0,55.0,,0.0,5943.0,1386.0,714.0,1004.0,513.0,31.0,31.0,24.0,0.0,0.0,7.0,7.0,7.0,7.0,7.0,7.0,7.0,7.0,7.0,7.0,7.0,7.0,7.0,7.0,7.0,7.0,7.0,7.0,7.0,7.0,0.0,0.0,0.0,0.0,0.0,0.0,0.0,,0.0,0.0,17.0,4.5,0.0,,0.0,0.0,0.0,0.0,,0.0,0.0,0.0,999.0,,0.0,7.0,7.0,7.0,7.0,,,,,,,,,,,,,849.0,605.0,605.0,646.4,495.6,9.3,7.9,,0.0,849.0,198.0,102.0,143.4,73.3,4.4,4.4,,0.0,0.0,1.0,1.0,1.0,0.0,0.0
2021-07-16,050454,CA,50454.0,UCSF MEDICAL CENTER,,,94143.0,,6075.0,,,20230623.0,1.0,5943.0,4235.0,4235.0,4603.0,3546.0,79.0,79.0,11.0,11.0,5943.0,1386.0,714.0,1017.0,525.0,62.0,56.0,0.0,0.0,0.0,7.0,7.0,7.0,7.0,7.0,7.0,7.0,7.0,7.0,7.0,7.0,7.0,7.0,7.0,7.0,7.0,7.0,7.0,7.0,9.0,0.0,,0.0,,,,,,0.0,,32.0,3.0,0.0,0.0,,0.0,0.0,0.0,0.0,0.0,0.0,0.0,990.0,0.0,0.0,7.0,7.0,7.0,7.0,,,,,,,,,,,,,849.0,605.0,605.0,657.6,506.6,11.3,11.3,,,849.0,198.0,102.0,145.3,75.0,8.9,8.0,0.0,0.0,0.0,1.0,1.0,1.0,1.0,0.0
2021-07-23,050454,CA,50454.0,UCSF MEDICAL CENTER,,,94143.0,,6075.0,,,20230623.0,1.0,5943.0,4235.0,4235.0,4675.0,3578.0,175.0,174.0,18.0,17.0,5943.0,1386.0,714.0,1102.0,563.0,80.0,80.0,0.0,0.0,0.0,7.0,7.0,7.0,7.0,7.0,7.0,7.0,7.0,7.0,7.0,7.0,7.0,7.0,7.0,7.0,7.0,6.0,6.0,6.0,20.0,0.0,4.0,,5.0,4.0,,,,0.0,,47.0,1.5,0.0,0.0,,0.0,0.0,0.0,0.0,0.0,0.0,0.0,1038.0,0.0,0.0,7.0,7.0,7.0,7.0,,,,,,,,,,,,,849.0,605.0,605.0,667.9,511.1,25.0,24.9,,,849.0,198.0,102.0,157.4,80.4,11.4,11.4,0.0,0.0,0.0,1.0,1.0,1.0,1.0,0.0
2021-07-30,050454,CA,50454.0,UCSF MEDICAL CENTER,,,94143.0,,6075.0,,,20230623.0,1.0,5943.0,4235.0,4235.0,4634.0,3508.0,217.0,217.0,8.0,6.0,5943.0,1386.0,714.0,1088.0,534.0,108.0,108.0,24.0,0.0,148.0,7.0,7.0,7.0,7.0,7.0,7.0,7.0,7.0,7.0,7.0,7.0,7.0,7.0,7.0,7.0,7.0,7.0,7.0,7.0,9.0,0.0,,0.0,4.0,,0.0,,0.0,0.0,0.0,43.0,0.0,0.0,0.0,0.0,0.0,0.0,0.0,0.0,0.0,0.0,0.0,1057.0,0.0,0.0,7.0,7.0,7.0,7.0,,,,,,,,,,,,,849.0,605.0,605.0,662.0,501.1,31.0,31.0,,,849.0,198.0,102.0,155.4,76.3,15.4,15.4,,0.0,21.1,1.0,1.0,1.0,1.0,1.0
2020-11-06,050625,CA,50625.0,CEDARS-SINAI MEDICAL CENTER,,,90048.0,,6037.0,,,20230623.0,1.0,6489.0,6195.0,6195.0,5739.0,5506.0,238.0,171.0,0.0,0.0,6489.0,1155.0,756.0,858.0,675.0,64.0,48.0,0.0,0.0,0.0,7.0,7.0,7.0,7.0,7.0,7.0,7.0,7.0,7.0,7.0,7.0,7.0,7.0,7.0,7.0,7.0,7.0,7.0,7.0,25.0,0.0,,,,7.0,7.0,,4.0,0.0,0.0,70.0,31.0,0.0,0.0,,,6.0,4.0,5.0,12.0,0.0,0.0,1554.0,0.0,0.0,7.0,7.0,7.0,7.0,,,,,,,,,,,,,927.0,885.0,885.0,819.9,786.6,34.0,24.4,0.0,0.0,927.0,165.0,108.0,122.6,96.4,9.1,6.9,0.0,0.0,0.0,1.0,1.0,1.0,1.0,1.0
2020-11-13,050625,CA,50625.0,CEDARS-SINAI MEDICAL CENTER,,,90048.0,,6037.0,,,20230623.0,1.0,6455.0,6159.0,6161.0,6003.0,5781.0,356.0,264.0,0.0,0.0,6455.0,1155.0,756.0,889.0,690.0,94.0,68.0,0.0,0.0,0.0,7.0,7.0,7.0,7.0,7.0,7.0,7.0,7.0,7.0,7.0,7.0,7.0,7.0,7.0,7.0,7.0,7.0,7.0,7.0,25.0,0.0,,4.0,,5.0,4.0,5.0,,0.0,0.0,87.0,27.0,0.0,0.0,4.0,0.0,,5.0,7.0,8.0,0.0,0.0,1441.0,0.0,0.0,7.0,7.0,7.0,7.0,,,,,,,,,,,,,922.1,879.9,880.1,857.6,825.9,50.9,37.7,0.0,0.0,922.1,165.0,108.0,127.0,98.6,13.4,9.7,0.0,0.0,0.0,1.0,1.0,1.0,1.0,1.0
2020-11-20,050625,CA,50625.0,CEDARS-SINAI MEDICAL CENTER,,,90048.0,,6037.0,,,20230623.0,1.0,6089.0,5793.0,5795.0,5711.0,5637.0,451.0,354.0,0.0,0.0,6089.0,1148.0,756.0,866.0,698.0,102.0,81.0,0.0,0.0,0.0,7.0,7.0,7.0,7.0,7.0,7.0,7.0,7.0,7.0,7.0,7.0,7.0,7.0,7.0,7.0,7.0,7.0,7.0,7.0,45.0,0.0,5.0,4.0,6.0,7.0,7.0,8.0,8.0,0.0,0.0,104.0,41.0,,,6.0,,5.0,11.0,9.0,5.0,0.0,0.0,1309.0,0.0,0.0,7.0,7.0,7.0,7.0,,,,,,,,,,,,,869.9,827.6,827.9,815.9,805.3,64.4,50.6,0.0,0.0,869.9,164.0,108.0,123.7,99.7,14.6,11.6,0.0,0.0,0.0,1.0,1.0,1.0,1.0,1.0
2020-11-27,050625,CA,50625.0,CEDARS-SINAI MEDICAL CENTER,,,90048.0,,6037.0,,,20230623.0,1.0,6017.0,5723.0,5723.0,5470.0,5410.0,653.0,567.0,4.0,4.0,6017.0,1155.0,756.0,827.0,683.0,138.0,125.0,0.0,0.0,0.0,7.0,7.0,7.0,7.0,7.0,7.0,7.0,7.0,7.0,7.0,7.0,7.0,7.0,7.0,7.0,7.0,7.0,7.0,7.0,58.0,0.0,,4.0,7.0,10.0,10.0,13.0,12.0,0.0,,162.0,30.0,0.0,,,4.0,4.0,7.0,4.0,7.0,0.0,0.0,1538.0,0.0,0.0,7.0,7.0,7.0,7.0,,,,,,,,,,,,,859.6,817.6,817.6,781.4,772.9,93.3,81.0,,,859.6,165.0,108.0,118.1,97.6,19.7,17.9,0.0,0.0,0.0,1.0,1.0,1.0,1.0,1.0
2020-12-04,050625,CA,50625.0,CEDARS-SINAI MEDICAL CENTER,,,90048.0,,6037.0,,,20230623.0,1.0,6101.0,5807.0,5807.0,5706.0,5629.0,944.0,803.0,0.0,0.0,6101.0,1155.0,756.0,874.0,738.0,185.0,156.0,0.0,0.0,0.0,7.0,7.0,7.0,7.0,7.0,7.0,7.0,7.0,7.0,7.0,7.0,7.0,7.0,7.0,7.0,7.0,7.0,7.0,7.0,75.0,0.0,4.0,11.0,5.0,14.0,19.0,10.0,12.0,0.0,0.0,171.0,40.0,,,,,5.0,10.0,10.0,7.0,0.0,0.0,1415.0,0.0,0.0,7.0,7.0,7.0,7.0,,,,,,,,,,,,,871.6,829.6,829.6,815.1,804.1,134.9,114.7,0.0,0.0,871.6,165.0,108.0,124.9,105.4,26.4,22.3,0.0,0.0,0.0,1.0,1.0,1.0,1.0,1.0
2020-12-11,050625,CA,50625.0,CEDARS-SINAI MEDICAL CENTER,,,90048.0,,6037.0,,,20230623.0,1.0,6107.0,5813.0,5813.0,5841.0,5773.0,1230.0,1080.0,,0.0,6107.0,1155.0,324.0,406.0,349.0,267.0,94.0,0.0,0.0,0.0,7.0,7.0,7.0,7.0,7.0,7.0,7.0,7.0,7.0,7.0,7.0,3.0,3.0,3.0,7.0,3.0,7.0,7.0,7.0,81.0,0.0,6.0,7.0,10.0,10.0,19.0,11.0,18.0,0.0,0.0,244.0,42.0,0.0,0.0,,,9.0,10.0,5.0,14.0,0.0,,1486.0,0.0,0.0,7.0,7.0,7.0,7.0,,,,,,,,,,,,,872.4,830.4,830.4,834.4,824.7,175.7,154.3,,0.0,872.4,165.0,108.0,135.3,116.3,38.1,31.3,0.0,0.0,0.0,1.0,1.0,1.0,1.0,1.0
2020-12-18,050625,CA,50625.0,CEDARS-SINAI MEDICAL CENTER,,,90048.0,,6037.0,,,20230623.0,1.0,6225.0,5931.0,5931.0,5794.0,5747.0,1612.0,1449.0,11.0,5.0,6225.0,1155.0,,,,345.0,,0.0,0.0,0.0,7.0,7.0,7.0,7.0,7.0,7.0,7.0,7.0,7.0,7.0,7.0,0.0,0.0,0.0,7.0,0.0,7.0,7.0,7.0,115.0,0.0,,,9.0,13.0,19.0,35.0,34.0,0.0,,307.0,45.0,0.0,,,,6.0,6.0,16.0,12.0,,0.0,1463.0,0.0,0.0,7.0,7.0,7.0,7.0,,,,,,,,,,,,,889.3,847.3,847.3,827.7,821.0,230.3,207.0,,,889.3,165.0,107.5,,115.7,49.3,31.325,0.0,0.0,0.0,0.0,0.0,0.0,1.0,1.0
2020-12-25,050625,CA,50625.0,CEDARS-SINAI MEDICAL CENTER,,,90048.0,,6037.0,,,20230623.0,1.0,6401.0,6107.0,6107.0,5813.0,5792.0,2192.0,1970.0,12.0,,6401.0,1155.0,,,,523.0,,0.0,0.0,0.0,7.0,7.0,7.0,7.0,7.0,7.0,7.0,7.0,7.0,7.0,7.0,0.0,0.0,0.0,7.0,0.0,7.0,7.0,7.0,150.0,,,13.0,10.0,23.0,31.0,32.0,37.0,0.0,0.0,372.0,63.0,0.0,4.0,,,6.0,10.0,19.0,21.0,0.0,,1420.0,0.0,0.0,7.0,7.0,7.0,7.0,,,,,,,,,,,,,914.4,872.4,872.4,830.4,827.4,313.1,281.4,,,914.4,165.0,107.0,,115.1,74.7,31.35,0.0,0.0,0.0,0.0,0.0,0.0,1.0,1.0
2021-01-01,050625,CA,50625.0,CEDARS-SINAI MEDICAL CENTER,,,90048.0,,6037.0,,,20230623.0,1.0,6496.0,6186.0,6058.0,5807.0,5784.0,2335.0,2146.0,14.0,4.0,6323.0,1145.0,,,,558.0,,0.0,0.0,0.0,7.0,7.0,7.0,7.0,7.0,7.0,7.0,7.0,7.0,7.0,7.0,0.0,0.0,0.0,7.0,0.0,7.0,7.0,7.0,140.0,0.0,5.0,17.0,13.0,15.0,26.0,22.0,42.0,0.0,,380.0,92.0,0.0,0.0,5.0,7.0,18.0,20.0,20.0,22.0,0.0,4.0,1425.0,0.0,0.0,7.0,7.0,7.0,7.0,,,,,,,,,,,,,928.0,883.7,865.4,829.6,826.3,333.6,306.6,,,903.3,163.6,106.5,,114.5,79.7,31.375,0.0,0.0,0.0,0.0,0.0,0.0,1.0,1.0
2021-01-08,050625,CA,50625.0,CEDARS-SINAI MEDICAL CENTER,,,90048.0,,6037.0,,,20230623.0,1.0,5324.0,5979.0,5517.0,4578.0,4560.0,2163.0,1983.0,4.0,,4937.0,1085.0,,,,546.0,,0.0,0.0,0.0,6.0,7.0,7.0,6.0,7.0,7.0,7.0,7.0,7.0,6.0,7.0,0.0,0.0,0.0,7.0,0.0,7.0,7.0,7.0,156.0,,6.0,9.0,19.0,25.0,29.0,28.0,39.0,0.0,0.0,317.0,72.0,,,5.0,4.0,9.0,11.0,17.0,22.0,0.0,0.0,1354.0,0.0,1.0,7.0,7.0,7.0,7.0,,,,,,,,,,,,,887.3,854.1,788.1,763.0,651.4,309.0,283.3,,,822.8,155.0,106.0,,113.9,78.0,31.4,0.0,0.0,0.0,0.0,0.0,0.0,1.0,1.0
2021-01-15,050625,CA,50625.0,CEDARS-SINAI MEDICAL CENTER,,,90048.0,,6037.0,,,20230623.0,1.0,6171.0,6080.0,5618.0,5482.0,5428.0,1865.0,1707.0,,,5709.0,1085.0,,,,402.0,,0.0,0.0,0.0,7.0,7.0,7.0,7.0,7.0,7.0,7.0,7.0,7.0,7.0,7.0,0.0,0.0,0.0,7.0,0.0,7.0,7.0,7.0,153.0,0.0,,11.0,10.0,24.0,33.0,32.0,40.0,,,293.0,62.0,0.0,0.0,,,5.0,15.0,14.0,21.0,,0.0,1378.0,0.0,0.0,7.0,7.0,7.0,7.0,0.0,,0.0,,16701.0,,5022.0,,7755.0,,6680.0,,881.6,868.6,802.6,783.1,775.4,266.4,243.9,,,815.6,155.0,105.5,,113.3,57.4,31.425,0.0,0.0,0.0,0.0,0.0,0.0,1.0,1.0
2021-01-22,050625,CA,50625.0,CEDARS-SINAI MEDICAL CENTER,,,90048.0,,6037.0,,,20230623.0,1.0,6210.0,6119.0,5657.0,5537.0,5500.0,1445.0,1324.0,,0.0,5748.0,1085.0,,,,353.0,,0.0,0.0,0.0,7.0,7.0,7.0,7.0,7.0,7.0,7.0,7.0,7.0,7.0,7.0,0.0,0.0,0.0,7.0,0.0,7.0,7.0,7.0,95.0,0.0,4.0,5.0,10.0,12.0,18.0,23.0,22.0,,0.0,188.0,47.0,0.0,0.0,4.0,,,11.0,11.0,13.0,,,1327.0,0.0,0.0,7.0,7.0,7.0,7.0,7.0,,928.0,,4466.0,,8687.0,,7059.0,,3710.0,,887.1,874.1,808.1,791.0,785.7,206.4,189.1,,0.0,821.1,155.0,105.0,,112.7,50.4,31.45,0.0,0.0,0.0,0.0,0.0,0.0,1.0,1.0
2021-01-29,050625,CA,50625.0,CEDARS-SINAI MEDICAL CENTER,,,90048.0,,6037.0,,,20230623.0,1.0,6183.0,6092.0,5630.0,5444.0,5401.0,1161.0,1020.0,0.0,0.0,5721.0,1085.0,,,,301.0,,0.0,0.0,0.0,7.0,7.0,7.0,7.0,7.0,7.0,7.0,7.0,7.0,7.0,7.0,0.0,0.0,0.0,7.0,0.0,7.0,7.0,7.0,67.0,0.0,0.0,4.0,4.0,8.0,13.0,20.0,17.0,,0.0,157.0,44.0,0.0,,,,,5.0,14.0,18.0,0.0,0.0,1358.0,0.0,0.0,7.0,7.0,7.0,7.0,4.0,,1126.0,,2341.0,,10407.0,,6440.0,,2607.0,,883.3,870.3,804.3,777.7,771.6,165.9,145.7,0.0,0.0,817.3,155.0,104.5,,112.1,43.0,31.475,0.0,0.0,0.0,0.0,0.0,0.0,1.0,1.0
2021-02-05,050625,CA,50625.0,CEDARS-SINAI MEDICAL CENTER,,,90048.0,,6037.0,,,20230623.0,1.0,6018.0,5927.0,5465.0,5247.0,5213.0,781.0,688.0,4.0,,5556.0,1085.0,208.0,288.0,223.0,225.0,63.0,0.0,0.0,0.0,7.0,7.0,7.0,7.0,7.0,7.0,7.0,7.0,7.0,7.0,7.0,2.0,2.0,2.0,7.0,2.0,7.0,7.0,7.0,37.0,0.0,,5.0,6.0,4.0,6.0,6.0,9.0,0.0,,100.0,36.0,0.0,0.0,,,,7.0,7.0,16.0,0.0,,1397.0,0.0,0.0,7.0,7.0,7.0,7.0,105.0,,704.0,,1528.0,,11577.0,,6122.0,,1749.0,,859.7,846.7,780.7,749.6,744.7,111.6,98.3,,,793.7,155.0,104.0,144.0,111.5,32.1,31.5,0.0,0.0,0.0,1.0,1.0,1.0,1.0,1.0
2021-02-12,050625,CA,50625.0,CEDARS-SINAI MEDICAL CENTER,,,90048.0,,6037.0,,,20230623.0,1.0,5934.0,5843.0,5381.0,5139.0,5078.0,462.0,364.0,0.0,0.0,5472.0,1231.0,562.0,618.0,502.0,141.0,64.0,0.0,0.0,0.0,7.0,7.0,7.0,7.0,7.0,7.0,7.0,7.0,7.0,7.0,7.0,4.0,4.0,4.0,7.0,4.0,7.0,7.0,7.0,32.0,0.0,,7.0,,5.0,,6.0,8.0,0.0,0.0,97.0,41.0,0.0,,,,7.0,10.0,9.0,11.0,0.0,0.0,1375.0,0.0,0.0,7.0,7.0,7.0,7.0,798.0,,333.0,,1185.0,,12431.0,,5782.0,,1242.0,,847.7,834.7,768.7,734.1,725.4,66.0,52.0,0.0,0.0,781.7,175.9,140.5,154.5,125.5,20.1,16.0,0.0,0.0,0.0,1.0,1.0,1.0,1.0,1.0
2021-02-19,050625,CA,50625.0,CEDARS-SINAI MEDICAL CENTER,,,90048.0,,6037.0,,,20230623.0,1.0,5947.0,5856.0,5394.0,5348.0,5302.0,352.0,272.0,0.0,0.0,5485.0,1300.0,943.0,1062.0,864.0,107.0,80.0,0.0,0.0,0.0,7.0,7.0,7.0,7.0,7.0,7.0,7.0,7.0,7.0,7.0,7.0,7.0,7.0,7.0,7.0,7.0,7.0,7.0,7.0,20.0,0.0,0.0,,0.0,4.0,,,9.0,0.0,0.0,66.0,27.0,0.0,0.0,,,,8.0,5.0,7.0,,0.0,1503.0,0.0,0.0,7.0,7.0,7.0,7.0,1049.0,,243.0,,699.0,,12888.0,,5536.0,,1034.0,,849.6,836.6,770.6,764.0,757.4,50.3,38.9,0.0,0.0,783.6,185.7,134.7,151.7,123.4,15.3,11.4,0.0,0.0,0.0,1.0,1.0,1.0,1.0,1.0
2021-02-26,050625,CA,50625.0,CEDARS-SINAI MEDICAL CENTER,,,90048.0,,6037.0,,,20230623.0,1.0,5918.0,5827.0,5365.0,5261.0,5196.0,215.0,155.0,,0.0,5456.0,1298.0,941.0,1089.0,886.0,75.0,55.0,0.0,0.0,0.0,7.0,7.0,7.0,7.0,7.0,7.0,7.0,7.0,7.0,7.0,7.0,7.0,7.0,7.0,7.0,7.0,7.0,7.0,7.0,15.0,0.0,,4.0,,,,4.0,,,0.0,50.0,27.0,,0.0,,5.0,,,4.0,9.0,0.0,0.0,1463.0,0.0,0.0,7.0,7.0,7.0,7.0,741.0,,1413.0,,547.0,,13215.0,,5311.0,,930.0,,845.4,832.4,766.4,751.6,742.3,30.7,22.1,,0.0,779.4,185.4,134.4,155.6,126.6,10.7,7.9,0.0,0.0,0.0,1.0,1.0,1.0,1.0,1.0
2021-03-05,050625,CA,50625.0,CEDARS-SINAI MEDICAL CENTER,,,90048.0,,6037.0,,,20230623.0,1.0,5813.0,5722.0,5260.0,5154.0,5101.0,152.0,85.0,0.0,0.0,5351.0,1236.0,879.0,1004.0,771.0,42.0,27.0,0.0,0.0,0.0,7.0,7.0,7.0,7.0,7.0,7.0,7.0,7.0,7.0,7.0,7.0,7.0,7.0,7.0,7.0,7.0,7.0,7.0,7.0,6.0,0.0,0.0,0.0,0.0,,,,,0.0,0.0,45.0,31.0,0.0,0.0,0.0,0.0,,4.0,9.0,14.0,,0.0,1530.0,0.0,0.0,7.0,7.0,7.0,7.0,339.0,,1462.0,,561.0,,13557.0,,5084.0,,814.0,,830.4,817.4,751.4,736.3,728.7,21.7,12.1,0.0,0.0,764.4,176.6,125.6,143.4,110.1,6.0,7.904761904761905,0.0,0.0,0.0,1.0,1.0,0.0,1.0,1.0
2021-03-12,050625,CA,50625.0,CEDARS-SINAI MEDICAL CENTER,,,90048.0,,6037.0,,,20230623.0,1.0,5787.0,5696.0,5234.0,5065.0,5007.0,106.0,75.0,,0.0,5325.0,1192.0,835.0,921.0,709.0,37.0,25.0,0.0,0.0,0.0,7.0,7.0,7.0,7.0,7.0,7.0,7.0,7.0,7.0,7.0,7.0,7.0,7.0,7.0,7.0,7.0,7.0,7.0,7.0,13.0,,,,,,,0.0,,0.0,0.0,31.0,15.0,0.0,,0.0,0.0,0.0,,7.0,4.0,0.0,,1610.0,0.0,0.0,7.0,7.0,7.0,7.0,1229.0,,1887.0,,420.0,,13787.0,,4896.0,,772.0,,826.7,813.7,747.7,723.6,715.3,15.1,10.7,,0.0,760.7,170.3,119.3,131.6,101.3,5.3,7.90952380952381,0.0,0.0,0.0,1.0,1.0,0.0,1.0,1.0
2021-03-19,050625,CA,50625.0,CEDARS-SINAI MEDICAL CENTER,,,90048.0,,6037.0,,,20230623.0,1.0,5894.0,5803.0,5341.0,5245.0,5179.0,127.0,91.0,0.0,0.0,5432.0,1193.0,836.0,987.0,760.0,30.0,22.0,0.0,0.0,0.0,7.0,7.0,7.0,7.0,7.0,7.0,7.0,7.0,7.0,7.0,7.0,7.0,7.0,7.0,7.0,7.0,7.0,7.0,7.0,8.0,0.0,,0.0,,,,,,0.0,0.0,28.0,11.0,0.0,0.0,,0.0,,,,,0.0,0.0,1642.0,0.0,0.0,7.0,7.0,7.0,7.0,,,,,,,,,,,,,842.0,829.0,763.0,749.3,739.9,18.1,13.0,0.0,0.0,776.0,170.4,119.4,141.0,108.6,4.3,7.914285714285715,0.0,0.0,0.0,1.0,1.0,0.0,1.0,1.0
2021-03-26,050625,CA,50625.0,CEDARS-SINAI MEDICAL CENTER,,,90048.0,,6037.0,,,20230623.0,1.0,5899.0,5808.0,5346.0,5261.0,5202.0,115.0,90.0,,,5437.0,1207.0,850.0,944.0,713.0,24.0,19.0,0.0,0.0,0.0,7.0,7.0,7.0,7.0,7.0,7.0,7.0,7.0,7.0,7.0,7.0,7.0,7.0,7.0,7.0,7.0,7.0,7.0,7.0,13.0,0.0,,,,,,,,0.0,0.0,35.0,13.0,0.0,0.0,,0.0,,,,5.0,0.0,0.0,1657.0,0.0,0.0,7.0,7.0,7.0,7.0,,,,,,,,,,,,,842.7,829.7,763.7,751.6,743.1,16.4,12.9,,,776.7,172.4,121.4,134.9,101.9,,7.919047619047619,0.0,0.0,0.0,1.0,1.0,0.0,1.0,1.0
2021-04-02,050625,CA,50625.0,CEDARS-SINAI MEDICAL CENTER,,,90048.0,,6037.0,,,20230623.0,1.0,5842.0,5709.0,5247.0,5116.0,5069.0,111.0,77.0,0.0,0.0,5380.0,1127.0,728.0,831.0,591.0,31.0,16.0,0.0,0.0,0.0,7.0,7.0,7.0,7.0,7.0,7.0,7.0,7.0,7.0,7.0,7.0,7.0,7.0,7.0,7.0,7.0,7.0,7.0,7.0,10.0,0.0,,,0.0,,,,,0.0,0.0,34.0,18.0,0.0,,0.0,,,6.0,4.0,,,0.0,1677.0,0.0,0.0,7.0,7.0,7.0,7.0,2150.0,,199.0,,382.0,,14484.0,,4410.0,,621.0,,834.6,815.6,749.6,730.9,724.1,15.9,11.0,0.0,0.0,768.6,161.0,104.0,118.7,84.4,4.4,7.923809523809524,0.0,0.0,0.0,1.0,1.0,0.0,1.0,1.0
2021-04-09,050625,CA,50625.0,CEDARS-SINAI MEDICAL CENTER,,,90048.0,,6037.0,,,20230623.0,1.0,5745.0,5612.0,5150.0,5098.0,5045.0,114.0,89.0,0.0,0.0,5283.0,1127.0,728.0,830.0,606.0,27.0,23.0,0.0,0.0,0.0,7.0,7.0,7.0,7.0,7.0,7.0,7.0,7.0,7.0,7.0,7.0,7.0,7.0,7.0,7.0,7.0,7.0,7.0,7.0,16.0,0.0,,,4.0,4.0,,,0.0,0.0,0.0,29.0,8.0,0.0,0.0,0.0,,0.0,,,4.0,0.0,0.0,1699.0,0.0,0.0,7.0,7.0,7.0,7.0,923.0,,1619.0,,431.0,,14575.0,,4133.0,,743.0,,820.7,801.7,735.7,728.3,720.7,16.3,12.7,0.0,0.0,754.7,161.0,104.0,118.6,86.6,,7.928571428571429,0.0,0.0,0.0,1.0,1.0,0.0,1.0,1.0
2021-04-16,050625,CA,50625.0,CEDARS-SINAI MEDICAL CENTER,,,90048.0,,6037.0,,,20230623.0,1.0,6020.0,5887.0,5425.0,5460.0,5361.0,101.0,74.0,0.0,0.0,5558.0,1128.0,729.0,906.0,669.0,16.0,14.0,0.0,0.0,0.0,7.0,7.0,7.0,7.0,7.0,7.0,7.0,7.0,7.0,7.0,7.0,7.0,7.0,7.0,7.0,7.0,7.0,7.0,7.0,9.0,0.0,,0.0,0.0,,,0.0,,0.0,0.0,28.0,10.0,0.0,0.0,0.0,0.0,,,,4.0,,0.0,1852.0,0.0,0.0,7.0,7.0,7.0,7.0,1189.0,,1056.0,,237.0,,14856.0,,3996.0,,603.0,,860.0,841.0,775.0,780.0,765.9,14.4,10.6,0.0,0.0,794.0,161.1,104.1,129.4,95.6,,7.933333333333334,0.0,0.0,0.0,1.0,1.0,0.0,1.0,1.0
2021-04-23,050625,CA,50625.0,CEDARS-SINAI MEDICAL CENTER,,,90048.0,,6037.0,,,20230623.0,1.0,5945.0,5812.0,5812.0,5499.0,5405.0,87.0,58.0,,,5945.0,1127.0,728.0,991.0,674.0,29.0,18.0,0.0,0.0,0.0,7.0,7.0,7.0,7.0,7.0,7.0,7.0,7.0,7.0,7.0,7.0,7.0,7.0,7.0,7.0,7.0,7.0,7.0,7.0,10.0,,0.0,5.0,0.0,0.0,,,,0.0,,27.0,14.0,0.0,0.0,,,,,,5.0,0.0,,1823.0,0.0,0.0,7.0,7.0,7.0,7.0,216.0,,2385.0,,151.0,,14962.0,,3945.0,,548.0,,849.3,830.3,830.3,785.6,772.1,12.4,8.3,,,849.3,161.0,104.0,141.6,96.3,4.1,7.938095238095238,0.0,0.0,0.0,1.0,1.0,0.0,1.0,1.0
2021-04-30,050625,CA,50625.0,CEDARS-SINAI MEDICAL CENTER,,,90048.0,,6037.0,,,20230623.0,1.0,5834.0,5701.0,5701.0,5390.0,5289.0,87.0,53.0,0.0,0.0,5834.0,1127.0,728.0,874.0,621.0,30.0,20.0,0.0,0.0,0.0,7.0,7.0,7.0,7.0,7.0,7.0,7.0,7.0,7.0,7.0,7.0,7.0,7.0,7.0,7.0,7.0,7.0,7.0,7.0,10.0,0.0,0.0,,,,,,,0.0,0.0,33.0,14.0,0.0,0.0,,,,,4.0,4.0,0.0,0.0,1794.0,0.0,0.0,7.0,7.0,7.0,7.0,1817.0,,1726.0,,222.0,,15131.0,,3886.0,,438.0,,833.4,814.4,814.4,770.0,755.6,12.4,7.6,0.0,0.0,833.4,161.0,104.0,124.9,88.7,4.3,7.942857142857143,0.0,0.0,0.0,1.0,1.0,0.0,1.0,1.0
2021-05-07,050625,CA,50625.0,CEDARS-SINAI MEDICAL CENTER,,,90048.0,,6037.0,,,20230623.0,1.0,5799.0,5666.0,5666.0,5373.0,5302.0,70.0,46.0,5.0,5.0,5799.0,1127.0,728.0,844.0,635.0,15.0,12.0,0.0,0.0,0.0,7.0,7.0,7.0,7.0,7.0,7.0,7.0,7.0,7.0,7.0,7.0,7.0,7.0,7.0,7.0,7.0,7.0,7.0,7.0,6.0,0.0,,,0.0,,,0.0,,0.0,0.0,34.0,14.0,0.0,0.0,,,,,,6.0,0.0,0.0,1832.0,0.0,0.0,7.0,7.0,7.0,7.0,1149.0,,1170.0,,154.0,,15329.0,,3703.0,,427.0,,828.4,809.4,809.4,767.6,757.4,10.0,6.6,,,828.4,161.0,104.0,120.6,90.7,,7.947619047619048,0.0,0.0,0.0,1.0,1.0,0.0,1.0,1.0
2021-05-14,050625,CA,50625.0,CEDARS-SINAI MEDICAL CENTER,,,90048.0,,6037.0,,,20230623.0,1.0,5705.0,5572.0,5572.0,5297.0,5197.0,76.0,42.0,,,5705.0,1127.0,728.0,881.0,684.0,11.0,8.0,0.0,0.0,0.0,7.0,7.0,7.0,7.0,7.0,7.0,7.0,7.0,7.0,7.0,7.0,7.0,7.0,7.0,7.0,7.0,7.0,7.0,7.0,7.0,0.0,0.0,,0.0,,,0.0,,,,19.0,9.0,0.0,0.0,,0.0,,,,,0.0,0.0,1760.0,0.0,0.0,7.0,7.0,7.0,7.0,1785.0,,586.0,,119.0,,15419.0,,3665.0,,375.0,,815.0,796.0,796.0,756.7,742.4,10.9,6.0,,,815.0,161.0,104.0,125.9,97.7,,7.9523809523809526,0.0,0.0,0.0,1.0,1.0,0.0,1.0,1.0
2021-05-21,050625,CA,50625.0,CEDARS-SINAI MEDICAL CENTER,,,90048.0,,6037.0,,,20230623.0,1.0,5804.0,5671.0,5671.0,5375.0,5293.0,64.0,44.0,0.0,0.0,5804.0,1127.0,728.0,858.0,653.0,22.0,21.0,0.0,0.0,0.0,7.0,7.0,7.0,7.0,7.0,7.0,7.0,7.0,7.0,7.0,7.0,7.0,7.0,7.0,7.0,7.0,7.0,7.0,7.0,7.0,0.0,,,,0.0,,,0.0,0.0,0.0,18.0,13.0,0.0,0.0,,,,5.0,,,0.0,0.0,1785.0,0.0,0.0,7.0,7.0,7.0,7.0,1992.0,,964.0,,114.0,,15499.0,,3629.0,,331.0,,829.1,810.1,810.1,767.9,756.1,9.1,6.3,0.0,0.0,829.1,161.0,104.0,122.6,93.3,,7.957142857142857,0.0,0.0,0.0,1.0,1.0,0.0,1.0,1.0
2021-05-28,050625,CA,50625.0,CEDARS-SINAI MEDICAL CENTER,,,90048.0,,6037.0,,,20230623.0,1.0,5663.0,5530.0,5530.0,5145.0,5079.0,59.0,42.0,0.0,0.0,5663.0,1128.0,729.0,843.0,622.0,25.0,16.0,0.0,0.0,0.0,7.0,7.0,7.0,7.0,7.0,7.0,7.0,7.0,7.0,7.0,7.0,7.0,7.0,7.0,7.0,7.0,7.0,7.0,7.0,6.0,0.0,0.0,,0.0,0.0,,0.0,0.0,0.0,0.0,12.0,5.0,0.0,0.0,,0.0,0.0,,,,0.0,0.0,1814.0,0.0,0.0,7.0,7.0,7.0,7.0,1157.0,,346.0,,98.0,,15559.0,,3591.0,,309.0,,809.0,790.0,790.0,735.0,725.6,8.4,6.0,0.0,0.0,809.0,161.1,104.1,120.4,88.9,,7.961904761904762,0.0,0.0,0.0,1.0,1.0,0.0,0.0,1.0
2021-06-04,050625,CA,50625.0,CEDARS-SINAI MEDICAL CENTER,,,90048.0,,6037.0,,,20230623.0,1.0,5859.0,5726.0,5726.0,5481.0,5408.0,40.0,24.0,,0.0,5859.0,1127.0,728.0,876.0,649.0,15.0,10.0,0.0,0.0,0.0,7.0,7.0,7.0,7.0,7.0,7.0,7.0,7.0,7.0,7.0,7.0,7.0,7.0,7.0,7.0,7.0,7.0,7.0,7.0,5.0,0.0,,,0.0,0.0,0.0,0.0,0.0,0.0,0.0,15.0,6.0,0.0,,,0.0,0.0,,,,0.0,0.0,1808.0,0.0,0.0,7.0,7.0,7.0,7.0,587.0,,114.0,,49.0,,15649.0,,3573.0,,237.0,,837.0,818.0,818.0,783.0,772.6,5.7,,,0.0,837.0,161.0,104.0,125.1,92.7,,7.966666666666667,0.0,0.0,0.0,1.0,1.0,0.0,0.0,1.0
2021-06-11,050625,CA,50625.0,CEDARS-SINAI MEDICAL CENTER,,,90048.0,,6037.0,,,20230623.0,1.0,5837.0,5704.0,5704.0,5514.0,5422.0,41.0,21.0,0.0,0.0,5837.0,1127.0,728.0,865.0,664.0,9.0,,0.0,0.0,0.0,7.0,7.0,7.0,7.0,7.0,7.0,7.0,7.0,7.0,7.0,7.0,7.0,7.0,7.0,7.0,7.0,7.0,7.0,7.0,4.0,0.0,0.0,0.0,0.0,,0.0,,,0.0,0.0,16.0,5.0,0.0,0.0,,0.0,,,0.0,,0.0,0.0,1789.0,0.0,0.0,7.0,7.0,7.0,7.0,960.0,,293.0,,38.0,,15672.0,,3556.0,,231.0,,833.9,814.9,814.9,787.7,774.6,5.9,,0.0,0.0,833.9,161.0,104.0,123.6,94.9,,7.9714285714285715,0.0,0.0,0.0,1.0,1.0,0.0,1.0,1.0
2021-06-18,050625,CA,50625.0,CEDARS-SINAI MEDICAL CENTER,,,90048.0,,6037.0,,,20230623.0,1.0,5855.0,5722.0,5722.0,5468.0,5410.0,57.0,41.0,0.0,0.0,5855.0,1127.0,732.0,890.0,683.0,9.0,7.0,0.0,0.0,0.0,7.0,7.0,7.0,7.0,7.0,7.0,7.0,7.0,7.0,7.0,7.0,7.0,7.0,7.0,7.0,7.0,7.0,7.0,7.0,9.0,0.0,0.0,4.0,,,,0.0,,0.0,0.0,21.0,5.0,0.0,0.0,,,,,0.0,,0.0,0.0,1795.0,0.0,0.0,7.0,7.0,7.0,7.0,330.0,,233.0,,34.0,,15704.0,,3542.0,,213.0,,836.4,817.4,817.4,781.1,772.9,8.1,5.9,0.0,0.0,836.4,161.0,104.6,127.1,97.6,,7.976190476190476,0.0,0.0,0.0,1.0,1.0,0.0,1.0,1.0
2021-06-25,050625,CA,50625.0,CEDARS-SINAI MEDICAL CENTER,,,90048.0,,6037.0,,,20230623.0,1.0,5619.0,5486.0,5486.0,5161.0,5097.0,60.0,43.0,0.0,0.0,5619.0,1155.0,756.0,846.0,597.0,17.0,11.0,0.0,0.0,0.0,7.0,7.0,7.0,7.0,7.0,7.0,7.0,7.0,7.0,7.0,7.0,7.0,7.0,7.0,7.0,7.0,7.0,7.0,7.0,6.0,0.0,,,,,0.0,0.0,,0.0,0.0,17.0,6.0,0.0,0.0,0.0,0.0,,,0.0,,,0.0,1911.0,0.0,0.0,7.0,7.0,7.0,7.0,587.0,,114.0,,49.0,,15656.0,,3566.0,,237.0,,802.7,783.7,783.7,737.3,728.1,8.6,6.1,0.0,0.0,802.7,165.0,108.0,120.9,85.3,,7.980952380952381,0.0,0.0,0.0,1.0,1.0,0.0,1.0,1.0
2021-07-02,050625,CA,50625.0,CEDARS-SINAI MEDICAL CENTER,,,90048.0,,6037.0,,,20230623.0,1.0,5617.0,5484.0,5484.0,5021.0,4968.0,77.0,46.0,0.0,0.0,5617.0,1155.0,756.0,859.0,574.0,30.0,17.0,0.0,0.0,0.0,7.0,7.0,7.0,7.0,7.0,7.0,7.0,7.0,7.0,7.0,7.0,7.0,7.0,7.0,7.0,7.0,7.0,7.0,7.0,6.0,0.0,,,0.0,,,0.0,0.0,0.0,0.0,49.0,7.0,0.0,,0.0,,0.0,,,,,0.0,1921.0,0.0,0.0,7.0,7.0,7.0,7.0,227.0,,186.0,,45.0,,15757.0,,3515.0,,187.0,,802.4,783.4,783.4,717.3,709.7,11.0,6.6,0.0,0.0,802.4,165.0,108.0,122.7,82.0,4.3,7.985714285714286,0.0,0.0,0.0,1.0,1.0,0.0,1.0,1.0
2021-07-09,050625,CA,50625.0,CEDARS-SINAI MEDICAL CENTER,,,90048.0,,6037.0,,,20230623.0,1.0,5885.0,5752.0,5752.0,5560.0,5477.0,112.0,88.0,4.0,0.0,5885.0,1155.0,756.0,896.0,637.0,18.0,8.0,0.0,0.0,0.0,7.0,7.0,7.0,7.0,7.0,7.0,7.0,7.0,7.0,7.0,7.0,7.0,7.0,7.0,7.0,7.0,7.0,7.0,7.0,13.0,0.0,4.0,4.0,0.0,,,0.0,,0.0,0.0,53.0,7.0,0.0,0.0,0.0,0.0,,,,4.0,0.0,,1873.0,0.0,0.0,7.0,7.0,7.0,7.0,256.0,,143.0,,32.0,,15773.0,,3490.0,,196.0,,840.7,821.7,821.7,794.3,782.4,16.0,12.6,,0.0,840.7,165.0,108.0,128.0,91.0,,7.9904761904761905,0.0,0.0,0.0,1.0,1.0,0.0,1.0,1.0
2021-07-16,050625,CA,50625.0,CEDARS-SINAI MEDICAL CENTER,,,90048.0,,6037.0,,,20230623.0,1.0,5724.0,5591.0,5591.0,5338.0,5273.0,197.0,149.0,,,5724.0,1156.0,757.0,916.0,655.0,29.0,22.0,0.0,0.0,0.0,7.0,7.0,7.0,7.0,7.0,7.0,7.0,7.0,7.0,7.0,7.0,7.0,7.0,7.0,7.0,7.0,7.0,7.0,7.0,27.0,0.0,,7.0,6.0,,4.0,4.0,,0.0,,118.0,18.0,0.0,0.0,,,,,4.0,6.0,0.0,0.0,1971.0,0.0,0.0,7.0,7.0,7.0,7.0,255.0,,143.0,,33.0,,15772.0,,3491.0,,196.0,,817.7,798.7,798.7,762.6,753.3,28.1,21.3,,,817.7,165.1,108.1,130.9,93.6,4.1,7.995238095238095,0.0,0.0,0.0,1.0,1.0,0.0,1.0,1.0
2021-07-23,050625,CA,50625.0,CEDARS-SINAI MEDICAL CENTER,,,90048.0,,6037.0,,,20230623.0,1.0,5794.0,5661.0,5661.0,5473.0,5382.0,293.0,250.0,10.0,0.0,5794.0,1155.0,756.0,975.0,701.0,67.0,56.0,0.0,0.0,0.0,7.0,7.0,7.0,7.0,7.0,7.0,7.0,7.0,7.0,7.0,7.0,7.0,7.0,7.0,7.0,7.0,7.0,7.0,7.0,35.0,0.0,4.0,6.0,,6.0,9.0,,5.0,,0.0,113.0,13.0,0.0,0.0,,,,,,,0.0,,1899.0,0.0,0.0,7.0,7.0,7.0,7.0,153.0,,186.0,,36.0,,15808.0,,3430.0,,221.0,,827.7,808.7,808.7,781.9,768.9,41.9,35.7,,0.0,827.7,165.0,108.0,139.3,100.1,9.6,8.0,0.0,0.0,0.0,1.0,1.0,1.0,1.0,1.0
2021-07-30,050625,CA,50625.0,CEDARS-SINAI MEDICAL CENTER,,,90048.0,,6037.0,,,20230623.0,1.0,5913.0,5780.0,5780.0,5591.0,5509.0,437.0,362.0,9.0,0.0,5913.0,1155.0,756.0,958.0,721.0,124.0,105.0,0.0,0.0,0.0,7.0,7.0,7.0,7.0,7.0,7.0,7.0,7.0,7.0,7.0,7.0,7.0,7.0,7.0,7.0,7.0,7.0,7.0,7.0,41.0,0.0,4.0,7.0,7.0,6.0,4.0,8.0,5.0,0.0,0.0,120.0,19.0,0.0,0.0,0.0,,,4.0,7.0,5.0,0.0,,1831.0,0.0,0.0,7.0,7.0,7.0,7.0,206.0,,246.0,,84.0,,15834.0,,3378.0,,247.0,,844.7,825.7,825.7,798.7,787.0,62.4,51.7,,0.0,844.7,165.0,108.0,136.9,103.0,17.7,15.0,0.0,0.0,0.0,1.0,1.0,1.0,1.0,1.0
2020-11-06,330005,NY,330005.0,KALEIDA HEALTH,,,14210.0,,36029.0,,,20230623.0,1.0,6853.0,6853.0,6328.0,4619.0,4619.0,397.0,224.0,0.0,0.0,6328.0,1505.0,1505.0,624.0,624.0,94.0,64.0,,0.0,0.0,7.0,7.0,7.0,7.0,7.0,7.0,7.0,7.0,7.0,7.0,7.0,7.0,7.0,7.0,7.0,7.0,7.0,7.0,7.0,46.0,,4.0,0.0,,8.0,12.0,9.0,10.0,0.0,0.0,161.0,89.0,0.0,,4.0,,9.0,24.0,22.0,25.0,,0.0,1902.0,,0.0,7.0,7.0,7.0,7.0,,,,,,,,,,,,,979.0,979.0,904.0,659.9,659.9,56.7,32.0,0.0,0.0,904.0,215.0,215.0,89.1,89.1,13.4,9.1,,0.0,0.0,1.0,1.0,1.0,1.0,1.0
2020-11-13,330005,NY,330005.0,KALEIDA HEALTH,,,14210.0,,36029.0,,,20230623.0,1.0,6853.0,6853.0,6328.0,4656.0,4655.0,609.0,412.0,0.0,0.0,6328.0,1505.0,1505.0,626.0,626.0,155.0,112.0,6.0,,0.0,7.0,7.0,7.0,7.0,7.0,7.0,7.0,7.0,7.0,7.0,7.0,7.0,7.0,7.0,7.0,7.0,7.0,7.0,7.0,55.0,,,,,7.0,8.0,13.0,17.0,0.0,0.0,253.0,122.0,0.0,5.0,9.0,5.0,13.0,34.0,23.0,33.0,0.0,0.0,1763.0,0.0,0.0,7.0,7.0,7.0,7.0,,,,,,,,,,,,,979.0,979.0,904.0,665.1,665.0,87.0,58.9,0.0,0.0,904.0,215.0,215.0,89.4,89.4,22.1,16.0,,,0.0,1.0,1.0,1.0,1.0,1.0
2020-11-20,330005,NY,330005.0,KALEIDA HEALTH,,,14210.0,,36029.0,,,20230623.0,1.0,6853.0,6853.0,6328.0,4702.0,4702.0,983.0,827.0,0.0,0.0,6328.0,1505.0,1505.0,654.0,654.0,198.0,163.0,7.0,6.0,,7.0,7.0,7.0,7.0,7.0,7.0,7.0,7.0,7.0,7.0,7.0,7.0,7.0,7.0,7.0,7.0,7.0,7.0,7.0,109.0,0.0,,9.0,6.0,11.0,16.0,23.0,41.0,0.0,0.0,318.0,121.0,0.0,,6.0,8.0,16.0,31.0,21.0,37.0,0.0,0.0,1740.0,,0.0,7.0,7.0,7.0,7.0,,,,,,,,,,,,,979.0,979.0,904.0,671.7,671.7,140.4,118.1,0.0,0.0,904.0,215.0,215.0,93.4,93.4,28.3,23.3,,,,1.0,1.0,1.0,1.0,1.0
2020-11-27,330005,NY,330005.0,KALEIDA HEALTH,,,14210.0,,36029.0,,,20230623.0,1.0,6853.0,6853.0,6328.0,4820.0,4820.0,1246.0,1187.0,0.0,0.0,6328.0,1505.0,1505.0,639.0,639.0,213.0,195.0,10.0,0.0,7.0,7.0,7.0,7.0,7.0,7.0,7.0,7.0,7.0,7.0,7.0,7.0,7.0,7.0,7.0,7.0,7.0,7.0,7.0,7.0,114.0,0.0,,6.0,6.0,12.0,21.0,32.0,36.0,0.0,0.0,286.0,148.0,0.0,,4.0,13.0,20.0,33.0,36.0,39.0,0.0,0.0,1687.0,7.0,0.0,7.0,7.0,7.0,7.0,,,,,,,,,,,,,979.0,979.0,904.0,688.6,688.6,178.0,169.6,0.0,0.0,904.0,215.0,215.0,91.3,91.3,30.4,27.9,,0.0,,1.0,1.0,1.0,1.0,1.0
2020-12-04,330005,NY,330005.0,KALEIDA HEALTH,,,14210.0,,36029.0,,,20230623.0,1.0,6853.0,6853.0,6328.0,4872.0,4872.0,1385.0,1354.0,0.0,0.0,6328.0,1505.0,1505.0,658.0,658.0,262.0,249.0,7.0,0.0,7.0,7.0,7.0,7.0,7.0,7.0,7.0,7.0,7.0,7.0,7.0,7.0,7.0,7.0,7.0,7.0,7.0,7.0,7.0,7.0,124.0,0.0,,4.0,10.0,23.0,25.0,26.0,35.0,0.0,0.0,246.0,112.0,0.0,5.0,7.0,10.0,16.0,20.0,28.0,26.0,0.0,0.0,1642.0,7.0,0.0,7.0,7.0,7.0,7.0,,,,,,,,,,,,,979.0,979.0,904.0,696.0,696.0,197.9,193.4,0.0,0.0,904.0,215.0,215.0,94.0,94.0,37.4,35.6,,0.0,,1.0,1.0,1.0,1.0,1.0
2020-12-11,330005,NY,330005.0,KALEIDA HEALTH,,,14210.0,,36029.0,,,20230623.0,1.0,6853.0,6853.0,6328.0,4764.0,4764.0,1327.0,1291.0,0.0,0.0,6328.0,1505.0,1505.0,643.0,643.0,268.0,264.0,0.0,0.0,0.0,7.0,7.0,7.0,7.0,7.0,7.0,7.0,7.0,7.0,7.0,7.0,7.0,7.0,7.0,7.0,7.0,7.0,7.0,7.0,114.0,0.0,,5.0,5.0,17.0,24.0,34.0,26.0,,0.0,262.0,110.0,0.0,0.0,6.0,5.0,22.0,21.0,23.0,26.0,7.0,0.0,1619.0,0.0,0.0,7.0,7.0,7.0,7.0,,,,,,,,,,,,,979.0,979.0,904.0,680.6,680.6,189.6,184.4,0.0,0.0,904.0,215.0,215.0,91.9,91.9,38.3,37.7,0.0,0.0,0.0,1.0,1.0,1.0,1.0,1.0
2020-12-18,330005,NY,330005.0,KALEIDA HEALTH,,,14210.0,,36029.0,,,20230623.0,1.0,6853.0,6853.0,6328.0,4795.0,4795.0,1280.0,1266.0,0.0,0.0,6328.0,1505.0,1505.0,909.0,909.0,248.0,243.0,,0.0,,7.0,7.0,7.0,7.0,7.0,7.0,7.0,7.0,7.0,7.0,7.0,7.0,7.0,7.0,7.0,7.0,7.0,7.0,7.0,135.0,0.0,,4.0,8.0,16.0,28.0,30.0,48.0,0.0,0.0,293.0,126.0,0.0,0.0,7.0,,11.0,26.0,31.0,48.0,0.0,0.0,1645.0,,0.0,7.0,7.0,7.0,7.0,,,,,,,,,,,,,979.0,979.0,904.0,685.0,685.0,182.9,180.9,0.0,0.0,904.0,215.0,215.0,129.9,129.9,35.4,34.7,,0.0,,1.0,1.0,1.0,1.0,1.0
2020-12-25,330005,NY,330005.0,KALEIDA HEALTH,,,14210.0,,36029.0,,,20230623.0,1.0,6853.0,6853.0,6328.0,4743.0,4743.0,1337.0,1293.0,0.0,0.0,6328.0,1505.0,1505.0,966.0,966.0,258.0,254.0,7.0,0.0,0.0,7.0,7.0,7.0,7.0,7.0,7.0,7.0,7.0,7.0,7.0,7.0,7.0,7.0,7.0,7.0,7.0,7.0,7.0,7.0,102.0,0.0,0.0,,4.0,10.0,20.0,26.0,40.0,0.0,0.0,307.0,112.0,0.0,0.0,,4.0,15.0,22.0,30.0,39.0,0.0,0.0,1549.0,,0.0,7.0,7.0,7.0,7.0,,,,,,,,,,,,,979.0,979.0,904.0,677.6,677.6,191.0,184.7,0.0,0.0,904.0,215.0,215.0,138.0,138.0,36.9,36.3,,0.0,0.0,1.0,1.0,1.0,1.0,1.0
2021-01-01,330005,NY,330005.0,KALEIDA HEALTH,,,14210.0,,36029.0,,,20230623.0,1.0,6853.0,6853.0,6328.0,4787.0,4787.0,1234.0,1186.0,0.0,0.0,6328.0,1505.0,1505.0,979.0,979.0,243.0,241.0,0.0,0.0,0.0,7.0,7.0,7.0,7.0,7.0,7.0,7.0,7.0,7.0,7.0,7.0,7.0,7.0,7.0,7.0,7.0,7.0,7.0,7.0,86.0,0.0,,,5.0,9.0,14.0,22.0,31.0,0.0,0.0,296.0,139.0,0.0,,4.0,5.0,8.0,40.0,36.0,43.0,0.0,0.0,1626.0,0.0,0.0,7.0,7.0,7.0,7.0,,,,,,,,,,,,,979.0,979.0,904.0,683.9,683.9,176.3,169.4,0.0,0.0,904.0,215.0,215.0,139.9,139.9,34.7,34.4,0.0,0.0,0.0,1.0,1.0,1.0,1.0,1.0
2021-01-08,330005,NY,330005.0,KALEIDA HEALTH,,,14210.0,,36029.0,,,20230623.0,1.0,6853.0,6853.0,6328.0,4947.0,4947.0,1158.0,1122.0,0.0,0.0,6328.0,1505.0,1505.0,1001.0,1001.0,216.0,205.0,0.0,0.0,0.0,7.0,7.0,7.0,7.0,7.0,7.0,7.0,7.0,7.0,7.0,7.0,7.0,7.0,7.0,7.0,7.0,7.0,7.0,7.0,107.0,0.0,,8.0,4.0,17.0,20.0,30.0,26.0,0.0,0.0,310.0,161.0,0.0,6.0,5.0,11.0,21.0,37.0,35.0,46.0,0.0,0.0,1781.0,0.0,0.0,7.0,7.0,7.0,7.0,0.0,,0.0,,6112.0,,4803.0,,1261.0,,2392.0,,979.0,979.0,904.0,706.7,706.7,165.4,160.3,0.0,0.0,904.0,215.0,215.0,143.0,143.0,30.9,29.3,0.0,0.0,0.0,1.0,1.0,1.0,1.0,1.0
2021-01-15,330005,NY,330005.0,KALEIDA HEALTH,,,14210.0,,36029.0,,,20230623.0,1.0,6853.0,6853.0,6328.0,4752.0,4752.0,1096.0,1079.0,0.0,0.0,6328.0,1505.0,1505.0,1005.0,1005.0,228.0,221.0,0.0,0.0,0.0,7.0,7.0,7.0,7.0,7.0,7.0,7.0,7.0,7.0,7.0,7.0,7.0,7.0,7.0,7.0,7.0,7.0,7.0,7.0,81.0,0.0,,,5.0,12.0,17.0,26.0,19.0,0.0,0.0,255.0,126.0,0.0,,5.0,6.0,20.0,15.0,29.0,50.0,0.0,0.0,1704.0,0.0,0.0,7.0,7.0,7.0,7.0,0.0,,0.0,,707.0,,1860.0,,2748.0,,4253.0,,979.0,979.0,904.0,678.9,678.9,156.6,154.1,0.0,0.0,904.0,215.0,215.0,143.6,143.6,32.6,31.6,0.0,0.0,0.0,1.0,1.0,1.0,1.0,1.0
2021-01-22,330005,NY,330005.0,KALEIDA HEALTH,,,14210.0,,36029.0,,,20230623.0,1.0,6853.0,6853.0,6328.0,4940.0,4940.0,1011.0,998.0,0.0,0.0,6328.0,1505.0,1505.0,995.0,995.0,242.0,235.0,,0.0,0.0,7.0,7.0,7.0,7.0,7.0,7.0,7.0,7.0,7.0,7.0,7.0,7.0,7.0,7.0,7.0,7.0,7.0,7.0,7.0,101.0,0.0,0.0,8.0,,19.0,25.0,24.0,23.0,0.0,0.0,274.0,121.0,0.0,,,6.0,11.0,23.0,29.0,48.0,0.0,0.0,1757.0,,0.0,7.0,7.0,7.0,7.0,0.0,,0.0,,785.0,,2817.0,,2942.0,,1437.0,,979.0,979.0,904.0,705.7,705.7,144.4,142.6,0.0,0.0,904.0,215.0,215.0,142.1,142.1,34.6,33.6,,0.0,0.0,1.0,1.0,1.0,1.0,1.0
2021-01-29,330005,NY,330005.0,KALEIDA HEALTH,,,14210.0,,36029.0,,,20230623.0,1.0,6853.0,6853.0,6328.0,4842.0,4842.0,869.0,851.0,0.0,0.0,6328.0,1505.0,1505.0,960.0,960.0,191.0,185.0,0.0,0.0,0.0,7.0,7.0,7.0,7.0,7.0,7.0,7.0,7.0,7.0,7.0,7.0,7.0,7.0,7.0,7.0,7.0,7.0,7.0,7.0,64.0,0.0,,,,8.0,14.0,19.0,18.0,0.0,0.0,221.0,98.0,,5.0,5.0,,11.0,24.0,22.0,28.0,0.0,0.0,1722.0,0.0,0.0,7.0,7.0,7.0,7.0,1470.0,,800.0,,2245.0,,3969.0,,2654.0,,593.0,,979.0,979.0,904.0,691.7,691.7,124.1,121.6,0.0,0.0,904.0,215.0,215.0,137.1,137.1,27.3,26.4,0.0,0.0,0.0,1.0,1.0,1.0,1.0,1.0
2021-02-05,330005,NY,330005.0,KALEIDA HEALTH,,,14210.0,,36029.0,,,20230623.0,1.0,6853.0,6853.0,6328.0,4886.0,4886.0,731.0,708.0,0.0,0.0,6328.0,1505.0,1505.0,983.0,983.0,160.0,148.0,8.0,0.0,,7.0,7.0,7.0,7.0,7.0,7.0,7.0,7.0,7.0,7.0,7.0,7.0,7.0,7.0,7.0,7.0,7.0,7.0,7.0,57.0,0.0,,0.0,,9.0,11.0,19.0,15.0,0.0,0.0,212.0,101.0,0.0,4.0,4.0,9.0,10.0,21.0,29.0,24.0,0.0,0.0,1701.0,,0.0,7.0,7.0,7.0,7.0,689.0,,10.0,,186.0,,4147.0,,2430.0,,426.0,,979.0,979.0,904.0,698.0,698.0,104.4,101.1,0.0,0.0,904.0,215.0,215.0,140.4,140.4,22.9,21.1,,0.0,,1.0,1.0,1.0,1.0,1.0
2021-02-12,330005,NY,330005.0,KALEIDA HEALTH,,,14210.0,,36029.0,,,20230623.0,1.0,6853.0,6853.0,6328.0,4817.0,4817.0,610.0,605.0,0.0,0.0,6328.0,1505.0,1505.0,959.0,959.0,154.0,150.0,,0.0,0.0,7.0,7.0,7.0,7.0,7.0,7.0,7.0,7.0,7.0,7.0,7.0,7.0,7.0,7.0,7.0,7.0,7.0,7.0,7.0,46.0,0.0,0.0,,,7.0,14.0,13.0,9.0,0.0,0.0,150.0,73.0,0.0,,,4.0,12.0,10.0,16.0,25.0,,0.0,1561.0,0.0,0.0,7.0,7.0,7.0,7.0,7.0,,,,15.0,,4153.0,,2387.0,,430.0,,979.0,979.0,904.0,688.1,688.1,87.1,86.4,0.0,0.0,904.0,215.0,215.0,137.0,137.0,22.0,21.4,,0.0,0.0,1.0,1.0,1.0,1.0,1.0
2021-02-19,330005,NY,330005.0,KALEIDA HEALTH,,,14210.0,,36029.0,,,20230623.0,1.0,6853.0,6853.0,6328.0,4601.0,4601.0,518.0,512.0,0.0,0.0,6328.0,1505.0,1505.0,911.0,911.0,147.0,141.0,0.0,0.0,0.0,7.0,7.0,7.0,7.0,7.0,7.0,7.0,7.0,7.0,7.0,7.0,7.0,7.0,7.0,7.0,7.0,7.0,7.0,7.0,33.0,0.0,0.0,,,7.0,5.0,9.0,8.0,,0.0,136.0,69.0,0.0,0.0,5.0,,13.0,10.0,12.0,26.0,0.0,0.0,1749.0,0.0,0.0,7.0,7.0,7.0,7.0,478.0,,331.0,,308.0,,4428.0,,2367.0,,175.0,,979.0,979.0,904.0,657.3,657.3,74.0,73.1,0.0,0.0,904.0,215.0,215.0,130.1,130.1,21.0,20.1,0.0,0.0,0.0,1.0,1.0,1.0,1.0,1.0
2021-02-26,330005,NY,330005.0,KALEIDA HEALTH,,,14210.0,,36029.0,,,20230623.0,1.0,6853.0,6853.0,6328.0,4718.0,4718.0,408.0,402.0,0.0,0.0,6328.0,1505.0,1505.0,904.0,904.0,134.0,132.0,0.0,0.0,0.0,7.0,7.0,7.0,7.0,7.0,7.0,7.0,7.0,7.0,7.0,7.0,7.0,7.0,7.0,7.0,7.0,7.0,7.0,7.0,28.0,0.0,0.0,0.0,,,7.0,8.0,9.0,0.0,0.0,110.0,56.0,0.0,0.0,,,6.0,4.0,20.0,22.0,0.0,0.0,1817.0,0.0,0.0,7.0,7.0,7.0,7.0,163.0,,485.0,,47.0,,4489.0,,2357.0,,123.0,,979.0,979.0,904.0,674.0,674.0,58.3,57.4,0.0,0.0,904.0,215.0,215.0,129.1,129.1,19.1,18.9,0.0,0.0,0.0,1.0,1.0,1.0,1.0,1.0
2021-03-05,330005,NY,330005.0,KALEIDA HEALTH,,,14210.0,,36029.0,,,20230623.0,1.0,6853.0,6853.0,6328.0,4609.0,4609.0,367.0,359.0,0.0,0.0,6328.0,1505.0,1505.0,904.0,904.0,83.0,76.0,0.0,0.0,0.0,7.0,7.0,7.0,7.0,7.0,7.0,7.0,7.0,7.0,7.0,7.0,7.0,7.0,7.0,7.0,7.0,7.0,7.0,7.0,33.0,0.0,0.0,,5.0,4.0,5.0,8.0,9.0,0.0,0.0,114.0,68.0,,0.0,,,5.0,12.0,20.0,26.0,0.0,0.0,1742.0,0.0,0.0,7.0,7.0,7.0,7.0,0.0,,39.0,,,,4490.0,,2357.0,,122.0,,979.0,979.0,904.0,658.4,658.4,52.4,51.3,0.0,0.0,904.0,215.0,215.0,129.1,129.1,11.9,10.9,0.0,0.0,0.0,1.0,1.0,1.0,1.0,1.0
2021-03-12,330005,NY,330005.0,KALEIDA HEALTH,,,14210.0,,36029.0,,,20230623.0,1.0,6853.0,6853.0,6328.0,4505.0,4505.0,324.0,321.0,0.0,0.0,6328.0,1505.0,1505.0,890.0,890.0,65.0,64.0,0.0,0.0,0.0,7.0,7.0,7.0,7.0,7.0,7.0,7.0,7.0,7.0,7.0,7.0,7.0,7.0,7.0,7.0,7.0,7.0,7.0,7.0,36.0,0.0,,,,9.0,8.0,6.0,8.0,0.0,0.0,120.0,59.0,0.0,,0.0,4.0,7.0,9.0,16.0,17.0,5.0,0.0,1884.0,0.0,0.0,7.0,7.0,7.0,7.0,287.0,,37.0,,21.0,,4511.0,,2356.0,,102.0,,979.0,979.0,904.0,643.6,643.6,46.3,45.9,0.0,0.0,904.0,215.0,215.0,127.1,127.1,9.3,9.1,0.0,0.0,0.0,1.0,1.0,1.0,1.0,1.0
2021-03-19,330005,NY,330005.0,KALEIDA HEALTH,,,14210.0,,36029.0,,,20230623.0,1.0,6853.0,6853.0,6328.0,4551.0,4551.0,302.0,300.0,0.0,0.0,6328.0,1505.0,1505.0,890.0,890.0,67.0,66.0,0.0,0.0,0.0,7.0,7.0,7.0,7.0,7.0,7.0,7.0,7.0,7.0,7.0,7.0,7.0,7.0,7.0,7.0,7.0,7.0,7.0,7.0,31.0,0.0,0.0,,,7.0,6.0,5.0,10.0,0.0,0.0,138.0,77.0,0.0,,0.0,4.0,9.0,9.0,21.0,28.0,5.0,0.0,1996.0,0.0,0.0,7.0,7.0,7.0,7.0,173.0,,62.0,,212.0,,4516.0,,2150.0,,303.0,,979.0,979.0,904.0,650.1,650.1,43.1,42.9,0.0,0.0,904.0,215.0,215.0,127.1,127.1,9.6,9.4,0.0,0.0,0.0,1.0,1.0,1.0,1.0,1.0
2021-03-26,330005,NY,330005.0,KALEIDA HEALTH,,,14210.0,,36029.0,,,20230623.0,1.0,6853.0,6853.0,6328.0,4745.0,4745.0,439.0,438.0,0.0,0.0,6328.0,1505.0,1505.0,967.0,967.0,111.0,110.0,0.0,0.0,0.0,7.0,7.0,7.0,7.0,7.0,7.0,7.0,7.0,7.0,7.0,7.0,7.0,7.0,7.0,7.0,7.0,7.0,7.0,7.0,50.0,0.0,,6.0,5.0,12.0,5.0,12.0,8.0,0.0,0.0,189.0,77.0,,5.0,6.0,5.0,7.0,16.0,15.0,22.0,0.0,0.0,1890.0,0.0,0.0,7.0,7.0,7.0,7.0,610.0,,265.0,,94.0,,4524.0,,2064.0,,86.0,,979.0,979.0,904.0,677.9,677.9,62.7,62.6,0.0,0.0,904.0,215.0,215.0,138.1,138.1,15.9,15.7,0.0,0.0,0.0,1.0,1.0,1.0,1.0,1.0
2021-04-02,330005,NY,330005.0,KALEIDA HEALTH,,,14210.0,,36029.0,,,20230623.0,1.0,6853.0,6853.0,6328.0,4638.0,4638.0,652.0,645.0,0.0,0.0,6328.0,1505.0,1505.0,986.0,986.0,197.0,192.0,0.0,0.0,0.0,7.0,7.0,7.0,7.0,7.0,7.0,7.0,7.0,7.0,7.0,7.0,7.0,7.0,7.0,7.0,7.0,7.0,7.0,7.0,73.0,0.0,0.0,8.0,11.0,16.0,13.0,14.0,11.0,0.0,0.0,227.0,87.0,0.0,,4.0,9.0,6.0,19.0,20.0,27.0,0.0,0.0,1940.0,0.0,0.0,7.0,7.0,7.0,7.0,6.0,,67.0,,66.0,,4524.0,,1999.0,,445.0,,979.0,979.0,904.0,662.6,662.6,93.1,92.1,0.0,0.0,904.0,215.0,215.0,140.9,140.9,28.1,27.4,0.0,0.0,0.0,1.0,1.0,1.0,1.0,1.0
2021-04-09,330005,NY,330005.0,KALEIDA HEALTH,,,14210.0,,36029.0,,,20230623.0,1.0,6853.0,6853.0,6328.0,4945.0,4945.0,812.0,808.0,0.0,0.0,6328.0,1505.0,1505.0,1019.0,1019.0,221.0,218.0,0.0,0.0,0.0,7.0,7.0,7.0,7.0,7.0,7.0,7.0,7.0,7.0,7.0,7.0,7.0,7.0,7.0,7.0,7.0,7.0,7.0,7.0,72.0,0.0,7.0,4.0,8.0,15.0,17.0,10.0,11.0,0.0,0.0,243.0,109.0,0.0,,11.0,7.0,13.0,21.0,24.0,25.0,6.0,0.0,2068.0,0.0,0.0,7.0,7.0,7.0,7.0,25.0,,15.0,,56.0,,4535.0,,1953.0,,481.0,,979.0,979.0,904.0,706.4,706.4,116.0,115.4,0.0,0.0,904.0,215.0,215.0,145.6,145.6,31.6,31.1,0.0,0.0,0.0,1.0,1.0,1.0,1.0,1.0
2021-04-16,330005,NY,330005.0,KALEIDA HEALTH,,,14210.0,,36029.0,,,20230623.0,1.0,6853.0,6853.0,6328.0,5077.0,5075.0,906.0,906.0,0.0,0.0,6328.0,1505.0,1505.0,1056.0,1056.0,252.0,252.0,0.0,0.0,0.0,7.0,7.0,7.0,7.0,7.0,7.0,7.0,7.0,7.0,7.0,7.0,7.0,7.0,7.0,7.0,7.0,7.0,7.0,7.0,68.0,0.0,5.0,8.0,11.0,22.0,9.0,7.0,6.0,0.0,0.0,251.0,89.0,0.0,6.0,8.0,9.0,14.0,12.0,13.0,27.0,0.0,5.0,2036.0,0.0,0.0,7.0,7.0,7.0,7.0,41.0,,14.0,,77.0,,4595.0,,1936.0,,17.0,,979.0,979.0,904.0,725.3,725.0,129.4,129.4,0.0,0.0,904.0,215.0,215.0,150.9,150.9,36.0,36.0,0.0,0.0,0.0,1.0,1.0,1.0,1.0,1.0
2021-04-23,330005,NY,330005.0,KALEIDA HEALTH,,,14210.0,,36029.0,,,20230623.0,1.0,6853.0,6853.0,6328.0,4885.0,4885.0,678.0,674.0,0.0,0.0,6328.0,1505.0,1505.0,1022.0,1022.0,226.0,226.0,0.0,0.0,0.0,7.0,7.0,7.0,7.0,7.0,7.0,7.0,7.0,7.0,7.0,7.0,7.0,7.0,7.0,7.0,7.0,7.0,7.0,7.0,57.0,0.0,,7.0,10.0,10.0,13.0,12.0,,0.0,0.0,198.0,87.0,0.0,,6.0,7.0,6.0,17.0,23.0,27.0,0.0,0.0,1922.0,0.0,0.0,7.0,7.0,7.0,7.0,63.0,,0.0,,94.0,,4677.0,,1934.0,,,,979.0,979.0,904.0,697.9,697.9,96.9,96.3,0.0,0.0,904.0,215.0,215.0,146.0,146.0,32.3,32.3,0.0,0.0,0.0,1.0,1.0,1.0,1.0,1.0
2021-04-30,330005,NY,330005.0,KALEIDA HEALTH,,,14210.0,,36029.0,,,20230623.0,1.0,6853.0,6853.0,6328.0,4793.0,4793.0,552.0,547.0,0.0,0.0,6328.0,1505.0,1505.0,970.0,970.0,177.0,176.0,0.0,0.0,0.0,7.0,7.0,7.0,7.0,7.0,7.0,7.0,7.0,7.0,7.0,7.0,7.0,7.0,7.0,7.0,7.0,7.0,7.0,7.0,39.0,0.0,0.0,4.0,6.0,7.0,8.0,7.0,7.0,0.0,0.0,189.0,109.0,0.0,,,10.0,10.0,21.0,33.0,29.0,0.0,0.0,1948.0,0.0,0.0,7.0,7.0,7.0,7.0,71.0,,0.0,,60.0,,4737.0,,1934.0,,298.0,,979.0,979.0,904.0,684.7,684.7,78.9,78.1,0.0,0.0,904.0,215.0,215.0,138.6,138.6,25.3,25.1,0.0,0.0,0.0,1.0,1.0,1.0,1.0,1.0
2021-05-07,330005,NY,330005.0,KALEIDA HEALTH,,,14210.0,,36029.0,,,20230623.0,1.0,6853.0,6853.0,6328.0,4719.0,4719.0,473.0,473.0,0.0,0.0,6328.0,1505.0,1505.0,904.0,904.0,150.0,150.0,0.0,0.0,0.0,7.0,7.0,7.0,7.0,7.0,7.0,7.0,7.0,7.0,7.0,7.0,7.0,7.0,7.0,7.0,7.0,7.0,7.0,7.0,31.0,0.0,,5.0,8.0,6.0,,7.0,,0.0,0.0,115.0,45.0,0.0,,4.0,,8.0,5.0,11.0,13.0,0.0,0.0,1868.0,0.0,0.0,7.0,7.0,7.0,7.0,18.0,,7.0,,54.0,,4765.0,,1908.0,,203.0,,979.0,979.0,904.0,674.1,674.1,67.6,67.6,0.0,0.0,904.0,215.0,215.0,129.1,129.1,21.4,21.4,0.0,0.0,0.0,1.0,1.0,1.0,1.0,1.0
2021-05-14,330005,NY,330005.0,KALEIDA HEALTH,,,14210.0,,36029.0,,,20230623.0,1.0,6853.0,6853.0,6328.0,4597.0,4597.0,349.0,344.0,0.0,0.0,6328.0,1505.0,1505.0,928.0,928.0,119.0,119.0,0.0,0.0,0.0,7.0,7.0,7.0,7.0,7.0,7.0,7.0,7.0,7.0,7.0,7.0,7.0,7.0,7.0,7.0,7.0,7.0,7.0,7.0,19.0,0.0,,,,6.0,6.0,,,0.0,0.0,74.0,4.0,0.0,0.0,0.0,0.0,,0.0,0.0,,0.0,0.0,1930.0,0.0,0.0,7.0,7.0,7.0,7.0,12.0,,11.0,,48.0,,4780.0,,1871.0,,318.0,,979.0,979.0,904.0,656.7,656.7,49.9,49.1,0.0,0.0,904.0,215.0,215.0,132.6,132.6,17.0,17.0,0.0,0.0,0.0,1.0,1.0,1.0,1.0,1.0
2021-05-21,330005,NY,330005.0,KALEIDA HEALTH,,,14210.0,,36029.0,,,20230623.0,1.0,6853.0,6853.0,6328.0,4734.0,4734.0,237.0,237.0,0.0,0.0,6328.0,1505.0,1505.0,966.0,966.0,96.0,96.0,0.0,0.0,0.0,7.0,7.0,7.0,7.0,7.0,7.0,7.0,7.0,7.0,7.0,7.0,7.0,7.0,7.0,7.0,7.0,7.0,7.0,7.0,13.0,0.0,,,0.0,4.0,4.0,,0.0,0.0,0.0,70.0,7.0,0.0,,,0.0,0.0,,,0.0,0.0,0.0,1948.0,0.0,0.0,7.0,7.0,7.0,7.0,0.0,,8.0,,10.0,,4690.0,,1810.0,,307.0,,979.0,979.0,904.0,676.3,676.3,33.9,33.9,0.0,0.0,904.0,215.0,215.0,138.0,138.0,13.7,13.7,0.0,0.0,0.0,1.0,1.0,1.0,1.0,1.0
2021-05-28,330005,NY,330005.0,KALEIDA HEALTH,,,14210.0,,36029.0,,,20230623.0,1.0,6853.0,6853.0,6328.0,4446.0,4446.0,136.0,132.0,0.0,0.0,6328.0,1505.0,1505.0,868.0,868.0,51.0,49.0,0.0,0.0,0.0,7.0,7.0,7.0,7.0,7.0,7.0,7.0,7.0,7.0,7.0,7.0,7.0,7.0,7.0,7.0,7.0,7.0,7.0,7.0,7.0,0.0,,0.0,,,,0.0,,0.0,0.0,36.0,7.5,0.0,,0.0,,0.0,,0.0,0.0,0.0,0.0,1991.0,0.0,0.0,7.0,7.0,7.0,7.0,,,4.0,,0.0,,4783.0,,1860.0,,326.0,,979.0,979.0,904.0,635.1,635.1,19.4,18.9,0.0,0.0,904.0,215.0,215.0,124.0,124.0,7.3,7.0,0.0,0.0,0.0,1.0,1.0,1.0,1.0,0.0
2021-06-04,330005,NY,330005.0,KALEIDA HEALTH,,,14210.0,,36029.0,,,20230623.0,1.0,6853.0,6853.0,6328.0,4602.0,4602.0,81.0,75.0,0.0,0.0,6328.0,1505.0,1505.0,935.0,935.0,45.0,42.0,0.0,0.0,0.0,7.0,7.0,7.0,7.0,7.0,7.0,7.0,7.0,7.0,7.0,7.0,7.0,7.0,7.0,7.0,7.0,7.0,7.0,7.0,4.0,0.0,0.0,0.0,,,,,0.0,0.0,0.0,35.0,8.0,0.0,0.0,0.0,,,,,0.0,0.0,0.0,2049.0,0.0,0.0,7.0,7.0,7.0,7.0,,,,,11.0,,4786.0,,1852.0,,331.0,,979.0,979.0,904.0,657.4,657.4,11.6,10.7,0.0,0.0,904.0,215.0,215.0,133.6,133.6,6.4,6.0,0.0,0.0,0.0,1.0,1.0,1.0,1.0,1.0
2021-06-11,330005,NY,330005.0,KALEIDA HEALTH,,,14210.0,,36029.0,,,20230623.0,1.0,6853.0,6853.0,6328.0,4582.0,4582.0,46.0,40.0,0.0,0.0,6328.0,1505.0,1505.0,943.0,943.0,22.0,20.0,0.0,0.0,0.0,7.0,7.0,7.0,7.0,7.0,7.0,7.0,7.0,7.0,7.0,7.0,7.0,7.0,7.0,7.0,7.0,7.0,7.0,7.0,7.0,0.0,0.0,0.0,,0.0,4.0,,0.0,0.0,0.0,22.0,6.0,0.0,0.0,0.0,,0.0,0.0,,0.0,0.0,0.0,2002.0,0.0,0.0,7.0,7.0,7.0,7.0,8.0,,0.0,,33.0,,4792.0,,1823.0,,354.0,,979.0,979.0,904.0,654.6,654.6,6.6,5.7,0.0,0.0,904.0,215.0,215.0,134.7,134.7,,5.75,0.0,0.0,0.0,1.0,1.0,0.0,1.0,0.0
2021-06-18,330005,NY,330005.0,KALEIDA HEALTH,,,14210.0,,36029.0,,,20230623.0,1.0,6853.0,6853.0,6328.0,4493.0,4493.0,21.0,16.0,0.0,0.0,6328.0,1505.0,1505.0,863.0,863.0,12.0,10.0,0.0,0.0,0.0,7.0,7.0,7.0,7.0,7.0,7.0,7.0,7.0,7.0,7.0,7.0,7.0,7.0,7.0,7.0,7.0,7.0,7.0,7.0,0.0,0.0,0.0,0.0,0.0,0.0,0.0,0.0,0.0,0.0,0.0,,4.0,0.0,0.0,0.0,0.0,0.0,0.0,,,0.0,0.0,1962.0,0.0,0.0,7.0,7.0,7.0,7.0,6.0,,,,20.0,,4802.0,,1813.0,,354.0,,979.0,979.0,904.0,641.9,641.9,,,0.0,0.0,904.0,215.0,215.0,123.3,123.3,,5.5,0.0,0.0,0.0,1.0,1.0,0.0,1.0,0.0
2021-06-25,330005,NY,330005.0,KALEIDA HEALTH,,,14210.0,,36029.0,,,20230623.0,1.0,6853.0,6853.0,6328.0,4334.0,4334.0,7.0,7.0,0.0,0.0,6328.0,1505.0,1505.0,876.0,876.0,7.0,7.0,0.0,0.0,0.0,7.0,7.0,7.0,7.0,7.0,7.0,7.0,7.0,7.0,7.0,7.0,7.0,7.0,7.0,7.0,7.0,7.0,7.0,7.0,0.0,0.0,0.0,0.0,0.0,0.0,0.0,0.0,0.0,0.0,0.0,0.0,2.0,0.0,0.0,0.0,0.0,,0.0,0.0,0.0,0.0,0.0,2055.0,0.0,0.0,7.0,7.0,7.0,7.0,21.0,,23.0,,22.0,,4799.0,,1797.0,,373.0,,979.0,979.0,904.0,619.1,619.1,,,0.0,0.0,904.0,215.0,215.0,125.1,125.1,,5.25,0.0,0.0,0.0,1.0,1.0,0.0,1.0,0.0
2021-07-02,330005,NY,330005.0,KALEIDA HEALTH,,,14210.0,,36029.0,,,20230623.0,1.0,6853.0,6853.0,6328.0,4313.0,4313.0,10.0,10.0,0.0,0.0,6328.0,1505.0,1505.0,877.0,877.0,7.0,7.0,0.0,0.0,0.0,7.0,7.0,7.0,7.0,7.0,7.0,7.0,7.0,7.0,7.0,7.0,7.0,7.0,7.0,7.0,7.0,7.0,7.0,7.0,1.3333333333333333,0.0,0.0,0.0,0.0,0.0,,0.0,,0.0,0.0,,0.0,0.0,0.0,0.0,0.0,0.0,0.0,0.0,0.0,0.0,0.0,2099.0,0.0,0.0,7.0,7.0,7.0,7.0,,,,,7.0,,3137.0,,1019.0,,269.0,,979.0,979.0,904.0,616.1,616.1,,,0.0,0.0,904.0,215.0,215.0,125.3,125.3,,5.0,0.0,0.0,0.0,1.0,1.0,0.0,0.0,1.0
2021-07-09,330005,NY,330005.0,KALEIDA HEALTH,,,14210.0,,36029.0,,,20230623.0,1.0,6853.0,6853.0,6328.0,4652.0,4652.0,16.0,16.0,0.0,0.0,6328.0,1505.0,1505.0,893.0,893.0,7.0,7.0,0.0,0.0,0.0,7.0,7.0,7.0,7.0,7.0,7.0,7.0,7.0,7.0,7.0,7.0,7.0,7.0,7.0,7.0,7.0,7.0,7.0,7.0,2.6666666666666665,0.0,0.0,0.0,0.0,,0.0,0.0,0.0,0.0,0.0,11.0,0.0,0.0,0.0,0.0,0.0,0.0,0.0,0.0,0.0,0.0,0.0,2106.0,0.0,0.0,7.0,7.0,7.0,7.0,7.0,,4.0,,11.0,,4800.0,,1778.0,,397.0,,979.0,979.0,904.0,664.6,664.6,,,0.0,0.0,904.0,215.0,215.0,127.6,127.6,,4.75,0.0,0.0,0.0,1.0,1.0,0.0,0.0,1.0
2021-07-16,330005,NY,330005.0,KALEIDA HEALTH,,,14210.0,,36029.0,,,20230623.0,1.0,6853.0,6853.0,6328.0,4604.0,4604.0,37.0,35.0,0.0,0.0,6328.0,1505.0,1505.0,901.0,901.0,14.0,13.0,0.0,0.0,0.0,7.0,7.0,7.0,7.0,7.0,7.0,7.0,7.0,7.0,7.0,7.0,7.0,7.0,7.0,7.0,7.0,7.0,7.0,7.0,4.0,0.0,0.0,0.0,,0.0,0.0,,,0.0,0.0,18.0,3.0,0.0,0.0,0.0,,0.0,0.0,0.0,,0.0,0.0,2055.0,0.0,0.0,7.0,7.0,7.0,7.0,5.0,,4.0,,6.0,,4793.0,,1773.0,,403.0,,979.0,979.0,904.0,657.7,657.7,5.3,5.0,0.0,0.0,904.0,215.0,215.0,128.7,128.7,,4.5,0.0,0.0,0.0,1.0,1.0,0.0,1.0,0.0
2021-07-23,330005,NY,330005.0,KALEIDA HEALTH,,,14210.0,,36029.0,,,20230623.0,1.0,6853.0,6853.0,6328.0,4478.0,4478.0,84.0,82.0,0.0,0.0,6328.0,1505.0,1505.0,868.0,868.0,9.0,8.0,0.0,0.0,0.0,7.0,7.0,7.0,7.0,7.0,7.0,7.0,7.0,7.0,7.0,7.0,7.0,7.0,7.0,7.0,7.0,7.0,7.0,7.0,15.0,0.0,0.0,,,,6.0,5.0,0.0,0.0,0.0,49.0,6.0,0.0,0.0,,0.0,,,,0.0,0.0,0.0,2026.0,0.0,0.0,7.0,7.0,7.0,7.0,5.0,,5.0,,10.0,,4794.0,,1763.0,,412.0,,979.0,979.0,904.0,639.7,639.7,12.0,11.7,0.0,0.0,904.0,215.0,215.0,124.0,124.0,,4.25,0.0,0.0,0.0,1.0,1.0,0.0,1.0,1.0
2021-07-30,330005,NY,330005.0,KALEIDA HEALTH,,,14210.0,,36029.0,,,20230623.0,1.0,6853.0,6853.0,6328.0,4440.0,4440.0,102.0,96.0,0.0,0.0,6328.0,1505.0,1505.0,902.0,902.0,28.0,28.0,0.0,0.0,0.0,7.0,7.0,7.0,7.0,7.0,7.0,7.0,7.0,7.0,7.0,7.0,7.0,7.0,7.0,7.0,7.0,7.0,7.0,7.0,12.0,0.0,,,,,,,,0.0,0.0,90.0,6.0,0.0,,0.0,0.0,0.0,0.0,,,0.0,0.0,2053.0,0.0,0.0,7.0,7.0,7.0,7.0,,,,,4.0,,4792.0,,1757.0,,420.0,,979.0,979.0,904.0,634.3,634.3,14.6,13.7,0.0,0.0,904.0,215.0,215.0,128.9,128.9,4.0,4.0,0.0,0.0,0.0,1.0,1.0,1.0,1.0,0.0
2020-11-06,330024,NY,330024.0,MOUNT SINAI HOSPITAL,,,10029.0,,36061.0,,,20230623.0,1.0,11585.0,10647.0,9030.0,9186.0,8505.0,637.0,397.0,19.0,,9940.0,1869.0,1722.0,1793.0,1682.0,115.0,107.0,0.0,0.0,0.0,7.0,7.0,7.0,7.0,7.0,7.0,7.0,7.0,7.0,7.0,7.0,7.0,7.0,7.0,7.0,7.0,7.0,7.0,7.0,45.0,0.0,,4.0,,10.0,5.0,18.0,4.0,0.0,0.0,757.0,24.0,0.0,,0.0,4.0,6.0,,6.0,4.0,0.0,,3745.0,0.0,0.0,7.0,7.0,7.0,7.0,,,,,,,,,,,,,1655.0,1521.0,1290.0,1312.3,1215.0,91.0,56.7,,,1420.0,267.0,246.0,256.1,240.3,16.4,15.3,0.0,0.0,0.0,1.0,1.0,1.0,1.0,1.0
2020-11-13,330024,NY,330024.0,MOUNT SINAI HOSPITAL,,,10029.0,,36061.0,,,20230623.0,1.0,11585.0,10647.0,9030.0,9329.0,8643.0,706.0,457.0,33.0,0.0,9940.0,1869.0,1722.0,1747.0,1652.0,125.0,106.0,0.0,0.0,0.0,7.0,7.0,7.0,7.0,7.0,7.0,7.0,7.0,7.0,7.0,7.0,7.0,7.0,7.0,7.0,7.0,7.0,7.0,7.0,50.0,0.0,,4.0,,11.0,9.0,13.0,11.0,0.0,0.0,867.0,16.0,0.0,,4.0,0.0,4.0,,4.0,0.0,0.0,,3590.0,0.0,0.0,7.0,7.0,7.0,7.0,,,,,,,,,,,,,1655.0,1521.0,1290.0,1332.7,1234.7,100.9,65.3,4.7,0.0,1420.0,267.0,246.0,249.6,236.0,17.9,15.1,0.0,0.0,0.0,1.0,1.0,1.0,1.0,1.0
2020-11-20,330024,NY,330024.0,MOUNT SINAI HOSPITAL,,,10029.0,,36061.0,,,20230623.0,1.0,11585.0,10647.0,9030.0,9211.0,8498.0,733.0,509.0,16.0,0.0,9940.0,1869.0,1722.0,1760.0,1642.0,129.0,106.0,0.0,0.0,0.0,7.0,7.0,7.0,7.0,7.0,7.0,7.0,7.0,7.0,7.0,7.0,7.0,7.0,7.0,7.0,7.0,7.0,7.0,7.0,53.0,0.0,,,4.0,16.0,14.0,7.0,6.0,0.0,0.0,807.0,25.0,0.0,,,4.0,4.0,5.0,6.0,,0.0,6.0,3748.0,0.0,0.0,7.0,7.0,7.0,7.0,,,,,,,,,,,,,1655.0,1521.0,1290.0,1315.9,1214.0,104.7,72.7,,0.0,1420.0,267.0,246.0,251.4,234.6,18.4,15.1,0.0,0.0,0.0,1.0,1.0,1.0,1.0,1.0
2020-11-27,330024,NY,330024.0,MOUNT SINAI HOSPITAL,,,10029.0,,36061.0,,,20230623.0,1.0,11585.0,10647.0,9030.0,9024.0,8404.0,945.0,613.0,13.0,0.0,9940.0,1869.0,1722.0,1733.0,1644.0,145.0,135.0,0.0,0.0,0.0,7.0,7.0,7.0,7.0,7.0,7.0,7.0,7.0,7.0,7.0,7.0,7.0,7.0,7.0,7.0,7.0,7.0,7.0,7.0,70.0,0.0,4.0,7.0,10.0,11.0,15.0,8.0,13.0,,0.0,902.0,25.0,0.0,4.0,5.0,,,,6.0,,0.0,,3717.0,0.0,0.0,7.0,7.0,7.0,7.0,,,,,,,,,,,,,1655.0,1521.0,1290.0,1289.1,1200.6,135.0,87.6,,0.0,1420.0,267.0,246.0,247.6,234.9,20.7,19.3,0.0,0.0,0.0,1.0,1.0,1.0,1.0,1.0
2020-12-04,330024,NY,330024.0,MOUNT SINAI HOSPITAL,,,10029.0,,36061.0,,,20230623.0,1.0,11585.0,10647.0,9030.0,9056.0,8416.0,1205.0,714.0,19.0,,9940.0,1869.0,1722.0,1689.0,1581.0,193.0,154.0,,,,7.0,7.0,7.0,7.0,7.0,7.0,7.0,7.0,7.0,7.0,7.0,7.0,7.0,7.0,7.0,7.0,7.0,7.0,7.0,95.0,0.0,,9.0,8.0,20.0,17.0,24.0,16.0,0.0,0.0,940.0,33.0,0.0,,7.0,,5.0,4.0,4.0,5.0,,4.0,3697.0,0.0,0.0,7.0,7.0,7.0,7.0,,,,,,,,,,,,,1655.0,1521.0,1290.0,1293.7,1202.3,172.1,102.0,,,1420.0,267.0,246.0,241.3,225.9,27.6,22.0,,,,1.0,1.0,1.0,1.0,1.0
2020-12-11,330024,NY,330024.0,MOUNT SINAI HOSPITAL,,,10029.0,,36061.0,,,20230623.0,1.0,11398.0,10480.0,8778.0,7342.0,6718.0,1283.0,825.0,33.0,10.0,9688.0,1791.0,1644.0,1051.0,941.0,226.0,184.0,7.0,7.0,7.0,7.0,7.0,7.0,7.0,7.0,7.0,7.0,7.0,7.0,7.0,7.0,7.0,7.0,7.0,7.0,7.0,7.0,7.0,7.0,94.0,0.0,6.0,6.0,7.0,16.0,17.0,16.0,26.0,0.0,,997.0,39.0,0.0,,10.0,,6.0,5.0,4.0,7.0,,4.0,3691.0,0.0,0.0,7.0,7.0,7.0,7.0,,,,,,,,,,,,,1628.3,1497.1,1254.0,1048.9,959.7,183.3,117.9,4.7,,1384.0,255.9,234.9,150.1,134.4,32.3,26.3,,,,1.0,1.0,1.0,1.0,1.0
2020-12-18,330024,NY,330024.0,MOUNT SINAI HOSPITAL,,,10029.0,,36061.0,,,20230623.0,1.0,11643.0,10733.0,8997.0,6833.0,6297.0,1342.0,928.0,25.0,11.0,9907.0,1781.0,1634.0,896.0,783.0,198.0,166.0,7.0,7.0,7.0,7.0,7.0,7.0,7.0,7.0,7.0,7.0,7.0,7.0,7.0,7.0,7.0,7.0,7.0,7.0,7.0,7.0,7.0,7.0,102.0,0.0,,5.0,12.0,20.0,25.0,16.0,21.0,,,996.0,22.0,0.0,,4.0,,4.0,,4.0,,,,3737.0,0.0,0.0,7.0,7.0,7.0,7.0,,,,,,,,,,,,,1663.3,1533.3,1285.3,976.1,899.6,191.7,132.6,,,1415.3,254.4,233.4,128.0,111.9,28.3,23.7,,,,1.0,1.0,1.0,1.0,1.0
2020-12-25,330024,NY,330024.0,MOUNT SINAI HOSPITAL,,,10029.0,,36061.0,,,20230623.0,1.0,11991.0,11081.0,9345.0,6118.0,5583.0,1354.0,1026.0,29.0,14.0,10255.0,1787.0,1640.0,837.0,737.0,185.0,161.0,7.0,7.0,7.0,7.0,7.0,7.0,7.0,7.0,7.0,7.0,7.0,7.0,7.0,7.0,7.0,7.0,7.0,7.0,7.0,7.0,7.0,7.0,96.0,0.0,,9.0,7.0,15.0,20.0,20.0,21.0,,,1005.0,16.0,0.0,,,4.0,,,,,,5.0,3829.0,0.0,0.0,7.0,7.0,7.0,7.0,,,,,,,,,,,,,1713.0,1583.0,1335.0,874.0,797.6,193.4,146.6,4.1,,1465.0,255.3,234.3,119.6,105.3,26.4,23.0,,,,1.0,1.0,1.0,1.0,1.0
2021-01-01,330024,NY,330024.0,MOUNT SINAI HOSPITAL,,,10029.0,,36061.0,,,20230623.0,1.0,11991.0,11081.0,9345.0,6364.0,5823.0,1466.0,1079.0,53.0,13.0,10255.0,1798.0,1651.0,849.0,749.0,210.0,179.0,,,,7.0,7.0,7.0,7.0,7.0,7.0,7.0,7.0,7.0,7.0,7.0,7.0,7.0,7.0,7.0,7.0,7.0,7.0,7.0,99.0,,,6.0,5.0,19.0,24.0,21.0,21.0,0.0,,1156.0,23.0,0.0,,,5.0,,7.0,,,0.0,5.0,3962.0,0.0,0.0,7.0,7.0,7.0,7.0,,,,,,,,,,,,,1713.0,1583.0,1335.0,909.1,831.9,209.4,154.1,7.6,,1465.0,256.9,235.9,121.3,107.0,30.0,25.6,,,,1.0,1.0,1.0,1.0,1.0
2021-01-08,330024,NY,330024.0,MOUNT SINAI HOSPITAL,,,10029.0,,36061.0,,,20230623.0,1.0,11991.0,11081.0,9345.0,6974.0,6437.0,1664.0,1215.0,81.0,11.0,10255.0,1806.0,1659.0,922.0,834.0,228.0,207.0,0.0,0.0,0.0,7.0,7.0,7.0,7.0,7.0,7.0,7.0,7.0,7.0,7.0,7.0,7.0,7.0,7.0,7.0,7.0,7.0,7.0,7.0,98.0,0.0,,6.0,9.0,16.0,22.0,21.0,22.0,0.0,,1152.0,28.0,0.0,,4.0,5.0,4.0,6.0,5.0,,,,3999.0,0.0,0.0,7.0,7.0,7.0,7.0,,,,,,,,,,,,,1713.0,1583.0,1335.0,996.3,919.6,237.7,173.6,11.6,,1465.0,258.0,237.0,131.7,119.1,32.6,29.6,0.0,0.0,0.0,1.0,1.0,1.0,1.0,1.0
2021-01-15,330024,NY,330024.0,MOUNT SINAI HOSPITAL,,,10029.0,,36061.0,,,20230623.0,1.0,11991.0,11081.0,9345.0,6954.0,6443.0,1596.0,1258.0,68.0,15.0,10255.0,1806.0,1659.0,880.0,799.0,213.0,191.0,0.0,0.0,0.0,7.0,7.0,7.0,7.0,7.0,7.0,7.0,7.0,7.0,7.0,7.0,7.0,7.0,7.0,7.0,7.0,7.0,7.0,7.0,115.0,0.0,,9.0,9.0,12.0,29.0,22.0,33.0,0.0,0.0,974.0,19.0,0.0,0.0,5.0,,,,5.0,,,,3855.0,0.0,0.0,7.0,7.0,7.0,7.0,,,,,,,,,,,,,1713.0,1583.0,1335.0,993.4,920.4,228.0,179.7,9.7,,1465.0,258.0,237.0,125.7,114.1,30.4,27.3,0.0,0.0,0.0,1.0,1.0,1.0,1.0,1.0
2021-01-22,330024,NY,330024.0,MOUNT SINAI HOSPITAL,,,10029.0,,36061.0,,,20230623.0,1.0,11991.0,11081.0,9345.0,7123.0,6600.0,1716.0,1317.0,48.0,10.0,10255.0,1806.0,1659.0,906.0,819.0,220.0,187.0,0.0,0.0,0.0,7.0,7.0,7.0,7.0,7.0,7.0,7.0,7.0,7.0,7.0,7.0,7.0,7.0,7.0,7.0,7.0,7.0,7.0,7.0,113.0,,,10.0,11.0,14.0,24.0,28.0,22.0,0.0,0.0,1098.0,27.0,,,,0.0,5.0,9.0,5.0,,0.0,4.0,4219.0,0.0,0.0,7.0,7.0,7.0,7.0,,,,,,,,,,,,,1713.0,1583.0,1335.0,1017.6,942.9,245.1,188.1,6.9,,1465.0,258.0,237.0,129.4,117.0,31.4,26.7,0.0,0.0,0.0,1.0,1.0,1.0,1.0,1.0
2021-01-29,330024,NY,330024.0,MOUNT SINAI HOSPITAL,,,10029.0,,36061.0,,,20230623.0,1.0,11991.0,11081.0,9345.0,6874.0,6322.0,1887.0,1307.0,30.0,11.0,10255.0,1806.0,1659.0,922.0,829.0,259.0,233.0,0.0,0.0,0.0,7.0,7.0,7.0,7.0,7.0,7.0,7.0,7.0,7.0,7.0,7.0,7.0,7.0,7.0,7.0,7.0,7.0,7.0,7.0,114.0,,4.0,8.0,10.0,11.0,34.0,23.0,22.0,,,918.0,25.0,,4.0,,,6.0,4.0,,,0.0,,3720.0,0.0,0.0,7.0,7.0,7.0,7.0,,,,,,,,,,,,,1713.0,1583.0,1335.0,982.0,903.1,269.6,186.7,4.3,,1465.0,258.0,237.0,131.7,118.4,37.0,33.3,0.0,0.0,0.0,1.0,1.0,1.0,1.0,1.0
2021-02-05,330024,NY,330024.0,MOUNT SINAI HOSPITAL,,,10029.0,,36061.0,,,20230623.0,1.0,11991.0,11081.0,9345.0,7118.0,6531.0,1896.0,1386.0,45.0,18.0,10255.0,1806.0,1659.0,946.0,837.0,256.0,228.0,0.0,0.0,0.0,7.0,7.0,7.0,7.0,7.0,7.0,7.0,7.0,7.0,7.0,7.0,7.0,7.0,7.0,7.0,7.0,7.0,7.0,7.0,128.0,,12.0,11.0,9.0,19.0,20.0,27.0,29.0,0.0,,1110.0,38.0,0.0,6.0,4.0,4.0,,9.0,7.0,5.0,0.0,,4089.0,0.0,0.0,7.0,7.0,7.0,7.0,,,,,,,,,,,,,1713.0,1583.0,1335.0,1016.9,933.0,270.9,198.0,6.4,,1465.0,258.0,237.0,135.1,119.6,36.6,32.6,0.0,0.0,0.0,1.0,1.0,1.0,1.0,1.0
2021-02-12,330024,NY,330024.0,MOUNT SINAI HOSPITAL,,,10029.0,,36061.0,,,20230623.0,1.0,11991.0,11081.0,9345.0,7245.0,6609.0,1677.0,1353.0,22.0,,10255.0,1806.0,1659.0,944.0,828.0,262.0,252.0,0.0,0.0,0.0,7.0,7.0,7.0,7.0,7.0,7.0,7.0,7.0,7.0,7.0,7.0,7.0,7.0,7.0,7.0,7.0,7.0,7.0,7.0,99.0,0.0,10.0,7.0,14.0,11.0,23.0,14.0,20.0,0.0,0.0,1003.0,38.0,0.0,,8.0,4.0,9.0,,6.0,7.0,0.0,,3905.0,0.0,0.0,7.0,7.0,7.0,7.0,,,,,,,,,,,,,1713.0,1583.0,1335.0,1035.0,944.1,239.6,193.3,,,1465.0,258.0,237.0,134.9,118.3,37.4,36.0,0.0,0.0,0.0,1.0,1.0,1.0,1.0,1.0
2021-02-19,330024,NY,330024.0,MOUNT SINAI HOSPITAL,,,10029.0,,36061.0,,,20230623.0,1.0,11991.0,11081.0,9345.0,7207.0,6690.0,1495.0,1236.0,17.0,,10255.0,1806.0,1659.0,934.0,853.0,272.0,258.0,0.0,0.0,0.0,7.0,7.0,7.0,7.0,7.0,7.0,7.0,7.0,7.0,7.0,7.0,7.0,7.0,7.0,7.0,7.0,7.0,7.0,7.0,79.0,,,7.0,6.0,11.0,15.0,16.0,20.0,0.0,,921.0,15.0,0.0,4.0,,,,,,,0.0,,3959.0,0.0,0.0,7.0,7.0,7.0,7.0,2241.0,,12019.0,,15324.0,,13671.0,,12861.0,,1653.0,,1713.0,1583.0,1335.0,1029.6,955.7,213.6,176.6,,,1465.0,258.0,237.0,133.4,121.9,38.9,36.9,0.0,0.0,0.0,1.0,1.0,1.0,1.0,1.0
2021-02-26,330024,NY,330024.0,MOUNT SINAI HOSPITAL,,,10029.0,,36061.0,,,20230623.0,1.0,11991.0,11081.0,9345.0,7337.0,6702.0,1504.0,1203.0,30.0,15.0,10255.0,1806.0,1659.0,942.0,842.0,255.0,225.0,0.0,0.0,0.0,7.0,7.0,7.0,7.0,7.0,7.0,7.0,7.0,7.0,7.0,7.0,7.0,7.0,7.0,7.0,7.0,7.0,7.0,7.0,103.0,,,9.0,8.0,18.0,22.0,24.0,19.0,0.0,4.0,1055.0,30.0,0.0,,5.0,,6.0,7.0,4.0,4.0,0.0,4.0,3976.0,0.0,0.0,7.0,7.0,7.0,7.0,1367.0,,4750.0,,873.0,,14184.0,,12610.0,,1397.0,,1713.0,1583.0,1335.0,1048.1,957.4,214.9,171.9,4.3,,1465.0,258.0,237.0,134.6,120.3,36.4,32.1,0.0,0.0,0.0,1.0,1.0,1.0,1.0,1.0
2021-03-05,330024,NY,330024.0,MOUNT SINAI HOSPITAL,,,10029.0,,36061.0,,,20230623.0,1.0,11991.0,11081.0,9345.0,7393.0,6672.0,1523.0,1195.0,24.0,13.0,10255.0,1806.0,1659.0,979.0,865.0,255.0,231.0,0.0,0.0,0.0,7.0,7.0,7.0,7.0,7.0,7.0,7.0,7.0,7.0,7.0,7.0,7.0,7.0,7.0,7.0,7.0,7.0,7.0,7.0,95.0,,,8.0,10.0,19.0,16.0,22.0,16.0,0.0,,917.0,27.0,0.0,4.0,7.0,0.0,7.0,,,4.0,0.0,,3948.0,0.0,0.0,7.0,7.0,7.0,7.0,177.0,,2666.0,,942.0,,14941.0,,12437.0,,829.0,,1713.0,1583.0,1335.0,1056.1,953.1,217.6,170.7,,,1465.0,258.0,237.0,139.9,123.6,36.4,33.0,0.0,0.0,0.0,1.0,1.0,1.0,1.0,1.0
2021-03-12,330024,NY,330024.0,MOUNT SINAI HOSPITAL,,,10029.0,,36061.0,,,20230623.0,1.0,11991.0,11081.0,9345.0,7480.0,6772.0,1469.0,1147.0,62.0,23.0,10255.0,1806.0,1659.0,945.0,832.0,249.0,237.0,0.0,0.0,0.0,7.0,7.0,7.0,7.0,7.0,7.0,7.0,7.0,7.0,7.0,7.0,7.0,7.0,7.0,7.0,7.0,7.0,7.0,7.0,91.0,0.0,4.0,8.0,7.0,14.0,25.0,14.0,19.0,0.0,4.0,1031.0,27.0,0.0,,4.0,,4.0,5.0,6.0,4.0,0.0,4.0,4109.0,0.0,0.0,7.0,7.0,7.0,7.0,157.0,,3278.0,,449.0,,15104.0,,12158.0,,960.0,,1713.0,1583.0,1335.0,1068.6,967.4,209.9,163.9,8.9,,1465.0,258.0,237.0,135.0,118.9,35.6,33.9,0.0,0.0,0.0,1.0,1.0,1.0,1.0,1.0
2021-03-19,330024,NY,330024.0,MOUNT SINAI HOSPITAL,,,10029.0,,36061.0,,,20230623.0,1.0,11991.0,11081.0,9345.0,7379.0,6711.0,1341.0,1087.0,17.0,7.0,10255.0,1806.0,1659.0,932.0,833.0,206.0,195.0,0.0,0.0,0.0,7.0,7.0,7.0,7.0,7.0,7.0,7.0,7.0,7.0,7.0,7.0,7.0,7.0,7.0,7.0,7.0,7.0,7.0,7.0,85.0,0.0,4.0,7.0,8.0,17.0,17.0,16.0,16.0,0.0,0.0,1005.0,20.0,,,,,5.0,4.0,5.0,0.0,0.0,,4095.0,0.0,0.0,7.0,7.0,7.0,7.0,6493.0,,1997.0,,483.0,,15380.0,,11957.0,,898.0,,1713.0,1583.0,1335.0,1054.1,958.7,191.6,155.3,,,1465.0,258.0,237.0,133.1,119.0,29.4,27.9,0.0,0.0,0.0,1.0,1.0,1.0,1.0,1.0
2021-03-26,330024,NY,330024.0,MOUNT SINAI HOSPITAL,,,10029.0,,36061.0,,,20230623.0,1.0,11991.0,11081.0,9345.0,7477.0,6793.0,1225.0,982.0,16.0,,10255.0,1806.0,1659.0,943.0,826.0,185.0,170.0,0.0,0.0,0.0,7.0,7.0,7.0,7.0,7.0,7.0,7.0,7.0,7.0,7.0,7.0,7.0,7.0,7.0,7.0,7.0,7.0,7.0,7.0,85.0,,,9.0,10.0,12.0,26.0,8.0,16.0,0.0,,1004.0,29.0,,,,,4.0,9.0,4.0,4.0,,,4326.0,0.0,0.0,7.0,7.0,7.0,7.0,2570.0,,2310.0,,368.0,,15557.0,,11775.0,,922.0,,1713.0,1583.0,1335.0,1068.1,970.4,175.0,140.3,,,1465.0,258.0,237.0,134.7,118.0,26.4,24.3,0.0,0.0,0.0,1.0,1.0,1.0,1.0,1.0
2021-04-02,330024,NY,330024.0,MOUNT SINAI HOSPITAL,,,10029.0,,36061.0,,,20230623.0,1.0,11991.0,11081.0,9345.0,7296.0,6672.0,1139.0,917.0,20.0,0.0,10255.0,1806.0,1659.0,919.0,811.0,284.0,237.0,0.0,0.0,0.0,7.0,7.0,7.0,7.0,7.0,7.0,7.0,7.0,7.0,7.0,7.0,7.0,7.0,7.0,7.0,7.0,7.0,7.0,7.0,88.0,0.0,4.0,7.0,12.0,15.0,20.0,15.0,15.0,0.0,0.0,866.0,18.0,,,,,4.0,,5.0,,0.0,,3813.0,0.0,0.0,7.0,7.0,7.0,7.0,3007.0,,1467.0,,459.0,,15872.0,,11634.0,,762.0,,1713.0,1583.0,1335.0,1042.3,953.1,162.7,131.0,,0.0,1465.0,258.0,237.0,131.3,115.9,40.6,33.9,0.0,0.0,0.0,1.0,1.0,1.0,1.0,1.0
2021-04-09,330024,NY,330024.0,MOUNT SINAI HOSPITAL,,,10029.0,,36061.0,,,20230623.0,1.0,11991.0,11081.0,9345.0,7587.0,6917.0,1078.0,850.0,27.0,,10255.0,1806.0,1659.0,971.0,849.0,167.0,161.0,0.0,0.0,0.0,7.0,7.0,7.0,7.0,7.0,7.0,7.0,7.0,7.0,7.0,7.0,7.0,7.0,7.0,7.0,7.0,7.0,7.0,7.0,66.0,0.0,,6.0,5.0,14.0,17.0,9.0,12.0,0.0,,868.0,17.0,0.0,,4.0,,,,,,0.0,,4031.0,0.0,0.0,7.0,7.0,7.0,7.0,1877.0,,1332.0,,414.0,,16107.0,,11451.0,,720.0,,1713.0,1583.0,1335.0,1083.9,988.1,154.0,121.4,,,1465.0,258.0,237.0,138.7,121.3,23.9,23.0,0.0,0.0,0.0,1.0,1.0,1.0,1.0,1.0
2021-04-16,330024,NY,330024.0,MOUNT SINAI HOSPITAL,,,10029.0,,36061.0,,,20230623.0,1.0,11991.0,11081.0,9345.0,7636.0,6898.0,1018.0,775.0,26.0,,10255.0,1806.0,1659.0,947.0,817.0,163.0,153.0,0.0,0.0,0.0,7.0,7.0,7.0,7.0,7.0,7.0,7.0,7.0,7.0,7.0,7.0,7.0,7.0,7.0,7.0,7.0,7.0,7.0,7.0,51.0,0.0,4.0,5.0,5.0,13.0,13.0,5.0,6.0,0.0,0.0,959.0,37.0,0.0,,4.0,,9.0,6.0,8.0,6.0,0.0,4.0,4031.0,0.0,0.0,7.0,7.0,7.0,7.0,2073.0,,1313.0,,294.0,,16288.0,,11342.0,,657.0,,1713.0,1583.0,1335.0,1090.9,985.4,145.4,110.7,,,1465.0,258.0,237.0,135.3,116.7,23.3,21.9,0.0,0.0,0.0,1.0,1.0,1.0,1.0,1.0
2021-04-23,330024,NY,330024.0,MOUNT SINAI HOSPITAL,,,10029.0,,36061.0,,,20230623.0,1.0,11991.0,11081.0,9345.0,7373.0,6737.0,845.0,619.0,16.0,,10255.0,1806.0,1659.0,939.0,819.0,139.0,122.0,0.0,0.0,0.0,7.0,7.0,7.0,7.0,7.0,7.0,7.0,7.0,7.0,7.0,7.0,7.0,7.0,7.0,7.0,7.0,7.0,7.0,7.0,34.0,0.0,,5.0,,7.0,4.0,5.0,9.0,0.0,,834.0,39.0,,5.0,5.0,,4.0,5.0,11.0,5.0,0.0,,3856.0,0.0,0.0,7.0,7.0,7.0,7.0,1676.0,,936.0,,278.0,,16468.0,,11251.0,,590.0,,1713.0,1583.0,1335.0,1053.3,962.4,120.7,88.4,,,1465.0,258.0,237.0,134.1,117.0,19.9,17.4,0.0,0.0,0.0,1.0,1.0,1.0,1.0,1.0
2021-04-30,330024,NY,330024.0,MOUNT SINAI HOSPITAL,,,10029.0,,36061.0,,,20230623.0,1.0,11991.0,11081.0,9345.0,7382.0,6679.0,739.0,536.0,21.0,,10255.0,1806.0,1659.0,908.0,785.0,131.0,121.0,0.0,0.0,0.0,7.0,7.0,7.0,7.0,7.0,7.0,7.0,7.0,7.0,7.0,7.0,7.0,7.0,7.0,7.0,7.0,7.0,7.0,7.0,31.0,0.0,0.0,4.0,5.0,,6.0,7.0,8.0,0.0,0.0,775.0,14.0,,4.0,,,,,,,0.0,,3854.0,0.0,0.0,7.0,7.0,7.0,7.0,1230.0,,653.0,,229.0,,16629.0,,11182.0,,508.0,,1713.0,1583.0,1335.0,1054.6,954.1,105.6,76.6,,,1465.0,258.0,237.0,129.7,112.1,18.7,17.3,0.0,0.0,0.0,1.0,1.0,1.0,1.0,1.0
2021-05-07,330024,NY,330024.0,MOUNT SINAI HOSPITAL,,,10029.0,,36061.0,,,20230623.0,1.0,11991.0,11081.0,9345.0,7237.0,6561.0,662.0,464.0,9.0,,10255.0,1806.0,1659.0,883.0,772.0,87.0,81.0,0.0,0.0,0.0,7.0,7.0,7.0,7.0,7.0,7.0,7.0,7.0,7.0,7.0,7.0,7.0,7.0,7.0,7.0,7.0,7.0,7.0,7.0,23.0,0.0,,5.0,,,5.0,5.0,4.0,0.0,,707.0,16.0,0.0,,,,4.0,,0.0,4.0,0.0,,3546.0,0.0,0.0,7.0,7.0,7.0,7.0,1258.0,,482.0,,182.0,,16735.0,,11108.0,,481.0,,1713.0,1583.0,1335.0,1033.9,937.3,94.6,66.3,,,1465.0,258.0,237.0,126.1,110.3,12.4,11.6,0.0,0.0,0.0,1.0,1.0,1.0,1.0,1.0
2021-05-14,330024,NY,330024.0,MOUNT SINAI HOSPITAL,,,10029.0,,36061.0,,,20230623.0,1.0,11991.0,11081.0,9345.0,7144.0,6503.0,584.0,398.0,18.0,9.0,10255.0,1797.0,1650.0,901.0,779.0,76.0,66.0,0.0,0.0,0.0,7.0,7.0,7.0,7.0,7.0,7.0,7.0,7.0,7.0,7.0,7.0,7.0,7.0,7.0,7.0,7.0,7.0,7.0,7.0,16.0,0.0,0.0,,0.0,,,,4.0,0.0,0.0,686.0,16.0,0.0,,,,4.0,,,,0.0,,3929.0,0.0,0.0,7.0,7.0,7.0,7.0,828.0,,756.0,,157.0,,16840.0,,11057.0,,433.0,,1713.0,1583.0,1335.0,1020.6,929.0,83.4,56.9,,,1465.0,256.7,235.7,128.7,111.3,10.9,9.4,0.0,0.0,0.0,1.0,1.0,1.0,1.0,1.0
2021-05-21,330024,NY,330024.0,MOUNT SINAI HOSPITAL,,,10029.0,,36061.0,,,20230623.0,1.0,11991.0,11081.0,9345.0,7329.0,6578.0,613.0,381.0,14.0,4.0,10255.0,1743.0,1596.0,887.0,749.0,76.0,71.0,0.0,0.0,0.0,7.0,7.0,7.0,7.0,7.0,7.0,7.0,7.0,7.0,7.0,7.0,7.0,7.0,7.0,7.0,7.0,7.0,7.0,7.0,22.0,0.0,,,,,,5.0,8.0,0.0,,701.0,37.0,0.0,,6.0,4.0,5.0,7.0,10.0,,0.0,,3859.0,0.0,0.0,7.0,7.0,7.0,7.0,601.0,,610.0,,166.0,,16928.0,,10983.0,,431.0,,1713.0,1583.0,1335.0,1047.0,939.7,87.6,54.4,,,1465.0,249.0,228.0,126.7,107.0,10.9,10.1,0.0,0.0,0.0,1.0,1.0,1.0,1.0,1.0
2021-05-28,330024,NY,330024.0,MOUNT SINAI HOSPITAL,,,10029.0,,36061.0,,,20230623.0,1.0,11691.0,10781.0,9045.0,7020.0,6321.0,563.0,327.0,6.0,0.0,9955.0,1443.0,1301.0,875.0,775.0,72.0,64.0,0.0,0.0,0.0,7.0,7.0,7.0,7.0,7.0,7.0,7.0,7.0,7.0,7.0,7.0,7.0,7.0,7.0,7.0,7.0,7.0,7.0,7.0,8.0,0.0,0.0,,0.0,,,,,0.0,0.0,613.0,15.0,,,,,,,,,0.0,0.0,3871.0,0.0,0.0,7.0,7.0,7.0,7.0,494.0,,380.0,,104.0,,17004.0,,10939.0,,405.0,,1670.1,1540.1,1292.1,1002.9,903.0,80.4,46.7,,0.0,1422.1,206.1,185.9,125.0,110.7,10.3,9.1,0.0,0.0,0.0,1.0,1.0,1.0,1.0,1.0
2021-06-04,330024,NY,330024.0,MOUNT SINAI HOSPITAL,,,10029.0,,36061.0,,,20230623.0,1.0,11291.0,10381.0,8645.0,7392.0,6702.0,445.0,225.0,13.0,6.0,9555.0,1043.0,896.0,859.0,725.0,48.0,39.0,0.0,0.0,0.0,7.0,7.0,7.0,7.0,7.0,7.0,7.0,7.0,7.0,7.0,7.0,7.0,7.0,7.0,7.0,7.0,7.0,7.0,7.0,7.0,0.0,0.0,,0.0,,,,,0.0,,659.0,28.0,0.0,6.0,6.0,0.0,5.0,5.0,4.0,,0.0,0.0,4059.0,0.0,0.0,7.0,7.0,7.0,7.0,696.0,,406.0,,110.0,,17063.0,,10901.0,,386.0,,1613.0,1483.0,1235.0,1056.0,957.4,63.6,32.1,,,1365.0,149.0,128.0,122.7,103.6,6.9,5.6,0.0,0.0,0.0,1.0,1.0,1.0,1.0,1.0
2021-06-11,330024,NY,330024.0,MOUNT SINAI HOSPITAL,,,10029.0,,36061.0,,,20230623.0,1.0,11291.0,10381.0,8645.0,7539.0,6837.0,321.0,146.0,10.0,8.0,9555.0,1043.0,896.0,837.0,716.0,34.0,25.0,0.0,0.0,0.0,7.0,7.0,7.0,7.0,7.0,7.0,7.0,7.0,7.0,7.0,7.0,7.0,7.0,7.0,7.0,7.0,7.0,7.0,7.0,6.0,0.0,,0.0,0.0,,0.0,,0.0,0.0,,588.0,24.0,,,9.0,,,,5.0,,0.0,,4178.0,0.0,0.0,7.0,7.0,7.0,7.0,657.0,,310.0,,129.0,,17138.0,,10855.0,,366.0,,1613.0,1483.0,1235.0,1077.0,976.7,45.9,20.9,,,1365.0,149.0,128.0,119.6,102.3,4.9,5.6,0.0,0.0,0.0,1.0,1.0,0.0,0.0,1.0
2021-06-18,330024,NY,330024.0,MOUNT SINAI HOSPITAL,,,10029.0,,36061.0,,,20230623.0,1.0,11291.0,10381.0,8645.0,7476.0,6829.0,268.0,108.0,4.0,0.0,9555.0,1042.0,895.0,859.0,730.0,17.0,15.0,0.0,0.0,0.0,7.0,7.0,7.0,7.0,7.0,7.0,7.0,7.0,7.0,7.0,7.0,7.0,7.0,7.0,7.0,7.0,7.0,7.0,7.0,5.0,0.0,,0.0,,,0.0,,,0.0,0.0,625.0,16.0,0.0,,,4.0,,,,4.0,0.0,0.0,4134.0,0.0,0.0,7.0,7.0,7.0,7.0,390.0,,279.0,,113.0,,17195.0,,10792.0,,380.0,,1613.0,1483.0,1235.0,1068.0,975.6,38.3,15.4,,0.0,1365.0,148.9,127.9,122.7,104.3,,5.6,0.0,0.0,0.0,1.0,1.0,0.0,1.0,1.0
2021-06-25,330024,NY,330024.0,MOUNT SINAI HOSPITAL,,,10029.0,,36061.0,,,20230623.0,1.0,11291.0,10381.0,8645.0,7439.0,6811.0,227.0,86.0,16.0,6.0,9555.0,1035.0,888.0,842.0,707.0,13.0,10.0,0.0,0.0,0.0,7.0,7.0,7.0,7.0,7.0,7.0,7.0,7.0,7.0,7.0,7.0,7.0,7.0,7.0,7.0,7.0,7.0,7.0,7.0,7.0,0.0,,0.0,,,,,0.0,0.0,,601.0,15.0,0.0,0.0,,4.0,,,,,0.0,0.0,4383.0,0.0,0.0,7.0,7.0,7.0,7.0,378.0,,306.0,,104.0,,17240.0,,10736.0,,400.0,,1613.0,1483.0,1235.0,1062.7,973.0,32.4,12.3,,,1365.0,147.9,126.9,120.3,101.0,,5.6,0.0,0.0,0.0,1.0,1.0,0.0,1.0,1.0
2021-07-02,330024,NY,330024.0,MOUNT SINAI HOSPITAL,,,10029.0,,36061.0,,,20230623.0,1.0,11291.0,10381.0,8645.0,7346.0,6640.0,209.0,77.0,12.0,8.0,9555.0,1043.0,896.0,836.0,693.0,19.0,9.0,0.0,0.0,0.0,7.0,7.0,7.0,7.0,7.0,7.0,7.0,7.0,7.0,7.0,7.0,7.0,7.0,7.0,7.0,7.0,7.0,7.0,7.0,7.0,0.0,,0.0,0.0,0.0,,,,0.0,,623.0,14.0,0.0,4.0,,,,,,,0.0,,4088.0,0.0,0.0,7.0,7.0,7.0,7.0,274.0,,188.0,,101.0,,17302.0,,10695.0,,393.0,,1613.0,1483.0,1235.0,1049.4,948.6,29.9,11.0,,,1365.0,149.0,128.0,119.4,99.0,,5.6,0.0,0.0,0.0,1.0,1.0,0.0,1.0,1.0
2021-07-09,330024,NY,330024.0,MOUNT SINAI HOSPITAL,,,10029.0,,36061.0,,,20230623.0,1.0,11291.0,10381.0,8645.0,7463.0,6770.0,267.0,94.0,11.0,0.0,9555.0,1043.0,896.0,842.0,712.0,23.0,18.0,0.0,0.0,0.0,7.0,7.0,7.0,7.0,7.0,7.0,7.0,7.0,7.0,7.0,7.0,7.0,7.0,7.0,7.0,7.0,7.0,7.0,7.0,11.0,0.0,,,,,0.0,5.0,,0.0,0.0,668.0,32.0,,5.0,,,5.0,9.0,,,0.0,,4068.0,0.0,0.0,7.0,7.0,7.0,7.0,288.0,,214.0,,99.0,,17359.0,,10655.0,,380.0,,1613.0,1483.0,1235.0,1066.1,967.1,38.1,13.4,,0.0,1365.0,149.0,128.0,120.3,101.7,,5.6,0.0,0.0,0.0,1.0,1.0,0.0,1.0,1.0
2021-07-16,330024,NY,330024.0,MOUNT SINAI HOSPITAL,,,10029.0,,36061.0,,,20230623.0,1.0,11291.0,10381.0,8645.0,7451.0,6814.0,318.0,112.0,9.0,0.0,9555.0,1043.0,896.0,861.0,738.0,51.0,27.0,0.0,0.0,0.0,7.0,7.0,7.0,7.0,7.0,7.0,7.0,7.0,7.0,7.0,7.0,7.0,7.0,7.0,7.0,7.0,7.0,7.0,7.0,18.0,0.0,,0.0,,,5.0,,,0.0,0.0,891.0,10.0,0.0,0.0,,0.0,,5.0,,0.0,0.0,0.0,4423.0,0.0,0.0,7.0,7.0,7.0,7.0,244.0,,258.0,,95.0,,17421.0,,10618.0,,373.0,,1613.0,1483.0,1235.0,1064.4,973.4,45.4,16.0,,0.0,1365.0,149.0,128.0,123.0,105.4,7.3,5.6,0.0,0.0,0.0,1.0,1.0,0.0,1.0,1.0
2021-07-23,330024,NY,330024.0,MOUNT SINAI HOSPITAL,,,10029.0,,36061.0,,,20230623.0,1.0,11291.0,10381.0,8645.0,7201.0,6533.0,474.0,203.0,40.0,6.0,9555.0,1035.0,888.0,879.0,742.0,81.0,39.0,0.0,0.0,0.0,7.0,7.0,7.0,7.0,7.0,7.0,7.0,7.0,7.0,7.0,7.0,7.0,7.0,7.0,7.0,7.0,7.0,7.0,7.0,15.0,0.0,,,,,,,,0.0,,864.0,16.0,0.0,,0.0,0.0,,5.0,,4.0,0.0,0.0,4276.0,0.0,0.0,7.0,7.0,7.0,7.0,195.0,,307.0,,124.0,,17483.0,,10556.0,,400.0,,1613.0,1483.0,1235.0,1028.7,933.3,67.7,29.0,5.7,,1365.0,147.9,126.9,125.6,106.0,11.6,5.6,0.0,0.0,0.0,1.0,1.0,1.0,1.0,1.0
2021-07-30,330024,NY,330024.0,MOUNT SINAI HOSPITAL,,,10029.0,,36061.0,,,20230623.0,1.0,11291.0,10381.0,8645.0,7293.0,6640.0,450.0,221.0,56.0,6.0,9555.0,1028.0,881.0,850.0,713.0,55.0,28.0,0.0,0.0,0.0,7.0,7.0,7.0,7.0,7.0,7.0,7.0,7.0,7.0,7.0,7.0,7.0,7.0,7.0,7.0,7.0,7.0,7.0,7.0,22.0,0.0,,4.0,4.0,,,,5.0,0.0,,879.0,18.0,0.0,,,,,7.0,,,0.0,,4138.0,0.0,0.0,7.0,7.0,7.0,7.0,172.0,,306.0,,168.0,,17539.0,,10447.0,,471.0,,1613.0,1483.0,1235.0,1041.9,948.6,64.3,31.6,8.0,,1365.0,146.9,125.9,121.4,101.9,7.9,4.0,0.0,0.0,0.0,1.0,1.0,1.0,1.0,1.0
2020-11-06,330059,NY,330059.0,MONTEFIORE MEDICAL CENTER,,,10467.0,,36005.0,,,20230623.0,1.0,10955.0,9604.0,9604.0,8556.0,7734.0,350.0,350.0,24.0,24.0,10955.0,1456.0,875.0,1083.0,686.0,81.0,81.0,0.0,0.0,0.0,7.0,7.0,7.0,7.0,7.0,7.0,7.0,7.0,7.0,7.0,7.0,7.0,7.0,7.0,7.0,7.0,7.0,7.0,7.0,60.0,0.0,4.0,7.0,6.0,7.0,9.0,14.0,11.0,,,1733.0,0.0,0.0,0.0,0.0,0.0,0.0,0.0,0.0,0.0,0.0,0.0,3890.0,0.0,0.0,7.0,7.0,7.0,7.0,,,,,,,,,,,,,1565.0,1372.0,1372.0,1222.3,1104.9,50.0,50.0,,,1565.0,208.0,125.0,154.7,98.0,11.6,11.6,0.0,0.0,0.0,1.0,1.0,1.0,1.0,1.0
2020-11-13,330059,NY,330059.0,MONTEFIORE MEDICAL CENTER,,,10467.0,,36005.0,,,20230623.0,1.0,10955.0,9604.0,9604.0,8464.0,7708.0,434.0,434.0,26.0,26.0,10955.0,1456.0,875.0,1080.0,716.0,82.0,82.0,0.0,0.0,0.0,7.0,7.0,7.0,7.0,7.0,7.0,7.0,7.0,7.0,7.0,7.0,7.0,7.0,7.0,7.0,7.0,7.0,7.0,7.0,74.0,,6.0,7.0,12.0,12.0,13.0,10.0,9.0,,,1708.0,0.0,0.0,0.0,0.0,0.0,0.0,0.0,0.0,0.0,0.0,0.0,4184.0,0.0,0.0,7.0,7.0,7.0,7.0,,,,,,,,,,,,,1565.0,1372.0,1372.0,1209.1,1101.1,62.0,62.0,,,1565.0,208.0,125.0,154.3,102.3,11.7,11.7,0.0,0.0,0.0,1.0,1.0,1.0,1.0,1.0
2020-11-20,330059,NY,330059.0,MONTEFIORE MEDICAL CENTER,,,10467.0,,36005.0,,,20230623.0,1.0,10955.0,9604.0,9604.0,8065.0,7352.0,422.0,422.0,31.0,31.0,10955.0,1456.0,875.0,1050.0,689.0,87.0,87.0,,,,7.0,7.0,7.0,7.0,7.0,7.0,7.0,7.0,7.0,7.0,7.0,7.0,7.0,7.0,7.0,7.0,7.0,7.0,7.0,71.0,,5.0,,7.0,10.0,18.0,10.0,14.0,,4.0,1705.0,0.0,0.0,0.0,0.0,0.0,0.0,0.0,0.0,0.0,0.0,0.0,3700.0,,0.0,7.0,7.0,7.0,7.0,,,,,,,,,,,,,1565.0,1372.0,1372.0,1152.1,1050.3,60.3,60.3,4.4,4.4,1565.0,208.0,125.0,150.0,98.4,12.4,12.4,,,,1.0,1.0,1.0,1.0,1.0
2020-11-27,330059,NY,330059.0,MONTEFIORE MEDICAL CENTER,,,10467.0,,36005.0,,,20230623.0,1.0,10761.0,9296.0,9296.0,7927.0,7229.0,611.0,611.0,27.0,27.0,10761.0,1435.0,850.0,1037.0,667.0,108.0,108.0,4.0,,4.0,7.0,7.0,7.0,7.0,7.0,7.0,7.0,7.0,7.0,7.0,7.0,7.0,7.0,7.0,7.0,7.0,7.0,7.0,7.0,111.0,0.0,4.0,7.0,5.0,27.0,29.0,17.0,20.0,,,1681.0,0.0,0.0,0.0,0.0,0.0,0.0,0.0,0.0,0.0,0.0,0.0,3929.0,0.0,0.0,7.0,7.0,7.0,7.0,,,,,,,,,,,,,1537.3,1328.0,1328.0,1132.4,1032.7,87.3,87.3,,,1537.3,205.0,121.4,148.1,95.3,15.4,15.4,,,,1.0,1.0,1.0,1.0,1.0
2020-12-04,330059,NY,330059.0,MONTEFIORE MEDICAL CENTER,,,10467.0,,36005.0,,,20230623.0,1.0,10761.0,9296.0,9296.0,8465.0,7575.0,881.0,881.0,22.0,22.0,10761.0,1435.0,850.0,1176.0,726.0,181.0,181.0,0.0,0.0,0.0,7.0,7.0,7.0,7.0,7.0,7.0,7.0,7.0,7.0,7.0,7.0,7.0,7.0,7.0,7.0,7.0,7.0,7.0,7.0,138.0,0.0,8.0,6.0,8.0,28.0,29.0,33.0,21.0,5.0,5.0,1787.0,0.0,0.0,0.0,0.0,0.0,0.0,0.0,0.0,0.0,0.0,0.0,3782.0,0.0,0.0,7.0,7.0,7.0,7.0,,,,,,,,,,,,,1537.3,1328.0,1328.0,1209.3,1082.1,125.9,125.9,,,1537.3,205.0,121.4,168.0,103.7,25.9,25.9,0.0,0.0,0.0,1.0,1.0,1.0,1.0,1.0
2020-12-11,330059,NY,330059.0,MONTEFIORE MEDICAL CENTER,,,10467.0,,36005.0,,,20230623.0,1.0,10955.0,9604.0,9604.0,8706.0,7890.0,1200.0,1200.0,19.0,19.0,10955.0,1498.0,917.0,1167.0,773.0,229.0,229.0,0.0,0.0,0.0,7.0,7.0,7.0,7.0,7.0,7.0,7.0,7.0,7.0,7.0,7.0,7.0,7.0,7.0,7.0,7.0,7.0,7.0,7.0,162.0,0.0,9.0,11.0,10.0,28.0,29.0,34.0,37.0,4.0,4.0,1760.0,0.0,0.0,0.0,0.0,0.0,0.0,0.0,0.0,0.0,0.0,0.0,4039.0,0.0,0.0,7.0,7.0,7.0,7.0,,,,,,,,,,,,,1565.0,1372.0,1372.0,1243.7,1127.1,171.4,171.4,,,1565.0,214.0,131.0,166.7,110.4,32.7,32.7,0.0,0.0,0.0,1.0,1.0,1.0,1.0,1.0
2020-12-18,330059,NY,330059.0,MONTEFIORE MEDICAL CENTER,,,10467.0,,36005.0,,,20230623.0,1.0,11046.0,9682.0,9684.0,8751.0,7923.0,1465.0,1464.0,22.0,22.0,11046.0,1542.0,948.0,1230.0,809.0,274.0,274.0,0.0,0.0,0.0,7.0,7.0,7.0,7.0,7.0,7.0,7.0,7.0,7.0,7.0,7.0,7.0,7.0,7.0,7.0,7.0,7.0,7.0,7.0,195.0,0.0,12.0,8.0,12.0,30.0,50.0,43.0,32.0,8.0,6.0,1767.0,0.0,0.0,0.0,0.0,0.0,0.0,0.0,0.0,0.0,0.0,0.0,3975.0,0.0,0.0,7.0,7.0,7.0,7.0,,,,,,,,,,,,,1578.0,1383.1,1383.4,1250.1,1131.9,209.3,209.1,,,1578.0,220.3,135.4,175.7,115.6,39.1,39.1,0.0,0.0,0.0,1.0,1.0,1.0,1.0,1.0
2020-12-25,330059,NY,330059.0,MONTEFIORE MEDICAL CENTER,,,10467.0,,36005.0,,,20230623.0,1.0,10955.0,9604.0,9604.0,8111.0,7474.0,1616.0,1616.0,8.0,8.0,10955.0,1505.0,924.0,1189.0,779.0,288.0,288.0,0.0,0.0,0.0,7.0,7.0,7.0,7.0,7.0,7.0,7.0,7.0,7.0,7.0,7.0,7.0,7.0,7.0,7.0,7.0,7.0,7.0,7.0,197.0,0.0,5.0,16.0,15.0,24.0,56.0,46.0,32.0,,,1830.0,0.0,0.0,0.0,0.0,0.0,0.0,0.0,0.0,0.0,0.0,0.0,4021.0,0.0,0.0,7.0,7.0,7.0,7.0,,,,,,,,,,,,,1565.0,1372.0,1372.0,1158.7,1067.7,230.9,230.9,,,1565.0,215.0,132.0,169.9,111.3,41.1,41.1,0.0,0.0,0.0,1.0,1.0,1.0,1.0,1.0
2021-01-01,330059,NY,330059.0,MONTEFIORE MEDICAL CENTER,,,10467.0,,36005.0,,,20230623.0,1.0,10955.0,9604.0,9604.0,8454.0,7734.0,1808.0,1808.0,13.0,13.0,10955.0,1505.0,924.0,1401.0,787.0,321.0,321.0,0.0,0.0,0.0,7.0,7.0,7.0,7.0,7.0,7.0,7.0,7.0,7.0,7.0,7.0,7.0,7.0,7.0,7.0,7.0,7.0,7.0,7.0,226.0,0.0,14.0,12.0,15.0,38.0,48.0,55.0,36.0,8.0,8.0,2005.0,0.0,0.0,0.0,0.0,0.0,0.0,0.0,0.0,0.0,0.0,0.0,4256.0,0.0,0.0,7.0,7.0,7.0,7.0,,,,,,,,,,,,,1565.0,1372.0,1372.0,1207.7,1104.9,258.3,258.3,,,1565.0,215.0,132.0,200.1,112.4,45.9,45.9,0.0,0.0,0.0,1.0,1.0,1.0,1.0,1.0
2021-01-08,330059,NY,330059.0,MONTEFIORE MEDICAL CENTER,,,10467.0,,36005.0,,,20230623.0,1.0,10955.0,9604.0,9604.0,9321.0,8434.0,1996.0,1906.0,33.0,33.0,10955.0,1460.0,879.0,1252.0,787.0,370.0,370.0,0.0,0.0,0.0,7.0,7.0,7.0,7.0,7.0,7.0,7.0,7.0,7.0,7.0,7.0,7.0,7.0,7.0,7.0,7.0,7.0,7.0,7.0,241.0,,11.0,12.0,20.0,44.0,53.0,43.0,51.0,4.0,4.0,1971.0,0.0,0.0,0.0,0.0,0.0,0.0,0.0,0.0,0.0,0.0,0.0,4386.0,0.0,0.0,7.0,7.0,7.0,7.0,,,,,,,,,,,,,1565.0,1372.0,1372.0,1331.6,1204.9,285.1,272.3,4.7,4.7,1565.0,208.6,125.6,178.9,112.4,52.9,52.9,0.0,0.0,0.0,1.0,1.0,1.0,1.0,1.0
2021-01-15,330059,NY,330059.0,MONTEFIORE MEDICAL CENTER,,,10467.0,,36005.0,,,20230623.0,1.0,10955.0,9604.0,9604.0,9441.0,8602.0,2413.0,2413.0,19.0,19.0,10955.0,1442.0,861.0,1197.0,781.0,382.0,381.0,0.0,0.0,0.0,7.0,7.0,7.0,7.0,7.0,7.0,7.0,7.0,7.0,7.0,7.0,7.0,7.0,7.0,7.0,7.0,7.0,7.0,7.0,294.0,,13.0,16.0,27.0,49.0,51.0,76.0,57.0,,,2145.0,0.0,0.0,0.0,0.0,0.0,0.0,0.0,0.0,0.0,0.0,0.0,4531.0,0.0,0.0,7.0,7.0,7.0,7.0,,,,,,,,,,,,,1565.0,1372.0,1372.0,1348.7,1228.9,344.7,344.7,,,1565.0,206.0,123.0,171.0,111.6,54.6,54.4,0.0,0.0,0.0,1.0,1.0,1.0,1.0,1.0
2021-01-22,330059,NY,330059.0,MONTEFIORE MEDICAL CENTER,,,10467.0,,36005.0,,,20230623.0,1.0,10955.0,9604.0,9604.0,9481.0,8288.0,2587.0,2582.0,42.0,32.0,10955.0,1442.0,861.0,1231.0,794.0,361.0,360.0,0.0,0.0,0.0,7.0,7.0,7.0,7.0,7.0,7.0,7.0,7.0,7.0,7.0,7.0,7.0,7.0,7.0,7.0,7.0,7.0,7.0,7.0,335.0,5.0,17.0,19.0,24.0,46.0,64.0,93.0,58.0,9.0,8.0,2121.0,0.0,0.0,0.0,0.0,0.0,0.0,0.0,0.0,0.0,0.0,0.0,4412.0,0.0,0.0,7.0,7.0,7.0,7.0,,,,,,,,,,,,,1565.0,1372.0,1372.0,1354.4,1184.0,369.6,368.9,6.0,4.6,1565.0,206.0,123.0,175.9,113.4,51.6,51.4,0.0,0.0,0.0,1.0,1.0,1.0,1.0,1.0
2021-01-29,330059,NY,330059.0,MONTEFIORE MEDICAL CENTER,,,10467.0,,36005.0,,,20230623.0,1.0,11683.0,10304.0,10304.0,9261.0,8311.0,2695.0,2694.0,261.0,23.0,11683.0,1442.0,861.0,1192.0,775.0,405.0,404.0,0.0,0.0,0.0,7.0,7.0,7.0,7.0,7.0,7.0,7.0,7.0,7.0,7.0,7.0,7.0,7.0,7.0,7.0,7.0,7.0,7.0,7.0,310.0,0.0,18.0,15.0,19.0,51.0,68.0,80.0,55.0,4.0,4.0,1957.0,0.0,0.0,0.0,0.0,0.0,0.0,0.0,0.0,0.0,0.0,0.0,4065.0,0.0,0.0,7.0,7.0,7.0,7.0,,,,,,,,,,,,,1669.0,1472.0,1472.0,1323.0,1187.3,385.0,384.9,37.3,,1669.0,206.0,123.0,170.3,110.7,57.9,57.7,0.0,0.0,0.0,1.0,1.0,1.0,1.0,1.0
2021-02-05,330059,NY,330059.0,MONTEFIORE MEDICAL CENTER,,,10467.0,,36005.0,,,20230623.0,1.0,11683.0,10304.0,10304.0,9553.0,8594.0,2947.0,2947.0,597.0,25.0,11683.0,1442.0,861.0,1254.0,834.0,472.0,472.0,,0.0,0.0,7.0,7.0,7.0,7.0,7.0,7.0,7.0,7.0,7.0,7.0,7.0,7.0,7.0,7.0,7.0,7.0,7.0,7.0,7.0,335.0,,8.0,19.0,25.0,66.0,70.0,84.0,56.0,6.0,6.0,2137.0,0.0,0.0,0.0,0.0,0.0,0.0,0.0,0.0,0.0,0.0,0.0,4758.0,,0.0,7.0,7.0,7.0,7.0,,,,,,,,,,,,,1669.0,1472.0,1472.0,1364.7,1227.7,421.0,421.0,85.3,,1669.0,206.0,123.0,179.1,119.1,67.4,67.4,,0.0,0.0,1.0,1.0,1.0,1.0,1.0
2021-02-12,330059,NY,330059.0,MONTEFIORE MEDICAL CENTER,,,10467.0,,36005.0,,,20230623.0,1.0,11683.0,10304.0,10304.0,9559.0,8627.0,2607.0,2606.0,559.0,12.0,11683.0,1442.0,861.0,1221.0,809.0,452.0,452.0,10.0,0.0,4.0,7.0,7.0,7.0,7.0,7.0,7.0,7.0,7.0,7.0,7.0,7.0,7.0,7.0,7.0,7.0,7.0,7.0,7.0,7.0,237.0,0.0,10.0,19.0,25.0,25.0,50.0,55.0,46.0,7.0,4.0,1908.0,0.0,0.0,0.0,0.0,0.0,0.0,0.0,0.0,0.0,,0.0,4456.0,,0.0,7.0,7.0,7.0,7.0,,,,,,,,,,,,,1669.0,1472.0,1472.0,1365.6,1232.4,372.4,372.3,79.9,,1669.0,206.0,123.0,174.4,115.6,64.6,64.6,,0.0,,1.0,1.0,1.0,1.0,0.0
2021-02-19,330059,NY,330059.0,MONTEFIORE MEDICAL CENTER,,,10467.0,,36005.0,,,20230623.0,1.0,11683.0,10304.0,10304.0,9755.0,8806.0,2473.0,2473.0,507.0,23.0,11683.0,1442.0,861.0,1234.0,820.0,419.0,419.0,0.0,0.0,0.0,7.0,7.0,7.0,7.0,7.0,7.0,7.0,7.0,7.0,7.0,7.0,7.0,7.0,7.0,7.0,7.0,7.0,7.0,7.0,255.0,,9.0,12.0,13.0,38.0,67.0,71.0,40.0,,,1658.0,0.0,0.0,0.0,0.0,0.0,0.0,0.0,0.0,0.0,,0.0,4459.0,0.0,0.0,7.0,7.0,7.0,7.0,,,,,,,,,,,,,1669.0,1472.0,1472.0,1393.6,1258.0,353.3,353.3,72.4,,1669.0,206.0,123.0,176.3,117.1,59.9,59.9,0.0,0.0,0.0,1.0,1.0,1.0,1.0,0.0
2021-02-26,330059,NY,330059.0,MONTEFIORE MEDICAL CENTER,,,10467.0,,36005.0,,,20230623.0,1.0,11683.0,10304.0,10304.0,9694.0,8757.0,2287.0,2287.0,460.0,10.0,11683.0,1442.0,861.0,1216.0,809.0,406.0,406.0,0.0,0.0,0.0,7.0,7.0,7.0,7.0,7.0,7.0,7.0,7.0,7.0,7.0,7.0,7.0,7.0,7.0,7.0,7.0,7.0,7.0,7.0,237.0,,9.0,17.0,21.0,35.0,61.0,50.0,38.0,5.0,,2027.0,0.0,0.0,0.0,0.0,0.0,0.0,0.0,0.0,0.0,0.0,0.0,4826.0,0.0,0.0,7.0,7.0,7.0,7.0,,,,,,,,,,,,,1669.0,1472.0,1472.0,1384.9,1251.0,326.7,326.7,65.7,,1669.0,206.0,123.0,173.7,115.6,58.0,58.0,0.0,0.0,0.0,1.0,1.0,1.0,1.0,1.0
2021-03-05,330059,NY,330059.0,MONTEFIORE MEDICAL CENTER,,,10467.0,,36005.0,,,20230623.0,1.0,11563.0,10184.0,10184.0,9521.0,8648.0,2054.0,2054.0,129.0,16.0,11563.0,1442.0,861.0,1264.0,799.0,363.0,354.0,0.0,0.0,0.0,7.0,7.0,7.0,7.0,7.0,7.0,7.0,7.0,7.0,7.0,7.0,7.0,7.0,7.0,7.0,7.0,7.0,7.0,7.0,217.0,0.0,8.0,17.0,12.0,31.0,49.0,51.0,44.0,5.0,6.0,1982.0,0.0,0.0,0.0,0.0,0.0,0.0,0.0,0.0,0.0,0.0,0.0,4716.0,0.0,0.0,7.0,7.0,7.0,7.0,,,,,,,,,,,,,1651.9,1454.9,1454.9,1360.1,1235.4,293.4,293.4,18.4,,1651.9,206.0,123.0,180.6,114.1,51.9,50.6,0.0,0.0,0.0,1.0,1.0,1.0,1.0,1.0
2021-03-12,330059,NY,330059.0,MONTEFIORE MEDICAL CENTER,,,10467.0,,36005.0,,,20230623.0,1.0,11473.0,10094.0,10097.0,9445.0,8503.0,1853.0,1853.0,31.0,29.0,11473.0,1442.0,861.0,1282.0,806.0,337.0,335.0,0.0,0.0,0.0,7.0,7.0,7.0,7.0,7.0,7.0,7.0,7.0,7.0,7.0,7.0,7.0,7.0,7.0,7.0,7.0,7.0,7.0,7.0,160.0,0.0,4.0,10.0,12.0,35.0,26.0,36.0,32.0,5.0,5.0,1942.0,0.0,0.0,0.0,0.0,0.0,0.0,0.0,0.0,0.0,0.0,0.0,4660.0,0.0,1.0,7.0,7.0,7.0,7.0,,,,,,,,,,,,,1639.0,1442.0,1442.4,1349.3,1214.7,264.7,264.7,4.4,4.1,1639.0,206.0,123.0,183.1,115.1,48.1,47.9,0.0,0.0,0.0,1.0,1.0,1.0,1.0,1.0
2021-03-19,330059,NY,330059.0,MONTEFIORE MEDICAL CENTER,,,10467.0,,36005.0,,,20230623.0,1.0,11473.0,10094.0,10094.0,9338.0,8418.0,1546.0,1546.0,36.0,36.0,11473.0,1442.0,861.0,1273.0,793.0,289.0,288.0,0.0,0.0,0.0,7.0,7.0,7.0,7.0,7.0,7.0,7.0,7.0,7.0,7.0,7.0,7.0,7.0,7.0,7.0,7.0,7.0,7.0,7.0,181.0,0.0,8.0,10.0,12.0,36.0,42.0,35.0,32.0,6.0,6.0,1824.0,0.0,0.0,0.0,0.0,0.0,0.0,0.0,0.0,0.0,0.0,0.0,4746.0,0.0,0.0,7.0,7.0,7.0,7.0,,,,,,,,,,,,,1639.0,1442.0,1442.0,1334.0,1202.6,220.9,220.9,5.1,5.1,1639.0,206.0,123.0,181.9,113.3,41.3,41.1,0.0,0.0,0.0,1.0,1.0,1.0,1.0,1.0
2021-03-26,330059,NY,330059.0,MONTEFIORE MEDICAL CENTER,,,10467.0,,36005.0,,,20230623.0,1.0,11473.0,10094.0,10094.0,9231.0,8371.0,1563.0,1563.0,16.0,16.0,11473.0,1442.0,861.0,1215.0,750.0,249.0,249.0,0.0,0.0,0.0,7.0,7.0,7.0,7.0,7.0,7.0,7.0,7.0,7.0,7.0,7.0,7.0,7.0,7.0,7.0,7.0,7.0,7.0,7.0,176.0,,4.0,13.0,19.0,38.0,38.0,34.0,25.0,,,2181.0,0.0,0.0,0.0,0.0,0.0,0.0,0.0,0.0,0.0,0.0,0.0,4782.0,0.0,0.0,7.0,7.0,7.0,7.0,,,,,,,,,,,,,1639.0,1442.0,1442.0,1318.7,1195.9,223.3,223.3,,,1639.0,206.0,123.0,173.6,107.1,35.6,35.6,0.0,0.0,0.0,1.0,1.0,1.0,1.0,1.0
2021-04-02,330059,NY,330059.0,MONTEFIORE MEDICAL CENTER,,,10467.0,,36005.0,,,20230623.0,1.0,11473.0,10094.0,10094.0,9056.0,8240.0,1366.0,1366.0,12.0,12.0,11473.0,1442.0,861.0,1243.0,791.0,300.0,300.0,0.0,0.0,0.0,7.0,7.0,7.0,7.0,7.0,7.0,7.0,7.0,7.0,7.0,7.0,7.0,7.0,7.0,7.0,7.0,7.0,7.0,7.0,148.0,0.0,7.0,19.0,13.0,31.0,28.0,23.0,21.0,6.0,6.0,1947.0,0.0,0.0,0.0,0.0,0.0,0.0,0.0,0.0,0.0,0.0,0.0,4579.0,0.0,0.0,7.0,7.0,7.0,7.0,,,,,,,,,,,,,1639.0,1442.0,1442.0,1293.7,1177.1,195.1,195.1,,,1639.0,206.0,123.0,177.6,113.0,42.9,42.9,0.0,0.0,0.0,1.0,1.0,1.0,1.0,1.0
2021-04-09,330059,NY,330059.0,MONTEFIORE MEDICAL CENTER,,,10467.0,,36005.0,,,20230623.0,1.0,11473.0,10094.0,10094.0,9074.0,8226.0,1144.0,1144.0,17.0,17.0,11473.0,1442.0,861.0,1243.0,805.0,268.0,267.0,0.0,0.0,0.0,7.0,7.0,7.0,7.0,7.0,7.0,7.0,7.0,7.0,7.0,7.0,7.0,7.0,7.0,7.0,7.0,7.0,7.0,7.0,134.0,0.0,8.0,19.0,11.0,27.0,19.0,22.0,23.0,5.0,5.0,2010.0,0.0,0.0,0.0,0.0,0.0,0.0,0.0,0.0,0.0,0.0,0.0,4839.0,0.0,0.0,7.0,7.0,7.0,7.0,,,,,,,,,,,,,1639.0,1442.0,1442.0,1296.3,1175.1,163.4,163.4,,,1639.0,206.0,123.0,177.6,115.0,38.3,38.1,0.0,0.0,0.0,1.0,1.0,1.0,1.0,1.0
2021-04-16,330059,NY,330059.0,MONTEFIORE MEDICAL CENTER,,,10467.0,,36005.0,,,20230623.0,1.0,11473.0,10094.0,10094.0,9237.0,8342.0,1045.0,1045.0,17.0,17.0,11473.0,1442.0,861.0,1258.0,790.0,178.0,177.0,0.0,0.0,0.0,7.0,7.0,7.0,7.0,7.0,7.0,7.0,7.0,7.0,7.0,7.0,7.0,7.0,7.0,7.0,7.0,7.0,7.0,7.0,106.0,0.0,,9.0,12.0,31.0,17.0,17.0,13.0,5.0,,2032.0,0.0,0.0,0.0,0.0,0.0,0.0,0.0,0.0,0.0,0.0,0.0,4821.0,0.0,0.0,7.0,7.0,7.0,7.0,,,,,,,,,,,,,1639.0,1442.0,1442.0,1319.6,1191.7,149.3,149.3,,,1639.0,206.0,123.0,179.7,112.9,25.4,25.3,0.0,0.0,0.0,1.0,1.0,1.0,1.0,1.0
2021-04-23,330059,NY,330059.0,MONTEFIORE MEDICAL CENTER,,,10467.0,,36005.0,,,20230623.0,1.0,11473.0,10094.0,10094.0,9162.0,8344.0,819.0,819.0,52.0,17.0,11473.0,1442.0,861.0,1171.0,744.0,171.0,171.0,0.0,0.0,0.0,7.0,7.0,7.0,7.0,7.0,7.0,7.0,7.0,7.0,7.0,7.0,7.0,7.0,7.0,7.0,7.0,7.0,7.0,7.0,89.0,0.0,13.0,9.0,11.0,14.0,11.0,18.0,9.0,4.0,4.0,2083.0,0.0,0.0,0.0,0.0,0.0,0.0,0.0,0.0,0.0,0.0,0.0,4881.0,0.0,1.0,7.0,7.0,7.0,7.0,,,,,,,,,,,,,1639.0,1442.0,1442.0,1308.9,1192.0,117.0,117.0,7.4,,1639.0,206.0,123.0,167.3,106.3,24.4,24.4,0.0,0.0,0.0,1.0,1.0,1.0,1.0,1.0
2021-04-30,330059,NY,330059.0,MONTEFIORE MEDICAL CENTER,,,10467.0,,36005.0,,,20230623.0,1.0,11473.0,10094.0,10094.0,8993.0,8243.0,529.0,529.0,10.0,10.0,11473.0,1442.0,861.0,1138.0,746.0,128.0,128.0,0.0,0.0,0.0,7.0,7.0,7.0,7.0,7.0,7.0,7.0,7.0,7.0,7.0,7.0,7.0,7.0,7.0,7.0,7.0,7.0,7.0,7.0,55.0,0.0,,5.0,9.0,9.0,14.0,4.0,7.0,,4.0,1958.0,0.0,0.0,0.0,0.0,0.0,0.0,0.0,0.0,0.0,0.0,0.0,4782.0,0.0,0.0,7.0,7.0,7.0,7.0,,,,,,,,,,,,,1639.0,1442.0,1442.0,1284.7,1177.6,75.6,75.6,,,1639.0,206.0,123.0,162.6,106.6,18.3,18.3,0.0,0.0,0.0,1.0,1.0,1.0,1.0,1.0
2021-05-07,330059,NY,330059.0,MONTEFIORE MEDICAL CENTER,,,10467.0,,36005.0,,,20230623.0,1.0,11473.0,10094.0,10094.0,8803.0,7964.0,392.0,392.0,5.0,5.0,11473.0,1442.0,861.0,1141.0,705.0,111.0,111.0,0.0,0.0,0.0,7.0,7.0,7.0,7.0,7.0,7.0,7.0,7.0,7.0,7.0,7.0,7.0,7.0,7.0,7.0,7.0,7.0,7.0,7.0,50.0,0.0,5.0,8.0,5.0,5.0,11.0,5.0,10.0,,,1837.0,0.0,0.0,0.0,0.0,0.0,0.0,0.0,0.0,0.0,0.0,0.0,4586.0,0.0,0.0,7.0,7.0,7.0,7.0,,,,,,,,,,,,,1639.0,1442.0,1442.0,1257.6,1137.7,56.0,56.0,,,1639.0,206.0,123.0,163.0,100.7,15.9,15.9,0.0,0.0,0.0,1.0,1.0,1.0,1.0,1.0
2021-05-14,330059,NY,330059.0,MONTEFIORE MEDICAL CENTER,,,10467.0,,36005.0,,,20230623.0,1.0,11473.0,10094.0,10094.0,8608.0,7743.0,333.0,333.0,15.0,15.0,11473.0,1442.0,861.0,1150.0,660.0,89.0,86.0,0.0,0.0,0.0,7.0,7.0,7.0,7.0,7.0,7.0,7.0,7.0,7.0,7.0,7.0,7.0,7.0,7.0,7.0,7.0,7.0,7.0,7.0,34.0,0.0,,,,9.0,,4.0,6.0,4.0,4.0,1815.0,0.0,0.0,0.0,0.0,0.0,0.0,0.0,0.0,0.0,0.0,0.0,4968.0,0.0,0.0,7.0,7.0,7.0,7.0,,,,,,,,,,,,,1639.0,1442.0,1442.0,1229.7,1106.1,47.6,47.6,,,1639.0,206.0,123.0,164.3,94.3,12.7,12.3,0.0,0.0,0.0,1.0,1.0,1.0,1.0,1.0
2021-05-21,330059,NY,330059.0,MONTEFIORE MEDICAL CENTER,,,10467.0,,36005.0,,,20230623.0,1.0,11473.0,10094.0,10094.0,8762.0,7923.0,278.0,278.0,9.0,9.0,11473.0,1442.0,861.0,1105.0,665.0,58.0,57.0,0.0,0.0,0.0,7.0,7.0,7.0,7.0,7.0,7.0,7.0,7.0,7.0,7.0,7.0,7.0,7.0,7.0,7.0,7.0,7.0,7.0,7.0,29.0,0.0,,,,4.0,6.0,8.0,,,,1807.0,0.0,0.0,0.0,0.0,0.0,0.0,0.0,0.0,0.0,0.0,0.0,4992.0,0.0,0.0,7.0,7.0,7.0,7.0,,,,,,,,,,,,,1639.0,1442.0,1442.0,1251.7,1131.9,39.7,39.7,,,1639.0,206.0,123.0,157.9,95.0,8.3,8.1,0.0,0.0,0.0,1.0,1.0,1.0,1.0,1.0
2021-05-28,330059,NY,330059.0,MONTEFIORE MEDICAL CENTER,,,10467.0,,36005.0,,,20230623.0,1.0,11473.0,10094.0,10094.0,8639.0,7803.0,205.0,205.0,5.0,5.0,11473.0,1442.0,861.0,1108.0,665.0,38.0,38.0,0.0,0.0,0.0,7.0,7.0,7.0,7.0,7.0,7.0,7.0,7.0,7.0,7.0,7.0,7.0,7.0,7.0,7.0,7.0,7.0,7.0,7.0,22.0,,,,,8.0,,,,,,1710.0,0.0,0.0,0.0,0.0,0.0,0.0,0.0,0.0,0.0,0.0,0.0,4746.0,0.0,0.0,7.0,7.0,7.0,7.0,,,,,,,,,,,,,1639.0,1442.0,1442.0,1234.1,1114.7,29.3,29.3,,,1639.0,206.0,123.0,158.3,95.0,5.4,5.4,0.0,0.0,0.0,1.0,1.0,1.0,1.0,1.0
2021-06-04,330059,NY,330059.0,MONTEFIORE MEDICAL CENTER,,,10467.0,,36005.0,,,20230623.0,1.0,11473.0,10094.0,10094.0,8822.0,7944.0,140.0,140.0,8.0,8.0,11473.0,1442.0,861.0,1155.0,698.0,51.0,51.0,0.0,0.0,0.0,7.0,7.0,7.0,7.0,7.0,7.0,7.0,7.0,7.0,7.0,7.0,7.0,7.0,7.0,7.0,7.0,7.0,7.0,7.0,25.0,0.0,4.0,0.0,,4.0,6.0,,5.0,,,1778.0,0.0,0.0,0.0,0.0,0.0,0.0,0.0,0.0,0.0,0.0,0.0,5004.0,0.0,0.0,7.0,7.0,7.0,7.0,,,,,,,,,,,,,1639.0,1442.0,1442.0,1260.3,1134.9,20.0,20.0,,,1639.0,206.0,123.0,165.0,99.7,7.3,7.3,0.0,0.0,0.0,1.0,1.0,1.0,1.0,1.0
2021-06-11,330059,NY,330059.0,MONTEFIORE MEDICAL CENTER,,,10467.0,,36005.0,,,20230623.0,1.0,11473.0,10094.0,10094.0,8984.0,8085.0,129.0,129.0,,,11473.0,1442.0,861.0,1191.0,712.0,46.0,46.0,0.0,0.0,0.0,7.0,7.0,7.0,7.0,7.0,7.0,7.0,7.0,7.0,7.0,7.0,7.0,7.0,7.0,7.0,7.0,7.0,7.0,7.0,12.0,,,,,,,,,0.0,0.0,1740.0,0.0,0.0,0.0,0.0,0.0,0.0,0.0,0.0,0.0,0.0,0.0,5076.0,0.0,0.0,7.0,7.0,7.0,7.0,,,,,,,,,,,,,1639.0,1442.0,1442.0,1283.4,1155.0,18.4,18.4,,,1639.0,206.0,123.0,170.1,101.7,6.6,6.6,0.0,0.0,0.0,1.0,1.0,1.0,1.0,1.0
2021-06-18,330059,NY,330059.0,MONTEFIORE MEDICAL CENTER,,,10467.0,,36005.0,,,20230623.0,1.0,11473.0,10094.0,10094.0,8939.0,8014.0,86.0,86.0,0.0,0.0,11473.0,1442.0,861.0,1235.0,693.0,23.0,23.0,0.0,0.0,0.0,7.0,7.0,7.0,7.0,7.0,7.0,7.0,7.0,7.0,7.0,7.0,7.0,7.0,7.0,7.0,7.0,7.0,7.0,7.0,12.0,0.0,,,0.0,5.0,,,,0.0,0.0,1737.0,0.0,0.0,0.0,0.0,0.0,0.0,0.0,0.0,0.0,0.0,0.0,4971.0,0.0,0.0,7.0,7.0,7.0,7.0,,,,,,,,,,,,,1639.0,1442.0,1442.0,1277.0,1144.9,12.3,12.3,0.0,0.0,1639.0,206.0,123.0,176.4,99.0,,5.65,0.0,0.0,0.0,1.0,1.0,0.0,1.0,1.0
2021-06-25,330059,NY,330059.0,MONTEFIORE MEDICAL CENTER,,,10467.0,,36005.0,,,20230623.0,1.0,11755.0,10094.0,10094.0,9050.0,8109.0,78.0,78.0,0.0,0.0,11473.0,1416.0,867.0,1201.0,701.0,33.0,33.0,0.0,0.0,0.0,7.0,7.0,7.0,7.0,7.0,7.0,7.0,7.0,7.0,7.0,7.0,7.0,7.0,7.0,7.0,7.0,7.0,7.0,7.0,10.0,0.0,,,,0.0,,,0.0,0.0,0.0,1762.0,0.0,0.0,0.0,0.0,0.0,0.0,0.0,0.0,0.0,0.0,0.0,5091.0,0.0,1.0,7.0,7.0,7.0,7.0,,,,,,,,,,,,,1679.3,1442.0,1442.0,1292.9,1158.4,11.1,11.1,0.0,0.0,1639.0,202.3,123.9,171.6,100.1,4.7,4.7,0.0,0.0,0.0,1.0,1.0,1.0,1.0,1.0
2021-07-02,330059,NY,330059.0,MONTEFIORE MEDICAL CENTER,,,10467.0,,36005.0,,,20230623.0,1.0,11473.0,10094.0,10094.0,8892.0,7981.0,59.0,59.0,,,11473.0,1442.0,861.0,1089.0,641.0,29.0,29.0,0.0,0.0,0.0,7.0,7.0,7.0,7.0,7.0,7.0,7.0,7.0,7.0,7.0,7.0,7.0,7.0,7.0,7.0,7.0,7.0,7.0,7.0,7.0,,,0.0,0.0,,,,,,,1720.0,0.0,0.0,0.0,0.0,0.0,0.0,0.0,0.0,0.0,0.0,0.0,4994.0,0.0,1.0,7.0,7.0,7.0,7.0,,,,,,,,,,,,,1639.0,1442.0,1442.0,1270.3,1140.1,8.4,8.4,,,1639.0,206.0,123.0,155.6,91.6,4.1,4.1,0.0,0.0,0.0,1.0,1.0,1.0,1.0,1.0
2021-07-09,330059,NY,330059.0,MONTEFIORE MEDICAL CENTER,,,10467.0,,36005.0,,,20230623.0,1.0,11473.0,10094.0,10094.0,9129.0,8262.0,67.0,67.0,0.0,0.0,11473.0,1442.0,861.0,1168.0,686.0,26.0,26.0,0.0,0.0,0.0,7.0,7.0,7.0,7.0,7.0,7.0,7.0,7.0,7.0,7.0,7.0,7.0,7.0,7.0,7.0,7.0,7.0,7.0,7.0,16.0,0.0,,5.0,,,0.0,,,0.0,0.0,1771.0,0.0,0.0,0.0,0.0,0.0,0.0,0.0,0.0,0.0,0.0,0.0,5231.0,0.0,0.0,7.0,7.0,7.0,7.0,,,,,,,,,,,,,1639.0,1442.0,1442.0,1304.1,1180.3,9.6,9.6,0.0,0.0,1639.0,206.0,123.0,166.9,98.0,,4.1,0.0,0.0,0.0,1.0,1.0,0.0,1.0,1.0
2021-07-16,330059,NY,330059.0,MONTEFIORE MEDICAL CENTER,,,10467.0,,36005.0,,,20230623.0,1.0,11473.0,10094.0,10094.0,9179.0,8342.0,117.0,117.0,0.0,0.0,11473.0,1442.0,861.0,1097.0,677.0,29.0,29.0,,0.0,0.0,7.0,7.0,7.0,7.0,7.0,7.0,7.0,7.0,7.0,7.0,7.0,7.0,7.0,7.0,7.0,7.0,7.0,7.0,7.0,20.0,0.0,,,4.0,5.0,4.0,,,0.0,0.0,1846.0,0.0,0.0,0.0,0.0,0.0,0.0,0.0,0.0,0.0,0.0,0.0,5175.0,,0.0,7.0,7.0,7.0,7.0,,,,,,,,,,,,,1639.0,1442.0,1442.0,1311.3,1191.7,16.7,16.7,0.0,0.0,1639.0,206.0,123.0,156.7,96.7,4.1,4.1,,0.0,0.0,1.0,1.0,1.0,1.0,1.0
2021-07-23,330059,NY,330059.0,MONTEFIORE MEDICAL CENTER,,,10467.0,,36005.0,,,20230623.0,1.0,11473.0,10094.0,10094.0,9176.0,8302.0,133.0,133.0,,,11473.0,1442.0,861.0,1175.0,668.0,36.0,36.0,0.0,0.0,0.0,7.0,7.0,7.0,7.0,7.0,7.0,7.0,7.0,7.0,7.0,7.0,7.0,7.0,7.0,7.0,7.0,7.0,7.0,7.0,27.0,0.0,,6.0,,7.0,,,,,,1887.0,0.0,0.0,0.0,0.0,0.0,0.0,0.0,0.0,0.0,0.0,0.0,5319.0,0.0,0.0,7.0,7.0,7.0,7.0,,,,,,,,,,,,,1639.0,1442.0,1442.0,1310.9,1186.0,19.0,19.0,,,1639.0,206.0,123.0,167.9,95.4,5.1,5.1,0.0,0.0,0.0,1.0,1.0,1.0,1.0,1.0
2021-07-30,330059,NY,330059.0,MONTEFIORE MEDICAL CENTER,,,10467.0,,36005.0,,,20230623.0,1.0,11473.0,10094.0,10094.0,9189.0,8266.0,219.0,219.0,14.0,5.0,11473.0,1442.0,861.0,1223.0,700.0,46.0,46.0,0.0,0.0,0.0,7.0,7.0,7.0,7.0,7.0,7.0,7.0,7.0,7.0,7.0,7.0,7.0,7.0,7.0,7.0,7.0,7.0,7.0,7.0,42.0,0.0,,7.0,5.0,10.0,5.0,7.0,5.0,,,2026.0,0.0,0.0,0.0,0.0,0.0,0.0,0.0,0.0,0.0,0.0,0.0,5138.0,0.0,0.0,7.0,7.0,7.0,7.0,,,,,,,,,,,,,1639.0,1442.0,1442.0,1312.7,1180.9,31.3,31.3,,,1639.0,206.0,123.0,174.7,100.0,6.6,6.6,0.0,0.0,0.0,1.0,1.0,1.0,1.0,1.0
2020-11-06,330101,NY,330101.0,NEW YORK-PRESBYTERIAN HOSPITAL,,,10065.0,,36061.0,,,20230623.0,1.0,22947.0,18286.0,15580.0,16423.0,13462.0,1344.0,433.0,59.0,10.0,19815.0,3602.0,1922.0,2864.0,1683.0,216.0,98.0,,,,7.0,7.0,7.0,7.0,7.0,7.0,7.0,7.0,7.0,7.0,7.0,7.0,7.0,7.0,7.0,7.0,0.0,0.0,0.0,50.0,,,13.0,5.0,,9.0,5.0,10.0,0.0,4.0,755.0,486.0,,27.0,46.0,51.0,79.0,89.0,95.0,97.0,0.0,23.0,5853.0,,0.0,7.0,7.0,7.0,7.0,,,,,,,,,,,,,3278.1,2612.3,2225.7,2346.1,1923.1,192.0,61.9,8.4,,2830.7,514.6,274.6,409.1,240.4,30.9,14.0,,,,1.0,1.0,1.0,1.0,1.0
2020-11-13,330101,NY,330101.0,NEW YORK-PRESBYTERIAN HOSPITAL,,,10065.0,,36061.0,,,20230623.0,1.0,22684.0,18100.0,15322.0,16504.0,13580.0,1634.0,637.0,65.0,19.0,19480.0,3561.0,1890.0,2797.0,1632.0,226.0,113.0,,,,7.0,7.0,7.0,7.0,7.0,7.0,7.0,7.0,7.0,7.0,7.0,7.0,7.0,7.0,7.0,7.0,0.0,0.0,0.0,60.0,,4.0,5.0,4.0,14.0,8.0,7.0,17.0,0.0,5.0,832.0,472.0,,34.0,41.0,51.0,68.0,93.0,82.0,102.0,0.0,14.0,5501.0,,0.0,7.0,7.0,7.0,7.0,,,,,,,,,,,,,3240.6,2585.7,2188.9,2357.7,1940.0,233.4,91.0,9.3,,2782.9,508.7,270.0,399.6,233.1,32.3,16.1,,,,1.0,1.0,1.0,1.0,1.0
2020-11-20,330101,NY,330101.0,NEW YORK-PRESBYTERIAN HOSPITAL,,,10065.0,,36061.0,,,20230623.0,1.0,21879.0,17391.0,15262.0,15828.0,12999.0,1802.0,876.0,77.0,23.0,19522.0,3549.0,1890.0,2845.0,1668.0,260.0,134.0,,,,7.0,7.0,7.0,7.0,7.0,7.0,7.0,7.0,7.0,7.0,7.0,7.0,7.0,7.0,7.0,7.0,0.0,0.0,0.0,82.0,,,7.0,8.0,8.0,21.0,22.0,13.0,0.0,,864.0,445.0,,24.0,39.0,37.0,64.0,86.0,100.0,93.0,0.0,19.0,5599.0,,0.0,7.0,7.0,7.0,7.0,,,,,,,,,,,,,3125.6,2484.4,2180.3,2261.1,1857.0,257.4,125.1,11.0,,2788.9,507.0,270.0,406.4,238.3,37.1,19.1,,,,1.0,1.0,1.0,1.0,1.0
2020-11-27,330101,NY,330101.0,NEW YORK-PRESBYTERIAN HOSPITAL,,,10065.0,,36061.0,,,20230623.0,1.0,22141.0,17744.0,15587.0,15590.0,12985.0,1981.0,1127.0,100.0,28.0,19692.0,3508.0,1894.0,2689.0,1610.0,350.0,222.0,,,,7.0,7.0,7.0,7.0,7.0,7.0,7.0,7.0,7.0,7.0,7.0,7.0,7.0,7.0,7.0,7.0,0.0,0.0,0.0,104.0,0.0,6.0,8.0,10.0,15.0,17.0,25.0,23.0,0.0,,822.0,407.0,,29.0,41.0,35.0,64.0,75.0,86.0,74.0,0.0,32.0,5573.0,,0.0,7.0,7.0,7.0,7.0,,,,,,,,,,,,,3163.0,2534.9,2226.7,2227.1,1855.0,283.0,161.0,14.3,4.0,2813.1,501.1,270.6,384.1,230.0,50.0,31.7,,,,1.0,1.0,1.0,1.0,1.0
2020-12-04,330101,NY,330101.0,NEW YORK-PRESBYTERIAN HOSPITAL,,,10065.0,,36061.0,,,20230623.0,1.0,22562.0,18212.0,15797.0,16480.0,13851.0,2187.0,1435.0,96.0,41.0,19787.0,3479.0,1890.0,2838.0,1729.0,397.0,306.0,,,,7.0,7.0,7.0,7.0,7.0,7.0,7.0,7.0,7.0,7.0,7.0,7.0,7.0,7.0,7.0,7.0,0.0,0.0,0.0,143.0,0.0,8.0,9.0,10.0,12.0,34.0,36.0,34.0,0.0,5.0,759.0,349.0,0.0,21.0,29.0,35.0,60.0,59.0,69.0,76.0,0.0,20.0,5393.0,,0.0,7.0,7.0,7.0,7.0,,,,,,,,,,,,,3223.1,2601.7,2256.7,2354.3,1978.7,312.4,205.0,13.7,5.9,2826.7,497.0,270.0,405.4,247.0,56.7,43.7,,,,1.0,1.0,1.0,1.0,1.0
2020-12-11,330101,NY,330101.0,NEW YORK-PRESBYTERIAN HOSPITAL,,,10065.0,,36061.0,,,20230623.0,1.0,23983.0,19447.0,17463.0,16789.0,14206.0,2575.0,1868.0,232.0,51.0,21643.0,3513.0,1966.0,2864.0,1751.0,487.0,403.0,0.0,0.0,0.0,7.0,7.0,7.0,7.0,7.0,7.0,7.0,7.0,7.0,7.0,7.0,7.0,7.0,7.0,7.0,7.0,1.0,1.0,1.0,206.0,0.0,11.0,10.0,15.0,27.0,41.0,43.0,59.0,0.0,8.0,598.0,163.0,,13.0,15.0,21.0,18.0,37.0,32.0,26.0,0.0,19.0,5506.0,0.0,0.0,7.0,7.0,7.0,7.0,,,,,,,,,,,,,3426.1,2778.1,2494.7,2398.4,2029.4,367.9,266.9,33.1,7.3,3091.9,501.9,280.9,409.1,250.1,69.6,57.6,0.0,0.0,0.0,1.0,1.0,1.0,1.0,1.0
2020-12-18,330101,NY,330101.0,NEW YORK-PRESBYTERIAN HOSPITAL,,,10065.0,,36061.0,,,20230623.0,1.0,25824.0,21064.0,19320.0,15846.0,13518.0,2593.0,2034.0,230.0,33.0,23744.0,3598.0,2066.0,2832.0,1748.0,544.0,433.0,7.0,,0.0,7.0,7.0,7.0,7.0,7.0,7.0,7.0,7.0,7.0,7.0,7.0,7.0,7.0,7.0,7.0,7.0,7.0,7.0,7.0,216.0,,14.0,19.0,10.0,26.0,43.0,50.0,52.0,0.0,,611.0,138.0,,11.0,16.0,12.0,19.0,31.0,23.0,23.0,0.0,17.0,5264.0,,0.0,7.0,7.0,7.0,7.0,,,,,,,,,,,,,3689.1,3009.1,2760.0,2263.7,1931.1,370.4,290.6,32.9,4.7,3392.0,514.0,295.1,404.6,249.7,77.7,61.9,,,0.0,1.0,1.0,1.0,1.0,1.0
2020-12-25,330101,NY,330101.0,NEW YORK-PRESBYTERIAN HOSPITAL,,,10065.0,,36061.0,,,20230623.0,1.0,25872.0,21112.0,19320.0,15191.0,13002.0,2907.0,2301.0,247.0,36.0,23744.0,3598.0,2064.0,2889.0,1803.0,589.0,487.0,,0.0,0.0,7.0,7.0,7.0,7.0,7.0,7.0,7.0,7.0,7.0,7.0,7.0,7.0,7.0,7.0,7.0,7.0,7.0,7.0,7.0,230.0,,12.0,11.0,18.0,32.0,47.0,40.0,68.0,0.0,6.0,724.0,170.0,0.0,15.0,21.0,12.0,22.0,34.0,35.0,31.0,0.0,17.0,5311.0,,0.0,7.0,7.0,7.0,7.0,,,,,,,,,,,,,3696.0,3016.0,2760.0,2170.1,1857.4,415.3,328.7,35.3,5.1,3392.0,514.0,294.9,412.7,257.6,84.1,69.6,,0.0,0.0,1.0,1.0,1.0,1.0,1.0
2021-01-01,330101,NY,330101.0,NEW YORK-PRESBYTERIAN HOSPITAL,,,10065.0,,36061.0,,,20230623.0,1.0,25322.0,20751.0,18959.0,15786.0,13498.0,3233.0,2608.0,235.0,47.0,23194.0,3530.0,2019.0,2992.0,1823.0,713.0,637.0,0.0,0.0,0.0,7.0,7.0,7.0,7.0,7.0,7.0,7.0,7.0,7.0,7.0,7.0,7.0,7.0,7.0,7.0,7.0,7.0,7.0,7.0,274.0,0.0,6.0,18.0,16.0,35.0,59.0,63.0,77.0,0.0,11.0,761.0,144.0,0.0,13.0,13.0,12.0,18.0,33.0,20.0,35.0,0.0,14.0,5567.0,0.0,0.0,7.0,7.0,7.0,7.0,,,,,,,,,,,,,3617.4,2964.4,2708.4,2255.1,1928.3,461.9,372.6,33.6,6.7,3313.4,504.3,288.4,427.4,260.4,101.9,91.0,0.0,0.0,0.0,1.0,1.0,1.0,1.0,1.0
2021-01-08,330101,NY,330101.0,NEW YORK-PRESBYTERIAN HOSPITAL,,,10065.0,,36061.0,,,20230623.0,1.0,24642.0,20225.0,18433.0,16753.0,14203.0,3407.0,2815.0,211.0,17.0,22514.0,3521.0,2008.0,3093.0,1887.0,744.0,665.0,0.0,0.0,0.0,7.0,7.0,7.0,7.0,7.0,7.0,7.0,7.0,7.0,7.0,7.0,7.0,7.0,7.0,7.0,7.0,7.0,7.0,7.0,268.0,,9.0,18.0,19.0,38.0,43.0,58.0,81.0,0.0,4.0,717.0,133.0,,7.0,17.0,7.0,24.0,30.0,26.0,20.0,0.0,17.0,5535.0,0.0,0.0,7.0,7.0,7.0,7.0,,,,,,,,,,,,,3520.3,2889.3,2633.3,2393.3,2029.0,486.7,402.1,30.1,,3216.3,503.0,286.9,441.9,269.6,106.3,95.0,0.0,0.0,0.0,1.0,1.0,1.0,1.0,1.0
2021-01-15,330101,NY,330101.0,NEW YORK-PRESBYTERIAN HOSPITAL,,,10065.0,,36061.0,,,20230623.0,1.0,24640.0,20223.0,18431.0,17060.0,14496.0,3746.0,3018.0,211.0,19.0,22512.0,3523.0,2012.0,3165.0,1906.0,756.0,680.0,0.0,0.0,0.0,7.0,7.0,7.0,7.0,7.0,7.0,7.0,7.0,7.0,7.0,7.0,7.0,7.0,7.0,7.0,7.0,7.0,7.0,7.0,323.0,0.0,20.0,12.0,28.0,34.0,63.0,71.0,95.0,0.0,7.0,844.0,155.0,0.0,15.0,17.0,19.0,23.0,31.0,33.0,17.0,0.0,17.0,5752.0,0.0,0.0,7.0,7.0,7.0,7.0,,,,,,,,,,,,,3520.0,2889.0,2633.0,2437.1,2070.9,535.1,431.1,30.1,,3216.0,503.3,287.4,452.1,272.3,108.0,97.1,0.0,0.0,0.0,1.0,1.0,1.0,1.0,1.0
2021-01-22,330101,NY,330101.0,NEW YORK-PRESBYTERIAN HOSPITAL,,,10065.0,,36061.0,,,20230623.0,1.0,24663.0,20245.0,18453.0,17511.0,14735.0,3918.0,3366.0,276.0,49.0,22535.0,3598.0,2051.0,3227.0,1957.0,846.0,790.0,,0.0,,7.0,7.0,7.0,7.0,7.0,7.0,7.0,7.0,7.0,7.0,7.0,7.0,7.0,7.0,7.0,7.0,7.0,7.0,7.0,334.0,0.0,20.0,23.0,28.0,49.0,57.0,72.0,85.0,0.0,8.0,764.0,93.0,,5.0,12.0,12.0,21.0,13.0,12.0,17.0,0.0,12.0,5777.0,,0.0,7.0,7.0,7.0,7.0,,,,,,,,,,,,,3523.3,2892.1,2636.1,2501.6,2105.0,559.7,480.9,39.4,7.0,3219.3,514.0,293.0,461.0,279.6,120.9,112.9,,0.0,,1.0,1.0,1.0,1.0,1.0
2021-01-29,330101,NY,330101.0,NEW YORK-PRESBYTERIAN HOSPITAL,,,10065.0,,36061.0,,,20230623.0,1.0,24632.0,20216.0,18424.0,17180.0,14487.0,3815.0,3259.0,288.0,40.0,22504.0,3627.0,2099.0,3193.0,1969.0,857.0,783.0,0.0,0.0,0.0,7.0,7.0,7.0,7.0,7.0,7.0,7.0,7.0,7.0,7.0,7.0,7.0,7.0,7.0,7.0,7.0,7.0,7.0,7.0,289.0,0.0,6.0,23.0,30.0,39.0,58.0,64.0,69.0,0.0,8.0,682.0,126.0,,8.0,20.0,12.0,10.0,29.0,29.0,17.0,0.0,16.0,5306.0,0.0,0.0,7.0,7.0,7.0,7.0,,,,,,,,,,,,,3518.9,2888.0,2632.0,2454.3,2069.6,545.0,465.6,41.1,5.7,3214.9,518.1,299.9,456.1,281.3,122.4,111.9,0.0,0.0,0.0,1.0,1.0,1.0,1.0,1.0
2021-02-05,330101,NY,330101.0,NEW YORK-PRESBYTERIAN HOSPITAL,,,10065.0,,36061.0,,,20230623.0,1.0,24640.0,20251.0,18459.0,17587.0,14682.0,3911.0,3316.0,288.0,67.0,22512.0,3641.0,2131.0,3302.0,2030.0,836.0,765.0,,,0.0,7.0,7.0,7.0,7.0,7.0,7.0,7.0,7.0,7.0,7.0,7.0,7.0,7.0,7.0,7.0,7.0,7.0,7.0,7.0,294.0,,10.0,19.0,29.0,44.0,52.0,72.0,66.0,0.0,15.0,696.0,140.0,0.0,15.0,21.0,11.0,21.0,31.0,28.0,13.0,0.0,19.0,6018.0,0.0,0.0,7.0,7.0,7.0,7.0,,,,,,,,,,,,,3520.0,2893.0,2637.0,2512.4,2097.4,558.7,473.7,41.1,9.6,3216.0,520.1,304.4,471.7,290.0,119.4,109.3,,,0.0,1.0,1.0,1.0,1.0,1.0
2021-02-12,330101,NY,330101.0,NEW YORK-PRESBYTERIAN HOSPITAL,,,10065.0,,36061.0,,,20230623.0,1.0,24640.0,20251.0,18459.0,17033.0,14202.0,3592.0,3015.0,259.0,79.0,22512.0,3631.0,2109.0,3180.0,1956.0,789.0,738.0,5.0,5.0,0.0,7.0,7.0,7.0,7.0,7.0,7.0,7.0,7.0,7.0,7.0,7.0,7.0,7.0,7.0,7.0,7.0,7.0,7.0,7.0,292.0,,8.0,22.0,22.0,40.0,58.0,69.0,70.0,0.0,8.0,678.0,132.0,,7.0,19.0,11.0,29.0,24.0,27.0,14.0,0.0,11.0,5825.0,0.0,0.0,7.0,7.0,7.0,7.0,,,,,,,,,,,,,3520.0,2893.0,2637.0,2433.3,2028.9,513.1,430.7,37.0,11.3,3216.0,518.7,301.3,454.3,279.4,112.7,105.4,,,0.0,1.0,1.0,1.0,1.0,1.0
2021-02-19,330101,NY,330101.0,NEW YORK-PRESBYTERIAN HOSPITAL,,,10065.0,,36061.0,,,20230623.0,1.0,24708.0,20313.0,18522.0,17775.0,14779.0,3595.0,2972.0,256.0,76.0,22580.0,3660.0,2141.0,3244.0,1955.0,810.0,732.0,0.0,0.0,0.0,7.0,7.0,7.0,7.0,7.0,7.0,7.0,7.0,7.0,7.0,7.0,7.0,7.0,7.0,7.0,7.0,7.0,7.0,7.0,284.0,,19.0,17.0,30.0,46.0,47.0,54.0,70.0,0.0,6.0,675.0,138.0,0.0,9.0,19.0,15.0,24.0,27.0,19.0,25.0,0.0,11.0,5875.0,0.0,0.0,7.0,7.0,7.0,7.0,,,,,,,,,,,,,3529.7,2901.9,2646.0,2539.3,2111.3,513.6,424.6,36.6,10.9,3225.7,522.9,305.9,463.4,279.3,115.7,104.6,0.0,0.0,0.0,1.0,1.0,1.0,1.0,1.0
2021-02-26,330101,NY,330101.0,NEW YORK-PRESBYTERIAN HOSPITAL,,,10065.0,,36061.0,,,20230623.0,1.0,24868.0,20458.0,18666.0,17956.0,14910.0,3201.0,2684.0,288.0,91.0,22740.0,3745.0,2244.0,3288.0,2000.0,752.0,671.0,0.0,0.0,0.0,7.0,7.0,7.0,7.0,7.0,7.0,7.0,7.0,7.0,7.0,7.0,7.0,7.0,7.0,7.0,7.0,7.0,7.0,7.0,228.0,,11.0,24.0,27.0,34.0,40.0,43.0,48.0,0.0,14.0,583.0,116.0,,6.0,23.0,15.0,22.0,18.0,16.0,15.0,0.0,11.0,6119.0,0.0,0.0,7.0,7.0,7.0,7.0,,,,,,,,,,,,,3552.6,2922.6,2666.6,2565.1,2130.0,457.3,383.4,41.1,13.0,3248.6,535.0,320.6,469.7,285.7,107.4,95.9,0.0,0.0,0.0,1.0,1.0,1.0,1.0,1.0
2021-03-05,330101,NY,330101.0,NEW YORK-PRESBYTERIAN HOSPITAL,,,10065.0,,36061.0,,,20230623.0,1.0,24864.0,20454.0,18662.0,17948.0,15010.0,3174.0,2605.0,240.0,65.0,22736.0,3745.0,2226.0,3268.0,1983.0,766.0,704.0,0.0,0.0,0.0,7.0,7.0,7.0,7.0,7.0,7.0,7.0,7.0,7.0,7.0,7.0,7.0,7.0,7.0,7.0,7.0,7.0,7.0,7.0,245.0,0.0,10.0,18.0,23.0,41.0,50.0,46.0,57.0,0.0,7.0,599.0,131.0,0.0,11.0,18.0,12.0,21.0,30.0,20.0,19.0,0.0,21.0,5979.0,0.0,0.0,7.0,7.0,7.0,7.0,,,,,,,,,,,,,3552.0,2922.0,2666.0,2564.0,2144.3,453.4,372.1,34.3,9.3,3248.0,535.0,318.0,466.9,283.3,109.4,100.6,0.0,0.0,0.0,1.0,1.0,1.0,1.0,1.0
2021-03-12,330101,NY,330101.0,NEW YORK-PRESBYTERIAN HOSPITAL,,,10065.0,,36061.0,,,20230623.0,1.0,24878.0,20468.0,18676.0,17783.0,14857.0,3041.0,2391.0,227.0,46.0,22750.0,3759.0,2245.0,3259.0,1995.0,715.0,652.0,0.0,0.0,0.0,7.0,7.0,7.0,7.0,7.0,7.0,7.0,7.0,7.0,7.0,7.0,7.0,7.0,7.0,7.0,7.0,7.0,7.0,7.0,225.0,,15.0,19.0,26.0,40.0,44.0,39.0,41.0,0.0,6.0,614.0,134.0,0.0,6.0,18.0,16.0,22.0,15.0,24.0,33.0,0.0,20.0,6235.0,0.0,0.0,7.0,7.0,7.0,7.0,,,,,,,,,,,,,3554.0,2924.0,2668.0,2540.4,2122.4,434.4,341.6,32.4,6.6,3250.0,537.0,320.7,465.6,285.0,102.1,93.1,0.0,0.0,0.0,1.0,1.0,1.0,1.0,1.0
2021-03-19,330101,NY,330101.0,NEW YORK-PRESBYTERIAN HOSPITAL,,,10065.0,,36061.0,,,20230623.0,1.0,24878.0,20468.0,18676.0,17629.0,14683.0,2880.0,2250.0,260.0,60.0,22750.0,3759.0,2259.0,3256.0,1965.0,685.0,600.0,,0.0,0.0,7.0,7.0,7.0,7.0,7.0,7.0,7.0,7.0,7.0,7.0,7.0,7.0,7.0,7.0,7.0,7.0,7.0,7.0,7.0,201.0,,9.0,11.0,16.0,38.0,42.0,42.0,41.0,0.0,6.0,547.0,135.0,0.0,4.0,21.0,18.0,31.0,15.0,21.0,25.0,0.0,12.0,6258.0,,0.0,7.0,7.0,7.0,7.0,,,,,,,,,,,,,3554.0,2924.0,2668.0,2518.4,2097.6,411.4,321.4,37.1,8.6,3250.0,537.0,322.7,465.1,280.7,97.9,85.7,,0.0,0.0,1.0,1.0,1.0,1.0,1.0
2021-03-26,330101,NY,330101.0,NEW YORK-PRESBYTERIAN HOSPITAL,,,10065.0,,36061.0,,,20230623.0,1.0,24878.0,20468.0,18676.0,17419.0,14429.0,2730.0,2190.0,283.0,74.0,22750.0,3759.0,2240.0,3161.0,1899.0,606.0,557.0,4.0,0.0,0.0,7.0,7.0,7.0,7.0,7.0,7.0,7.0,7.0,7.0,7.0,7.0,7.0,7.0,7.0,7.0,7.0,7.0,7.0,7.0,200.0,,15.0,21.0,19.0,29.0,36.0,37.0,41.0,0.0,5.0,542.0,111.0,0.0,12.0,12.0,7.0,15.0,20.0,20.0,25.0,0.0,17.0,6383.0,0.0,0.0,7.0,7.0,7.0,7.0,,,,,,,,,,,,,3554.0,2924.0,2668.0,2488.4,2061.3,390.0,312.9,40.4,10.6,3250.0,537.0,320.0,451.6,271.3,86.6,79.6,,0.0,0.0,1.0,1.0,1.0,1.0,1.0
2021-04-02,330101,NY,330101.0,NEW YORK-PRESBYTERIAN HOSPITAL,,,10065.0,,36061.0,,,20230623.0,1.0,24878.0,20468.0,18676.0,17026.0,14111.0,2598.0,2049.0,232.0,87.0,22750.0,3759.0,2248.0,3161.0,1941.0,641.0,562.0,0.0,0.0,0.0,7.0,7.0,7.0,7.0,7.0,7.0,7.0,7.0,7.0,7.0,7.0,7.0,7.0,7.0,7.0,7.0,7.0,7.0,7.0,172.0,,12.0,17.0,14.0,24.0,37.0,39.0,27.0,0.0,5.0,511.0,133.0,0.0,9.0,20.0,10.0,22.0,28.0,24.0,20.0,0.0,15.0,6184.0,0.0,0.0,7.0,7.0,7.0,7.0,,,,,,,,,,,,,3554.0,2924.0,2668.0,2432.3,2015.9,371.1,292.7,33.1,12.4,3250.0,537.0,321.1,451.6,277.3,91.6,80.3,0.0,0.0,0.0,1.0,1.0,1.0,1.0,1.0
2021-04-09,330101,NY,330101.0,NEW YORK-PRESBYTERIAN HOSPITAL,,,10065.0,,36061.0,,,20230623.0,1.0,24878.0,20468.0,18676.0,17194.0,14342.0,2459.0,1872.0,142.0,87.0,22750.0,3759.0,2241.0,3166.0,1950.0,548.0,484.0,0.0,0.0,0.0,7.0,7.0,7.0,7.0,7.0,7.0,7.0,7.0,7.0,7.0,7.0,7.0,7.0,7.0,7.0,7.0,7.0,7.0,7.0,145.0,,12.0,18.0,23.0,24.0,27.0,17.0,21.0,0.0,9.0,471.0,147.0,,16.0,15.0,20.0,22.0,24.0,20.0,27.0,0.0,5.0,6389.0,0.0,0.0,7.0,7.0,7.0,7.0,,,,,,,,,,,,,3554.0,2924.0,2668.0,2456.3,2048.9,351.3,267.4,20.3,12.4,3250.0,537.0,320.1,452.3,278.6,78.3,69.1,0.0,0.0,0.0,1.0,1.0,1.0,1.0,1.0
2021-04-16,330101,NY,330101.0,NEW YORK-PRESBYTERIAN HOSPITAL,,,10065.0,,36061.0,,,20230623.0,1.0,24878.0,20468.0,18676.0,17744.0,14760.0,2245.0,1586.0,101.0,50.0,22750.0,3759.0,2240.0,3111.0,1916.0,487.0,423.0,0.0,0.0,0.0,7.0,7.0,7.0,7.0,7.0,7.0,7.0,7.0,7.0,7.0,7.0,7.0,7.0,7.0,7.0,7.0,7.0,7.0,7.0,122.0,0.0,17.0,15.0,15.0,20.0,21.0,17.0,17.0,0.0,5.0,436.0,153.0,,8.0,16.0,13.0,28.0,37.0,28.0,22.0,0.0,12.0,6652.0,0.0,0.0,7.0,7.0,7.0,7.0,,,,,,,,,,,,,3554.0,2924.0,2668.0,2534.9,2108.6,320.7,226.6,14.4,7.1,3250.0,537.0,320.0,444.4,273.7,69.6,60.4,0.0,0.0,0.0,1.0,1.0,1.0,1.0,1.0
2021-04-23,330101,NY,330101.0,NEW YORK-PRESBYTERIAN HOSPITAL,,,10065.0,,36061.0,,,20230623.0,1.0,24878.0,20468.0,18676.0,17607.0,14627.0,1940.0,1336.0,74.0,34.0,22750.0,3759.0,2253.0,3089.0,1839.0,441.0,385.0,,0.0,0.0,7.0,7.0,7.0,7.0,7.0,7.0,7.0,7.0,7.0,7.0,7.0,7.0,7.0,7.0,7.0,7.0,7.0,7.0,7.0,86.0,0.0,7.0,11.0,15.0,12.0,18.0,7.0,16.0,0.0,6.0,354.0,144.0,0.0,13.0,18.0,16.0,18.0,33.0,28.0,18.0,0.0,5.0,6450.0,,0.0,7.0,7.0,7.0,7.0,,,,,,,,,,,,,3554.0,2924.0,2668.0,2515.3,2089.6,277.1,190.9,10.6,4.9,3250.0,537.0,321.9,441.3,262.7,63.0,55.0,,0.0,0.0,1.0,1.0,1.0,1.0,1.0
2021-04-30,330101,NY,330101.0,NEW YORK-PRESBYTERIAN HOSPITAL,,,10065.0,,36061.0,,,20230623.0,1.0,24878.0,20468.0,18676.0,17629.0,14472.0,1446.0,1001.0,52.0,26.0,22750.0,3759.0,2252.0,3097.0,1807.0,330.0,287.0,0.0,0.0,0.0,7.0,7.0,7.0,7.0,7.0,7.0,7.0,7.0,7.0,7.0,7.0,7.0,7.0,7.0,7.0,7.0,7.0,7.0,7.0,67.0,0.0,5.0,12.0,11.0,10.0,13.0,5.0,11.0,0.0,,330.0,128.0,0.0,10.0,10.0,8.0,27.0,24.0,28.0,21.0,0.0,7.0,6749.0,0.0,0.0,7.0,7.0,7.0,7.0,,,,,,,,,,,,,3554.0,2924.0,2668.0,2518.4,2067.4,206.6,143.0,7.4,,3250.0,537.0,321.7,442.4,258.1,47.1,41.0,0.0,0.0,0.0,1.0,1.0,1.0,1.0,1.0
2021-05-07,330101,NY,330101.0,NEW YORK-PRESBYTERIAN HOSPITAL,,,10065.0,,36061.0,,,20230623.0,1.0,24878.0,20468.0,18676.0,17241.0,14164.0,1226.0,697.0,55.0,30.0,22750.0,3759.0,2244.0,3039.0,1742.0,228.0,179.0,0.0,0.0,0.0,7.0,7.0,7.0,7.0,7.0,7.0,7.0,7.0,7.0,7.0,7.0,7.0,7.0,7.0,7.0,7.0,7.0,7.0,7.0,56.0,0.0,,10.0,7.0,6.0,8.0,7.0,15.0,0.0,4.0,265.0,147.0,,14.0,11.0,20.0,21.0,28.0,31.0,21.0,0.0,7.0,6422.0,0.0,0.0,7.0,7.0,7.0,7.0,,,,,,,,,,,,,3554.0,2924.0,2668.0,2463.0,2023.4,175.1,99.6,7.9,4.3,3250.0,537.0,320.6,434.1,248.9,32.6,25.6,0.0,0.0,0.0,1.0,1.0,1.0,1.0,1.0
2021-05-14,330101,NY,330101.0,NEW YORK-PRESBYTERIAN HOSPITAL,,,10065.0,,36061.0,,,20230623.0,1.0,24878.0,20468.0,18676.0,17457.0,14317.0,1095.0,518.0,59.0,21.0,22750.0,3759.0,2257.0,3031.0,1744.0,200.0,142.0,0.0,0.0,0.0,7.0,7.0,7.0,7.0,7.0,7.0,7.0,7.0,7.0,7.0,7.0,7.0,7.0,7.0,7.0,7.0,7.0,7.0,7.0,39.0,,4.0,4.0,,4.0,4.0,9.0,10.0,0.0,,269.0,167.0,,7.0,26.0,16.0,30.0,24.0,31.0,32.0,0.0,10.0,6504.0,0.0,0.0,7.0,7.0,7.0,7.0,,,,,,,,,,,,,3554.0,2924.0,2668.0,2493.9,2045.3,156.4,74.0,8.4,,3250.0,537.0,322.4,433.0,249.1,28.6,20.3,0.0,0.0,0.0,1.0,1.0,1.0,1.0,1.0
2021-05-21,330101,NY,330101.0,NEW YORK-PRESBYTERIAN HOSPITAL,,,10065.0,,36061.0,,,20230623.0,1.0,25268.0,19322.0,17770.0,17161.0,14082.0,1005.0,433.0,52.0,18.0,22744.0,3158.0,1379.0,1743.0,1016.0,201.0,77.0,0.0,0.0,0.0,7.0,7.0,7.0,7.0,7.0,7.0,7.0,7.0,7.0,7.0,7.0,4.0,4.0,4.0,7.0,4.0,7.0,7.0,7.0,34.0,0.0,4.0,5.0,4.0,,7.0,5.0,7.0,0.0,,274.0,150.0,,8.0,15.0,10.0,22.0,30.0,26.0,38.0,0.0,4.0,6763.0,0.0,0.0,7.0,7.0,7.0,7.0,,,,,,,,,,,,,3609.7,2760.3,2538.6,2451.6,2011.7,143.6,61.9,7.4,,3249.1,451.1,344.8,435.8,254.0,28.7,19.3,0.0,0.0,0.0,1.0,1.0,1.0,1.0,1.0
2021-05-28,330101,NY,330101.0,NEW YORK-PRESBYTERIAN HOSPITAL,,,10065.0,,36061.0,,,20230623.0,1.0,24874.0,20457.0,18665.0,16653.0,13646.0,929.0,371.0,49.0,17.0,22746.0,3762.0,2256.0,2970.0,1707.0,185.0,115.0,0.0,0.0,0.0,7.0,7.0,7.0,7.0,7.0,7.0,7.0,7.0,7.0,7.0,7.0,7.0,7.0,7.0,7.0,7.0,5.0,5.0,5.0,39.0,0.0,4.0,6.0,4.0,5.0,6.0,6.0,8.0,0.0,,298.0,170.0,0.0,6.0,16.0,18.0,24.0,39.0,30.0,37.0,0.0,6.0,6496.0,0.0,0.0,7.0,7.0,7.0,7.0,,,,,,,,,,,,,3553.4,2922.4,2666.4,2379.0,1949.4,132.7,53.0,7.0,,3249.4,537.4,322.3,424.3,243.9,26.4,16.4,0.0,0.0,0.0,1.0,1.0,1.0,1.0,1.0
2021-06-04,330101,NY,330101.0,NEW YORK-PRESBYTERIAN HOSPITAL,,,10065.0,,36061.0,,,20230623.0,1.0,24848.0,20417.0,18625.0,17739.0,14544.0,844.0,339.0,38.0,10.0,22720.0,3768.0,2228.0,3004.0,1719.0,159.0,95.0,,,,7.0,7.0,7.0,7.0,7.0,7.0,7.0,7.0,7.0,7.0,7.0,7.0,7.0,7.0,7.0,7.0,0.0,0.0,0.0,27.0,0.0,,9.0,,,5.0,4.0,4.0,0.0,,224.0,148.0,0.0,14.0,20.0,9.0,25.0,19.0,31.0,30.0,0.0,6.0,6758.0,,0.0,7.0,7.0,7.0,7.0,,,,,,,,,,,,,3549.7,2916.7,2660.7,2534.1,2077.7,120.6,48.4,5.4,,3245.7,538.3,318.3,429.1,245.6,22.7,13.6,,,,1.0,1.0,1.0,1.0,1.0
2021-06-11,330101,NY,330101.0,NEW YORK-PRESBYTERIAN HOSPITAL,,,10065.0,,36061.0,,,20230623.0,1.0,24788.0,20357.0,18565.0,17578.0,14403.0,863.0,292.0,44.0,11.0,22660.0,3750.0,2210.0,2949.0,1651.0,144.0,72.0,,,,7.0,7.0,7.0,7.0,7.0,7.0,7.0,7.0,7.0,7.0,7.0,7.0,7.0,7.0,7.0,7.0,0.0,0.0,0.0,20.0,0.0,0.0,,4.0,,6.0,,,0.0,0.0,260.0,179.0,,11.0,19.0,22.0,23.0,33.0,36.0,33.0,0.0,8.0,7047.0,,0.0,7.0,7.0,7.0,7.0,,,,,,,,,,,,,3541.1,2908.1,2652.1,2511.1,2057.6,123.3,41.7,6.3,,3237.1,535.7,315.7,421.3,235.9,20.6,10.3,,,,1.0,1.0,1.0,1.0,1.0
2021-06-18,330101,NY,330101.0,NEW YORK-PRESBYTERIAN HOSPITAL,,,10065.0,,36061.0,,,20230623.0,1.0,24578.0,20119.0,18327.0,17397.0,14301.0,792.0,191.0,35.0,,22450.0,3738.0,2175.0,2967.0,1676.0,105.0,46.0,,,,7.0,7.0,7.0,7.0,7.0,7.0,7.0,7.0,7.0,7.0,7.0,7.0,7.0,7.0,7.0,7.0,0.0,0.0,0.0,14.0,,4.0,,0.0,,,,,0.0,,331.0,192.0,0.0,12.0,25.0,20.0,30.0,31.0,42.0,32.0,0.0,13.0,6993.0,,0.0,7.0,7.0,7.0,7.0,,,,,,,,,,,,,3511.1,2874.1,2618.1,2485.3,2043.0,113.1,27.3,5.0,,3207.1,534.0,310.7,423.9,239.4,15.0,6.6,,,,1.0,1.0,1.0,1.0,1.0
2021-06-25,330101,NY,330101.0,NEW YORK-PRESBYTERIAN HOSPITAL,,,10065.0,,36061.0,,,20230623.0,1.0,24542.0,20083.0,18291.0,16925.0,13904.0,662.0,149.0,18.0,,22414.0,3738.0,2176.0,2913.0,1680.0,90.0,42.0,,,,7.0,7.0,7.0,7.0,7.0,7.0,7.0,7.0,7.0,7.0,7.0,7.0,7.0,7.0,7.0,7.0,0.0,0.0,0.0,13.0,0.0,,,,,,,,0.0,,234.0,178.0,0.0,16.0,24.0,25.0,28.0,39.0,23.0,23.0,0.0,,6894.0,,0.0,7.0,7.0,7.0,7.0,,,,,,,,,,,,,3506.0,2869.0,2613.0,2417.9,1986.3,94.6,21.3,,,3202.0,534.0,310.9,416.1,240.0,12.9,6.0,,,,1.0,1.0,1.0,1.0,1.0
2021-07-02,330101,NY,330101.0,NEW YORK-PRESBYTERIAN HOSPITAL,,,10065.0,,36061.0,,,20230623.0,1.0,24297.0,19838.0,18046.0,16872.0,13893.0,713.0,149.0,27.0,0.0,22169.0,3738.0,2195.0,2987.0,1742.0,83.0,36.0,,,,7.0,7.0,7.0,7.0,7.0,7.0,7.0,7.0,7.0,7.0,7.0,7.0,7.0,7.0,7.0,7.0,0.0,0.0,0.0,14.0,0.0,,0.0,,,,,,0.0,0.0,334.0,224.0,0.0,15.0,26.0,28.0,40.0,38.0,43.0,34.0,0.0,8.0,6759.0,,0.0,7.0,7.0,7.0,7.0,,,,,,,,,,,,,3471.0,2834.0,2578.0,2410.3,1984.7,101.9,21.3,,0.0,3167.0,534.0,313.6,426.7,248.9,11.9,5.1,,,,1.0,1.0,1.0,1.0,1.0
2021-07-09,330101,NY,330101.0,NEW YORK-PRESBYTERIAN HOSPITAL,,,10065.0,,36061.0,,,20230623.0,1.0,24115.0,19656.0,17864.0,17611.0,14456.0,673.0,174.0,25.0,0.0,21987.0,3738.0,2170.0,3123.0,1727.0,104.0,36.0,,,,7.0,7.0,7.0,7.0,7.0,7.0,7.0,7.0,7.0,7.0,7.0,7.0,7.0,7.0,7.0,7.0,0.0,0.0,0.0,17.0,0.0,,,4.0,,4.0,,,0.0,0.0,282.0,183.0,0.0,12.0,22.0,23.0,29.0,34.0,38.0,25.0,0.0,6.0,7058.0,,0.0,7.0,7.0,7.0,7.0,,,,,,,,,,,,,3445.0,2808.0,2552.0,2515.9,2065.1,96.1,24.9,,0.0,3141.0,534.0,310.0,446.1,246.7,14.9,5.1,,,,1.0,1.0,1.0,1.0,1.0
2021-07-16,330101,NY,330101.0,NEW YORK-PRESBYTERIAN HOSPITAL,,,10065.0,,36061.0,,,20230623.0,1.0,23998.0,19539.0,17747.0,17474.0,14355.0,647.0,167.0,31.0,0.0,21870.0,3738.0,2170.0,3050.0,1696.0,100.0,46.0,,,,7.0,7.0,7.0,7.0,7.0,7.0,7.0,7.0,7.0,7.0,7.0,7.0,7.0,7.0,7.0,7.0,0.0,0.0,0.0,16.0,,,4.0,,,4.0,,,0.0,0.0,290.0,178.0,,8.0,20.0,27.0,20.0,31.0,38.0,33.0,0.0,10.0,7106.0,,0.0,7.0,7.0,7.0,7.0,,,,,,,,,,,,,3428.3,2791.3,2535.3,2496.3,2050.7,92.4,23.9,4.4,0.0,3124.3,534.0,310.0,435.7,242.3,14.3,6.6,,,,1.0,1.0,1.0,1.0,1.0
2021-07-23,330101,NY,330101.0,NEW YORK-PRESBYTERIAN HOSPITAL,,,10065.0,,36061.0,,,20230623.0,1.0,23423.0,19048.0,17280.0,17176.0,14119.0,718.0,211.0,30.0,,21327.0,3682.0,2130.0,2957.0,1669.0,104.0,47.0,,,,7.0,7.0,7.0,7.0,7.0,7.0,7.0,7.0,7.0,7.0,7.0,7.0,7.0,7.0,7.0,7.0,0.0,0.0,0.0,39.0,,6.0,,4.0,7.0,9.0,4.0,6.0,0.0,,382.0,192.0,0.0,6.0,22.0,12.0,32.0,45.0,32.0,43.0,0.0,5.0,6949.0,,0.0,7.0,7.0,7.0,7.0,,,,,,,,,,,,,3346.1,2721.1,2468.6,2453.7,2017.0,102.6,30.1,4.3,,3046.7,526.0,304.3,422.4,238.4,14.9,6.7,,,,1.0,1.0,1.0,1.0,1.0
2021-07-30,330101,NY,330101.0,NEW YORK-PRESBYTERIAN HOSPITAL,,,10065.0,,36061.0,,,20230623.0,1.0,22452.0,18287.0,16579.0,17311.0,14289.0,774.0,293.0,28.0,8.0,20436.0,3542.0,1983.0,3112.0,1774.0,123.0,61.0,,,,7.0,7.0,7.0,7.0,7.0,7.0,7.0,7.0,7.0,7.0,7.0,7.0,7.0,7.0,7.0,7.0,0.0,0.0,0.0,32.0,0.0,4.0,,5.0,4.0,9.0,,6.0,0.0,,385.0,184.0,,14.0,25.0,21.0,33.0,30.0,37.0,21.0,0.0,4.0,7187.0,,0.0,7.0,7.0,7.0,7.0,,,,,,,,,,,,,3207.4,2612.4,2368.4,2473.0,2041.3,110.6,41.9,4.0,,2919.4,506.0,283.3,444.6,253.4,17.6,8.7,,,,1.0,1.0,1.0,1.0,1.0
2020-11-06,330214,NY,330214.0,NYU LANGONE HOSPITALS,,,10016.0,,36061.0,,,20230623.0,1.0,15350.0,12816.0,10622.0,10530.0,8927.0,458.0,393.0,14.0,,13030.0,2730.0,1785.0,2205.0,1433.0,66.0,61.0,0.0,0.0,0.0,7.0,7.0,7.0,7.0,7.0,7.0,7.0,7.0,7.0,7.0,7.0,7.0,7.0,7.0,7.0,7.0,3.0,3.0,3.0,58.0,,9.0,6.0,,10.0,7.0,9.0,13.0,0.0,,2481.0,44.0,0.0,,4.0,5.0,9.0,8.0,9.0,8.0,0.0,5.0,4280.0,0.0,0.0,7.0,7.0,7.0,7.0,,,,,,,,,,,,,2192.9,1830.9,1517.4,1504.3,1275.3,65.4,56.1,,,1861.4,390.0,255.0,315.0,204.7,9.4,8.7,0.0,0.0,0.0,1.0,1.0,1.0,1.0,1.0
2020-11-13,330214,NY,330214.0,NYU LANGONE HOSPITALS,,,10016.0,,36061.0,,,20230623.0,1.0,15340.0,12806.0,10612.0,10287.0,8725.0,483.0,430.0,11.0,5.0,13020.0,2730.0,1785.0,2152.0,1373.0,82.0,76.0,0.0,0.0,0.0,7.0,7.0,7.0,7.0,7.0,7.0,7.0,7.0,7.0,7.0,7.0,7.0,7.0,7.0,7.0,7.0,1.0,1.0,1.0,73.0,0.0,5.0,14.0,6.0,13.0,16.0,10.0,9.0,,,2203.0,30.0,0.0,,,,5.0,7.0,6.0,5.0,,,4032.0,0.0,0.0,7.0,7.0,7.0,7.0,,,,,,,,,,,,,2191.4,1829.4,1516.0,1469.6,1246.4,69.0,61.4,,,1860.0,390.0,255.0,307.4,196.1,11.7,10.9,0.0,0.0,0.0,1.0,1.0,1.0,1.0,1.0
2020-11-20,330214,NY,330214.0,NYU LANGONE HOSPITALS,,,10016.0,,36061.0,,,20230623.0,1.0,15326.0,12792.0,10598.0,9599.0,8254.0,617.0,552.0,14.0,8.0,13006.0,2730.0,1785.0,2019.0,1277.0,114.0,102.0,,,,7.0,7.0,7.0,7.0,7.0,7.0,7.0,7.0,7.0,7.0,7.0,7.0,7.0,7.0,7.0,7.0,0.0,0.0,0.0,81.0,0.0,4.0,7.0,7.0,13.0,19.0,11.0,20.0,,,2504.0,37.0,0.0,,0.0,,4.0,10.0,6.0,13.0,,4.0,9964.0,,0.0,7.0,7.0,7.0,7.0,,,,,,,,,,,,,2189.4,1827.4,1514.0,1371.3,1179.1,88.1,78.9,,,1858.0,390.0,255.0,288.4,182.4,16.3,14.6,,,,1.0,1.0,1.0,1.0,1.0
2020-11-27,330214,NY,330214.0,NYU LANGONE HOSPITALS,,,10016.0,,36061.0,,,20230623.0,1.0,15264.0,12730.0,10569.0,9380.0,8087.0,836.0,750.0,11.0,,12983.0,2730.0,1785.0,1871.0,1210.0,153.0,138.0,0.0,0.0,0.0,7.0,7.0,7.0,7.0,7.0,7.0,7.0,7.0,7.0,7.0,7.0,7.0,7.0,7.0,7.0,7.0,1.0,1.0,1.0,125.0,0.0,6.0,9.0,5.0,22.0,25.0,23.0,34.0,,0.0,2542.0,46.0,0.0,0.0,,4.0,6.0,5.0,13.0,16.0,0.0,9.0,4114.0,0.0,0.0,7.0,7.0,7.0,7.0,,,,,,,,,,,,,2180.6,1818.6,1509.9,1340.0,1155.3,119.4,107.1,,,1854.7,390.0,255.0,267.3,172.9,21.9,19.7,0.0,0.0,0.0,1.0,1.0,1.0,1.0,1.0
2020-12-04,330214,NY,330214.0,NYU LANGONE HOSPITALS,,,10016.0,,36061.0,,,20230623.0,1.0,15421.0,12887.0,10685.0,10223.0,8842.0,1050.0,972.0,13.0,6.0,13093.0,2730.0,1785.0,2075.0,1383.0,146.0,138.0,,,,7.0,7.0,7.0,7.0,7.0,7.0,7.0,7.0,7.0,7.0,7.0,7.0,7.0,7.0,7.0,7.0,0.0,0.0,0.0,133.0,0.0,,13.0,13.0,16.0,31.0,27.0,31.0,0.0,,2563.0,51.0,0.0,6.0,6.0,,10.0,,12.0,11.0,0.0,7.0,4046.0,,0.0,7.0,7.0,7.0,7.0,,,,,,,,,,,,,2203.0,1841.0,1526.4,1460.4,1263.1,150.0,138.9,,,1870.4,390.0,255.0,296.4,197.6,20.9,19.7,,,,1.0,1.0,1.0,1.0,1.0
2020-12-11,330214,NY,330214.0,NYU LANGONE HOSPITALS,,,10016.0,,36061.0,,,20230623.0,1.0,16635.0,14085.0,11976.0,10279.0,8638.0,1298.0,1236.0,33.0,11.0,14603.0,2730.0,1785.0,2021.0,1375.0,181.0,164.0,,0.0,0.0,7.0,7.0,7.0,7.0,7.0,7.0,7.0,7.0,7.0,7.0,7.0,7.0,7.0,7.0,7.0,7.0,2.0,2.0,2.0,192.0,0.0,12.0,14.0,21.0,33.0,24.0,44.0,44.0,,,2644.0,34.0,0.0,,,,,5.0,8.0,10.0,,11.0,4115.0,0.0,0.0,7.0,7.0,7.0,7.0,,,,,,,,,,,,,2376.4,2012.1,1710.9,1468.4,1234.0,185.4,176.6,4.7,,2086.1,390.0,255.0,288.7,196.4,25.9,23.4,,0.0,0.0,1.0,1.0,1.0,1.0,1.0
2020-12-18,330214,NY,330214.0,NYU LANGONE HOSPITALS,,,10016.0,,36061.0,,,20230623.0,1.0,17290.0,14756.0,12796.0,10340.0,8528.0,1664.0,1591.0,34.0,27.0,15512.0,2730.0,1785.0,1944.0,1341.0,228.0,222.0,7.0,0.0,0.0,7.0,7.0,7.0,7.0,7.0,7.0,7.0,7.0,7.0,7.0,7.0,7.0,7.0,7.0,7.0,7.0,7.0,7.0,7.0,216.0,,16.0,15.0,18.0,37.0,38.0,42.0,49.0,,,2400.0,47.0,0.0,4.0,7.0,,5.0,8.0,10.0,10.0,,4.0,3988.0,0.0,0.0,7.0,7.0,7.0,7.0,,,,,,,,,,,,,2470.0,2108.0,1828.0,1477.1,1218.3,237.7,227.3,4.9,,2216.0,390.0,255.0,277.7,191.6,32.6,31.7,,0.0,0.0,1.0,1.0,1.0,1.0,1.0
2020-12-25,330214,NY,330214.0,NYU LANGONE HOSPITALS,,,10016.0,,36061.0,,,20230623.0,1.0,17446.0,14912.0,12796.0,9671.0,7827.0,1988.0,1917.0,31.0,23.0,15512.0,2730.0,1785.0,1787.0,1139.0,260.0,254.0,0.0,0.0,0.0,7.0,7.0,7.0,7.0,7.0,7.0,7.0,7.0,7.0,7.0,7.0,7.0,7.0,7.0,7.0,7.0,7.0,7.0,7.0,245.0,,6.0,20.0,22.0,29.0,48.0,66.0,52.0,,,2314.0,36.0,,0.0,,,,11.0,6.0,11.0,,6.0,4135.0,0.0,0.0,7.0,7.0,7.0,7.0,,,,,,,,,,,,,2492.3,2130.3,1828.0,1381.6,1118.1,284.0,273.9,4.4,,2216.0,390.0,255.0,255.3,162.7,37.1,36.3,0.0,0.0,0.0,1.0,1.0,1.0,1.0,1.0
2021-01-01,330214,NY,330214.0,NYU LANGONE HOSPITALS,,,10016.0,,36061.0,,,20230623.0,1.0,17355.0,14821.0,12822.0,10470.0,8544.0,2211.0,2123.0,35.0,22.0,15538.0,2730.0,1785.0,1942.0,1269.0,347.0,345.0,0.0,0.0,0.0,7.0,7.0,7.0,7.0,7.0,7.0,7.0,7.0,7.0,7.0,7.0,7.0,7.0,7.0,7.0,7.0,7.0,7.0,7.0,240.0,,5.0,17.0,23.0,21.0,54.0,57.0,61.0,,6.0,2634.0,54.0,,,4.0,5.0,13.0,12.0,7.0,11.0,,7.0,4105.0,0.0,0.0,7.0,7.0,7.0,7.0,,,,,,,,,,,,,2479.3,2117.3,1831.7,1495.7,1220.6,315.9,303.3,5.0,,2219.7,390.0,255.0,277.4,181.3,49.6,49.3,0.0,0.0,0.0,1.0,1.0,1.0,1.0,1.0
2021-01-08,330214,NY,330214.0,NYU LANGONE HOSPITALS,,,10016.0,,36061.0,,,20230623.0,1.0,17465.0,14931.0,12971.0,11102.0,9186.0,2434.0,2326.0,43.0,28.0,15687.0,2730.0,1785.0,2123.0,1422.0,451.0,434.0,0.0,0.0,0.0,7.0,7.0,7.0,7.0,7.0,7.0,7.0,7.0,7.0,7.0,7.0,7.0,7.0,7.0,7.0,7.0,7.0,7.0,7.0,277.0,0.0,8.0,15.0,27.0,31.0,68.0,64.0,64.0,,7.0,2496.0,70.0,0.0,5.0,6.0,9.0,9.0,10.0,11.0,17.0,,13.0,4184.0,0.0,0.0,7.0,7.0,7.0,7.0,,,,,,,,,,,,,2495.0,2133.0,1853.0,1586.0,1312.3,347.7,332.3,6.1,4.0,2241.0,390.0,255.0,303.3,203.1,64.4,62.0,0.0,0.0,0.0,1.0,1.0,1.0,1.0,1.0
2021-01-15,330214,NY,330214.0,NYU LANGONE HOSPITALS,,,10016.0,,36061.0,,,20230623.0,1.0,17465.0,14931.0,12971.0,11199.0,9346.0,2646.0,2542.0,27.0,14.0,15687.0,2766.0,1821.0,2109.0,1442.0,482.0,468.0,0.0,0.0,0.0,7.0,7.0,7.0,7.0,7.0,7.0,7.0,7.0,7.0,7.0,7.0,7.0,7.0,7.0,7.0,7.0,7.0,7.0,7.0,295.0,,10.0,20.0,21.0,41.0,60.0,65.0,77.0,,4.0,2893.0,60.0,0.0,5.0,10.0,5.0,11.0,6.0,9.0,14.0,,6.0,4189.0,0.0,0.0,7.0,7.0,7.0,7.0,,,,,,,,,,,,,2495.0,2133.0,1853.0,1599.9,1335.1,378.0,363.1,,,2241.0,395.1,260.1,301.3,206.0,68.9,66.9,0.0,0.0,0.0,1.0,1.0,1.0,1.0,1.0
2021-01-22,330214,NY,330214.0,NYU LANGONE HOSPITALS,,,10016.0,,36061.0,,,20230623.0,1.0,17469.0,14935.0,12975.0,11308.0,9395.0,2498.0,2416.0,178.0,30.0,15691.0,2856.0,1911.0,2282.0,1608.0,444.0,436.0,4.0,0.0,4.0,7.0,7.0,7.0,7.0,7.0,7.0,7.0,7.0,7.0,7.0,7.0,7.0,7.0,7.0,7.0,7.0,7.0,7.0,7.0,292.0,,21.0,14.0,22.0,45.0,60.0,72.0,57.0,0.0,9.0,2539.0,44.0,0.0,,,5.0,,13.0,12.0,8.0,0.0,11.0,4367.0,4.0,0.0,7.0,7.0,7.0,7.0,,,,,,,,,,,,,2495.6,2133.6,1853.6,1615.4,1342.1,356.9,345.1,25.4,4.3,2241.6,408.0,273.0,326.0,229.7,63.4,62.3,,0.0,,1.0,1.0,1.0,1.0,1.0
2021-01-29,330214,NY,330214.0,NYU LANGONE HOSPITALS,,,10016.0,,36061.0,,,20230623.0,1.0,17361.0,14827.0,12867.0,10983.0,8949.0,2258.0,2213.0,45.0,37.0,15583.0,2856.0,1911.0,2352.0,1563.0,440.0,435.0,0.0,0.0,0.0,7.0,7.0,7.0,7.0,7.0,7.0,7.0,7.0,7.0,7.0,7.0,7.0,7.0,7.0,7.0,7.0,7.0,7.0,7.0,238.0,0.0,9.0,22.0,20.0,33.0,54.0,47.0,53.0,,5.0,2050.0,21.0,,,0.0,,6.0,4.0,4.0,4.0,,5.0,3941.0,0.0,0.0,7.0,7.0,7.0,7.0,1693.0,,22864.0,,50100.0,,22334.0,,14341.0,,28992.0,,2480.1,2118.1,1838.1,1569.0,1278.4,322.6,316.1,6.4,5.3,2226.1,408.0,273.0,336.0,223.3,62.9,62.1,0.0,0.0,0.0,1.0,1.0,1.0,1.0,1.0
2021-02-05,330214,NY,330214.0,NYU LANGONE HOSPITALS,,,10016.0,,36061.0,,,20230623.0,1.0,17033.0,14499.0,12539.0,10942.0,8847.0,2126.0,2068.0,34.0,26.0,15255.0,2856.0,1911.0,2382.0,1589.0,434.0,429.0,0.0,0.0,0.0,7.0,7.0,7.0,7.0,7.0,7.0,7.0,7.0,7.0,7.0,7.0,7.0,7.0,7.0,7.0,7.0,7.0,7.0,7.0,240.0,,12.0,19.0,22.0,32.0,41.0,55.0,57.0,0.0,,2031.0,27.0,0.0,,,,5.0,7.0,5.0,6.0,0.0,8.0,4389.0,0.0,0.0,7.0,7.0,7.0,7.0,5027.0,,5224.0,,3831.0,,25747.0,,13963.0,,29429.0,,2433.3,2071.3,1791.3,1563.1,1263.9,303.7,295.4,4.9,,2179.3,408.0,273.0,340.3,227.0,62.0,61.3,0.0,0.0,0.0,1.0,1.0,1.0,1.0,1.0
2021-02-12,330214,NY,330214.0,NYU LANGONE HOSPITALS,,,10016.0,,36061.0,,,20230623.0,1.0,16814.0,14280.0,12320.0,10687.0,8656.0,1870.0,1813.0,21.0,13.0,15036.0,2856.0,1911.0,2268.0,1522.0,363.0,355.0,0.0,0.0,0.0,7.0,7.0,7.0,7.0,7.0,7.0,7.0,7.0,7.0,7.0,7.0,7.0,7.0,7.0,7.0,7.0,7.0,7.0,7.0,192.0,0.0,11.0,21.0,14.0,14.0,44.0,41.0,47.0,,5.0,2034.0,38.0,,4.0,,,,9.0,10.0,7.0,,4.0,4372.0,0.0,0.0,7.0,7.0,7.0,7.0,6630.0,,4317.0,,1799.0,,27086.0,,13436.0,,29926.0,,2402.0,2040.0,1760.0,1526.7,1236.6,267.1,259.0,,,2148.0,408.0,273.0,324.0,217.4,51.9,50.7,0.0,0.0,0.0,1.0,1.0,1.0,1.0,1.0
2021-02-19,330214,NY,330214.0,NYU LANGONE HOSPITALS,,,10016.0,,36061.0,,,20230623.0,1.0,16814.0,14280.0,12320.0,10762.0,8661.0,1755.0,1710.0,25.0,17.0,15036.0,2856.0,1911.0,2263.0,1500.0,329.0,320.0,0.0,0.0,0.0,7.0,7.0,7.0,7.0,7.0,7.0,7.0,7.0,7.0,7.0,7.0,7.0,7.0,7.0,7.0,7.0,7.0,7.0,7.0,208.0,,13.0,17.0,12.0,36.0,51.0,33.0,45.0,,6.0,1983.0,18.0,0.0,0.0,,,,,9.0,,,,4388.0,0.0,0.0,7.0,7.0,7.0,7.0,6812.0,,4401.0,,1199.0,,27942.0,,13005.0,,30340.0,,2402.0,2040.0,1760.0,1537.4,1237.3,250.7,244.3,,,2148.0,408.0,273.0,323.3,214.3,47.0,45.7,0.0,0.0,0.0,1.0,1.0,1.0,1.0,1.0
2021-02-26,330214,NY,330214.0,NYU LANGONE HOSPITALS,,,10016.0,,36061.0,,,20230623.0,1.0,16814.0,14280.0,12320.0,10768.0,8842.0,1749.0,1715.0,25.0,18.0,15036.0,2856.0,1911.0,2193.0,1539.0,340.0,336.0,0.0,0.0,0.0,7.0,7.0,7.0,7.0,7.0,7.0,7.0,7.0,7.0,7.0,7.0,7.0,7.0,7.0,7.0,7.0,7.0,7.0,7.0,197.0,,12.0,14.0,23.0,28.0,40.0,43.0,34.0,,6.0,2189.0,18.0,,,,,,5.0,,,,7.0,4555.0,0.0,0.0,7.0,7.0,7.0,7.0,5844.0,,6554.0,,956.0,,28429.0,,12670.0,,30628.0,,2402.0,2040.0,1760.0,1538.3,1263.1,249.9,245.0,,,2148.0,408.0,273.0,313.3,219.9,48.6,48.0,0.0,0.0,0.0,1.0,1.0,1.0,1.0,1.0
2021-03-05,330214,NY,330214.0,NYU LANGONE HOSPITALS,,,10016.0,,36061.0,,,20230623.0,1.0,16865.0,14280.0,12320.0,10760.0,8775.0,1601.0,1564.0,28.0,24.0,15087.0,2802.0,1857.0,2082.0,1465.0,346.0,340.0,0.0,0.0,0.0,7.0,7.0,7.0,7.0,7.0,7.0,7.0,7.0,7.0,7.0,7.0,7.0,7.0,7.0,7.0,7.0,7.0,7.0,7.0,177.0,0.0,11.0,14.0,23.0,25.0,32.0,33.0,39.0,,9.0,2101.0,16.0,0.0,0.0,,0.0,,5.0,,6.0,0.0,4.0,4541.0,0.0,0.0,7.0,7.0,7.0,7.0,5067.0,,8015.0,,913.0,,29177.0,,12992.0,,30553.0,,2409.3,2040.0,1760.0,1537.1,1253.6,228.7,223.4,4.0,,2155.3,400.3,265.3,297.4,209.3,49.4,48.6,0.0,0.0,0.0,1.0,1.0,1.0,1.0,1.0
2021-03-12,330214,NY,330214.0,NYU LANGONE HOSPITALS,,,10016.0,,36061.0,,,20230623.0,1.0,16934.0,14280.0,12320.0,10681.0,8699.0,1564.0,1442.0,33.0,24.0,15156.0,2730.0,1785.0,2039.0,1446.0,333.0,325.0,0.0,0.0,0.0,7.0,7.0,7.0,7.0,7.0,7.0,7.0,7.0,7.0,7.0,7.0,7.0,7.0,7.0,7.0,7.0,7.0,7.0,7.0,196.0,,13.0,21.0,17.0,31.0,38.0,28.0,45.0,,7.0,2186.0,28.0,0.0,,,,7.0,5.0,5.0,6.0,0.0,5.0,4287.0,0.0,0.0,7.0,7.0,7.0,7.0,5255.0,,10486.0,,840.0,,29518.0,,12600.0,,30907.0,,2419.1,2040.0,1760.0,1525.9,1242.7,223.4,206.0,4.7,,2165.1,390.0,255.0,291.3,206.6,47.6,46.4,0.0,0.0,0.0,1.0,1.0,1.0,1.0,1.0
2021-03-19,330214,NY,330214.0,NYU LANGONE HOSPITALS,,,10016.0,,36061.0,,,20230623.0,1.0,16954.0,14280.0,12320.0,11163.0,9079.0,1526.0,1495.0,37.0,33.0,15176.0,2730.0,1785.0,2194.0,1517.0,318.0,312.0,0.0,0.0,0.0,7.0,7.0,7.0,7.0,7.0,7.0,7.0,7.0,7.0,7.0,7.0,7.0,7.0,7.0,7.0,7.0,7.0,7.0,7.0,172.0,,9.0,22.0,13.0,35.0,41.0,25.0,24.0,,5.0,2179.0,16.0,0.0,,,,,4.0,,,0.0,,4737.0,0.0,0.0,7.0,7.0,7.0,7.0,7032.0,,9792.0,,710.0,,29877.0,,12344.0,,31174.0,,2422.0,2040.0,1760.0,1594.7,1297.0,218.0,213.6,5.3,4.7,2168.0,390.0,255.0,313.4,216.7,45.4,44.6,0.0,0.0,0.0,1.0,1.0,1.0,1.0,1.0
2021-03-26,330214,NY,330214.0,NYU LANGONE HOSPITALS,,,10016.0,,36061.0,,,20230623.0,1.0,16874.0,14280.0,12320.0,10871.0,8887.0,1595.0,1557.0,22.0,17.0,15096.0,2730.0,1785.0,2129.0,1449.0,323.0,312.0,0.0,0.0,0.0,7.0,7.0,7.0,7.0,7.0,7.0,7.0,7.0,7.0,7.0,7.0,7.0,7.0,7.0,7.0,7.0,7.0,7.0,7.0,195.0,,14.0,17.0,18.0,39.0,42.0,32.0,32.0,,4.0,2206.0,21.0,0.0,,,,,5.0,7.0,,,,4864.0,0.0,0.0,7.0,7.0,7.0,7.0,7560.0,,7821.0,,641.0,,30162.0,,12115.0,,31372.0,,2410.6,2040.0,1760.0,1553.0,1269.6,227.9,222.4,,,2156.6,390.0,255.0,304.1,207.0,46.1,44.6,0.0,0.0,0.0,1.0,1.0,1.0,1.0,1.0
2021-04-02,330214,NY,330214.0,NYU LANGONE HOSPITALS,,,10016.0,,36061.0,,,20230623.0,1.0,16814.0,14280.0,12320.0,10893.0,8791.0,1479.0,1437.0,36.0,23.0,15036.0,2730.0,1785.0,2187.0,1427.0,378.0,368.0,0.0,0.0,0.0,7.0,7.0,7.0,7.0,7.0,7.0,7.0,7.0,7.0,7.0,7.0,7.0,7.0,7.0,7.0,7.0,7.0,7.0,7.0,179.0,,17.0,16.0,17.0,32.0,38.0,28.0,30.0,,,2181.0,29.0,,0.0,,,5.0,5.0,5.0,6.0,,9.0,4796.0,0.0,0.0,7.0,7.0,7.0,7.0,8980.0,,10819.0,,903.0,,30554.0,,11853.0,,31630.0,,2402.0,2040.0,1760.0,1556.1,1255.9,211.3,205.3,5.1,,2148.0,390.0,255.0,312.4,203.9,54.0,52.6,0.0,0.0,0.0,1.0,1.0,1.0,1.0,1.0
2021-04-09,330214,NY,330214.0,NYU LANGONE HOSPITALS,,,10016.0,,36061.0,,,20230623.0,1.0,16814.0,14280.0,12320.0,10859.0,8831.0,1293.0,1269.0,18.0,9.0,15036.0,2730.0,1785.0,2244.0,1515.0,380.0,378.0,0.0,0.0,0.0,7.0,7.0,7.0,7.0,7.0,7.0,7.0,7.0,7.0,7.0,7.0,7.0,7.0,7.0,7.0,7.0,7.0,7.0,7.0,146.0,,12.0,19.0,19.0,12.0,23.0,27.0,31.0,,,2182.0,13.0,0.0,,,,,,,,,12.0,4736.0,0.0,0.0,7.0,7.0,7.0,7.0,8921.0,,12138.0,,822.0,,30847.0,,11684.0,,31883.0,,2402.0,2040.0,1760.0,1551.3,1261.6,184.7,181.3,,,2148.0,390.0,255.0,320.6,216.4,54.3,54.0,0.0,0.0,0.0,1.0,1.0,1.0,1.0,1.0
2021-04-16,330214,NY,330214.0,NYU LANGONE HOSPITALS,,,10016.0,,36061.0,,,20230623.0,1.0,16854.0,14280.0,12320.0,10804.0,8761.0,1070.0,1046.0,21.0,12.0,15076.0,2730.0,1785.0,2231.0,1481.0,344.0,338.0,0.0,0.0,0.0,7.0,7.0,7.0,7.0,7.0,7.0,7.0,7.0,7.0,7.0,7.0,7.0,7.0,7.0,7.0,7.0,7.0,7.0,7.0,120.0,0.0,12.0,11.0,14.0,26.0,15.0,21.0,21.0,,6.0,2125.0,12.0,0.0,,0.0,,,,0.0,,,11.0,5035.0,0.0,0.0,7.0,7.0,7.0,7.0,9161.0,,9105.0,,723.0,,31141.0,,11547.0,,32042.0,,2407.7,2040.0,1760.0,1543.4,1251.6,152.9,149.4,,,2153.7,390.0,255.0,318.7,211.6,49.1,48.3,0.0,0.0,0.0,1.0,1.0,1.0,1.0,1.0
2021-04-23,330214,NY,330214.0,NYU LANGONE HOSPITALS,,,10016.0,,36061.0,,,20230623.0,1.0,16834.0,14280.0,12320.0,10905.0,8807.0,890.0,853.0,21.0,11.0,15056.0,2730.0,1785.0,2242.0,1503.0,310.0,299.0,0.0,0.0,0.0,7.0,7.0,7.0,7.0,7.0,7.0,7.0,7.0,7.0,7.0,7.0,7.0,7.0,7.0,7.0,7.0,7.0,7.0,7.0,94.0,0.0,9.0,10.0,11.0,13.0,15.0,21.0,15.0,,5.0,1975.0,16.0,0.0,,0.0,,,,6.0,,0.0,9.0,4871.0,0.0,0.0,7.0,7.0,7.0,7.0,9293.0,,4882.0,,614.0,,31378.0,,11461.0,,32176.0,,2404.9,2040.0,1760.0,1557.9,1258.1,127.1,121.9,,,2150.9,390.0,255.0,320.3,214.7,44.3,42.7,0.0,0.0,0.0,1.0,1.0,1.0,1.0,1.0
2021-04-30,330214,NY,330214.0,NYU LANGONE HOSPITALS,,,10016.0,,36061.0,,,20230623.0,1.0,16790.0,14256.0,12296.0,10698.0,8517.0,599.0,575.0,9.0,6.0,15012.0,2730.0,1785.0,2266.0,1478.0,207.0,204.0,0.0,0.0,0.0,7.0,7.0,7.0,7.0,7.0,7.0,7.0,7.0,7.0,7.0,7.0,7.0,7.0,7.0,7.0,7.0,7.0,7.0,7.0,61.0,0.0,10.0,13.0,11.0,10.0,4.0,,12.0,0.0,4.0,1933.0,14.0,,,,,0.0,,0.0,,0.0,,4862.0,0.0,0.0,7.0,7.0,7.0,7.0,10476.0,,2969.0,,680.0,,31625.0,,11353.0,,32259.0,,2398.6,2036.6,1756.6,1528.3,1216.7,85.6,82.1,,,2144.6,390.0,255.0,323.7,211.1,29.6,29.1,0.0,0.0,0.0,1.0,1.0,1.0,1.0,1.0
2021-05-07,330214,NY,330214.0,NYU LANGONE HOSPITALS,,,10016.0,,36061.0,,,20230623.0,1.0,16836.0,14302.0,12342.0,10820.0,8653.0,518.0,501.0,18.0,7.0,15058.0,2730.0,1785.0,2186.0,1411.0,177.0,170.0,0.0,0.0,0.0,7.0,7.0,7.0,7.0,7.0,7.0,7.0,7.0,7.0,7.0,7.0,7.0,7.0,7.0,7.0,7.0,7.0,7.0,7.0,59.0,0.0,6.0,6.0,8.0,6.0,11.0,11.0,11.0,,,1827.0,11.0,,,,,,,,,,11.0,4785.0,0.0,0.0,7.0,7.0,7.0,7.0,8769.0,,2256.0,,657.0,,31905.0,,11189.0,,32464.0,,2405.1,2043.1,1763.1,1545.7,1236.1,74.0,71.6,,,2151.1,390.0,255.0,312.3,201.6,25.3,24.3,0.0,0.0,0.0,1.0,1.0,1.0,1.0,1.0
2021-05-14,330214,NY,330214.0,NYU LANGONE HOSPITALS,,,10016.0,,36061.0,,,20230623.0,1.0,16820.0,14286.0,12326.0,10352.0,8351.0,367.0,348.0,7.0,4.0,15042.0,2730.0,1785.0,2099.0,1365.0,113.0,108.0,0.0,0.0,0.0,7.0,7.0,7.0,7.0,7.0,7.0,7.0,7.0,7.0,7.0,7.0,7.0,7.0,7.0,7.0,7.0,7.0,7.0,7.0,44.0,,4.0,4.0,7.0,7.0,7.0,8.0,6.0,,,1938.0,14.0,0.0,,0.0,,,,4.0,,,4.0,5078.0,0.0,0.0,7.0,7.0,7.0,7.0,6287.0,,3197.0,,513.0,,32026.0,,11057.0,,32556.0,,2402.9,2040.9,1760.9,1478.9,1193.0,52.4,49.7,,,2148.9,390.0,255.0,299.9,195.0,16.1,15.4,0.0,0.0,0.0,1.0,1.0,1.0,1.0,1.0
2021-05-21,330214,NY,330214.0,NYU LANGONE HOSPITALS,,,10016.0,,36061.0,,,20230623.0,1.0,16772.0,14238.0,12278.0,10696.0,8654.0,334.0,300.0,12.0,6.0,14994.0,2751.0,1806.0,2129.0,1408.0,76.0,64.0,0.0,0.0,0.0,7.0,7.0,7.0,7.0,7.0,7.0,7.0,7.0,7.0,7.0,7.0,7.0,7.0,7.0,7.0,7.0,7.0,7.0,7.0,46.0,0.0,4.0,13.0,,5.0,9.0,6.0,6.0,,,2011.0,15.0,0.0,,4.0,,,0.0,4.0,,,5.0,5077.0,0.0,0.0,7.0,7.0,7.0,7.0,4065.0,,2751.0,,566.0,,32226.0,,10937.0,,32746.0,,2396.0,2034.0,1754.0,1528.0,1236.3,47.7,42.9,,,2142.0,393.0,258.0,304.1,201.1,10.9,9.1,0.0,0.0,0.0,1.0,1.0,1.0,1.0,1.0
2021-05-28,330214,NY,330214.0,NYU LANGONE HOSPITALS,,,10016.0,,36061.0,,,20230623.0,1.0,16772.0,14238.0,12278.0,10233.0,8265.0,243.0,213.0,4.0,0.0,14994.0,2779.0,1834.0,2075.0,1359.0,47.0,46.0,0.0,0.0,0.0,7.0,7.0,7.0,7.0,7.0,7.0,7.0,7.0,7.0,7.0,7.0,7.0,7.0,7.0,7.0,7.0,7.0,7.0,7.0,28.0,0.0,,5.0,5.0,,,4.0,6.0,0.0,0.0,1751.0,6.0,0.0,,,,0.0,0.0,,,0.0,5.0,4908.0,0.0,0.0,7.0,7.0,7.0,7.0,2045.0,,1030.0,,294.0,,32384.0,,10825.0,,32870.0,,2396.0,2034.0,1754.0,1461.9,1180.7,34.7,30.4,,0.0,2142.0,397.0,262.0,296.4,194.1,6.7,6.6,0.0,0.0,0.0,1.0,1.0,1.0,1.0,1.0
2021-06-04,330214,NY,330214.0,NYU LANGONE HOSPITALS,,,10016.0,,36061.0,,,20230623.0,1.0,16772.0,14238.0,12278.0,10742.0,8610.0,184.0,166.0,11.0,,14994.0,2779.0,1834.0,2223.0,1441.0,45.0,38.0,0.0,0.0,0.0,7.0,7.0,7.0,7.0,7.0,7.0,7.0,7.0,7.0,7.0,7.0,7.0,7.0,7.0,7.0,7.0,7.0,7.0,7.0,27.0,0.0,,7.0,,4.0,4.0,,6.0,,,1859.0,10.0,0.0,0.0,,0.0,,,5.0,,,7.0,5193.0,0.0,0.0,7.0,7.0,7.0,7.0,3904.0,,1393.0,,468.0,,32542.0,,10841.0,,32959.0,,2396.0,2034.0,1754.0,1534.6,1230.0,26.3,23.7,,,2142.0,397.0,262.0,317.6,205.9,6.4,5.4,0.0,0.0,0.0,1.0,1.0,1.0,1.0,1.0
2021-06-11,330214,NY,330214.0,NYU LANGONE HOSPITALS,,,10016.0,,36061.0,,,20230623.0,1.0,16772.0,14238.0,12281.0,10631.0,8436.0,140.0,128.0,15.0,11.0,14994.0,2755.0,1810.0,2215.0,1401.0,38.0,36.0,0.0,0.0,0.0,7.0,7.0,7.0,7.0,7.0,7.0,7.0,7.0,7.0,7.0,7.0,7.0,7.0,7.0,7.0,7.0,1.0,1.0,1.0,21.0,0.0,4.0,6.0,,,,4.0,,0.0,,1952.0,6.0,0.0,0.0,,0.0,,,,0.0,0.0,8.0,5120.0,0.0,0.0,7.0,7.0,7.0,7.0,2612.0,,808.0,,320.0,,32491.0,,10970.0,,32840.0,,2396.0,2034.0,1754.4,1518.7,1205.1,20.0,18.3,,,2142.0,393.6,258.6,316.4,200.1,5.4,5.1,0.0,0.0,0.0,1.0,1.0,1.0,1.0,1.0
2021-06-18,330214,NY,330214.0,NYU LANGONE HOSPITALS,,,10016.0,,36061.0,,,20230623.0,1.0,16772.0,14238.0,12278.0,10935.0,8954.0,121.0,115.0,25.0,12.0,14994.0,2736.0,1791.0,2174.0,1407.0,19.0,19.0,,,,7.0,7.0,7.0,7.0,7.0,7.0,7.0,7.0,7.0,7.0,7.0,7.0,7.0,7.0,7.0,7.0,0.0,0.0,0.0,23.0,0.0,,,,5.0,,,5.0,,4.0,2028.0,5.0,0.0,,0.0,0.0,0.0,0.0,,,,10.0,5342.0,,0.0,7.0,7.0,7.0,7.0,2612.0,,808.0,,320.0,,32491.0,,10970.0,,32840.0,,2396.0,2034.0,1754.0,1562.1,1279.1,17.3,16.4,,,2142.0,390.9,255.9,310.6,201.0,,5.3,,,,1.0,1.0,0.0,1.0,1.0
2021-06-25,330214,NY,330214.0,NYU LANGONE HOSPITALS,,,10016.0,,36061.0,,,20230623.0,1.0,16772.0,14238.0,12278.0,10962.0,8912.0,81.0,70.0,5.0,,14994.0,2737.0,1792.0,2183.0,1419.0,18.0,15.0,0.0,0.0,0.0,7.0,7.0,7.0,7.0,7.0,7.0,7.0,7.0,7.0,7.0,7.0,7.0,7.0,7.0,7.0,7.0,1.0,1.0,1.0,18.0,0.0,9.0,5.0,,,,0.0,0.0,0.0,0.0,2398.0,7.0,0.0,,,0.0,,0.0,0.0,,0.0,,4767.0,0.0,0.0,7.0,7.0,7.0,7.0,1278.0,,615.0,,242.0,,32666.0,,11023.0,,32907.0,,2396.0,2034.0,1754.0,1566.0,1273.1,11.6,10.0,,,2142.0,391.0,256.0,311.9,202.7,,5.5,0.0,0.0,0.0,1.0,1.0,0.0,1.0,1.0
2021-07-02,330214,NY,330214.0,NYU LANGONE HOSPITALS,,,10016.0,,36061.0,,,20230623.0,1.0,16772.0,14238.0,12278.0,10602.0,8724.0,109.0,99.0,8.0,4.0,14994.0,2737.0,1792.0,2084.0,1259.0,26.0,26.0,0.0,0.0,0.0,7.0,7.0,7.0,7.0,7.0,7.0,7.0,7.0,7.0,7.0,7.0,7.0,7.0,7.0,7.0,7.0,2.0,2.0,2.0,19.0,0.0,5.0,5.0,,,,0.0,,0.0,,2018.0,5.0,0.0,,0.0,0.0,0.0,0.0,,,0.0,4.0,5277.0,0.0,0.0,7.0,7.0,7.0,7.0,670.0,,364.0,,161.0,,32316.0,,11534.0,,32563.0,,2396.0,2034.0,1754.0,1514.6,1246.3,15.6,14.1,,,2142.0,391.0,256.0,297.7,179.9,,5.699999999999999,0.0,0.0,0.0,1.0,1.0,0.0,1.0,1.0
2021-07-09,330214,NY,330214.0,NYU LANGONE HOSPITALS,,,10016.0,,36061.0,,,20230623.0,1.0,16772.0,14238.0,12278.0,10896.0,8852.0,115.0,108.0,20.0,11.0,14994.0,2779.0,1834.0,2204.0,1422.0,27.0,27.0,0.0,0.0,0.0,7.0,7.0,7.0,7.0,7.0,7.0,7.0,7.0,7.0,7.0,7.0,7.0,7.0,7.0,7.0,7.0,2.0,2.0,2.0,30.0,0.0,,,,6.0,8.0,8.0,,0.0,,1985.0,4.5,0.0,0.0,0.0,,0.0,0.0,,0.0,0.0,7.0,5362.0,0.0,1.0,7.0,7.0,7.0,7.0,746.0,,450.0,,260.0,,33008.0,,10763.0,,33289.0,,2396.0,2034.0,1754.0,1556.6,1264.6,16.4,15.4,,,2142.0,397.0,262.0,314.9,203.1,,5.8999999999999995,0.0,0.0,0.0,1.0,1.0,0.0,1.0,0.0
2021-07-16,330214,NY,330214.0,NYU LANGONE HOSPITALS,,,10016.0,,36061.0,,,20230623.0,1.0,16772.0,14238.0,12278.0,10798.0,8919.0,151.0,142.0,8.0,,14994.0,2773.0,1828.0,2146.0,1402.0,45.0,43.0,0.0,0.0,0.0,7.0,7.0,7.0,7.0,7.0,7.0,7.0,7.0,7.0,7.0,7.0,7.0,7.0,7.0,7.0,7.0,1.0,1.0,1.0,26.0,0.0,6.0,0.0,4.0,6.0,,,5.0,0.0,,2099.0,4.0,0.0,,0.0,0.0,,,0.0,0.0,0.0,,5445.0,0.0,0.0,7.0,7.0,7.0,7.0,691.0,,583.0,,318.0,,33272.0,,10381.0,,33661.0,,2396.0,2034.0,1754.0,1542.6,1274.1,21.6,20.3,,,2142.0,396.1,261.1,306.6,200.3,6.4,6.1,0.0,0.0,0.0,1.0,1.0,1.0,1.0,1.0
2021-07-23,330214,NY,330214.0,NYU LANGONE HOSPITALS,,,10016.0,,36061.0,,,20230623.0,1.0,16772.0,14238.0,12278.0,10814.0,8893.0,217.0,201.0,19.0,7.0,14994.0,2779.0,1834.0,2114.0,1315.0,44.0,44.0,0.0,0.0,0.0,7.0,7.0,7.0,7.0,7.0,7.0,7.0,7.0,7.0,7.0,7.0,7.0,7.0,7.0,7.0,7.0,1.0,1.0,1.0,32.0,0.0,,6.0,5.0,8.0,7.0,0.0,,0.0,,2025.0,11.0,,0.0,4.0,,,,0.0,0.0,,7.0,5508.0,0.0,0.0,7.0,7.0,7.0,7.0,380.0,,564.0,,209.0,,33535.0,,9975.0,,33930.0,,2396.0,2034.0,1754.0,1544.9,1270.4,31.0,28.7,,,2142.0,397.0,262.0,302.0,187.9,6.3,6.3,0.0,0.0,0.0,1.0,1.0,1.0,1.0,1.0
2021-07-30,330214,NY,330214.0,NYU LANGONE HOSPITALS,,,10016.0,,36061.0,,,20230623.0,1.0,16772.0,14238.0,12278.0,10663.0,8676.0,238.0,225.0,14.0,11.0,14994.0,2779.0,1834.0,2163.0,1365.0,52.0,48.0,,,,7.0,7.0,7.0,7.0,7.0,7.0,7.0,7.0,7.0,7.0,7.0,7.0,7.0,7.0,7.0,7.0,0.0,0.0,0.0,48.0,0.0,12.0,7.0,7.0,5.0,8.0,4.0,5.0,0.0,,2124.0,8.0,,,,,,,,0.0,0.0,,5377.0,,0.0,7.0,7.0,7.0,7.0,476.0,,619.0,,303.0,,33667.0,,9989.0,,34041.0,,2396.0,2034.0,1754.0,1523.3,1239.4,34.0,32.1,,,2142.0,397.0,262.0,309.0,195.0,7.4,6.9,,,,1.0,1.0,1.0,1.0,1.0
2020-11-06,330285,NY,330285.0,STRONG MEMORIAL HOSPITAL,,,14642.0,,36055.0,,,20230623.0,1.0,9156.0,7938.0,7133.0,5901.0,4827.0,189.0,141.0,10.0,4.0,8218.0,1400.0,1260.0,904.0,754.0,49.0,41.0,0.0,0.0,0.0,7.0,7.0,7.0,7.0,7.0,7.0,7.0,7.0,7.0,7.0,7.0,7.0,7.0,7.0,7.0,7.0,7.0,7.0,7.0,18.0,0.0,,,0.0,,4.0,,,0.0,,19.0,40.0,,4.0,6.0,,7.0,6.0,11.0,,0.0,6.0,2125.0,0.0,0.0,7.0,7.0,7.0,7.0,,,,,,,,,,,,,1308.0,1134.0,1019.0,843.0,689.6,27.0,20.1,,,1174.0,200.0,180.0,129.1,107.7,7.0,5.9,0.0,0.0,0.0,1.0,1.0,1.0,1.0,1.0
2020-11-13,330285,NY,330285.0,STRONG MEMORIAL HOSPITAL,,,14642.0,,36055.0,,,20230623.0,1.0,9156.0,7938.0,7133.0,5965.0,4933.0,366.0,325.0,17.0,5.0,8218.0,1400.0,1260.0,911.0,761.0,70.0,68.0,0.0,0.0,0.0,7.0,7.0,7.0,7.0,7.0,7.0,7.0,7.0,7.0,7.0,7.0,7.0,7.0,7.0,7.0,7.0,7.0,7.0,7.0,28.0,,,,,7.0,5.0,4.0,6.0,0.0,,30.0,37.0,0.0,6.0,,,7.0,10.0,4.0,6.0,0.0,9.0,1834.0,0.0,0.0,7.0,7.0,7.0,7.0,,,,,,,,,,,,,1308.0,1134.0,1019.0,852.1,704.7,52.3,46.4,,,1174.0,200.0,180.0,130.1,108.7,10.0,9.7,0.0,0.0,0.0,1.0,1.0,1.0,1.0,1.0
2020-11-20,330285,NY,330285.0,STRONG MEMORIAL HOSPITAL,,,14642.0,,36055.0,,,20230623.0,1.0,7665.0,6475.0,5691.0,6020.0,4985.0,571.0,507.0,19.0,13.0,6727.0,1057.0,861.0,835.0,701.0,129.0,129.0,0.0,0.0,0.0,7.0,7.0,7.0,7.0,7.0,7.0,7.0,7.0,7.0,7.0,7.0,7.0,7.0,7.0,7.0,7.0,7.0,7.0,7.0,56.0,,,4.0,,10.0,15.0,16.0,6.0,0.0,,84.0,36.0,0.0,,7.0,4.0,6.0,6.0,5.0,7.0,0.0,5.0,1863.0,0.0,0.0,7.0,7.0,7.0,7.0,,,,,,,,,,,,,1095.0,925.0,813.0,860.0,712.1,81.6,72.4,,,961.0,151.0,123.0,119.3,100.1,18.4,18.4,0.0,0.0,0.0,1.0,1.0,1.0,1.0,1.0
2020-11-27,330285,NY,330285.0,STRONG MEMORIAL HOSPITAL,,,14642.0,,36055.0,,,20230623.0,1.0,7665.0,6475.0,5691.0,5979.0,4967.0,793.0,747.0,24.0,17.0,6727.0,1057.0,861.0,846.0,720.0,227.0,225.0,0.0,0.0,0.0,7.0,7.0,7.0,7.0,7.0,7.0,7.0,7.0,7.0,7.0,7.0,7.0,7.0,7.0,7.0,7.0,7.0,7.0,7.0,62.0,0.0,,6.0,,8.0,19.0,10.0,14.0,0.0,4.0,72.0,46.0,,,5.0,,10.0,10.0,6.0,7.0,0.0,6.0,1673.0,0.0,0.0,7.0,7.0,7.0,7.0,,,,,,,,,,,,,1095.0,925.0,813.0,854.1,709.6,113.3,106.7,,,961.0,151.0,123.0,120.9,102.9,32.4,32.1,0.0,0.0,0.0,1.0,1.0,1.0,1.0,1.0
2020-12-04,330285,NY,330285.0,STRONG MEMORIAL HOSPITAL,,,14642.0,,36055.0,,,20230623.0,1.0,7665.0,6475.0,5691.0,6190.0,5154.0,959.0,915.0,46.0,32.0,6727.0,1057.0,861.0,876.0,745.0,304.0,301.0,0.0,0.0,0.0,7.0,7.0,7.0,7.0,7.0,7.0,7.0,7.0,7.0,7.0,7.0,7.0,7.0,7.0,7.0,7.0,7.0,7.0,7.0,93.0,,5.0,5.0,5.0,20.0,19.0,17.0,20.0,0.0,,82.0,47.0,,,6.0,4.0,6.0,9.0,14.0,4.0,0.0,8.0,1899.0,0.0,0.0,7.0,7.0,7.0,7.0,,,,,,,,,,,,,1095.0,925.0,813.0,884.3,736.3,137.0,130.7,6.6,4.6,961.0,151.0,123.0,125.1,106.4,43.4,43.0,0.0,0.0,0.0,1.0,1.0,1.0,1.0,1.0
2020-12-11,330285,NY,330285.0,STRONG MEMORIAL HOSPITAL,,,14642.0,,36055.0,,,20230623.0,1.0,8749.0,7647.0,6775.0,6163.0,5191.0,1146.0,1072.0,50.0,40.0,7811.0,1127.0,931.0,931.0,761.0,349.0,348.0,0.0,0.0,0.0,7.0,7.0,7.0,7.0,7.0,7.0,7.0,7.0,7.0,7.0,7.0,7.0,7.0,7.0,7.0,7.0,7.0,7.0,7.0,76.0,0.0,,5.0,5.0,13.0,16.0,22.0,12.0,0.0,,75.0,50.0,,6.0,8.0,5.0,11.0,8.0,7.0,4.0,0.0,5.0,1873.0,0.0,0.0,7.0,7.0,7.0,7.0,,,,,,,,,,,,,1249.9,1092.4,967.9,880.4,741.6,163.7,153.1,7.1,5.7,1115.9,161.0,133.0,133.0,108.7,49.9,49.7,0.0,0.0,0.0,1.0,1.0,1.0,1.0,1.0
2020-12-18,330285,NY,330285.0,STRONG MEMORIAL HOSPITAL,,,14642.0,,36055.0,,,20230623.0,1.0,9352.0,8316.0,7378.0,6170.0,5317.0,1066.0,1022.0,39.0,35.0,8414.0,1127.0,931.0,913.0,768.0,270.0,270.0,0.0,0.0,0.0,7.0,7.0,7.0,7.0,7.0,7.0,7.0,7.0,7.0,7.0,7.0,7.0,7.0,7.0,7.0,7.0,7.0,7.0,7.0,103.0,0.0,5.0,4.0,5.0,12.0,26.0,18.0,33.0,0.0,9.0,117.0,34.0,,,,,6.0,6.0,8.0,5.0,0.0,4.0,1806.0,0.0,0.0,7.0,7.0,7.0,7.0,,,,,,,,,,,,,1336.0,1188.0,1054.0,881.4,759.6,152.3,146.0,5.6,5.0,1202.0,161.0,133.0,130.4,109.7,38.6,38.6,0.0,0.0,0.0,1.0,1.0,1.0,1.0,1.0
2020-12-25,330285,NY,330285.0,STRONG MEMORIAL HOSPITAL,,,14642.0,,36055.0,,,20230623.0,1.0,9352.0,8316.0,7378.0,5796.0,3999.0,1197.0,1160.0,40.0,34.0,8414.0,1127.0,931.0,923.0,754.0,338.0,338.0,0.0,0.0,0.0,7.0,7.0,7.0,7.0,7.0,7.0,7.0,7.0,7.0,7.0,7.0,7.0,7.0,7.0,7.0,7.0,7.0,7.0,7.0,100.0,0.0,,10.0,7.0,14.0,26.0,25.0,17.0,0.0,4.0,106.0,26.0,,,7.0,,4.0,,,7.0,0.0,6.0,1814.0,0.0,0.0,7.0,7.0,7.0,7.0,,,,,,,,,,,,,1336.0,1188.0,1054.0,828.0,571.3,171.0,165.7,5.7,4.9,1202.0,161.0,133.0,131.9,107.7,48.3,48.3,0.0,0.0,0.0,1.0,1.0,1.0,1.0,1.0
2021-01-01,330285,NY,330285.0,STRONG MEMORIAL HOSPITAL,,,14642.0,,36055.0,,,20230623.0,1.0,9352.0,8316.0,7378.0,6311.0,5368.0,1281.0,1238.0,42.0,36.0,8414.0,1127.0,931.0,945.0,770.0,354.0,353.0,0.0,0.0,0.0,7.0,7.0,7.0,7.0,7.0,7.0,7.0,7.0,7.0,7.0,7.0,7.0,7.0,7.0,7.0,7.0,7.0,7.0,7.0,84.0,0.0,,6.0,,14.0,24.0,17.0,18.0,0.0,7.0,129.0,36.0,0.0,5.0,4.0,,8.0,9.0,5.0,,0.0,5.0,1867.0,0.0,0.0,7.0,7.0,7.0,7.0,,,,,,,,,,,,,1336.0,1188.0,1054.0,901.6,766.9,183.0,176.9,6.0,5.1,1202.0,161.0,133.0,135.0,110.0,50.6,50.4,0.0,0.0,0.0,1.0,1.0,1.0,1.0,1.0
2021-01-08,330285,NY,330285.0,STRONG MEMORIAL HOSPITAL,,,14642.0,,36055.0,,,20230623.0,1.0,9352.0,8316.0,7378.0,6275.0,5219.0,1143.0,1115.0,32.0,19.0,8414.0,1127.0,931.0,965.0,789.0,322.0,317.0,0.0,0.0,0.0,7.0,7.0,7.0,7.0,7.0,7.0,7.0,7.0,7.0,7.0,7.0,7.0,7.0,7.0,7.0,7.0,7.0,7.0,7.0,83.0,,5.0,4.0,4.0,21.0,18.0,16.0,14.0,0.0,6.0,100.0,19.0,,,,,4.0,4.0,4.0,0.0,0.0,13.0,1855.0,0.0,0.0,7.0,7.0,7.0,7.0,,,,,,,,,,,,,1336.0,1188.0,1054.0,896.4,745.6,163.3,159.3,4.6,,1202.0,161.0,133.0,137.9,112.7,46.0,45.3,0.0,0.0,0.0,1.0,1.0,1.0,1.0,1.0
2021-01-15,330285,NY,330285.0,STRONG MEMORIAL HOSPITAL,,,14642.0,,36055.0,,,20230623.0,1.0,9352.0,8316.0,7378.0,6289.0,5243.0,972.0,934.0,24.0,17.0,8414.0,1127.0,931.0,963.0,785.0,276.0,264.0,0.0,0.0,0.0,7.0,7.0,7.0,7.0,7.0,7.0,7.0,7.0,7.0,7.0,7.0,7.0,7.0,7.0,7.0,7.0,7.0,7.0,7.0,63.0,0.0,,,5.0,8.0,18.0,18.0,9.0,0.0,,91.0,27.0,0.0,,4.0,,6.0,4.0,,4.0,0.0,6.0,1875.0,0.0,0.0,7.0,7.0,7.0,7.0,,,,,,,,,,,,,1336.0,1188.0,1054.0,898.4,749.0,138.9,133.4,,,1202.0,161.0,133.0,137.6,112.1,39.4,37.7,0.0,0.0,0.0,1.0,1.0,1.0,1.0,1.0
2021-01-22,330285,NY,330285.0,STRONG MEMORIAL HOSPITAL,,,14642.0,,36055.0,,,20230623.0,1.0,9352.0,8316.0,7378.0,6404.0,5334.0,889.0,848.0,25.0,21.0,8414.0,1127.0,931.0,945.0,762.0,253.0,244.0,0.0,0.0,0.0,7.0,7.0,7.0,7.0,7.0,7.0,7.0,7.0,7.0,7.0,7.0,7.0,7.0,7.0,7.0,7.0,7.0,7.0,7.0,81.0,0.0,4.0,7.0,8.0,18.0,17.0,15.0,12.0,0.0,4.0,93.0,25.0,0.0,5.0,4.0,,,4.0,6.0,,0.0,5.0,1907.0,0.0,0.0,7.0,7.0,7.0,7.0,,,,,,,,,,,,,1336.0,1188.0,1054.0,914.9,762.0,127.0,121.1,,,1202.0,161.0,133.0,135.0,108.9,36.1,34.9,0.0,0.0,0.0,1.0,1.0,1.0,1.0,1.0
2021-01-29,330285,NY,330285.0,STRONG MEMORIAL HOSPITAL,,,14642.0,,36055.0,,,20230623.0,1.0,9352.0,8316.0,7378.0,6272.0,5224.0,662.0,635.0,30.0,28.0,8414.0,1127.0,931.0,933.0,760.0,165.0,165.0,0.0,0.0,0.0,7.0,7.0,7.0,7.0,7.0,7.0,7.0,7.0,7.0,7.0,7.0,7.0,7.0,7.0,7.0,7.0,7.0,7.0,7.0,51.0,0.0,,7.0,,9.0,15.0,7.0,10.0,0.0,,72.0,22.0,0.0,,,5.0,,4.0,,,0.0,,1744.0,0.0,0.0,7.0,7.0,7.0,7.0,1624.0,,6716.0,,24980.0,,11603.0,,4032.0,,13377.0,,1336.0,1188.0,1054.0,896.0,746.3,94.6,90.7,4.3,4.0,1202.0,161.0,133.0,133.3,108.6,23.6,23.6,0.0,0.0,0.0,1.0,1.0,1.0,1.0,1.0
2021-02-05,330285,NY,330285.0,STRONG MEMORIAL HOSPITAL,,,14642.0,,36055.0,,,20230623.0,1.0,9352.0,8316.0,7378.0,6134.0,5103.0,532.0,509.0,9.0,5.0,8414.0,1127.0,931.0,886.0,738.0,111.0,111.0,0.0,0.0,0.0,7.0,7.0,7.0,7.0,7.0,7.0,7.0,7.0,7.0,7.0,7.0,7.0,7.0,7.0,7.0,7.0,7.0,7.0,7.0,40.0,0.0,,,4.0,8.0,6.0,7.0,10.0,0.0,0.0,64.0,20.0,0.0,,,,,4.0,,5.0,0.0,4.0,1897.0,0.0,0.0,7.0,7.0,7.0,7.0,1063.0,,1086.0,,597.0,,11978.0,,3810.0,,13599.0,,1336.0,1188.0,1054.0,876.3,729.0,76.0,72.7,,,1202.0,161.0,133.0,126.6,105.4,15.9,15.9,0.0,0.0,0.0,1.0,1.0,1.0,1.0,1.0
2021-02-12,330285,NY,330285.0,STRONG MEMORIAL HOSPITAL,,,14642.0,,36055.0,,,20230623.0,1.0,9352.0,8316.0,7378.0,6380.0,5259.0,394.0,364.0,,0.0,8414.0,1127.0,931.0,885.0,722.0,86.0,86.0,0.0,0.0,0.0,7.0,7.0,7.0,7.0,7.0,7.0,7.0,7.0,7.0,7.0,7.0,7.0,7.0,7.0,7.0,7.0,7.0,7.0,7.0,24.0,0.0,,,,4.0,7.0,4.0,4.0,0.0,0.0,48.0,17.0,,,0.0,,4.0,4.0,,,0.0,0.0,1763.0,0.0,0.0,7.0,7.0,7.0,7.0,1375.0,,443.0,,965.0,,12673.0,,3540.0,,13869.0,,1336.0,1188.0,1054.0,911.4,751.3,56.3,52.0,,0.0,1202.0,161.0,133.0,126.4,103.1,12.3,12.3,0.0,0.0,0.0,1.0,1.0,1.0,1.0,1.0
2021-02-19,330285,NY,330285.0,STRONG MEMORIAL HOSPITAL,,,14642.0,,36055.0,,,20230623.0,1.0,9352.0,8316.0,7378.0,6134.0,5071.0,206.0,188.0,10.0,7.0,8414.0,1127.0,931.0,892.0,730.0,63.0,62.0,0.0,0.0,0.0,7.0,7.0,7.0,7.0,7.0,7.0,7.0,7.0,7.0,7.0,7.0,7.0,7.0,7.0,7.0,7.0,7.0,7.0,7.0,27.0,0.0,,,6.0,,6.0,7.0,,0.0,,43.0,12.0,,0.0,,,,4.0,,,0.0,,1856.0,0.0,0.0,7.0,7.0,7.0,7.0,1973.0,,0.0,,497.0,,12924.0,,3294.0,,14115.0,,1336.0,1188.0,1054.0,876.3,724.4,29.4,26.9,,,1202.0,161.0,133.0,127.4,104.3,9.0,8.9,0.0,0.0,0.0,1.0,1.0,1.0,1.0,1.0
2021-02-26,330285,NY,330285.0,STRONG MEMORIAL HOSPITAL,,,14642.0,,36055.0,,,20230623.0,1.0,9352.0,8316.0,7378.0,6208.0,5155.0,240.0,220.0,6.0,,8414.0,1127.0,931.0,908.0,748.0,47.0,46.0,0.0,0.0,0.0,7.0,7.0,7.0,7.0,7.0,7.0,7.0,7.0,7.0,7.0,7.0,7.0,7.0,7.0,7.0,7.0,7.0,7.0,7.0,35.0,,4.0,,,5.0,10.0,8.0,,0.0,0.0,43.0,11.0,0.0,,,,,,,,0.0,,1927.0,0.0,0.0,7.0,7.0,7.0,7.0,1394.0,,1742.0,,489.0,,13188.0,,3069.0,,14340.0,,1336.0,1188.0,1054.0,886.9,736.4,34.3,31.4,,,1202.0,161.0,133.0,129.7,106.9,6.7,6.6,0.0,0.0,0.0,1.0,1.0,1.0,1.0,1.0
2021-03-05,330285,NY,330285.0,STRONG MEMORIAL HOSPITAL,,,14642.0,,36055.0,,,20230623.0,1.0,9352.0,8316.0,7378.0,5942.0,4917.0,201.0,181.0,8.0,,8414.0,1127.0,931.0,874.0,732.0,63.0,63.0,0.0,0.0,0.0,7.0,7.0,7.0,7.0,7.0,7.0,7.0,7.0,7.0,7.0,7.0,7.0,7.0,7.0,7.0,7.0,7.0,7.0,7.0,13.0,0.0,6.0,0.0,0.0,,,,,,0.0,29.0,18.0,0.0,6.0,,,0.0,,,,0.0,7.0,1986.0,0.0,0.0,7.0,7.0,7.0,7.0,92.0,,2147.0,,182.0,,13201.0,,2900.0,,14509.0,,1336.0,1188.0,1054.0,848.9,702.4,28.7,25.9,,,1202.0,161.0,133.0,124.9,104.6,9.0,9.0,0.0,0.0,0.0,1.0,1.0,1.0,1.0,1.0
2021-03-12,330285,NY,330285.0,STRONG MEMORIAL HOSPITAL,,,14642.0,,36055.0,,,20230623.0,1.0,9352.0,8316.0,7378.0,6132.0,5063.0,178.0,168.0,11.0,7.0,8414.0,1127.0,931.0,874.0,727.0,33.0,33.0,0.0,0.0,0.0,7.0,7.0,7.0,7.0,7.0,7.0,7.0,7.0,7.0,7.0,7.0,7.0,7.0,7.0,7.0,7.0,7.0,7.0,7.0,25.0,0.0,0.0,,4.0,5.0,4.0,4.0,6.0,0.0,6.0,47.0,7.0,,,0.0,,0.0,0.0,,0.0,0.0,,1993.0,0.0,0.0,7.0,7.0,7.0,7.0,592.0,,2196.0,,409.0,,13435.0,,2725.0,,14684.0,,1336.0,1188.0,1054.0,876.0,723.3,25.4,24.0,,,1202.0,161.0,133.0,124.9,103.9,4.7,4.7,0.0,0.0,0.0,1.0,1.0,1.0,1.0,1.0
2021-03-19,330285,NY,330285.0,STRONG MEMORIAL HOSPITAL,,,14642.0,,36055.0,,,20230623.0,1.0,9352.0,8316.0,7378.0,6102.0,5068.0,168.0,153.0,9.0,6.0,8414.0,1127.0,931.0,844.0,697.0,46.0,46.0,0.0,0.0,0.0,7.0,7.0,7.0,7.0,7.0,7.0,7.0,7.0,7.0,7.0,7.0,7.0,7.0,7.0,7.0,7.0,7.0,7.0,7.0,26.0,0.0,4.0,0.0,,5.0,4.0,8.0,,0.0,4.0,34.0,13.0,0.0,4.0,,,,,,,0.0,,2080.0,0.0,0.0,7.0,7.0,7.0,7.0,91.0,,2746.0,,164.0,,13512.0,,2638.0,,14771.0,,1336.0,1188.0,1054.0,871.7,724.0,24.0,21.9,,,1202.0,161.0,133.0,120.6,99.6,6.6,6.6,0.0,0.0,0.0,1.0,1.0,1.0,1.0,1.0
2021-03-26,330285,NY,330285.0,STRONG MEMORIAL HOSPITAL,,,14642.0,,36055.0,,,20230623.0,1.0,9352.0,8316.0,7378.0,6148.0,5123.0,227.0,200.0,10.0,5.0,8414.0,1127.0,931.0,847.0,707.0,34.0,34.0,0.0,0.0,0.0,7.0,7.0,7.0,7.0,7.0,7.0,7.0,7.0,7.0,7.0,7.0,7.0,7.0,7.0,7.0,7.0,7.0,7.0,7.0,28.0,0.0,4.0,,,6.0,5.0,6.0,,0.0,,66.0,14.0,0.0,,,,,,4.0,0.0,0.0,7.0,1960.0,0.0,0.0,7.0,7.0,7.0,7.0,3125.0,,3968.0,,432.0,,13709.0,,2403.0,,15006.0,,1336.0,1188.0,1054.0,878.3,731.9,32.4,28.6,,,1202.0,161.0,133.0,121.0,101.0,4.9,4.9,0.0,0.0,0.0,1.0,1.0,1.0,1.0,1.0
2021-04-02,330285,NY,330285.0,STRONG MEMORIAL HOSPITAL,,,14642.0,,36055.0,,,20230623.0,1.0,9352.0,8316.0,7378.0,6206.0,5176.0,196.0,175.0,15.0,12.0,8414.0,1127.0,931.0,858.0,718.0,30.0,25.0,0.0,0.0,0.0,7.0,7.0,7.0,7.0,7.0,7.0,7.0,7.0,7.0,7.0,7.0,7.0,7.0,7.0,7.0,7.0,7.0,7.0,7.0,22.0,0.0,,,5.0,5.0,,6.0,0.0,0.0,4.0,63.0,14.0,0.0,,0.0,,,,,,0.0,4.0,2107.0,0.0,0.0,7.0,7.0,7.0,7.0,2902.0,,3680.0,,370.0,,13858.0,,2182.0,,15227.0,,1336.0,1188.0,1054.0,886.6,739.4,28.0,25.0,,,1202.0,161.0,133.0,122.6,102.6,4.3,6.5,0.0,0.0,0.0,1.0,1.0,0.0,1.0,1.0
2021-04-09,330285,NY,330285.0,STRONG MEMORIAL HOSPITAL,,,14642.0,,36055.0,,,20230623.0,1.0,9352.0,8316.0,7378.0,6392.0,5351.0,257.0,231.0,21.0,17.0,8414.0,1127.0,931.0,857.0,719.0,57.0,57.0,0.0,0.0,0.0,7.0,7.0,7.0,7.0,7.0,7.0,7.0,7.0,7.0,7.0,7.0,7.0,7.0,7.0,7.0,7.0,7.0,7.0,7.0,30.0,,,,5.0,5.0,,5.0,4.0,0.0,0.0,86.0,19.0,0.0,,5.0,,5.0,5.0,0.0,0.0,0.0,4.0,2185.0,0.0,0.0,7.0,7.0,7.0,7.0,2416.0,,2093.0,,285.0,,13985.0,,2024.0,,15385.0,,1336.0,1188.0,1054.0,913.1,764.4,36.7,33.0,,,1202.0,161.0,133.0,122.4,102.7,8.1,8.1,0.0,0.0,0.0,1.0,1.0,1.0,1.0,1.0
2021-04-16,330285,NY,330285.0,STRONG MEMORIAL HOSPITAL,,,14642.0,,36055.0,,,20230623.0,1.0,9352.0,8316.0,7378.0,6314.0,5252.0,372.0,345.0,10.0,7.0,8414.0,1127.0,931.0,853.0,734.0,100.0,100.0,0.0,0.0,0.0,7.0,7.0,7.0,7.0,7.0,7.0,7.0,7.0,7.0,7.0,7.0,7.0,7.0,7.0,7.0,7.0,7.0,7.0,7.0,33.0,,,6.0,,7.0,8.0,,,0.0,0.0,78.0,21.0,,,4.0,,,5.0,,,0.0,11.0,2086.0,0.0,0.0,7.0,7.0,7.0,7.0,3019.0,,1450.0,,498.0,,14296.0,,1837.0,,15572.0,,1336.0,1188.0,1054.0,902.0,750.3,53.1,49.3,,,1202.0,161.0,133.0,121.9,104.9,14.3,14.3,0.0,0.0,0.0,1.0,1.0,1.0,1.0,1.0
2021-04-23,330285,NY,330285.0,STRONG MEMORIAL HOSPITAL,,,14642.0,,36055.0,,,20230623.0,1.0,9352.0,8316.0,7378.0,6346.0,5224.0,395.0,367.0,25.0,18.0,8414.0,1127.0,931.0,826.0,715.0,95.0,91.0,0.0,0.0,0.0,7.0,7.0,7.0,7.0,7.0,7.0,7.0,7.0,7.0,7.0,7.0,7.0,7.0,7.0,7.0,7.0,7.0,7.0,7.0,41.0,0.0,,6.0,,5.0,14.0,7.0,,0.0,,91.0,23.0,,,,5.0,5.0,5.0,,0.0,0.0,9.0,2224.0,0.0,0.0,7.0,7.0,7.0,7.0,2268.0,,185.0,,243.0,,14501.0,,4669.0,,15610.0,,1336.0,1188.0,1054.0,906.6,746.3,56.4,52.4,,,1202.0,161.0,133.0,118.0,102.1,13.6,13.0,0.0,0.0,0.0,1.0,1.0,1.0,1.0,1.0
2021-04-30,330285,NY,330285.0,STRONG MEMORIAL HOSPITAL,,,14642.0,,36055.0,,,20230623.0,1.0,9352.0,8316.0,7378.0,6486.0,5365.0,370.0,347.0,30.0,28.0,8414.0,1127.0,931.0,848.0,720.0,77.0,76.0,0.0,0.0,0.0,7.0,7.0,7.0,7.0,7.0,7.0,7.0,7.0,7.0,7.0,7.0,7.0,7.0,7.0,7.0,7.0,7.0,7.0,7.0,27.0,,,,5.0,8.0,,7.0,,0.0,6.0,84.0,17.0,0.0,,,,,4.0,,,0.0,,2142.0,0.0,0.0,7.0,7.0,7.0,7.0,2038.0,,144.0,,1337.0,,15166.0,,3981.0,,16282.0,,1336.0,1188.0,1054.0,926.6,766.4,52.9,49.6,4.3,4.0,1202.0,161.0,133.0,121.1,102.9,11.0,10.9,0.0,0.0,0.0,1.0,1.0,1.0,1.0,1.0
2021-05-07,330285,NY,330285.0,STRONG MEMORIAL HOSPITAL,,,14642.0,,36055.0,,,20230623.0,1.0,9352.0,8316.0,7378.0,6276.0,5236.0,307.0,275.0,21.0,12.0,8414.0,1127.0,931.0,829.0,716.0,83.0,82.0,0.0,0.0,0.0,7.0,7.0,7.0,7.0,7.0,7.0,7.0,7.0,7.0,7.0,7.0,7.0,7.0,7.0,7.0,7.0,7.0,7.0,7.0,41.0,,,11.0,4.0,6.0,6.0,7.0,,,,79.0,28.0,,,5.0,,,6.0,4.0,,0.0,18.0,1984.0,0.0,0.0,7.0,7.0,7.0,7.0,3335.0,,66.0,,134.0,,15300.0,,3981.0,,16282.0,,1336.0,1188.0,1054.0,896.6,748.0,43.9,39.3,,,1202.0,161.0,133.0,118.4,102.3,11.9,11.7,0.0,0.0,0.0,1.0,1.0,1.0,1.0,1.0
2021-05-14,330285,NY,330285.0,STRONG MEMORIAL HOSPITAL,,,14642.0,,36055.0,,,20230623.0,1.0,9352.0,8316.0,7378.0,6404.0,5293.0,264.0,244.0,11.0,8.0,8414.0,1127.0,931.0,874.0,735.0,85.0,83.0,0.0,0.0,0.0,7.0,7.0,7.0,7.0,7.0,7.0,7.0,7.0,7.0,7.0,7.0,7.0,7.0,7.0,7.0,7.0,7.0,7.0,7.0,36.0,,4.0,,5.0,,15.0,,,0.0,4.0,80.0,13.0,0.0,,5.0,0.0,,,,,0.0,4.0,2261.0,0.0,0.0,7.0,7.0,7.0,7.0,327.0,,912.0,,67.0,,15303.0,,3917.0,,16346.0,,1336.0,1188.0,1054.0,914.9,756.1,37.7,34.9,,,1202.0,161.0,133.0,124.9,105.0,12.1,11.9,0.0,0.0,0.0,1.0,1.0,1.0,1.0,1.0
2021-05-21,330285,NY,330285.0,STRONG MEMORIAL HOSPITAL,,,14642.0,,36055.0,,,20230623.0,1.0,9352.0,8316.0,7378.0,6397.0,5354.0,265.0,246.0,22.0,16.0,8414.0,1127.0,931.0,854.0,718.0,86.0,86.0,0.0,0.0,0.0,7.0,7.0,7.0,7.0,7.0,7.0,7.0,7.0,7.0,7.0,7.0,7.0,7.0,7.0,7.0,7.0,7.0,7.0,7.0,37.0,0.0,5.0,6.0,6.0,7.0,4.0,5.0,4.0,0.0,6.0,62.0,15.0,0.0,,,,,,,,0.0,4.0,2307.0,0.0,0.0,7.0,7.0,7.0,7.0,146.0,,204.0,,17.0,,15316.0,,3913.0,,16350.0,,1336.0,1188.0,1054.0,913.9,764.9,37.9,35.1,,,1202.0,161.0,133.0,122.0,102.6,12.3,12.3,0.0,0.0,0.0,1.0,1.0,1.0,1.0,1.0
2021-05-28,330285,NY,330285.0,STRONG MEMORIAL HOSPITAL,,,14642.0,,36055.0,,,20230623.0,1.0,9352.0,8316.0,7378.0,6057.0,5033.0,207.0,197.0,14.0,9.0,8414.0,1127.0,931.0,821.0,671.0,47.0,47.0,0.0,0.0,0.0,7.0,7.0,7.0,7.0,7.0,7.0,7.0,7.0,7.0,7.0,7.0,7.0,7.0,7.0,7.0,7.0,7.0,7.0,7.0,23.0,,,,5.0,,4.0,4.0,0.0,0.0,8.0,47.0,9.0,,,,,,0.0,,0.0,0.0,4.0,2192.0,0.0,0.0,7.0,7.0,7.0,7.0,3165.0,,0.0,,0.0,,15316.0,,3913.0,,16350.0,,1336.0,1188.0,1054.0,865.3,719.0,29.6,28.1,,,1202.0,161.0,133.0,117.3,95.9,6.7,6.7,0.0,0.0,0.0,1.0,1.0,1.0,1.0,1.0
2021-06-04,330285,NY,330285.0,STRONG MEMORIAL HOSPITAL,,,14642.0,,36055.0,,,20230623.0,1.0,9352.0,8316.0,7378.0,6175.0,5249.0,153.0,140.0,9.0,6.0,8414.0,1127.0,931.0,836.0,697.0,38.0,37.0,0.0,0.0,0.0,7.0,7.0,7.0,7.0,7.0,7.0,7.0,7.0,7.0,7.0,7.0,7.0,7.0,7.0,7.0,7.0,7.0,7.0,7.0,35.0,,6.0,8.0,4.0,4.0,,5.0,4.0,0.0,,32.0,9.0,,,,,,,,0.0,0.0,,2387.0,0.0,0.0,7.0,7.0,7.0,7.0,931.0,,0.0,,52.0,,15368.0,,3913.0,,16350.0,,1336.0,1188.0,1054.0,882.1,749.9,21.9,20.0,,,1202.0,161.0,133.0,119.4,99.6,5.4,5.3,0.0,0.0,0.0,1.0,1.0,1.0,1.0,1.0
2021-06-11,330285,NY,330285.0,STRONG MEMORIAL HOSPITAL,,,14642.0,,36055.0,,,20230623.0,1.0,9352.0,8316.0,7378.0,5996.0,5113.0,156.0,136.0,19.0,5.0,8414.0,1127.0,931.0,787.0,663.0,54.0,54.0,0.0,0.0,0.0,7.0,7.0,7.0,7.0,7.0,7.0,7.0,7.0,7.0,7.0,7.0,7.0,7.0,7.0,7.0,7.0,7.0,7.0,7.0,26.0,0.0,7.0,4.0,,,4.0,4.0,,0.0,,33.0,18.0,,,,4.0,6.0,,,0.0,0.0,19.0,2277.0,0.0,0.0,7.0,7.0,7.0,7.0,172.0,,0.0,,0.0,,15368.0,,3913.0,,16350.0,,1336.0,1188.0,1054.0,856.6,730.4,22.3,19.4,,,1202.0,161.0,133.0,112.4,94.7,7.7,7.7,0.0,0.0,0.0,1.0,1.0,1.0,1.0,1.0
2021-06-18,330285,NY,330285.0,STRONG MEMORIAL HOSPITAL,,,14642.0,,36055.0,,,20230623.0,1.0,9352.0,8316.0,7378.0,6092.0,5124.0,107.0,98.0,11.0,5.0,8414.0,1127.0,931.0,852.0,712.0,30.0,30.0,0.0,0.0,0.0,7.0,7.0,7.0,7.0,7.0,7.0,7.0,7.0,7.0,7.0,7.0,7.0,7.0,7.0,7.0,7.0,7.0,7.0,7.0,14.0,0.0,,,0.0,,,,,0.0,,21.0,7.0,,,0.0,0.0,,,,,0.0,5.0,2293.0,0.0,0.0,7.0,7.0,7.0,7.0,19.0,,0.0,,0.0,,15368.0,,3913.0,,16350.0,,1336.0,1188.0,1054.0,870.3,732.0,15.3,14.0,,,1202.0,161.0,133.0,121.7,101.7,4.3,4.3,0.0,0.0,0.0,1.0,1.0,1.0,1.0,1.0
2021-06-25,330285,NY,330285.0,STRONG MEMORIAL HOSPITAL,,,14642.0,,36055.0,,,20230623.0,1.0,9352.0,8316.0,7378.0,6129.0,5100.0,61.0,53.0,11.0,8.0,8414.0,1127.0,931.0,842.0,704.0,21.0,20.0,0.0,0.0,0.0,7.0,7.0,7.0,7.0,7.0,7.0,7.0,7.0,7.0,7.0,7.0,7.0,7.0,7.0,7.0,7.0,7.0,7.0,7.0,13.0,0.0,4.0,,0.0,,,0.0,,0.0,,24.0,5.0,0.0,,0.0,,,0.0,,,0.0,,2251.0,0.0,0.0,7.0,7.0,7.0,7.0,10.0,,0.0,,0.0,,15368.0,,3913.0,,16350.0,,1336.0,1188.0,1054.0,875.6,728.6,8.7,7.6,,,1202.0,161.0,133.0,120.3,100.6,,3.2249999999999996,0.0,0.0,0.0,1.0,1.0,0.0,1.0,1.0
2021-07-02,330285,NY,330285.0,STRONG MEMORIAL HOSPITAL,,,14642.0,,36055.0,,,20230623.0,1.0,9352.0,8316.0,7378.0,6024.0,5080.0,58.0,48.0,9.0,,8414.0,1127.0,931.0,787.0,668.0,18.0,17.0,0.0,0.0,0.0,7.0,7.0,7.0,7.0,7.0,7.0,7.0,7.0,7.0,7.0,7.0,7.0,7.0,7.0,7.0,7.0,7.0,7.0,7.0,16.0,,6.0,,0.0,,,,,0.0,5.0,26.0,9.0,,0.0,0.0,,0.0,,,,0.0,6.0,2292.0,0.0,0.0,7.0,7.0,7.0,7.0,47.0,,0.0,,0.0,,15368.0,,3913.0,,16350.0,,1336.0,1188.0,1054.0,860.6,725.7,8.3,6.9,,,1202.0,161.0,133.0,112.4,95.4,,2.15,0.0,0.0,0.0,1.0,1.0,0.0,1.0,1.0
2021-07-09,330285,NY,330285.0,STRONG MEMORIAL HOSPITAL,,,14642.0,,36055.0,,,20230623.0,1.0,9352.0,8316.0,7378.0,6434.0,5466.0,77.0,70.0,10.0,4.0,8414.0,1127.0,931.0,834.0,703.0,14.0,14.0,0.0,0.0,0.0,7.0,7.0,7.0,7.0,7.0,7.0,7.0,7.0,7.0,7.0,7.0,7.0,7.0,7.0,7.0,7.0,7.0,7.0,7.0,20.0,,7.0,4.0,0.0,,4.0,0.0,,0.0,,19.0,12.5,0.0,0.0,0.0,,0.0,,0.0,,0.0,6.0,2214.0,0.0,0.0,7.0,7.0,7.0,7.0,19.0,,0.0,,0.0,,15368.0,,3913.0,,16350.0,,1336.0,1188.0,1054.0,919.1,780.9,11.0,10.0,,,1202.0,161.0,133.0,119.1,100.4,,1.0750000000000002,0.0,0.0,0.0,1.0,1.0,0.0,1.0,0.0
2021-07-16,330285,NY,330285.0,STRONG MEMORIAL HOSPITAL,,,14642.0,,36055.0,,,20230623.0,1.0,9352.0,8316.0,7378.0,6291.0,5311.0,63.0,46.0,12.0,12.0,8414.0,1127.0,931.0,817.0,664.0,0.0,0.0,0.0,0.0,0.0,7.0,7.0,7.0,7.0,7.0,7.0,7.0,7.0,7.0,7.0,7.0,7.0,7.0,7.0,7.0,7.0,7.0,7.0,7.0,9.0,0.0,,,,0.0,,,,0.0,,13.0,16.0,0.0,0.0,,,,4.0,4.0,,0.0,,2322.0,0.0,0.0,7.0,7.0,7.0,7.0,0.0,,0.0,,0.0,,15368.0,,3913.0,,16350.0,,1336.0,1188.0,1054.0,898.7,758.7,9.0,6.6,,,1202.0,161.0,133.0,116.7,94.9,0.0,0.0,0.0,0.0,0.0,1.0,1.0,1.0,1.0,1.0
2021-07-23,330285,NY,330285.0,STRONG MEMORIAL HOSPITAL,,,14642.0,,36055.0,,,20230623.0,1.0,9352.0,8316.0,7378.0,6138.0,5146.0,45.0,27.0,9.0,,8414.0,1127.0,931.0,862.0,720.0,,,0.0,0.0,0.0,7.0,7.0,7.0,7.0,7.0,7.0,7.0,7.0,7.0,7.0,7.0,7.0,7.0,7.0,7.0,7.0,7.0,7.0,7.0,12.0,0.0,,5.0,,0.0,,,,0.0,,33.0,14.0,0.0,,,0.0,,4.0,,,0.0,4.0,2406.0,0.0,0.0,7.0,7.0,7.0,7.0,0.0,,24.0,,250.0,,15618.0,,3663.0,,16350.0,,1336.0,1188.0,1054.0,876.9,735.1,6.4,,,,1202.0,161.0,133.0,123.1,102.9,,0.0,0.0,0.0,0.0,1.0,1.0,0.0,1.0,1.0
2021-07-30,330285,NY,330285.0,STRONG MEMORIAL HOSPITAL,,,14642.0,,36055.0,,,20230623.0,1.0,9352.0,8316.0,7378.0,6310.0,5276.0,62.0,48.0,5.0,,8414.0,1127.0,931.0,876.0,715.0,9.0,8.0,0.0,0.0,0.0,7.0,7.0,7.0,7.0,7.0,7.0,7.0,7.0,7.0,7.0,7.0,7.0,7.0,7.0,7.0,7.0,7.0,7.0,7.0,13.0,0.0,,,,,,,0.0,0.0,,34.0,11.0,,,,0.0,,,0.0,0.0,0.0,,2280.0,0.0,0.0,7.0,7.0,7.0,7.0,0.0,,24.0,,612.0,,16230.0,,3324.0,,16350.0,,1336.0,1188.0,1054.0,901.4,753.7,8.9,6.9,,,1202.0,161.0,133.0,125.1,102.1,,0.0,0.0,0.0,0.0,1.0,1.0,0.0,1.0,1.0
