date,node_id,region,node_name,admissions,all_beds_covid,mv_covid,ga_covid,ga_noncovid,ga_unoccupied,cc_covid,cc_noncovid,cc_unoccupied,ga_capacity,cc_capacity,_observed_admissions,_observed_all_beds_covid,_observed_mv_covid,_observed_ga_covid,_observed_ga_noncovid,_observed_ga_unoccupied,_observed_cc_covid,_observed_cc_noncovid,_observed_cc_unoccupied,mv_capacity_proxy
2020-11-17,R1H,London,BARTS HEALTH NHS TRUST,20.0,166.0,33.0,115.0,1111.0,77.0,51.0,89.0,38.0,1303.0,178.0,1.0,1.0,1.0,1.0,1.0,1.0,1.0,1.0,1.0,178.0
2020-11-18,R1H,London,BARTS HEALTH NHS TRUST,25.0,161.0,34.0,111.0,1107.0,94.0,50.0,99.0,31.0,1312.0,180.0,1.0,1.0,1.0,1.0,1.0,1.0,1.0,1.0,1.0,180.0
2020-11-19,R1H,London,BARTS HEALTH NHS TRUST,29.0,160.0,32.0,113.0,1112.0,80.0,47.0,92.0,37.0,1305.0,176.0,1.0,1.0,1.0,1.0,1.0,1.0,1.0,1.0,1.0,176.0
2020-11-20,R1H,London,BARTS HEALTH NHS TRUST,9.0,169.0,34.0,117.0,1101.0,80.0,50.0,81.0,47.0,1298.0,178.0,1.0,1.0,1.0,1.0,1.0,1.0,1.0,1.0,1.0,178.0
2020-11-21,R1H,London,BARTS HEALTH NHS TRUST,25.0,191.0,39.0,133.0,1055.0,117.0,57.0,72.0,42.0,1305.0,171.0,1.0,1.0,1.0,1.0,1.0,1.0,1.0,1.0,1.0,171.0
2020-11-22,R1H,London,BARTS HEALTH NHS TRUST,23.0,191.0,36.0,135.0,1068.0,104.0,54.0,82.0,43.0,1307.0,179.0,1.0,1.0,1.0,1.0,1.0,1.0,1.0,1.0,1.0,179.0
2020-11-23,R1H,London,BARTS HEALTH NHS TRUST,12.0,201.0,34.0,156.0,1001.0,143.0,44.0,88.0,41.0,1300.0,173.0,1.0,1.0,1.0,1.0,1.0,1.0,1.0,1.0,1.0,173.0
2020-11-24,R1H,London,BARTS HEALTH NHS TRUST,20.0,202.0,36.0,155.0,1071.0,84.0,46.0,94.0,39.0,1310.0,179.0,1.0,1.0,1.0,1.0,1.0,1.0,1.0,1.0,1.0,179.0
2020-11-25,R1H,London,BARTS HEALTH NHS TRUST,24.0,196.0,38.0,141.0,1111.0,51.0,55.0,92.0,37.0,1303.0,184.0,1.0,1.0,1.0,1.0,1.0,1.0,1.0,1.0,1.0,184.0
2020-11-26,R1H,London,BARTS HEALTH NHS TRUST,25.0,202.0,41.0,147.0,1064.0,69.0,54.0,87.0,37.0,1280.0,178.0,1.0,1.0,1.0,1.0,1.0,1.0,1.0,1.0,1.0,178.0
2020-11-27,R1H,London,BARTS HEALTH NHS TRUST,20.0,196.0,38.0,142.0,1095.0,64.0,54.0,94.0,32.0,1301.0,180.0,1.0,1.0,1.0,1.0,1.0,1.0,1.0,1.0,1.0,180.0
2020-11-28,R1H,London,BARTS HEALTH NHS TRUST,14.0,201.0,37.0,147.0,1070.0,93.0,53.0,93.0,34.0,1310.0,180.0,1.0,1.0,1.0,1.0,1.0,1.0,1.0,1.0,1.0,180.0
2020-11-29,R1H,London,BARTS HEALTH NHS TRUST,17.0,203.0,38.0,136.0,1097.0,81.0,66.0,85.0,34.0,1314.0,185.0,1.0,1.0,1.0,1.0,1.0,1.0,1.0,1.0,1.0,185.0
2020-11-30,R1H,London,BARTS HEALTH NHS TRUST,22.0,203.0,40.0,143.0,1107.0,95.0,59.0,81.0,39.0,1345.0,179.0,1.0,1.0,1.0,1.0,1.0,1.0,1.0,1.0,1.0,179.0
2020-12-01,R1H,London,BARTS HEALTH NHS TRUST,16.0,209.0,39.0,148.0,1113.0,60.0,61.0,85.0,33.0,1321.0,179.0,1.0,1.0,1.0,1.0,1.0,1.0,1.0,1.0,1.0,179.0
2020-12-02,R1H,London,BARTS HEALTH NHS TRUST,17.0,198.0,40.0,139.0,1085.0,79.0,59.0,92.0,38.0,1303.0,189.0,1.0,1.0,1.0,1.0,1.0,1.0,1.0,1.0,1.0,189.0
2020-12-03,R1H,London,BARTS HEALTH NHS TRUST,16.0,198.0,36.0,138.0,1060.0,94.0,60.0,91.0,35.0,1292.0,186.0,1.0,1.0,1.0,1.0,1.0,1.0,1.0,1.0,1.0,186.0
2020-12-04,R1H,London,BARTS HEALTH NHS TRUST,13.0,192.0,36.0,138.0,1061.0,102.0,54.0,94.0,41.0,1301.0,189.0,1.0,1.0,1.0,1.0,1.0,1.0,1.0,1.0,1.0,189.0
2020-12-05,R1H,London,BARTS HEALTH NHS TRUST,18.0,203.0,36.0,149.0,1030.0,128.0,54.0,98.0,19.0,1307.0,171.0,1.0,1.0,1.0,1.0,1.0,1.0,1.0,1.0,1.0,171.0
2020-12-06,R1H,London,BARTS HEALTH NHS TRUST,29.0,196.0,34.0,138.0,1048.0,114.0,58.0,89.0,24.0,1300.0,171.0,1.0,1.0,1.0,1.0,1.0,1.0,1.0,1.0,1.0,171.0
2020-12-07,R1H,London,BARTS HEALTH NHS TRUST,42.0,201.0,35.0,141.0,1084.0,98.0,59.0,82.0,35.0,1323.0,176.0,1.0,1.0,1.0,1.0,1.0,1.0,1.0,1.0,1.0,176.0
2020-12-08,R1H,London,BARTS HEALTH NHS TRUST,37.0,213.0,34.0,154.0,1113.0,109.0,58.0,94.0,30.0,1376.0,182.0,1.0,1.0,1.0,1.0,1.0,1.0,1.0,1.0,1.0,182.0
2020-12-09,R1H,London,BARTS HEALTH NHS TRUST,36.0,227.0,37.0,165.0,1093.0,120.0,61.0,103.0,25.0,1378.0,189.0,1.0,1.0,1.0,1.0,1.0,1.0,1.0,1.0,1.0,189.0
2020-12-10,R1H,London,BARTS HEALTH NHS TRUST,43.0,248.0,36.0,180.0,1075.0,97.0,67.0,99.0,27.0,1352.0,193.0,1.0,1.0,1.0,1.0,1.0,1.0,1.0,1.0,1.0,193.0
2020-12-11,R1H,London,BARTS HEALTH NHS TRUST,50.0,262.0,43.0,192.0,1060.0,109.0,67.0,96.0,30.0,1361.0,193.0,1.0,1.0,1.0,1.0,1.0,1.0,1.0,1.0,1.0,193.0
2020-12-12,R1H,London,BARTS HEALTH NHS TRUST,46.0,262.0,42.0,194.0,1041.0,118.0,65.0,95.0,31.0,1353.0,191.0,1.0,1.0,1.0,1.0,1.0,1.0,1.0,1.0,1.0,191.0
2020-12-13,R1H,London,BARTS HEALTH NHS TRUST,69.0,286.0,46.0,216.0,1044.0,86.0,68.0,92.0,23.0,1346.0,183.0,1.0,1.0,1.0,1.0,1.0,1.0,1.0,1.0,1.0,183.0
2020-12-14,R1H,London,BARTS HEALTH NHS TRUST,47.0,318.0,52.0,238.0,1003.0,93.0,78.0,80.0,23.0,1334.0,181.0,1.0,1.0,1.0,1.0,1.0,1.0,1.0,1.0,1.0,181.0
2020-12-15,R1H,London,BARTS HEALTH NHS TRUST,35.0,364.0,51.0,301.0,957.0,60.0,61.0,79.0,28.0,1318.0,168.0,1.0,1.0,1.0,1.0,1.0,1.0,1.0,1.0,1.0,168.0
2020-12-16,R1H,London,BARTS HEALTH NHS TRUST,7.0,370.0,50.0,317.0,909.0,57.0,50.0,67.0,11.0,1283.0,128.0,1.0,1.0,1.0,1.0,1.0,1.0,1.0,1.0,1.0,128.0
2020-12-17,R1H,London,BARTS HEALTH NHS TRUST,57.0,366.0,45.0,317.0,942.0,77.0,45.0,75.0,12.0,1336.0,132.0,1.0,1.0,1.0,1.0,1.0,1.0,1.0,1.0,1.0,132.0
2020-12-18,R1H,London,BARTS HEALTH NHS TRUST,51.0,330.0,43.0,284.0,954.0,104.0,43.0,77.0,14.0,1342.0,134.0,1.0,1.0,1.0,1.0,1.0,1.0,1.0,1.0,1.0,134.0
2020-12-19,R1H,London,BARTS HEALTH NHS TRUST,82.0,378.0,45.0,329.0,863.0,150.0,45.0,69.0,16.0,1342.0,130.0,1.0,1.0,1.0,1.0,1.0,1.0,1.0,1.0,1.0,130.0
2020-12-20,R1H,London,BARTS HEALTH NHS TRUST,53.0,359.0,55.0,300.0,933.0,99.0,55.0,66.0,10.0,1332.0,131.0,1.0,1.0,1.0,1.0,1.0,1.0,1.0,1.0,1.0,131.0
2020-12-21,R1H,London,BARTS HEALTH NHS TRUST,89.0,465.0,55.0,402.0,812.0,128.0,55.0,59.0,13.0,1342.0,127.0,1.0,1.0,1.0,1.0,1.0,1.0,1.0,1.0,1.0,127.0
2020-12-22,R1H,London,BARTS HEALTH NHS TRUST,66.0,456.0,60.0,389.0,835.0,117.0,60.0,64.0,6.0,1341.0,130.0,1.0,1.0,1.0,1.0,1.0,1.0,1.0,1.0,1.0,130.0
2020-12-23,R1H,London,BARTS HEALTH NHS TRUST,63.0,488.0,64.0,416.0,781.0,145.0,64.0,66.0,5.0,1342.0,135.0,1.0,1.0,1.0,1.0,1.0,1.0,1.0,1.0,1.0,135.0
2020-12-24,R1H,London,BARTS HEALTH NHS TRUST,65.0,486.0,69.0,413.0,752.0,177.0,69.0,63.0,6.0,1342.0,138.0,1.0,1.0,1.0,1.0,1.0,1.0,1.0,1.0,1.0,138.0
2020-12-25,R1H,London,BARTS HEALTH NHS TRUST,81.0,490.0,72.0,414.0,740.0,142.0,72.0,69.0,7.0,1296.0,148.0,1.0,1.0,1.0,1.0,1.0,1.0,1.0,1.0,1.0,148.0
2020-12-26,R1H,London,BARTS HEALTH NHS TRUST,89.0,519.0,71.0,440.0,699.0,166.0,71.0,58.0,8.0,1305.0,137.0,1.0,1.0,1.0,1.0,1.0,1.0,1.0,1.0,1.0,137.0
2020-12-27,R1H,London,BARTS HEALTH NHS TRUST,81.0,562.0,78.0,478.0,720.0,107.0,78.0,51.0,4.0,1305.0,133.0,1.0,1.0,1.0,1.0,1.0,1.0,1.0,1.0,1.0,133.0
2020-12-28,R1H,London,BARTS HEALTH NHS TRUST,108.0,597.0,86.0,505.0,707.0,121.0,86.0,51.0,8.0,1333.0,145.0,1.0,1.0,1.0,1.0,1.0,1.0,1.0,1.0,1.0,145.0
2020-12-29,R1H,London,BARTS HEALTH NHS TRUST,98.0,638.0,94.0,539.0,696.0,105.0,93.0,48.0,9.0,1340.0,150.0,1.0,1.0,1.0,1.0,1.0,1.0,1.0,1.0,1.0,150.0
2020-12-30,R1H,London,BARTS HEALTH NHS TRUST,90.0,680.0,99.0,575.0,629.0,107.0,97.0,49.0,5.0,1311.0,151.0,1.0,1.0,1.0,1.0,1.0,1.0,1.0,1.0,1.0,151.0
2020-12-31,R1H,London,BARTS HEALTH NHS TRUST,85.0,701.0,100.0,593.0,604.0,114.0,99.0,49.0,7.0,1311.0,155.0,1.0,1.0,1.0,1.0,1.0,1.0,1.0,1.0,1.0,155.0
2021-01-01,R1H,London,BARTS HEALTH NHS TRUST,106.0,696.0,99.0,591.0,595.0,125.0,98.0,57.0,2.0,1311.0,157.0,1.0,1.0,1.0,1.0,1.0,1.0,1.0,1.0,1.0,157.0
2021-01-02,R1H,London,BARTS HEALTH NHS TRUST,109.0,720.0,114.0,601.0,622.0,88.0,114.0,45.0,3.0,1311.0,162.0,1.0,1.0,1.0,1.0,1.0,1.0,1.0,1.0,1.0,162.0
2021-01-03,R1H,London,BARTS HEALTH NHS TRUST,99.0,770.0,125.0,632.0,566.0,115.0,120.0,28.0,6.0,1313.0,154.0,1.0,1.0,1.0,1.0,1.0,1.0,1.0,1.0,1.0,154.0
2021-01-04,R1H,London,BARTS HEALTH NHS TRUST,97.0,804.0,130.0,655.0,575.0,100.0,127.0,42.0,2.0,1330.0,171.0,1.0,1.0,1.0,1.0,1.0,1.0,1.0,1.0,1.0,171.0
2021-01-05,R1H,London,BARTS HEALTH NHS TRUST,104.0,830.0,138.0,674.0,574.0,65.0,135.0,41.0,1.0,1313.0,177.0,1.0,1.0,1.0,1.0,1.0,1.0,1.0,1.0,1.0,177.0
2021-01-06,R1H,London,BARTS HEALTH NHS TRUST,101.0,824.0,142.0,659.0,716.0,76.0,142.0,43.0,3.0,1451.0,188.0,1.0,1.0,1.0,1.0,1.0,1.0,1.0,1.0,1.0,188.0
2021-01-07,R1H,London,BARTS HEALTH NHS TRUST,90.0,831.0,149.0,658.0,559.0,75.0,149.0,45.0,3.0,1292.0,197.0,1.0,1.0,1.0,1.0,1.0,1.0,1.0,1.0,1.0,197.0
2021-01-08,R1H,London,BARTS HEALTH NHS TRUST,85.0,823.0,147.0,663.0,599.0,48.0,146.0,49.0,2.0,1310.0,197.0,1.0,1.0,1.0,1.0,1.0,1.0,1.0,1.0,1.0,197.0
2021-01-09,R1H,London,BARTS HEALTH NHS TRUST,80.0,818.0,150.0,660.0,557.0,85.0,149.0,46.0,3.0,1302.0,198.0,1.0,1.0,1.0,1.0,1.0,1.0,1.0,1.0,1.0,198.0
2021-01-10,R1H,London,BARTS HEALTH NHS TRUST,84.0,823.0,157.0,658.0,587.0,84.0,157.0,42.0,4.0,1329.0,203.0,1.0,1.0,1.0,1.0,1.0,1.0,1.0,1.0,1.0,203.0
2021-01-11,R1H,London,BARTS HEALTH NHS TRUST,110.0,828.0,162.0,657.0,572.0,90.0,161.0,38.0,1.0,1319.0,200.0,1.0,1.0,1.0,1.0,1.0,1.0,1.0,1.0,1.0,200.0
2021-01-12,R1H,London,BARTS HEALTH NHS TRUST,98.0,824.0,157.0,660.0,603.0,75.0,156.0,39.0,1.0,1338.0,196.0,1.0,1.0,1.0,1.0,1.0,1.0,1.0,1.0,1.0,196.0
2021-01-13,R1H,London,BARTS HEALTH NHS TRUST,89.0,828.0,160.0,660.0,599.0,85.0,159.0,44.0,1.0,1344.0,204.0,1.0,1.0,1.0,1.0,1.0,1.0,1.0,1.0,1.0,204.0
2021-01-14,R1H,London,BARTS HEALTH NHS TRUST,88.0,835.0,160.0,668.0,592.0,96.0,159.0,45.0,2.0,1356.0,206.0,1.0,1.0,1.0,1.0,1.0,1.0,1.0,1.0,1.0,206.0
2021-01-15,R1H,London,BARTS HEALTH NHS TRUST,54.0,832.0,165.0,660.0,599.0,80.0,164.0,44.0,2.0,1339.0,210.0,1.0,1.0,1.0,1.0,1.0,1.0,1.0,1.0,1.0,210.0
2021-01-16,R1H,London,BARTS HEALTH NHS TRUST,81.0,822.0,166.0,648.0,613.0,129.0,166.0,40.0,17.0,1390.0,223.0,1.0,1.0,1.0,1.0,1.0,1.0,1.0,1.0,1.0,223.0
2021-01-17,R1H,London,BARTS HEALTH NHS TRUST,87.0,792.0,169.0,617.0,607.0,93.0,165.0,36.0,12.0,1317.0,213.0,1.0,1.0,1.0,1.0,1.0,1.0,1.0,1.0,1.0,213.0
2021-01-18,R1H,London,BARTS HEALTH NHS TRUST,73.0,813.0,172.0,631.0,603.0,105.0,171.0,38.0,4.0,1339.0,213.0,1.0,1.0,1.0,1.0,1.0,1.0,1.0,1.0,1.0,213.0
2021-01-19,R1H,London,BARTS HEALTH NHS TRUST,74.0,826.0,177.0,640.0,600.0,107.0,176.0,37.0,3.0,1347.0,216.0,1.0,1.0,1.0,1.0,1.0,1.0,1.0,1.0,1.0,216.0
2021-01-20,R1H,London,BARTS HEALTH NHS TRUST,70.0,797.0,175.0,614.0,630.0,92.0,174.0,42.0,5.0,1336.0,221.0,1.0,1.0,1.0,1.0,1.0,1.0,1.0,1.0,1.0,221.0
2021-01-21,R1H,London,BARTS HEALTH NHS TRUST,67.0,761.0,179.0,575.0,676.0,92.0,178.0,45.0,3.0,1343.0,226.0,1.0,1.0,1.0,1.0,1.0,1.0,1.0,1.0,1.0,226.0
2021-01-22,R1H,London,BARTS HEALTH NHS TRUST,80.0,747.0,177.0,561.0,648.0,103.0,176.0,44.0,5.0,1312.0,225.0,1.0,1.0,1.0,1.0,1.0,1.0,1.0,1.0,1.0,225.0
2021-01-23,R1H,London,BARTS HEALTH NHS TRUST,48.0,734.0,167.0,558.0,685.0,60.0,167.0,52.0,6.0,1303.0,225.0,1.0,1.0,1.0,1.0,1.0,1.0,1.0,1.0,1.0,225.0
2021-01-24,R1H,London,BARTS HEALTH NHS TRUST,52.0,733.0,182.0,542.0,636.0,137.0,182.0,53.0,4.0,1315.0,239.0,1.0,1.0,1.0,1.0,1.0,1.0,1.0,1.0,1.0,239.0
2021-01-25,R1H,London,BARTS HEALTH NHS TRUST,49.0,700.0,168.0,525.0,673.0,118.0,168.0,45.0,4.0,1316.0,217.0,1.0,1.0,1.0,1.0,1.0,1.0,1.0,1.0,1.0,217.0
2021-01-26,R1H,London,BARTS HEALTH NHS TRUST,47.0,685.0,166.0,511.0,668.0,139.0,166.0,46.0,6.0,1318.0,218.0,1.0,1.0,1.0,1.0,1.0,1.0,1.0,1.0,1.0,218.0
2021-01-27,R1H,London,BARTS HEALTH NHS TRUST,63.0,658.0,167.0,483.0,688.0,116.0,167.0,42.0,8.0,1287.0,217.0,1.0,1.0,1.0,1.0,1.0,1.0,1.0,1.0,1.0,217.0
2021-01-28,R1H,London,BARTS HEALTH NHS TRUST,56.0,649.0,160.0,478.0,676.0,156.0,160.0,48.0,1.0,1310.0,209.0,1.0,1.0,1.0,1.0,1.0,1.0,1.0,1.0,1.0,209.0
2021-01-29,R1H,London,BARTS HEALTH NHS TRUST,42.0,633.0,161.0,461.0,657.0,157.0,161.0,46.0,7.0,1275.0,214.0,1.0,1.0,1.0,1.0,1.0,1.0,1.0,1.0,1.0,214.0
2021-01-30,R1H,London,BARTS HEALTH NHS TRUST,36.0,632.0,159.0,463.0,695.0,101.0,159.0,51.0,17.0,1259.0,227.0,1.0,1.0,1.0,1.0,1.0,1.0,1.0,1.0,1.0,227.0
2021-01-31,R1H,London,BARTS HEALTH NHS TRUST,33.0,625.0,154.0,462.0,686.0,164.0,153.0,51.0,8.0,1312.0,212.0,1.0,1.0,1.0,1.0,1.0,1.0,1.0,1.0,1.0,212.0
2021-02-01,R1H,London,BARTS HEALTH NHS TRUST,50.0,625.0,158.0,456.0,719.0,133.0,158.0,44.0,7.0,1308.0,209.0,1.0,1.0,1.0,1.0,1.0,1.0,1.0,1.0,1.0,209.0
2021-02-02,R1H,London,BARTS HEALTH NHS TRUST,46.0,597.0,153.0,434.0,750.0,111.0,153.0,47.0,7.0,1295.0,207.0,1.0,1.0,1.0,1.0,1.0,1.0,1.0,1.0,1.0,207.0
2021-02-03,R1H,London,BARTS HEALTH NHS TRUST,23.0,589.0,153.0,426.0,755.0,102.0,153.0,45.0,7.0,1283.0,205.0,1.0,1.0,1.0,1.0,1.0,1.0,1.0,1.0,1.0,205.0
2021-02-04,R1H,London,BARTS HEALTH NHS TRUST,32.0,572.0,150.0,414.0,807.0,71.0,150.0,44.0,10.0,1292.0,204.0,1.0,1.0,1.0,1.0,1.0,1.0,1.0,1.0,1.0,204.0
2021-02-05,R1H,London,BARTS HEALTH NHS TRUST,20.0,545.0,149.0,388.0,775.0,111.0,149.0,39.0,9.0,1274.0,197.0,1.0,1.0,1.0,1.0,1.0,1.0,1.0,1.0,1.0,197.0
2021-02-06,R1H,London,BARTS HEALTH NHS TRUST,16.0,511.0,150.0,352.0,795.0,75.0,150.0,52.0,14.0,1222.0,216.0,1.0,1.0,1.0,1.0,1.0,1.0,1.0,1.0,1.0,216.0
2021-02-07,R1H,London,BARTS HEALTH NHS TRUST,22.0,511.0,145.0,358.0,750.0,158.0,144.0,54.0,14.0,1266.0,212.0,1.0,1.0,1.0,1.0,1.0,1.0,1.0,1.0,1.0,212.0
2021-02-08,R1H,London,BARTS HEALTH NHS TRUST,37.0,487.0,141.0,339.0,769.0,169.0,141.0,43.0,14.0,1277.0,198.0,1.0,1.0,1.0,1.0,1.0,1.0,1.0,1.0,1.0,198.0
2021-02-09,R1H,London,BARTS HEALTH NHS TRUST,14.0,480.0,141.0,331.0,766.0,180.0,141.0,46.0,20.0,1277.0,207.0,1.0,1.0,1.0,1.0,1.0,1.0,1.0,1.0,1.0,207.0
2021-02-10,R1H,London,BARTS HEALTH NHS TRUST,19.0,473.0,136.0,329.0,784.0,167.0,136.0,53.0,22.0,1280.0,211.0,1.0,1.0,1.0,1.0,1.0,1.0,1.0,1.0,1.0,211.0
2021-02-11,R1H,London,BARTS HEALTH NHS TRUST,13.0,451.0,132.0,311.0,786.0,157.0,132.0,57.0,13.0,1254.0,202.0,1.0,1.0,1.0,1.0,1.0,1.0,1.0,1.0,1.0,202.0
2021-02-12,R1H,London,BARTS HEALTH NHS TRUST,19.0,427.0,129.0,290.0,746.0,226.0,129.0,57.0,18.0,1262.0,204.0,1.0,1.0,1.0,1.0,1.0,1.0,1.0,1.0,1.0,204.0
2021-02-13,R1H,London,BARTS HEALTH NHS TRUST,8.0,309.0,136.0,165.0,747.0,90.0,136.0,58.0,17.0,1002.0,211.0,1.0,1.0,1.0,1.0,1.0,1.0,1.0,1.0,1.0,211.0
2021-02-14,R1H,London,BARTS HEALTH NHS TRUST,9.0,390.0,118.0,263.0,842.0,136.0,118.0,55.0,28.0,1241.0,201.0,1.0,1.0,1.0,1.0,1.0,1.0,1.0,1.0,1.0,201.0
2021-02-15,R1H,London,BARTS HEALTH NHS TRUST,13.0,378.0,113.0,256.0,864.0,115.0,113.0,58.0,27.0,1235.0,198.0,1.0,1.0,1.0,1.0,1.0,1.0,1.0,1.0,1.0,198.0
2021-02-16,R1H,London,BARTS HEALTH NHS TRUST,17.0,362.0,111.0,243.0,874.0,122.0,111.0,63.0,20.0,1239.0,194.0,1.0,1.0,1.0,1.0,1.0,1.0,1.0,1.0,1.0,194.0
2021-02-17,R1H,London,BARTS HEALTH NHS TRUST,7.0,348.0,104.0,237.0,883.0,117.0,104.0,64.0,13.0,1237.0,181.0,1.0,1.0,1.0,1.0,1.0,1.0,1.0,1.0,1.0,181.0
2021-02-18,R1H,London,BARTS HEALTH NHS TRUST,12.0,329.0,94.0,229.0,909.0,146.0,94.0,58.0,14.0,1284.0,166.0,1.0,1.0,1.0,1.0,1.0,1.0,1.0,1.0,1.0,166.0
2021-02-19,R1H,London,BARTS HEALTH NHS TRUST,14.0,301.0,88.0,207.0,837.0,221.0,88.0,61.0,21.0,1265.0,170.0,1.0,1.0,1.0,1.0,1.0,1.0,1.0,1.0,1.0,170.0
2021-02-20,R1H,London,BARTS HEALTH NHS TRUST,13.0,301.0,84.0,211.0,852.0,163.0,84.0,67.0,19.0,1226.0,170.0,1.0,1.0,1.0,1.0,1.0,1.0,1.0,1.0,1.0,170.0
2021-02-21,R1H,London,BARTS HEALTH NHS TRUST,7.0,283.0,87.0,191.0,864.0,188.0,86.0,59.0,26.0,1243.0,171.0,1.0,1.0,1.0,1.0,1.0,1.0,1.0,1.0,1.0,171.0
2021-02-22,R1H,London,BARTS HEALTH NHS TRUST,12.0,290.0,81.0,203.0,911.0,120.0,81.0,61.0,26.0,1234.0,168.0,1.0,1.0,1.0,1.0,1.0,1.0,1.0,1.0,1.0,168.0
2021-02-23,R1H,London,BARTS HEALTH NHS TRUST,10.0,273.0,79.0,188.0,932.0,146.0,79.0,64.0,26.0,1266.0,169.0,1.0,1.0,1.0,1.0,1.0,1.0,1.0,1.0,1.0,169.0
2021-02-24,R1H,London,BARTS HEALTH NHS TRUST,6.0,265.0,79.0,180.0,944.0,128.0,79.0,67.0,16.0,1252.0,162.0,1.0,1.0,1.0,1.0,1.0,1.0,1.0,1.0,1.0,162.0
2021-02-25,R1H,London,BARTS HEALTH NHS TRUST,10.0,247.0,74.0,167.0,931.0,130.0,74.0,67.0,16.0,1228.0,157.0,1.0,1.0,1.0,1.0,1.0,1.0,1.0,1.0,1.0,157.0
2021-02-26,R1H,London,BARTS HEALTH NHS TRUST,1.0,239.0,74.0,160.0,924.0,140.0,74.0,71.0,13.0,1224.0,158.0,1.0,1.0,1.0,1.0,1.0,1.0,1.0,1.0,1.0,158.0
2021-02-27,R1H,London,BARTS HEALTH NHS TRUST,4.0,235.0,73.0,157.0,913.0,167.0,73.0,74.0,17.0,1237.0,164.0,1.0,1.0,1.0,1.0,1.0,1.0,1.0,1.0,1.0,164.0
2021-02-28,R1H,London,BARTS HEALTH NHS TRUST,13.0,229.5,69.5,155.0,935.0,155.5,69.5,77.0,12.5,1245.5,159.0,1.0,0.0,0.0,0.0,0.0,0.0,0.0,0.0,0.0,159.0
2021-03-01,R1H,London,BARTS HEALTH NHS TRUST,8.0,224.0,66.0,153.0,957.0,144.0,66.0,80.0,8.0,1254.0,154.0,1.0,1.0,1.0,1.0,1.0,1.0,1.0,1.0,1.0,154.0
2021-03-02,R1H,London,BARTS HEALTH NHS TRUST,10.0,219.0,65.0,148.0,960.0,132.0,65.0,80.0,14.0,1240.0,159.0,1.0,1.0,1.0,1.0,1.0,1.0,1.0,1.0,1.0,159.0
2021-03-03,R1H,London,BARTS HEALTH NHS TRUST,4.0,202.0,59.0,138.0,1034.0,103.0,59.0,69.0,20.0,1275.0,148.0,1.0,1.0,1.0,1.0,1.0,1.0,1.0,1.0,1.0,148.0
2021-03-04,R1H,London,BARTS HEALTH NHS TRUST,8.0,204.0,58.0,141.0,1014.0,115.0,58.0,70.0,15.0,1270.0,143.0,1.0,1.0,1.0,1.0,1.0,1.0,1.0,1.0,1.0,143.0
2021-03-05,R1H,London,BARTS HEALTH NHS TRUST,7.0,190.0,53.0,133.0,1078.0,64.0,53.0,78.0,21.0,1275.0,152.0,1.0,1.0,1.0,1.0,1.0,1.0,1.0,1.0,1.0,152.0
2021-03-06,R1H,London,BARTS HEALTH NHS TRUST,7.0,177.0,53.0,120.0,951.0,175.0,53.0,76.0,21.0,1246.0,150.0,1.0,1.0,1.0,1.0,1.0,1.0,1.0,1.0,1.0,150.0
2021-03-07,R1H,London,BARTS HEALTH NHS TRUST,3.0,177.0,49.0,124.0,960.0,187.0,49.0,75.0,25.0,1271.0,149.0,1.0,1.0,1.0,1.0,1.0,1.0,1.0,1.0,1.0,149.0
2021-03-08,R1H,London,BARTS HEALTH NHS TRUST,3.0,180.0,48.0,127.0,1060.0,66.0,48.0,78.0,21.0,1253.0,147.0,1.0,1.0,1.0,1.0,1.0,1.0,1.0,1.0,1.0,147.0
2021-03-09,R1H,London,BARTS HEALTH NHS TRUST,11.0,171.0,44.0,122.0,1052.0,88.0,44.0,80.0,20.0,1262.0,144.0,1.0,1.0,1.0,1.0,1.0,1.0,1.0,1.0,1.0,144.0
2021-03-10,R1H,London,BARTS HEALTH NHS TRUST,5.0,161.0,41.0,115.0,1029.0,95.0,41.0,86.0,19.0,1239.0,146.0,1.0,1.0,1.0,1.0,1.0,1.0,1.0,1.0,1.0,146.0
2021-03-11,R1H,London,BARTS HEALTH NHS TRUST,4.0,155.0,44.0,107.0,999.0,127.0,44.0,78.0,20.0,1233.0,142.0,1.0,1.0,1.0,1.0,1.0,1.0,1.0,1.0,1.0,142.0
2021-03-12,R1H,London,BARTS HEALTH NHS TRUST,4.0,151.0,39.0,108.0,1012.0,145.0,39.0,82.0,19.0,1265.0,140.0,1.0,1.0,1.0,1.0,1.0,1.0,1.0,1.0,1.0,140.0
2021-03-13,R1H,London,BARTS HEALTH NHS TRUST,4.0,137.0,39.0,94.0,988.0,146.0,39.0,79.0,21.0,1228.0,139.0,1.0,1.0,1.0,1.0,1.0,1.0,1.0,1.0,1.0,139.0
2021-03-14,R1H,London,BARTS HEALTH NHS TRUST,5.0,134.0,38.0,92.0,1012.0,117.0,38.0,82.0,19.0,1221.0,139.0,1.0,1.0,1.0,1.0,1.0,1.0,1.0,1.0,1.0,139.0
2021-03-15,R1H,London,BARTS HEALTH NHS TRUST,0.0,135.0,36.0,95.0,1061.0,118.0,36.0,76.0,26.0,1274.0,138.0,1.0,1.0,1.0,1.0,1.0,1.0,1.0,1.0,1.0,138.0
2021-03-16,R1H,London,BARTS HEALTH NHS TRUST,1.0,132.0,31.0,96.0,1046.0,124.0,31.0,92.0,12.0,1266.0,135.0,1.0,1.0,1.0,1.0,1.0,1.0,1.0,1.0,1.0,135.0
2021-03-17,R1H,London,BARTS HEALTH NHS TRUST,1.0,124.0,29.0,90.0,1054.0,119.0,29.0,93.0,15.0,1263.0,137.0,1.0,1.0,1.0,1.0,1.0,1.0,1.0,1.0,1.0,137.0
2021-03-18,R1H,London,BARTS HEALTH NHS TRUST,4.0,119.0,29.0,85.0,1077.0,119.0,29.0,93.0,15.0,1281.0,137.0,1.0,1.0,1.0,1.0,1.0,1.0,1.0,1.0,1.0,137.0
2021-03-19,R1H,London,BARTS HEALTH NHS TRUST,7.0,113.0,22.0,86.0,1034.0,141.0,22.0,93.0,21.0,1261.0,136.0,1.0,1.0,1.0,1.0,1.0,1.0,1.0,1.0,1.0,136.0
2021-03-20,R1H,London,BARTS HEALTH NHS TRUST,3.0,105.0,9.0,92.0,1035.0,186.0,9.0,99.0,22.0,1313.0,130.0,1.0,1.0,1.0,1.0,1.0,1.0,1.0,1.0,1.0,130.0
2021-03-21,R1H,London,BARTS HEALTH NHS TRUST,1.0,111.0,22.0,85.0,1040.0,148.0,22.0,85.0,26.0,1273.0,133.0,1.0,1.0,1.0,1.0,1.0,1.0,1.0,1.0,1.0,133.0
2021-03-22,R1H,London,BARTS HEALTH NHS TRUST,0.0,115.0,25.0,86.0,1088.0,122.0,25.0,76.0,20.0,1296.0,121.0,1.0,1.0,1.0,1.0,1.0,1.0,1.0,1.0,1.0,121.0
2021-03-23,R1H,London,BARTS HEALTH NHS TRUST,3.0,115.0,24.0,87.0,1088.0,117.0,24.0,81.0,19.0,1292.0,124.0,1.0,1.0,1.0,1.0,1.0,1.0,1.0,1.0,1.0,124.0
2021-03-24,R1H,London,BARTS HEALTH NHS TRUST,2.0,105.0,22.0,80.0,1102.0,119.0,22.0,91.0,15.0,1301.0,128.0,1.0,1.0,1.0,1.0,1.0,1.0,1.0,1.0,1.0,128.0
2021-03-25,R1H,London,BARTS HEALTH NHS TRUST,1.0,100.0,20.0,77.0,1162.0,81.0,20.0,85.0,22.0,1320.0,127.0,1.0,1.0,1.0,1.0,1.0,1.0,1.0,1.0,1.0,127.0
2021-03-26,R1H,London,BARTS HEALTH NHS TRUST,0.0,93.0,18.0,72.0,1104.0,145.0,18.0,84.0,25.0,1321.0,127.0,1.0,1.0,1.0,1.0,1.0,1.0,1.0,1.0,1.0,127.0
2021-03-27,R1H,London,BARTS HEALTH NHS TRUST,1.0,87.0,17.0,67.0,1104.0,146.0,17.0,84.0,22.0,1317.0,123.0,1.0,1.0,1.0,1.0,1.0,1.0,1.0,1.0,1.0,123.0
2021-03-28,R1H,London,BARTS HEALTH NHS TRUST,2.0,83.0,19.0,61.0,1113.0,133.0,19.0,82.0,21.0,1307.0,122.0,1.0,1.0,1.0,1.0,1.0,1.0,1.0,1.0,1.0,122.0
2021-03-29,R1H,London,BARTS HEALTH NHS TRUST,0.0,83.0,20.0,60.0,1151.0,93.0,20.0,79.0,16.0,1304.0,115.0,1.0,1.0,1.0,1.0,1.0,1.0,1.0,1.0,1.0,115.0
2021-03-30,R1H,London,BARTS HEALTH NHS TRUST,0.0,86.0,20.0,63.0,1197.0,65.0,20.0,87.0,14.0,1325.0,121.0,1.0,1.0,1.0,1.0,1.0,1.0,1.0,1.0,1.0,121.0
2021-03-31,R1H,London,BARTS HEALTH NHS TRUST,0.0,84.0,19.0,62.0,1190.0,70.0,19.0,92.0,15.0,1322.0,126.0,1.0,1.0,1.0,1.0,1.0,1.0,1.0,1.0,1.0,126.0
2021-04-01,R1H,London,BARTS HEALTH NHS TRUST,2.0,82.0,17.0,62.0,1179.0,79.0,17.0,98.0,14.0,1320.0,129.0,1.0,1.0,1.0,1.0,1.0,1.0,1.0,1.0,1.0,129.0
2021-04-02,R1H,London,BARTS HEALTH NHS TRUST,4.0,78.0,16.0,59.0,1110.0,159.0,16.0,91.0,16.0,1328.0,123.0,1.0,1.0,1.0,1.0,1.0,1.0,1.0,1.0,1.0,123.0
2021-04-03,R1H,London,BARTS HEALTH NHS TRUST,4.0,73.0,18.0,52.0,1078.0,197.0,18.0,78.0,17.0,1327.0,113.0,1.0,1.0,1.0,1.0,1.0,1.0,1.0,1.0,1.0,113.0
2021-04-04,R1H,London,BARTS HEALTH NHS TRUST,3.0,74.0,13.0,58.0,1079.0,183.0,13.0,80.0,20.0,1320.0,113.0,1.0,1.0,1.0,1.0,1.0,1.0,1.0,1.0,1.0,113.0
2021-04-05,R1H,London,BARTS HEALTH NHS TRUST,2.0,71.0,12.0,56.0,1056.0,210.0,12.0,83.0,16.0,1322.0,111.0,1.0,1.0,1.0,1.0,1.0,1.0,1.0,1.0,1.0,111.0
2021-04-06,R1H,London,BARTS HEALTH NHS TRUST,0.0,72.0,13.0,56.0,1135.0,158.0,13.0,74.0,21.0,1349.0,108.0,1.0,1.0,1.0,1.0,1.0,1.0,1.0,1.0,1.0,108.0
2020-11-17,R1K,London,LONDON NORTH WEST UNIVERSITY HEALTHCARE NHS TRUST,14.0,131.0,9.0,112.0,690.0,93.0,19.0,30.0,17.0,895.0,66.0,1.0,1.0,1.0,1.0,1.0,1.0,1.0,1.0,1.0,66.0
2020-11-18,R1K,London,LONDON NORTH WEST UNIVERSITY HEALTHCARE NHS TRUST,14.0,125.0,9.0,103.0,697.0,91.0,22.0,26.0,18.0,891.0,66.0,1.0,1.0,1.0,1.0,1.0,1.0,1.0,1.0,1.0,66.0
2020-11-19,R1K,London,LONDON NORTH WEST UNIVERSITY HEALTHCARE NHS TRUST,12.0,129.0,7.0,106.0,649.0,123.0,23.0,30.0,12.0,878.0,65.0,1.0,1.0,1.0,1.0,1.0,1.0,1.0,1.0,1.0,65.0
2020-11-20,R1K,London,LONDON NORTH WEST UNIVERSITY HEALTHCARE NHS TRUST,8.0,133.0,10.0,105.0,633.0,154.0,28.0,25.0,14.0,892.0,67.0,1.0,1.0,1.0,1.0,1.0,1.0,1.0,1.0,1.0,67.0
2020-11-21,R1K,London,LONDON NORTH WEST UNIVERSITY HEALTHCARE NHS TRUST,11.0,126.0,9.0,99.0,623.0,127.0,27.0,29.0,15.0,849.0,71.0,1.0,1.0,1.0,1.0,1.0,1.0,1.0,1.0,1.0,71.0
2020-11-22,R1K,London,LONDON NORTH WEST UNIVERSITY HEALTHCARE NHS TRUST,9.0,120.0,10.0,92.0,592.0,179.0,27.0,30.0,14.0,863.0,71.0,1.0,1.0,1.0,1.0,1.0,1.0,1.0,1.0,1.0,71.0
2020-11-23,R1K,London,LONDON NORTH WEST UNIVERSITY HEALTHCARE NHS TRUST,13.0,129.0,14.0,100.0,614.0,151.0,29.0,31.0,12.0,865.0,72.0,1.0,1.0,1.0,1.0,1.0,1.0,1.0,1.0,1.0,72.0
2020-11-24,R1K,London,LONDON NORTH WEST UNIVERSITY HEALTHCARE NHS TRUST,18.0,119.0,15.0,91.0,654.0,121.0,28.0,28.0,16.0,866.0,72.0,1.0,1.0,1.0,1.0,1.0,1.0,1.0,1.0,1.0,72.0
2020-11-25,R1K,London,LONDON NORTH WEST UNIVERSITY HEALTHCARE NHS TRUST,18.0,122.0,12.0,95.0,689.0,121.0,27.0,26.0,18.0,905.0,71.0,1.0,1.0,1.0,1.0,1.0,1.0,1.0,1.0,1.0,71.0
2020-11-26,R1K,London,LONDON NORTH WEST UNIVERSITY HEALTHCARE NHS TRUST,16.0,133.0,11.0,110.0,673.0,103.0,23.0,28.0,23.0,886.0,74.0,1.0,1.0,1.0,1.0,1.0,1.0,1.0,1.0,1.0,74.0
2020-11-27,R1K,London,LONDON NORTH WEST UNIVERSITY HEALTHCARE NHS TRUST,10.0,127.0,11.0,104.0,674.0,104.0,23.0,33.0,15.0,882.0,71.0,1.0,1.0,1.0,1.0,1.0,1.0,1.0,1.0,1.0,71.0
2020-11-28,R1K,London,LONDON NORTH WEST UNIVERSITY HEALTHCARE NHS TRUST,4.0,131.0,11.0,109.0,616.0,156.0,22.0,32.0,17.0,881.0,71.0,1.0,1.0,1.0,1.0,1.0,1.0,1.0,1.0,1.0,71.0
2020-11-29,R1K,London,LONDON NORTH WEST UNIVERSITY HEALTHCARE NHS TRUST,11.0,125.0,12.0,104.0,635.0,127.0,21.0,27.0,23.0,866.0,71.0,1.0,1.0,1.0,1.0,1.0,1.0,1.0,1.0,1.0,71.0
2020-11-30,R1K,London,LONDON NORTH WEST UNIVERSITY HEALTHCARE NHS TRUST,8.0,125.0,10.0,102.0,643.0,126.0,23.0,28.0,20.0,871.0,71.0,1.0,1.0,1.0,1.0,1.0,1.0,1.0,1.0,1.0,71.0
2020-12-01,R1K,London,LONDON NORTH WEST UNIVERSITY HEALTHCARE NHS TRUST,9.0,126.0,12.0,103.0,691.0,72.0,23.0,28.0,20.0,866.0,71.0,1.0,1.0,1.0,1.0,1.0,1.0,1.0,1.0,1.0,71.0
2020-12-02,R1K,London,LONDON NORTH WEST UNIVERSITY HEALTHCARE NHS TRUST,10.0,85.0,9.0,70.0,503.0,92.0,15.0,25.0,13.0,665.0,53.0,1.0,1.0,1.0,1.0,1.0,1.0,1.0,1.0,1.0,53.0
2020-12-03,R1K,London,LONDON NORTH WEST UNIVERSITY HEALTHCARE NHS TRUST,6.0,110.0,10.0,91.0,706.0,83.0,19.0,39.0,13.0,880.0,71.0,1.0,1.0,1.0,1.0,1.0,1.0,1.0,1.0,1.0,71.0
2020-12-04,R1K,London,LONDON NORTH WEST UNIVERSITY HEALTHCARE NHS TRUST,11.0,107.0,9.0,90.0,633.0,160.0,17.0,34.0,21.0,883.0,72.0,1.0,1.0,1.0,1.0,1.0,1.0,1.0,1.0,1.0,72.0
2020-12-05,R1K,London,LONDON NORTH WEST UNIVERSITY HEALTHCARE NHS TRUST,16.0,98.0,8.0,81.0,665.0,144.0,17.0,40.0,15.0,890.0,72.0,1.0,1.0,1.0,1.0,1.0,1.0,1.0,1.0,1.0,72.0
2020-12-06,R1K,London,LONDON NORTH WEST UNIVERSITY HEALTHCARE NHS TRUST,14.0,104.0,9.0,85.0,669.0,115.0,19.0,39.0,14.0,869.0,72.0,1.0,1.0,1.0,1.0,1.0,1.0,1.0,1.0,1.0,72.0
2020-12-07,R1K,London,LONDON NORTH WEST UNIVERSITY HEALTHCARE NHS TRUST,3.0,115.0,11.0,94.0,678.0,104.0,21.0,35.0,16.0,876.0,72.0,1.0,1.0,1.0,1.0,1.0,1.0,1.0,1.0,1.0,72.0
2020-12-08,R1K,London,LONDON NORTH WEST UNIVERSITY HEALTHCARE NHS TRUST,9.0,113.0,9.0,93.0,703.0,89.0,18.0,39.0,15.0,885.0,72.0,1.0,1.0,1.0,1.0,1.0,1.0,1.0,1.0,1.0,72.0
2020-12-09,R1K,London,LONDON NORTH WEST UNIVERSITY HEALTHCARE NHS TRUST,31.0,112.5,9.0,92.5,697.5,94.0,18.0,38.0,16.0,884.0,72.0,1.0,0.0,0.0,0.0,0.0,0.0,0.0,0.0,0.0,72.0
2020-12-10,R1K,London,LONDON NORTH WEST UNIVERSITY HEALTHCARE NHS TRUST,15.0,112.0,9.0,92.0,692.0,99.0,18.0,37.0,17.0,883.0,72.0,1.0,1.0,1.0,1.0,1.0,1.0,1.0,1.0,1.0,72.0
2020-12-11,R1K,London,LONDON NORTH WEST UNIVERSITY HEALTHCARE NHS TRUST,21.0,126.0,9.0,107.0,670.0,124.0,17.0,31.0,24.0,901.0,72.0,1.0,1.0,1.0,1.0,1.0,1.0,1.0,1.0,1.0,72.0
2020-12-12,R1K,London,LONDON NORTH WEST UNIVERSITY HEALTHCARE NHS TRUST,16.0,126.0,10.0,105.0,659.0,123.0,19.0,29.0,25.0,887.0,73.0,1.0,1.0,1.0,1.0,1.0,1.0,1.0,1.0,1.0,73.0
2020-12-13,R1K,London,LONDON NORTH WEST UNIVERSITY HEALTHCARE NHS TRUST,11.0,136.0,10.0,115.0,627.0,125.0,20.0,33.0,19.0,867.0,72.0,1.0,1.0,1.0,1.0,1.0,1.0,1.0,1.0,1.0,72.0
2020-12-14,R1K,London,LONDON NORTH WEST UNIVERSITY HEALTHCARE NHS TRUST,23.0,139.0,12.0,115.0,678.0,67.0,23.0,33.0,16.0,860.0,72.0,1.0,1.0,1.0,1.0,1.0,1.0,1.0,1.0,1.0,72.0
2020-12-15,R1K,London,LONDON NORTH WEST UNIVERSITY HEALTHCARE NHS TRUST,33.0,147.0,12.0,120.0,702.0,59.0,25.0,30.0,17.0,881.0,72.0,1.0,1.0,1.0,1.0,1.0,1.0,1.0,1.0,1.0,72.0
2020-12-16,R1K,London,LONDON NORTH WEST UNIVERSITY HEALTHCARE NHS TRUST,24.0,155.0,11.0,130.0,706.0,62.0,24.0,35.0,13.0,898.0,72.0,1.0,1.0,1.0,1.0,1.0,1.0,1.0,1.0,1.0,72.0
2020-12-17,R1K,London,LONDON NORTH WEST UNIVERSITY HEALTHCARE NHS TRUST,17.0,165.0,9.0,144.0,708.0,37.0,20.0,40.0,12.0,889.0,72.0,1.0,1.0,1.0,1.0,1.0,1.0,1.0,1.0,1.0,72.0
2020-12-18,R1K,London,LONDON NORTH WEST UNIVERSITY HEALTHCARE NHS TRUST,26.0,175.0,10.0,154.0,695.0,40.0,19.0,40.0,12.0,889.0,71.0,1.0,1.0,1.0,1.0,1.0,1.0,1.0,1.0,1.0,71.0
2020-12-19,R1K,London,LONDON NORTH WEST UNIVERSITY HEALTHCARE NHS TRUST,22.0,170.0,13.0,143.0,677.0,84.0,24.0,37.0,9.0,904.0,70.0,1.0,1.0,1.0,1.0,1.0,1.0,1.0,1.0,1.0,70.0
2020-12-20,R1K,London,LONDON NORTH WEST UNIVERSITY HEALTHCARE NHS TRUST,30.0,184.0,11.0,162.0,676.0,36.0,20.0,41.0,11.0,874.0,72.0,1.0,1.0,1.0,1.0,1.0,1.0,1.0,1.0,1.0,72.0
2020-12-21,R1K,London,LONDON NORTH WEST UNIVERSITY HEALTHCARE NHS TRUST,5.0,197.0,11.0,171.0,686.0,25.0,25.0,40.0,7.0,882.0,72.0,1.0,1.0,1.0,1.0,1.0,1.0,1.0,1.0,1.0,72.0
2020-12-22,R1K,London,LONDON NORTH WEST UNIVERSITY HEALTHCARE NHS TRUST,18.0,202.0,13.0,172.0,665.0,63.0,30.0,35.0,9.0,900.0,74.0,1.0,1.0,1.0,1.0,1.0,1.0,1.0,1.0,1.0,74.0
2020-12-23,R1K,London,LONDON NORTH WEST UNIVERSITY HEALTHCARE NHS TRUST,27.0,214.0,15.0,180.0,651.5,63.5,33.0,31.0,11.0,895.0,75.0,1.0,0.0,0.0,0.0,0.0,0.0,0.0,0.0,0.0,75.0
2020-12-24,R1K,London,LONDON NORTH WEST UNIVERSITY HEALTHCARE NHS TRUST,34.0,226.0,17.0,188.0,638.0,64.0,36.0,27.0,13.0,890.0,76.0,1.0,1.0,1.0,1.0,1.0,1.0,1.0,1.0,1.0,76.0
2020-12-25,R1K,London,LONDON NORTH WEST UNIVERSITY HEALTHCARE NHS TRUST,32.0,219.0,16.0,182.0,582.0,119.0,35.0,26.0,17.0,883.0,78.0,1.0,1.0,1.0,1.0,1.0,1.0,1.0,1.0,1.0,78.0
2020-12-26,R1K,London,LONDON NORTH WEST UNIVERSITY HEALTHCARE NHS TRUST,42.0,233.0,15.0,195.0,594.0,97.0,37.0,28.0,13.0,886.0,78.0,1.0,1.0,1.0,1.0,1.0,1.0,1.0,1.0,1.0,78.0
2020-12-27,R1K,London,LONDON NORTH WEST UNIVERSITY HEALTHCARE NHS TRUST,47.0,252.0,18.0,213.0,614.0,51.0,38.0,34.0,6.0,878.0,78.0,1.0,1.0,1.0,1.0,1.0,1.0,1.0,1.0,1.0,78.0
2020-12-28,R1K,London,LONDON NORTH WEST UNIVERSITY HEALTHCARE NHS TRUST,66.0,276.0,17.0,231.0,628.0,22.0,44.0,29.0,5.0,881.0,78.0,1.0,1.0,1.0,1.0,1.0,1.0,1.0,1.0,1.0,78.0
2020-12-29,R1K,London,LONDON NORTH WEST UNIVERSITY HEALTHCARE NHS TRUST,43.0,310.0,19.0,263.0,615.0,21.0,46.0,30.0,3.0,899.0,79.0,1.0,1.0,1.0,1.0,1.0,1.0,1.0,1.0,1.0,79.0
2020-12-30,R1K,London,LONDON NORTH WEST UNIVERSITY HEALTHCARE NHS TRUST,35.0,321.0,22.0,272.0,604.0,12.0,47.0,33.0,1.0,888.0,81.0,1.0,1.0,1.0,1.0,1.0,1.0,1.0,1.0,1.0,81.0
2020-12-31,R1K,London,LONDON NORTH WEST UNIVERSITY HEALTHCARE NHS TRUST,52.0,306.0,19.0,263.0,614.0,30.0,43.0,32.0,4.0,907.0,79.0,1.0,1.0,1.0,1.0,1.0,1.0,1.0,1.0,1.0,79.0
2021-01-01,R1K,London,LONDON NORTH WEST UNIVERSITY HEALTHCARE NHS TRUST,64.0,293.0,18.0,249.0,602.0,48.0,42.0,32.0,5.0,899.0,79.0,1.0,1.0,1.0,1.0,1.0,1.0,1.0,1.0,1.0,79.0
2021-01-02,R1K,London,LONDON NORTH WEST UNIVERSITY HEALTHCARE NHS TRUST,80.0,327.0,26.0,277.0,578.0,46.0,47.0,27.0,6.0,901.0,80.0,1.0,1.0,1.0,1.0,1.0,1.0,1.0,1.0,1.0,80.0
2021-01-03,R1K,London,LONDON NORTH WEST UNIVERSITY HEALTHCARE NHS TRUST,71.0,366.0,30.0,306.0,560.0,30.0,58.0,20.0,2.0,896.0,80.0,1.0,1.0,1.0,1.0,1.0,1.0,1.0,1.0,1.0,80.0
2021-01-04,R1K,London,LONDON NORTH WEST UNIVERSITY HEALTHCARE NHS TRUST,57.0,415.0,29.0,354.0,523.0,24.0,59.0,18.0,5.0,901.0,82.0,1.0,1.0,1.0,1.0,1.0,1.0,1.0,1.0,1.0,82.0
2021-01-05,R1K,London,LONDON NORTH WEST UNIVERSITY HEALTHCARE NHS TRUST,71.0,426.0,33.0,362.0,510.0,62.0,63.0,15.0,5.0,934.0,83.0,1.0,1.0,1.0,1.0,1.0,1.0,1.0,1.0,1.0,83.0
2021-01-06,R1K,London,LONDON NORTH WEST UNIVERSITY HEALTHCARE NHS TRUST,66.0,438.0,33.0,373.0,493.0,52.0,64.0,17.0,3.0,918.0,84.0,1.0,1.0,1.0,1.0,1.0,1.0,1.0,1.0,1.0,84.0
2021-01-07,R1K,London,LONDON NORTH WEST UNIVERSITY HEALTHCARE NHS TRUST,61.0,476.0,34.0,410.0,452.0,56.0,66.0,16.0,3.0,918.0,85.0,1.0,1.0,1.0,1.0,1.0,1.0,1.0,1.0,1.0,85.0
2021-01-08,R1K,London,LONDON NORTH WEST UNIVERSITY HEALTHCARE NHS TRUST,55.0,474.0,39.0,396.0,416.0,109.0,76.0,4.0,10.0,921.0,90.0,1.0,1.0,1.0,1.0,1.0,1.0,1.0,1.0,1.0,90.0
2021-01-09,R1K,London,LONDON NORTH WEST UNIVERSITY HEALTHCARE NHS TRUST,67.0,478.0,41.0,397.0,410.0,115.0,80.0,8.0,10.0,922.0,98.0,1.0,1.0,1.0,1.0,1.0,1.0,1.0,1.0,1.0,98.0
2021-01-10,R1K,London,LONDON NORTH WEST UNIVERSITY HEALTHCARE NHS TRUST,46.0,496.0,37.0,420.0,419.0,72.0,73.0,5.0,24.0,911.0,102.0,1.0,1.0,1.0,1.0,1.0,1.0,1.0,1.0,1.0,102.0
2021-01-11,R1K,London,LONDON NORTH WEST UNIVERSITY HEALTHCARE NHS TRUST,82.0,506.0,36.0,423.0,447.0,25.0,79.0,9.0,19.0,895.0,107.0,1.0,1.0,1.0,1.0,1.0,1.0,1.0,1.0,1.0,107.0
2021-01-12,R1K,London,LONDON NORTH WEST UNIVERSITY HEALTHCARE NHS TRUST,53.0,473.0,36.0,391.0,455.0,40.0,78.0,9.0,20.0,886.0,107.0,1.0,1.0,1.0,1.0,1.0,1.0,1.0,1.0,1.0,107.0
2021-01-13,R1K,London,LONDON NORTH WEST UNIVERSITY HEALTHCARE NHS TRUST,58.0,477.0,38.0,392.0,428.0,73.0,82.0,19.0,3.0,893.0,104.0,1.0,1.0,1.0,1.0,1.0,1.0,1.0,1.0,1.0,104.0
2021-01-14,R1K,London,LONDON NORTH WEST UNIVERSITY HEALTHCARE NHS TRUST,58.0,473.0,39.0,384.0,428.0,75.0,86.0,20.0,0.0,887.0,106.0,1.0,1.0,1.0,1.0,1.0,1.0,1.0,1.0,1.0,106.0
2021-01-15,R1K,London,LONDON NORTH WEST UNIVERSITY HEALTHCARE NHS TRUST,65.0,476.0,40.0,400.0,446.0,39.0,75.0,16.0,16.0,885.0,107.0,1.0,1.0,1.0,1.0,1.0,1.0,1.0,1.0,1.0,107.0
2021-01-16,R1K,London,LONDON NORTH WEST UNIVERSITY HEALTHCARE NHS TRUST,58.0,463.0,44.0,382.0,452.0,46.0,79.0,19.0,9.0,880.0,107.0,1.0,1.0,1.0,1.0,1.0,1.0,1.0,1.0,1.0,107.0
2021-01-17,R1K,London,LONDON NORTH WEST UNIVERSITY HEALTHCARE NHS TRUST,51.0,473.0,44.0,387.0,453.0,41.0,85.0,20.0,2.0,881.0,107.0,1.0,1.0,1.0,1.0,1.0,1.0,1.0,1.0,1.0,107.0
2021-01-18,R1K,London,LONDON NORTH WEST UNIVERSITY HEALTHCARE NHS TRUST,40.0,475.0,40.0,387.0,466.0,41.0,87.0,16.0,4.0,894.0,107.0,1.0,1.0,1.0,1.0,1.0,1.0,1.0,1.0,1.0,107.0
2021-01-19,R1K,London,LONDON NORTH WEST UNIVERSITY HEALTHCARE NHS TRUST,54.0,458.0,40.0,375.0,473.0,44.0,82.0,16.0,9.0,892.0,107.0,1.0,1.0,1.0,1.0,1.0,1.0,1.0,1.0,1.0,107.0
2021-01-20,R1K,London,LONDON NORTH WEST UNIVERSITY HEALTHCARE NHS TRUST,45.0,438.0,39.0,359.0,458.0,75.0,79.0,21.0,9.0,892.0,109.0,1.0,1.0,1.0,1.0,1.0,1.0,1.0,1.0,1.0,109.0
2021-01-21,R1K,London,LONDON NORTH WEST UNIVERSITY HEALTHCARE NHS TRUST,40.0,437.0,44.0,360.0,450.0,88.0,77.0,18.0,14.0,898.0,109.0,1.0,1.0,1.0,1.0,1.0,1.0,1.0,1.0,1.0,109.0
2021-01-22,R1K,London,LONDON NORTH WEST UNIVERSITY HEALTHCARE NHS TRUST,43.0,424.0,42.0,344.0,475.0,88.0,80.0,15.0,12.0,907.0,107.0,1.0,1.0,1.0,1.0,1.0,1.0,1.0,1.0,1.0,107.0
2021-01-23,R1K,London,LONDON NORTH WEST UNIVERSITY HEALTHCARE NHS TRUST,37.0,397.0,48.0,314.0,496.0,92.0,82.0,11.0,14.0,902.0,107.0,1.0,1.0,1.0,1.0,1.0,1.0,1.0,1.0,1.0,107.0
2021-01-24,R1K,London,LONDON NORTH WEST UNIVERSITY HEALTHCARE NHS TRUST,52.0,395.0,43.0,315.0,493.0,106.0,79.0,10.0,18.0,914.0,107.0,1.0,1.0,1.0,1.0,1.0,1.0,1.0,1.0,1.0,107.0
2021-01-25,R1K,London,LONDON NORTH WEST UNIVERSITY HEALTHCARE NHS TRUST,11.0,390.0,43.0,310.0,530.0,66.0,79.0,10.0,18.0,906.0,107.0,1.0,1.0,1.0,1.0,1.0,1.0,1.0,1.0,1.0,107.0
2021-01-26,R1K,London,LONDON NORTH WEST UNIVERSITY HEALTHCARE NHS TRUST,27.0,392.0,44.0,315.0,526.0,65.0,76.0,12.0,15.0,906.0,103.0,1.0,1.0,1.0,1.0,1.0,1.0,1.0,1.0,1.0,103.0
2021-01-27,R1K,London,LONDON NORTH WEST UNIVERSITY HEALTHCARE NHS TRUST,29.0,369.0,45.0,286.0,518.5,102.5,82.5,13.0,10.0,907.0,105.5,1.0,0.0,0.0,0.0,0.0,0.0,0.0,0.0,0.0,105.5
2021-01-28,R1K,London,LONDON NORTH WEST UNIVERSITY HEALTHCARE NHS TRUST,37.0,346.0,46.0,257.0,511.0,140.0,89.0,14.0,5.0,908.0,108.0,1.0,1.0,1.0,1.0,1.0,1.0,1.0,1.0,1.0,108.0
2021-01-29,R1K,London,LONDON NORTH WEST UNIVERSITY HEALTHCARE NHS TRUST,29.0,336.0,43.0,253.0,553.0,91.0,83.0,14.0,8.0,897.0,105.0,1.0,1.0,1.0,1.0,1.0,1.0,1.0,1.0,1.0,105.0
2021-01-30,R1K,London,LONDON NORTH WEST UNIVERSITY HEALTHCARE NHS TRUST,36.0,309.0,43.0,228.0,560.0,109.0,81.0,13.0,13.0,897.0,107.0,1.0,1.0,1.0,1.0,1.0,1.0,1.0,1.0,1.0,107.0
2021-01-31,R1K,London,LONDON NORTH WEST UNIVERSITY HEALTHCARE NHS TRUST,21.0,317.0,42.0,233.0,589.0,81.0,82.0,12.0,13.0,903.0,107.0,1.0,1.0,1.0,1.0,1.0,1.0,1.0,1.0,1.0,107.0
2021-02-01,R1K,London,LONDON NORTH WEST UNIVERSITY HEALTHCARE NHS TRUST,26.0,320.0,41.0,239.0,571.0,94.0,80.0,13.0,14.0,904.0,107.0,1.0,1.0,1.0,1.0,1.0,1.0,1.0,1.0,1.0,107.0
2021-02-02,R1K,London,LONDON NORTH WEST UNIVERSITY HEALTHCARE NHS TRUST,20.0,296.0,38.0,222.0,590.0,93.0,72.0,15.0,20.0,905.0,107.0,1.0,1.0,1.0,1.0,1.0,1.0,1.0,1.0,1.0,107.0
2021-02-03,R1K,London,LONDON NORTH WEST UNIVERSITY HEALTHCARE NHS TRUST,37.0,273.0,40.0,198.0,581.0,119.0,73.0,15.0,19.0,898.0,107.0,1.0,1.0,1.0,1.0,1.0,1.0,1.0,1.0,1.0,107.0
2021-02-04,R1K,London,LONDON NORTH WEST UNIVERSITY HEALTHCARE NHS TRUST,20.0,275.0,39.0,203.0,592.0,108.0,70.0,17.0,20.0,903.0,107.0,1.0,1.0,1.0,1.0,1.0,1.0,1.0,1.0,1.0,107.0
2021-02-05,R1K,London,LONDON NORTH WEST UNIVERSITY HEALTHCARE NHS TRUST,12.0,271.0,36.0,207.0,582.0,119.0,62.0,13.0,32.0,908.0,107.0,1.0,1.0,1.0,1.0,1.0,1.0,1.0,1.0,1.0,107.0
2021-02-06,R1K,London,LONDON NORTH WEST UNIVERSITY HEALTHCARE NHS TRUST,20.0,247.0,37.0,182.0,571.0,156.0,64.0,17.0,26.0,909.0,107.0,1.0,1.0,1.0,1.0,1.0,1.0,1.0,1.0,1.0,107.0
2021-02-07,R1K,London,LONDON NORTH WEST UNIVERSITY HEALTHCARE NHS TRUST,20.0,237.0,33.0,182.0,599.0,123.0,54.0,16.0,37.0,904.0,107.0,1.0,1.0,1.0,1.0,1.0,1.0,1.0,1.0,1.0,107.0
2021-02-08,R1K,London,LONDON NORTH WEST UNIVERSITY HEALTHCARE NHS TRUST,22.0,243.0,36.0,184.0,601.0,107.0,58.0,17.0,32.0,892.0,107.0,1.0,1.0,1.0,1.0,1.0,1.0,1.0,1.0,1.0,107.0
2021-02-09,R1K,London,LONDON NORTH WEST UNIVERSITY HEALTHCARE NHS TRUST,22.0,234.0,35.0,177.0,605.0,108.0,56.0,24.0,27.0,890.0,107.0,1.0,1.0,1.0,1.0,1.0,1.0,1.0,1.0,1.0,107.0
2021-02-10,R1K,London,LONDON NORTH WEST UNIVERSITY HEALTHCARE NHS TRUST,25.0,218.0,36.0,161.0,622.0,92.0,54.0,25.0,28.0,875.0,107.0,1.0,1.0,1.0,1.0,1.0,1.0,1.0,1.0,1.0,107.0
2021-02-11,R1K,London,LONDON NORTH WEST UNIVERSITY HEALTHCARE NHS TRUST,9.0,209.0,39.0,153.0,618.0,98.0,53.0,23.0,31.0,869.0,107.0,1.0,1.0,1.0,1.0,1.0,1.0,1.0,1.0,1.0,107.0
2021-02-12,R1K,London,LONDON NORTH WEST UNIVERSITY HEALTHCARE NHS TRUST,11.0,205.0,41.0,150.0,596.0,122.0,54.0,21.0,30.0,868.0,105.0,1.0,1.0,1.0,1.0,1.0,1.0,1.0,1.0,1.0,105.0
2021-02-13,R1K,London,LONDON NORTH WEST UNIVERSITY HEALTHCARE NHS TRUST,15.0,186.0,42.0,133.0,586.0,146.0,52.0,22.0,31.0,865.0,105.0,1.0,1.0,1.0,1.0,1.0,1.0,1.0,1.0,1.0,105.0
2021-02-14,R1K,London,LONDON NORTH WEST UNIVERSITY HEALTHCARE NHS TRUST,12.0,169.0,41.0,118.0,595.0,148.0,50.0,24.0,31.0,861.0,105.0,1.0,1.0,1.0,1.0,1.0,1.0,1.0,1.0,1.0,105.0
2021-02-15,R1K,London,LONDON NORTH WEST UNIVERSITY HEALTHCARE NHS TRUST,6.0,179.0,41.0,128.0,620.0,117.0,50.0,23.0,32.0,865.0,105.0,1.0,1.0,1.0,1.0,1.0,1.0,1.0,1.0,1.0,105.0
2021-02-16,R1K,London,LONDON NORTH WEST UNIVERSITY HEALTHCARE NHS TRUST,9.0,158.0,25.0,125.0,636.0,98.0,33.0,45.0,27.0,859.0,105.0,1.0,1.0,1.0,1.0,1.0,1.0,1.0,1.0,1.0,105.0
2021-02-17,R1K,London,LONDON NORTH WEST UNIVERSITY HEALTHCARE NHS TRUST,15.0,140.0,23.0,110.0,634.0,113.0,30.0,44.0,31.0,857.0,105.0,1.0,1.0,1.0,1.0,1.0,1.0,1.0,1.0,1.0,105.0
2021-02-18,R1K,London,LONDON NORTH WEST UNIVERSITY HEALTHCARE NHS TRUST,2.0,128.0,23.0,98.0,613.0,163.0,30.0,38.0,28.0,874.0,96.0,1.0,1.0,1.0,1.0,1.0,1.0,1.0,1.0,1.0,96.0
2021-02-19,R1K,London,LONDON NORTH WEST UNIVERSITY HEALTHCARE NHS TRUST,9.0,127.0,21.0,94.0,615.0,181.0,33.0,34.0,29.0,890.0,96.0,1.0,1.0,1.0,1.0,1.0,1.0,1.0,1.0,1.0,96.0
2021-02-20,R1K,London,LONDON NORTH WEST UNIVERSITY HEALTHCARE NHS TRUST,9.0,113.0,20.0,85.0,596.0,187.0,28.0,33.0,35.0,868.0,96.0,1.0,1.0,1.0,1.0,1.0,1.0,1.0,1.0,1.0,96.0
2021-02-21,R1K,London,LONDON NORTH WEST UNIVERSITY HEALTHCARE NHS TRUST,9.0,113.0,24.0,79.0,597.0,191.0,34.0,33.0,27.0,867.0,94.0,1.0,1.0,1.0,1.0,1.0,1.0,1.0,1.0,1.0,94.0
2021-02-22,R1K,London,LONDON NORTH WEST UNIVERSITY HEALTHCARE NHS TRUST,4.0,123.0,26.0,86.0,615.0,163.0,37.0,31.0,18.0,864.0,86.0,1.0,1.0,1.0,1.0,1.0,1.0,1.0,1.0,1.0,86.0
2021-02-23,R1K,London,LONDON NORTH WEST UNIVERSITY HEALTHCARE NHS TRUST,9.0,116.0,26.0,80.0,617.0,137.0,36.0,30.0,20.0,834.0,86.0,1.0,1.0,1.0,1.0,1.0,1.0,1.0,1.0,1.0,86.0
2021-02-24,R1K,London,LONDON NORTH WEST UNIVERSITY HEALTHCARE NHS TRUST,11.0,105.0,27.0,70.0,628.0,151.0,35.0,32.0,19.0,849.0,86.0,1.0,1.0,1.0,1.0,1.0,1.0,1.0,1.0,1.0,86.0
2021-02-25,R1K,London,LONDON NORTH WEST UNIVERSITY HEALTHCARE NHS TRUST,8.0,102.0,25.0,67.0,614.0,173.0,35.0,34.0,19.0,854.0,88.0,1.0,1.0,1.0,1.0,1.0,1.0,1.0,1.0,1.0,88.0
2021-02-26,R1K,London,LONDON NORTH WEST UNIVERSITY HEALTHCARE NHS TRUST,5.0,102.0,26.0,69.0,671.0,108.0,33.0,29.0,24.0,848.0,86.0,1.0,1.0,1.0,1.0,1.0,1.0,1.0,1.0,1.0,86.0
2021-02-27,R1K,London,LONDON NORTH WEST UNIVERSITY HEALTHCARE NHS TRUST,2.0,91.0,25.0,58.0,589.0,214.0,33.0,31.0,22.0,861.0,86.0,1.0,1.0,1.0,1.0,1.0,1.0,1.0,1.0,1.0,86.0
2021-02-28,R1K,London,LONDON NORTH WEST UNIVERSITY HEALTHCARE NHS TRUST,6.0,93.0,25.0,61.0,583.0,203.0,32.0,32.0,22.0,847.0,86.0,1.0,1.0,1.0,1.0,1.0,1.0,1.0,1.0,1.0,86.0
2021-03-01,R1K,London,LONDON NORTH WEST UNIVERSITY HEALTHCARE NHS TRUST,5.0,88.0,24.0,58.0,633.0,152.0,30.0,32.0,24.0,843.0,86.0,1.0,1.0,1.0,1.0,1.0,1.0,1.0,1.0,1.0,86.0
2021-03-02,R1K,London,LONDON NORTH WEST UNIVERSITY HEALTHCARE NHS TRUST,6.0,88.0,24.0,58.0,651.0,140.0,30.0,27.0,29.0,849.0,86.0,1.0,1.0,1.0,1.0,1.0,1.0,1.0,1.0,1.0,86.0
2021-03-03,R1K,London,LONDON NORTH WEST UNIVERSITY HEALTHCARE NHS TRUST,6.0,84.0,23.0,56.0,625.0,168.0,28.0,31.0,27.0,849.0,86.0,1.0,1.0,1.0,1.0,1.0,1.0,1.0,1.0,1.0,86.0
2021-03-04,R1K,London,LONDON NORTH WEST UNIVERSITY HEALTHCARE NHS TRUST,5.0,85.0,22.0,58.0,609.0,180.0,27.0,28.0,31.0,847.0,86.0,1.0,1.0,1.0,1.0,1.0,1.0,1.0,1.0,1.0,86.0
2021-03-05,R1K,London,LONDON NORTH WEST UNIVERSITY HEALTHCARE NHS TRUST,7.0,79.0,23.0,52.0,635.0,160.0,27.0,27.0,30.0,847.0,84.0,1.0,1.0,1.0,1.0,1.0,1.0,1.0,1.0,1.0,84.0
2021-03-06,R1K,London,LONDON NORTH WEST UNIVERSITY HEALTHCARE NHS TRUST,3.0,76.0,24.0,50.0,617.0,177.0,26.0,28.0,26.0,844.0,80.0,1.0,1.0,1.0,1.0,1.0,1.0,1.0,1.0,1.0,80.0
2021-03-07,R1K,London,LONDON NORTH WEST UNIVERSITY HEALTHCARE NHS TRUST,1.0,76.0,20.0,53.0,619.0,170.0,23.0,27.0,30.0,842.0,80.0,1.0,1.0,1.0,1.0,1.0,1.0,1.0,1.0,1.0,80.0
2021-03-08,R1K,London,LONDON NORTH WEST UNIVERSITY HEALTHCARE NHS TRUST,4.0,70.0,16.0,51.0,646.0,147.0,19.0,26.0,35.0,844.0,80.0,1.0,1.0,1.0,1.0,1.0,1.0,1.0,1.0,1.0,80.0
2021-03-09,R1K,London,LONDON NORTH WEST UNIVERSITY HEALTHCARE NHS TRUST,3.0,61.0,15.0,42.0,673.0,134.0,19.0,22.0,24.0,849.0,65.0,1.0,1.0,1.0,1.0,1.0,1.0,1.0,1.0,1.0,65.0
2021-03-10,R1K,London,LONDON NORTH WEST UNIVERSITY HEALTHCARE NHS TRUST,5.0,57.0,14.0,39.0,677.0,138.0,18.0,24.0,23.0,854.0,65.0,1.0,1.0,1.0,1.0,1.0,1.0,1.0,1.0,1.0,65.0
2021-03-11,R1K,London,LONDON NORTH WEST UNIVERSITY HEALTHCARE NHS TRUST,0.0,54.0,15.0,35.0,681.0,110.0,18.0,26.0,21.0,826.0,65.0,1.0,1.0,1.0,1.0,1.0,1.0,1.0,1.0,1.0,65.0
2021-03-12,R1K,London,LONDON NORTH WEST UNIVERSITY HEALTHCARE NHS TRUST,3.0,53.0,14.0,36.0,678.0,129.0,17.0,26.0,22.0,843.0,65.0,1.0,1.0,1.0,1.0,1.0,1.0,1.0,1.0,1.0,65.0
2021-03-13,R1K,London,LONDON NORTH WEST UNIVERSITY HEALTHCARE NHS TRUST,3.0,48.0,14.0,29.0,629.0,188.0,19.0,26.0,22.0,846.0,67.0,1.0,1.0,1.0,1.0,1.0,1.0,1.0,1.0,1.0,67.0
2021-03-14,R1K,London,LONDON NORTH WEST UNIVERSITY HEALTHCARE NHS TRUST,1.0,48.0,15.0,30.0,683.0,135.0,18.0,27.0,20.0,848.0,65.0,1.0,1.0,1.0,1.0,1.0,1.0,1.0,1.0,1.0,65.0
2021-03-15,R1K,London,LONDON NORTH WEST UNIVERSITY HEALTHCARE NHS TRUST,1.0,49.0,14.0,31.0,687.0,127.0,18.0,28.0,19.0,845.0,65.0,1.0,1.0,1.0,1.0,1.0,1.0,1.0,1.0,1.0,65.0
2021-03-16,R1K,London,LONDON NORTH WEST UNIVERSITY HEALTHCARE NHS TRUST,4.0,42.0,13.0,25.0,695.0,127.0,17.0,25.0,23.0,847.0,65.0,1.0,1.0,1.0,1.0,1.0,1.0,1.0,1.0,1.0,65.0
2021-03-17,R1K,London,LONDON NORTH WEST UNIVERSITY HEALTHCARE NHS TRUST,2.0,41.0,13.0,24.0,722.0,99.0,17.0,27.0,16.0,845.0,60.0,1.0,1.0,1.0,1.0,1.0,1.0,1.0,1.0,1.0,60.0
2021-03-18,R1K,London,LONDON NORTH WEST UNIVERSITY HEALTHCARE NHS TRUST,1.0,44.0,12.0,28.0,703.0,117.0,16.0,32.0,12.0,848.0,60.0,1.0,1.0,1.0,1.0,1.0,1.0,1.0,1.0,1.0,60.0
2021-03-19,R1K,London,LONDON NORTH WEST UNIVERSITY HEALTHCARE NHS TRUST,3.0,37.0,10.0,23.0,673.0,126.0,14.0,33.0,13.0,822.0,60.0,1.0,1.0,1.0,1.0,1.0,1.0,1.0,1.0,1.0,60.0
2021-03-20,R1K,London,LONDON NORTH WEST UNIVERSITY HEALTHCARE NHS TRUST,0.0,34.0,10.0,21.0,658.0,142.0,13.0,32.0,15.0,821.0,60.0,1.0,1.0,1.0,1.0,1.0,1.0,1.0,1.0,1.0,60.0
2021-03-21,R1K,London,LONDON NORTH WEST UNIVERSITY HEALTHCARE NHS TRUST,1.0,34.0,10.0,20.0,672.0,130.0,14.0,33.0,13.0,822.0,60.0,1.0,1.0,1.0,1.0,1.0,1.0,1.0,1.0,1.0,60.0
2021-03-22,R1K,London,LONDON NORTH WEST UNIVERSITY HEALTHCARE NHS TRUST,1.0,29.0,9.0,17.0,698.0,117.0,12.0,34.0,14.0,832.0,60.0,1.0,1.0,1.0,1.0,1.0,1.0,1.0,1.0,1.0,60.0
2021-03-23,R1K,London,LONDON NORTH WEST UNIVERSITY HEALTHCARE NHS TRUST,1.0,30.0,9.0,19.0,711.0,103.0,11.0,28.0,21.0,833.0,60.0,1.0,1.0,1.0,1.0,1.0,1.0,1.0,1.0,1.0,60.0
2021-03-24,R1K,London,LONDON NORTH WEST UNIVERSITY HEALTHCARE NHS TRUST,0.0,30.0,10.0,18.0,704.0,113.0,12.0,31.0,17.0,835.0,60.0,1.0,1.0,1.0,1.0,1.0,1.0,1.0,1.0,1.0,60.0
2021-03-25,R1K,London,LONDON NORTH WEST UNIVERSITY HEALTHCARE NHS TRUST,3.0,29.0,10.0,17.0,702.0,115.0,12.0,32.0,16.0,834.0,60.0,1.0,1.0,1.0,1.0,1.0,1.0,1.0,1.0,1.0,60.0
2021-03-26,R1K,London,LONDON NORTH WEST UNIVERSITY HEALTHCARE NHS TRUST,3.0,29.0,11.0,17.0,700.0,127.0,12.0,30.0,18.0,844.0,60.0,1.0,1.0,1.0,1.0,1.0,1.0,1.0,1.0,1.0,60.0
2021-03-27,R1K,London,LONDON NORTH WEST UNIVERSITY HEALTHCARE NHS TRUST,0.0,29.0,12.0,16.0,646.0,175.0,13.0,29.0,20.0,837.0,62.0,1.0,1.0,1.0,1.0,1.0,1.0,1.0,1.0,1.0,62.0
2021-03-28,R1K,London,LONDON NORTH WEST UNIVERSITY HEALTHCARE NHS TRUST,0.0,30.0,13.0,16.0,696.0,133.0,14.0,28.0,18.0,845.0,60.0,1.0,1.0,1.0,1.0,1.0,1.0,1.0,1.0,1.0,60.0
2021-03-29,R1K,London,LONDON NORTH WEST UNIVERSITY HEALTHCARE NHS TRUST,2.0,29.0,12.0,16.0,716.0,113.0,13.0,28.0,19.0,845.0,60.0,1.0,1.0,1.0,1.0,1.0,1.0,1.0,1.0,1.0,60.0
2021-03-30,R1K,London,LONDON NORTH WEST UNIVERSITY HEALTHCARE NHS TRUST,1.0,23.0,12.0,10.0,723.0,117.0,13.0,24.0,23.0,850.0,60.0,1.0,1.0,1.0,1.0,1.0,1.0,1.0,1.0,1.0,60.0
2021-03-31,R1K,London,LONDON NORTH WEST UNIVERSITY HEALTHCARE NHS TRUST,3.0,22.0,12.0,9.0,715.0,123.0,13.0,23.0,24.0,847.0,60.0,1.0,1.0,1.0,1.0,1.0,1.0,1.0,1.0,1.0,60.0
2021-04-01,R1K,London,LONDON NORTH WEST UNIVERSITY HEALTHCARE NHS TRUST,6.0,25.0,11.0,13.0,699.0,147.0,12.0,23.0,25.0,859.0,60.0,1.0,1.0,1.0,1.0,1.0,1.0,1.0,1.0,1.0,60.0
2021-04-02,R1K,London,LONDON NORTH WEST UNIVERSITY HEALTHCARE NHS TRUST,0.0,24.0,10.0,13.0,673.0,168.0,11.0,28.0,21.0,854.0,60.0,1.0,1.0,1.0,1.0,1.0,1.0,1.0,1.0,1.0,60.0
2021-04-03,R1K,London,LONDON NORTH WEST UNIVERSITY HEALTHCARE NHS TRUST,3.0,26.0,9.0,16.0,644.0,192.0,10.0,28.0,22.0,852.0,60.0,1.0,1.0,1.0,1.0,1.0,1.0,1.0,1.0,1.0,60.0
2021-04-04,R1K,London,LONDON NORTH WEST UNIVERSITY HEALTHCARE NHS TRUST,0.0,28.0,11.0,16.0,651.0,186.0,12.0,29.0,19.0,853.0,60.0,1.0,1.0,1.0,1.0,1.0,1.0,1.0,1.0,1.0,60.0
2021-04-05,R1K,London,LONDON NORTH WEST UNIVERSITY HEALTHCARE NHS TRUST,1.0,28.0,10.0,17.0,686.0,154.0,11.0,29.0,20.0,857.0,60.0,1.0,1.0,1.0,1.0,1.0,1.0,1.0,1.0,1.0,60.0
2021-04-06,R1K,London,LONDON NORTH WEST UNIVERSITY HEALTHCARE NHS TRUST,4.0,25.0,10.0,14.0,719.0,121.0,11.0,28.0,21.0,854.0,60.0,1.0,1.0,1.0,1.0,1.0,1.0,1.0,1.0,1.0,60.0
2020-11-17,RJ1,London,GUY'S AND ST THOMAS' NHS FOUNDATION TRUST,3.0,50.0,18.0,29.0,600.0,158.0,21.0,52.0,31.0,787.0,104.0,1.0,1.0,1.0,1.0,1.0,1.0,1.0,1.0,1.0,104.0
2020-11-18,RJ1,London,GUY'S AND ST THOMAS' NHS FOUNDATION TRUST,0.0,45.0,20.0,24.0,618.0,145.0,21.0,55.0,28.0,787.0,104.0,1.0,1.0,1.0,1.0,1.0,1.0,1.0,1.0,1.0,104.0
2020-11-19,RJ1,London,GUY'S AND ST THOMAS' NHS FOUNDATION TRUST,0.0,51.0,22.0,28.0,621.0,138.0,23.0,53.0,28.0,787.0,104.0,1.0,1.0,1.0,1.0,1.0,1.0,1.0,1.0,1.0,104.0
2020-11-20,RJ1,London,GUY'S AND ST THOMAS' NHS FOUNDATION TRUST,5.0,50.0,23.0,24.0,603.0,160.0,26.0,59.0,19.0,787.0,104.0,1.0,1.0,1.0,1.0,1.0,1.0,1.0,1.0,1.0,104.0
2020-11-21,RJ1,London,GUY'S AND ST THOMAS' NHS FOUNDATION TRUST,4.0,47.0,21.0,25.0,585.0,177.0,22.0,63.0,19.0,787.0,104.0,1.0,1.0,1.0,1.0,1.0,1.0,1.0,1.0,1.0,104.0
2020-11-22,RJ1,London,GUY'S AND ST THOMAS' NHS FOUNDATION TRUST,4.0,47.0,22.0,23.0,563.0,201.0,22.0,65.0,17.0,787.0,104.0,1.0,1.0,1.0,1.0,1.0,1.0,1.0,1.0,1.0,104.0
2020-11-23,RJ1,London,GUY'S AND ST THOMAS' NHS FOUNDATION TRUST,0.0,53.0,26.0,23.0,627.0,137.0,30.0,51.0,23.0,787.0,104.0,1.0,1.0,1.0,1.0,1.0,1.0,1.0,1.0,1.0,104.0
2020-11-24,RJ1,London,GUY'S AND ST THOMAS' NHS FOUNDATION TRUST,0.0,56.0,26.0,26.0,649.0,112.0,30.0,46.0,28.0,787.0,104.0,1.0,1.0,1.0,1.0,1.0,1.0,1.0,1.0,1.0,104.0
2020-11-25,RJ1,London,GUY'S AND ST THOMAS' NHS FOUNDATION TRUST,2.0,55.0,26.0,26.0,666.0,95.0,28.0,48.0,28.0,787.0,104.0,1.0,1.0,1.0,1.0,1.0,1.0,1.0,1.0,1.0,104.0
2020-11-26,RJ1,London,GUY'S AND ST THOMAS' NHS FOUNDATION TRUST,1.0,64.0,26.0,35.0,640.0,112.0,28.0,57.0,19.0,787.0,104.0,1.0,1.0,1.0,1.0,1.0,1.0,1.0,1.0,1.0,104.0
2020-11-27,RJ1,London,GUY'S AND ST THOMAS' NHS FOUNDATION TRUST,0.0,64.0,27.0,34.0,638.0,115.0,30.0,63.0,21.0,787.0,114.0,1.0,1.0,1.0,1.0,1.0,1.0,1.0,1.0,1.0,114.0
2020-11-28,RJ1,London,GUY'S AND ST THOMAS' NHS FOUNDATION TRUST,0.0,62.0,24.0,35.0,602.0,150.0,26.0,59.0,19.0,787.0,104.0,1.0,1.0,1.0,1.0,1.0,1.0,1.0,1.0,1.0,104.0
2020-11-29,RJ1,London,GUY'S AND ST THOMAS' NHS FOUNDATION TRUST,3.0,62.0,23.0,36.0,606.0,145.0,25.0,49.0,30.0,787.0,104.0,1.0,1.0,1.0,1.0,1.0,1.0,1.0,1.0,1.0,104.0
2020-11-30,RJ1,London,GUY'S AND ST THOMAS' NHS FOUNDATION TRUST,3.0,65.0,23.0,39.0,597.0,151.0,23.0,51.0,30.0,787.0,104.0,1.0,1.0,1.0,1.0,1.0,1.0,1.0,1.0,1.0,104.0
2020-12-01,RJ1,London,GUY'S AND ST THOMAS' NHS FOUNDATION TRUST,5.0,61.0,26.0,32.0,625.0,130.0,26.0,48.0,30.0,787.0,104.0,1.0,1.0,1.0,1.0,1.0,1.0,1.0,1.0,1.0,104.0
2020-12-02,RJ1,London,GUY'S AND ST THOMAS' NHS FOUNDATION TRUST,2.0,66.0,26.0,38.0,615.0,134.0,25.0,50.0,29.0,787.0,104.0,1.0,1.0,1.0,1.0,1.0,1.0,1.0,1.0,1.0,104.0
2020-12-03,RJ1,London,GUY'S AND ST THOMAS' NHS FOUNDATION TRUST,2.0,68.0,28.0,39.0,618.0,130.0,27.0,61.0,16.0,787.0,104.0,1.0,1.0,1.0,1.0,1.0,1.0,1.0,1.0,1.0,104.0
2020-12-04,RJ1,London,GUY'S AND ST THOMAS' NHS FOUNDATION TRUST,1.0,70.0,28.0,37.0,644.0,106.0,28.0,57.0,19.0,787.0,104.0,1.0,1.0,1.0,1.0,1.0,1.0,1.0,1.0,1.0,104.0
2020-12-05,RJ1,London,GUY'S AND ST THOMAS' NHS FOUNDATION TRUST,4.0,65.0,25.0,36.0,602.0,149.0,27.0,71.0,6.0,787.0,104.0,1.0,1.0,1.0,1.0,1.0,1.0,1.0,1.0,1.0,104.0
2020-12-06,RJ1,London,GUY'S AND ST THOMAS' NHS FOUNDATION TRUST,1.0,64.0,26.0,36.0,642.0,109.0,26.0,59.0,19.0,787.0,104.0,1.0,1.0,1.0,1.0,1.0,1.0,1.0,1.0,1.0,104.0
2020-12-07,RJ1,London,GUY'S AND ST THOMAS' NHS FOUNDATION TRUST,2.0,70.0,27.0,39.0,630.0,118.0,27.0,61.0,27.0,787.0,115.0,1.0,1.0,1.0,1.0,1.0,1.0,1.0,1.0,1.0,115.0
2020-12-08,RJ1,London,GUY'S AND ST THOMAS' NHS FOUNDATION TRUST,5.0,73.0,28.0,44.0,639.0,104.0,25.0,66.0,24.0,787.0,115.0,1.0,1.0,1.0,1.0,1.0,1.0,1.0,1.0,1.0,115.0
2020-12-09,RJ1,London,GUY'S AND ST THOMAS' NHS FOUNDATION TRUST,2.0,65.0,30.0,31.0,624.0,132.0,29.0,61.0,25.0,787.0,115.0,1.0,1.0,1.0,1.0,1.0,1.0,1.0,1.0,1.0,115.0
2020-12-10,RJ1,London,GUY'S AND ST THOMAS' NHS FOUNDATION TRUST,1.0,61.0,32.0,26.0,648.0,113.0,30.0,69.0,16.0,787.0,115.0,1.0,1.0,1.0,1.0,1.0,1.0,1.0,1.0,1.0,115.0
2020-12-11,RJ1,London,GUY'S AND ST THOMAS' NHS FOUNDATION TRUST,2.0,70.0,29.0,37.0,654.0,96.0,31.0,65.0,19.0,787.0,115.0,1.0,1.0,1.0,1.0,1.0,1.0,1.0,1.0,1.0,115.0
2020-12-12,RJ1,London,GUY'S AND ST THOMAS' NHS FOUNDATION TRUST,2.0,78.0,29.0,43.0,627.0,117.0,30.0,60.0,25.0,787.0,115.0,1.0,1.0,1.0,1.0,1.0,1.0,1.0,1.0,1.0,115.0
2020-12-13,RJ1,London,GUY'S AND ST THOMAS' NHS FOUNDATION TRUST,1.0,78.0,28.0,44.0,623.0,120.0,30.0,62.0,23.0,787.0,115.0,1.0,1.0,1.0,1.0,1.0,1.0,1.0,1.0,1.0,115.0
2020-12-14,RJ1,London,GUY'S AND ST THOMAS' NHS FOUNDATION TRUST,2.0,78.0,28.0,44.0,623.0,120.0,30.0,62.0,23.0,787.0,115.0,1.0,1.0,1.0,1.0,1.0,1.0,1.0,1.0,1.0,115.0
2020-12-15,RJ1,London,GUY'S AND ST THOMAS' NHS FOUNDATION TRUST,1.0,99.0,28.0,64.0,609.0,114.0,30.0,65.0,20.0,787.0,115.0,1.0,1.0,1.0,1.0,1.0,1.0,1.0,1.0,1.0,115.0
2020-12-16,RJ1,London,GUY'S AND ST THOMAS' NHS FOUNDATION TRUST,1.0,90.0,27.0,58.0,649.0,80.0,30.0,75.0,10.0,787.0,115.0,1.0,1.0,1.0,1.0,1.0,1.0,1.0,1.0,1.0,115.0
2020-12-17,RJ1,London,GUY'S AND ST THOMAS' NHS FOUNDATION TRUST,0.0,96.0,28.0,65.0,660.0,62.0,31.0,62.0,22.0,787.0,115.0,1.0,1.0,1.0,1.0,1.0,1.0,1.0,1.0,1.0,115.0
2020-12-18,RJ1,London,GUY'S AND ST THOMAS' NHS FOUNDATION TRUST,1.0,106.0,30.0,72.0,646.0,69.0,34.0,58.0,23.0,787.0,115.0,1.0,1.0,1.0,1.0,1.0,1.0,1.0,1.0,1.0,115.0
2020-12-19,RJ1,London,GUY'S AND ST THOMAS' NHS FOUNDATION TRUST,2.0,109.0,31.0,74.0,544.0,169.0,34.0,58.0,23.0,787.0,115.0,1.0,1.0,1.0,1.0,1.0,1.0,1.0,1.0,1.0,115.0
2020-12-20,RJ1,London,GUY'S AND ST THOMAS' NHS FOUNDATION TRUST,3.0,118.0,34.0,78.0,493.0,216.0,38.0,51.0,26.0,787.0,115.0,1.0,1.0,1.0,1.0,1.0,1.0,1.0,1.0,1.0,115.0
2020-12-21,RJ1,London,GUY'S AND ST THOMAS' NHS FOUNDATION TRUST,10.0,134.0,40.0,87.0,567.0,133.0,45.0,45.0,25.0,787.0,115.0,1.0,1.0,1.0,1.0,1.0,1.0,1.0,1.0,1.0,115.0
2020-12-22,RJ1,London,GUY'S AND ST THOMAS' NHS FOUNDATION TRUST,11.0,136.0,40.0,89.0,557.0,141.0,44.0,47.0,24.0,787.0,115.0,1.0,1.0,1.0,1.0,1.0,1.0,1.0,1.0,1.0,115.0
2020-12-23,RJ1,London,GUY'S AND ST THOMAS' NHS FOUNDATION TRUST,23.0,147.0,40.0,102.0,551.0,134.0,42.0,57.0,16.0,787.0,115.0,1.0,1.0,1.0,1.0,1.0,1.0,1.0,1.0,1.0,115.0
2020-12-24,RJ1,London,GUY'S AND ST THOMAS' NHS FOUNDATION TRUST,26.0,158.0,45.0,104.0,529.0,154.0,49.0,56.0,10.0,787.0,115.0,1.0,1.0,1.0,1.0,1.0,1.0,1.0,1.0,1.0,115.0
2020-12-25,RJ1,London,GUY'S AND ST THOMAS' NHS FOUNDATION TRUST,27.0,169.0,43.0,114.0,457.0,216.0,49.0,44.0,22.0,787.0,115.0,1.0,1.0,1.0,1.0,1.0,1.0,1.0,1.0,1.0,115.0
2020-12-26,RJ1,London,GUY'S AND ST THOMAS' NHS FOUNDATION TRUST,28.0,181.0,49.0,121.0,460.0,206.0,57.0,48.0,10.0,787.0,115.0,1.0,1.0,1.0,1.0,1.0,1.0,1.0,1.0,1.0,115.0
2020-12-27,RJ1,London,GUY'S AND ST THOMAS' NHS FOUNDATION TRUST,28.0,176.0,50.0,109.0,442.0,236.0,59.0,41.0,15.0,787.0,115.0,1.0,1.0,1.0,1.0,1.0,1.0,1.0,1.0,1.0,115.0
2020-12-28,RJ1,London,GUY'S AND ST THOMAS' NHS FOUNDATION TRUST,23.0,224.0,58.0,154.0,495.0,138.0,66.0,42.0,7.0,787.0,115.0,1.0,1.0,1.0,1.0,1.0,1.0,1.0,1.0,1.0,115.0
2020-12-29,RJ1,London,GUY'S AND ST THOMAS' NHS FOUNDATION TRUST,26.0,267.0,63.0,188.0,513.0,86.0,73.0,35.0,7.0,787.0,115.0,1.0,1.0,1.0,1.0,1.0,1.0,1.0,1.0,1.0,115.0
2020-12-30,RJ1,London,GUY'S AND ST THOMAS' NHS FOUNDATION TRUST,19.0,286.0,69.0,206.0,455.0,54.0,78.0,33.0,9.0,715.0,120.0,1.0,1.0,1.0,1.0,1.0,1.0,1.0,1.0,1.0,120.0
2020-12-31,RJ1,London,GUY'S AND ST THOMAS' NHS FOUNDATION TRUST,19.0,277.0,68.0,195.0,458.0,84.0,81.0,35.0,7.0,737.0,123.0,1.0,1.0,1.0,1.0,1.0,1.0,1.0,1.0,1.0,123.0
2021-01-01,RJ1,London,GUY'S AND ST THOMAS' NHS FOUNDATION TRUST,15.0,276.0,69.0,195.0,488.0,60.0,81.0,42.0,8.0,743.0,131.0,1.0,1.0,1.0,1.0,1.0,1.0,1.0,1.0,1.0,131.0
2021-01-02,RJ1,London,GUY'S AND ST THOMAS' NHS FOUNDATION TRUST,28.0,285.0,78.0,193.0,404.0,146.0,92.0,26.0,13.0,743.0,131.0,1.0,1.0,1.0,1.0,1.0,1.0,1.0,1.0,1.0,131.0
2021-01-03,RJ1,London,GUY'S AND ST THOMAS' NHS FOUNDATION TRUST,26.0,298.0,82.0,199.0,375.0,169.0,99.0,31.0,19.0,743.0,149.0,1.0,1.0,1.0,1.0,1.0,1.0,1.0,1.0,1.0,149.0
2021-01-04,RJ1,London,GUY'S AND ST THOMAS' NHS FOUNDATION TRUST,24.0,293.0,92.0,188.0,401.0,154.0,103.0,28.0,31.0,743.0,162.0,1.0,1.0,1.0,1.0,1.0,1.0,1.0,1.0,1.0,162.0
2021-01-05,RJ1,London,GUY'S AND ST THOMAS' NHS FOUNDATION TRUST,28.0,326.0,102.0,208.0,363.0,99.0,113.0,31.0,18.0,670.0,162.0,1.0,1.0,1.0,1.0,1.0,1.0,1.0,1.0,1.0,162.0
2021-01-06,RJ1,London,GUY'S AND ST THOMAS' NHS FOUNDATION TRUST,28.0,341.0,108.0,219.0,312.0,147.0,115.0,36.0,11.0,678.0,162.0,1.0,1.0,1.0,1.0,1.0,1.0,1.0,1.0,1.0,162.0
2021-01-07,RJ1,London,GUY'S AND ST THOMAS' NHS FOUNDATION TRUST,24.0,363.0,103.0,245.0,342.0,193.0,115.0,44.0,3.0,780.0,162.0,1.0,1.0,1.0,1.0,1.0,1.0,1.0,1.0,1.0,162.0
2021-01-08,RJ1,London,GUY'S AND ST THOMAS' NHS FOUNDATION TRUST,2.0,371.0,114.0,238.0,374.0,168.0,126.0,28.0,8.0,780.0,162.0,1.0,1.0,1.0,1.0,1.0,1.0,1.0,1.0,1.0,162.0
2021-01-09,RJ1,London,GUY'S AND ST THOMAS' NHS FOUNDATION TRUST,12.0,367.0,116.0,228.0,353.0,167.0,132.0,32.0,18.0,748.0,182.0,1.0,1.0,1.0,1.0,1.0,1.0,1.0,1.0,1.0,182.0
2021-01-10,RJ1,London,GUY'S AND ST THOMAS' NHS FOUNDATION TRUST,36.0,383.0,120.0,238.0,316.0,183.0,139.0,28.0,15.0,737.0,182.0,1.0,1.0,1.0,1.0,1.0,1.0,1.0,1.0,1.0,182.0
2021-01-11,RJ1,London,GUY'S AND ST THOMAS' NHS FOUNDATION TRUST,4.0,393.0,122.0,244.0,313.0,151.0,143.0,13.0,23.0,708.0,179.0,1.0,1.0,1.0,1.0,1.0,1.0,1.0,1.0,1.0,179.0
2021-01-12,RJ1,London,GUY'S AND ST THOMAS' NHS FOUNDATION TRUST,27.0,403.0,126.0,251.0,312.0,133.0,145.0,24.0,10.0,696.0,179.0,1.0,1.0,1.0,1.0,1.0,1.0,1.0,1.0,1.0,179.0
2021-01-13,RJ1,London,GUY'S AND ST THOMAS' NHS FOUNDATION TRUST,25.0,422.0,134.0,271.0,344.0,88.0,145.0,27.0,18.0,703.0,190.0,1.0,1.0,1.0,1.0,1.0,1.0,1.0,1.0,1.0,190.0
2021-01-14,RJ1,London,GUY'S AND ST THOMAS' NHS FOUNDATION TRUST,9.0,412.0,134.0,257.0,324.0,121.0,148.0,34.0,24.0,702.0,206.0,1.0,1.0,1.0,1.0,1.0,1.0,1.0,1.0,1.0,206.0
2021-01-15,RJ1,London,GUY'S AND ST THOMAS' NHS FOUNDATION TRUST,5.0,404.0,138.0,245.0,282.0,165.0,154.0,30.0,28.0,692.0,212.0,1.0,1.0,1.0,1.0,1.0,1.0,1.0,1.0,1.0,212.0
2021-01-16,RJ1,London,GUY'S AND ST THOMAS' NHS FOUNDATION TRUST,54.0,402.0,148.0,233.0,312.0,141.0,163.0,31.0,18.0,686.0,212.0,1.0,1.0,1.0,1.0,1.0,1.0,1.0,1.0,1.0,212.0
2021-01-17,RJ1,London,GUY'S AND ST THOMAS' NHS FOUNDATION TRUST,5.0,415.0,152.0,239.0,307.0,142.0,169.0,30.0,15.0,688.0,214.0,1.0,1.0,1.0,1.0,1.0,1.0,1.0,1.0,1.0,214.0
2021-01-18,RJ1,London,GUY'S AND ST THOMAS' NHS FOUNDATION TRUST,13.0,452.0,151.0,276.0,301.0,105.0,170.0,26.0,18.0,682.0,214.0,1.0,1.0,1.0,1.0,1.0,1.0,1.0,1.0,1.0,214.0
2021-01-19,RJ1,London,GUY'S AND ST THOMAS' NHS FOUNDATION TRUST,19.0,423.0,147.0,253.0,324.0,155.0,165.0,28.0,21.0,732.0,214.0,1.0,1.0,1.0,1.0,1.0,1.0,1.0,1.0,1.0,214.0
2021-01-20,RJ1,London,GUY'S AND ST THOMAS' NHS FOUNDATION TRUST,20.0,408.0,144.0,239.0,333.0,159.0,163.0,37.0,16.0,731.0,216.0,1.0,1.0,1.0,1.0,1.0,1.0,1.0,1.0,1.0,216.0
2021-01-21,RJ1,London,GUY'S AND ST THOMAS' NHS FOUNDATION TRUST,20.0,410.0,142.0,243.0,350.0,146.0,162.0,36.0,18.0,739.0,216.0,1.0,1.0,1.0,1.0,1.0,1.0,1.0,1.0,1.0,216.0
2021-01-22,RJ1,London,GUY'S AND ST THOMAS' NHS FOUNDATION TRUST,14.0,395.0,144.0,232.0,361.0,142.0,158.0,38.0,24.0,735.0,220.0,1.0,1.0,1.0,1.0,1.0,1.0,1.0,1.0,1.0,220.0
2021-01-23,RJ1,London,GUY'S AND ST THOMAS' NHS FOUNDATION TRUST,14.0,395.0,150.0,226.0,385.0,133.0,164.0,38.0,14.0,744.0,216.0,1.0,1.0,1.0,1.0,1.0,1.0,1.0,1.0,1.0,216.0
2021-01-24,RJ1,London,GUY'S AND ST THOMAS' NHS FOUNDATION TRUST,18.0,394.0,147.0,224.0,326.0,193.0,166.0,34.0,16.0,743.0,216.0,1.0,1.0,1.0,1.0,1.0,1.0,1.0,1.0,1.0,216.0
2021-01-25,RJ1,London,GUY'S AND ST THOMAS' NHS FOUNDATION TRUST,18.0,390.0,145.0,222.0,350.0,152.0,161.0,34.0,25.0,724.0,220.0,1.0,1.0,1.0,1.0,1.0,1.0,1.0,1.0,1.0,220.0
2021-01-26,RJ1,London,GUY'S AND ST THOMAS' NHS FOUNDATION TRUST,7.0,392.0,141.0,229.0,357.0,138.0,160.0,44.0,12.0,724.0,216.0,1.0,1.0,1.0,1.0,1.0,1.0,1.0,1.0,1.0,216.0
2021-01-27,RJ1,London,GUY'S AND ST THOMAS' NHS FOUNDATION TRUST,9.0,386.0,139.0,228.0,369.0,132.0,155.0,50.0,11.0,729.0,216.0,1.0,1.0,1.0,1.0,1.0,1.0,1.0,1.0,1.0,216.0
2021-01-28,RJ1,London,GUY'S AND ST THOMAS' NHS FOUNDATION TRUST,13.0,383.0,135.0,234.0,398.0,106.0,146.0,52.0,18.0,738.0,216.0,1.0,1.0,1.0,1.0,1.0,1.0,1.0,1.0,1.0,216.0
2021-01-29,RJ1,London,GUY'S AND ST THOMAS' NHS FOUNDATION TRUST,11.0,352.0,119.0,207.0,388.0,147.0,143.0,47.0,22.0,742.0,212.0,1.0,1.0,1.0,1.0,1.0,1.0,1.0,1.0,1.0,212.0
2021-01-30,RJ1,London,GUY'S AND ST THOMAS' NHS FOUNDATION TRUST,9.0,327.0,135.0,176.0,377.0,189.0,148.0,50.0,14.0,742.0,212.0,1.0,1.0,1.0,1.0,1.0,1.0,1.0,1.0,1.0,212.0
2021-01-31,RJ1,London,GUY'S AND ST THOMAS' NHS FOUNDATION TRUST,14.0,311.0,127.0,165.0,362.0,202.0,144.0,48.0,18.0,729.0,210.0,1.0,1.0,1.0,1.0,1.0,1.0,1.0,1.0,1.0,210.0
2021-02-01,RJ1,London,GUY'S AND ST THOMAS' NHS FOUNDATION TRUST,13.0,387.0,169.0,195.0,529.0,153.0,190.0,74.0,48.0,877.0,312.0,1.0,1.0,1.0,1.0,1.0,1.0,1.0,1.0,1.0,312.0
2021-02-02,RJ1,London,GUY'S AND ST THOMAS' NHS FOUNDATION TRUST,16.0,372.0,159.0,179.0,522.0,180.0,191.0,78.0,41.0,881.0,310.0,1.0,1.0,1.0,1.0,1.0,1.0,1.0,1.0,1.0,310.0
2021-02-03,RJ1,London,GUY'S AND ST THOMAS' NHS FOUNDATION TRUST,11.0,372.0,164.0,187.0,522.0,178.0,183.0,88.0,21.0,887.0,292.0,1.0,1.0,1.0,1.0,1.0,1.0,1.0,1.0,1.0,292.0
2021-02-04,RJ1,London,GUY'S AND ST THOMAS' NHS FOUNDATION TRUST,7.0,371.0,147.0,188.0,507.0,184.0,181.0,75.0,37.0,879.0,293.0,1.0,1.0,1.0,1.0,1.0,1.0,1.0,1.0,1.0,293.0
2021-02-05,RJ1,London,GUY'S AND ST THOMAS' NHS FOUNDATION TRUST,10.0,362.0,148.0,181.0,515.0,184.0,180.0,85.0,28.0,880.0,293.0,1.0,1.0,1.0,1.0,1.0,1.0,1.0,1.0,1.0,293.0
2021-02-06,RJ1,London,GUY'S AND ST THOMAS' NHS FOUNDATION TRUST,12.0,356.0,156.0,176.0,500.0,216.0,178.0,85.0,30.0,892.0,293.0,1.0,1.0,1.0,1.0,1.0,1.0,1.0,1.0,1.0,293.0
2021-02-07,RJ1,London,GUY'S AND ST THOMAS' NHS FOUNDATION TRUST,12.0,342.0,148.0,171.0,495.0,193.0,167.0,88.0,39.0,859.0,294.0,1.0,1.0,1.0,1.0,1.0,1.0,1.0,1.0,1.0,294.0
2021-02-08,RJ1,London,GUY'S AND ST THOMAS' NHS FOUNDATION TRUST,5.0,355.0,145.0,178.0,502.0,174.0,173.0,78.0,45.0,854.0,296.0,1.0,1.0,1.0,1.0,1.0,1.0,1.0,1.0,1.0,296.0
2021-02-09,RJ1,London,GUY'S AND ST THOMAS' NHS FOUNDATION TRUST,4.0,332.0,143.0,168.0,520.0,179.0,160.0,81.0,31.0,867.0,272.0,1.0,1.0,1.0,1.0,1.0,1.0,1.0,1.0,1.0,272.0
2021-02-10,RJ1,London,GUY'S AND ST THOMAS' NHS FOUNDATION TRUST,6.0,307.0,140.0,147.0,497.0,181.0,158.0,87.0,29.0,825.0,274.0,1.0,1.0,1.0,1.0,1.0,1.0,1.0,1.0,1.0,274.0
2021-02-11,RJ1,London,GUY'S AND ST THOMAS' NHS FOUNDATION TRUST,3.0,304.0,136.0,149.0,563.0,177.0,154.0,95.0,28.0,889.0,277.0,1.0,1.0,1.0,1.0,1.0,1.0,1.0,1.0,1.0,277.0
2021-02-12,RJ1,London,GUY'S AND ST THOMAS' NHS FOUNDATION TRUST,7.0,280.0,136.0,127.0,561.0,205.0,152.0,86.0,39.0,893.0,277.0,1.0,1.0,1.0,1.0,1.0,1.0,1.0,1.0,1.0,277.0
2021-02-13,RJ1,London,GUY'S AND ST THOMAS' NHS FOUNDATION TRUST,6.0,271.0,136.0,118.0,578.0,197.0,152.0,89.0,36.0,893.0,277.0,1.0,1.0,1.0,1.0,1.0,1.0,1.0,1.0,1.0,277.0
2021-02-14,RJ1,London,GUY'S AND ST THOMAS' NHS FOUNDATION TRUST,2.0,281.0,137.0,124.0,550.0,220.0,149.0,89.0,43.0,894.0,281.0,1.0,1.0,1.0,1.0,1.0,1.0,1.0,1.0,1.0,281.0
2021-02-15,RJ1,London,GUY'S AND ST THOMAS' NHS FOUNDATION TRUST,7.0,277.0,130.0,131.0,562.0,187.0,145.0,75.0,48.0,880.0,268.0,1.0,1.0,1.0,1.0,1.0,1.0,1.0,1.0,1.0,268.0
2021-02-16,RJ1,London,GUY'S AND ST THOMAS' NHS FOUNDATION TRUST,3.0,272.0,128.0,128.0,566.0,171.0,143.0,83.0,45.0,865.0,271.0,1.0,1.0,1.0,1.0,1.0,1.0,1.0,1.0,1.0,271.0
2021-02-17,RJ1,London,GUY'S AND ST THOMAS' NHS FOUNDATION TRUST,3.0,256.0,123.0,116.0,567.0,182.0,140.0,91.0,39.0,865.0,270.0,1.0,1.0,1.0,1.0,1.0,1.0,1.0,1.0,1.0,270.0
2021-02-18,RJ1,London,GUY'S AND ST THOMAS' NHS FOUNDATION TRUST,5.0,250.0,123.0,112.0,600.0,132.0,138.0,88.0,43.0,844.0,269.0,1.0,1.0,1.0,1.0,1.0,1.0,1.0,1.0,1.0,269.0
2021-02-19,RJ1,London,GUY'S AND ST THOMAS' NHS FOUNDATION TRUST,2.0,231.0,117.0,101.0,612.0,175.0,130.0,89.0,50.0,888.0,269.0,1.0,1.0,1.0,1.0,1.0,1.0,1.0,1.0,1.0,269.0
2021-02-20,RJ1,London,GUY'S AND ST THOMAS' NHS FOUNDATION TRUST,2.0,218.0,114.0,91.0,553.0,231.0,127.0,88.0,55.0,875.0,270.0,1.0,1.0,1.0,1.0,1.0,1.0,1.0,1.0,1.0,270.0
2021-02-21,RJ1,London,GUY'S AND ST THOMAS' NHS FOUNDATION TRUST,2.0,217.0,109.0,91.0,515.0,243.0,124.0,89.0,57.0,849.0,270.0,1.0,1.0,1.0,1.0,1.0,1.0,1.0,1.0,1.0,270.0
2021-02-22,RJ1,London,GUY'S AND ST THOMAS' NHS FOUNDATION TRUST,4.0,216.0,108.0,94.0,564.0,205.0,121.0,84.0,54.0,863.0,259.0,1.0,1.0,1.0,1.0,1.0,1.0,1.0,1.0,1.0,259.0
2021-02-23,RJ1,London,GUY'S AND ST THOMAS' NHS FOUNDATION TRUST,1.0,52.0,30.0,89.0,135.0,31.0,119.0,46.0,31.0,255.0,196.0,1.0,1.0,1.0,1.0,1.0,1.0,1.0,1.0,1.0,196.0
2021-02-24,RJ1,London,GUY'S AND ST THOMAS' NHS FOUNDATION TRUST,0.0,205.0,104.0,90.0,621.0,168.0,115.0,99.0,26.0,879.0,240.0,1.0,1.0,1.0,1.0,1.0,1.0,1.0,1.0,1.0,240.0
2021-02-25,RJ1,London,GUY'S AND ST THOMAS' NHS FOUNDATION TRUST,3.0,186.0,94.0,83.0,617.0,182.0,102.0,94.0,44.0,882.0,240.0,1.0,1.0,1.0,1.0,1.0,1.0,1.0,1.0,1.0,240.0
2021-02-26,RJ1,London,GUY'S AND ST THOMAS' NHS FOUNDATION TRUST,0.0,178.0,91.0,77.0,619.0,215.0,100.0,103.0,31.0,911.0,234.0,1.0,1.0,1.0,1.0,1.0,1.0,1.0,1.0,1.0,234.0
2021-02-27,RJ1,London,GUY'S AND ST THOMAS' NHS FOUNDATION TRUST,1.0,167.0,81.0,74.0,609.0,228.0,92.0,100.0,45.0,911.0,237.0,1.0,1.0,1.0,1.0,1.0,1.0,1.0,1.0,1.0,237.0
2021-02-28,RJ1,London,GUY'S AND ST THOMAS' NHS FOUNDATION TRUST,1.0,168.0,80.0,77.0,603.0,231.0,90.0,102.0,45.0,911.0,237.0,1.0,1.0,1.0,1.0,1.0,1.0,1.0,1.0,1.0,237.0
2021-03-01,RJ1,London,GUY'S AND ST THOMAS' NHS FOUNDATION TRUST,2.0,168.0,80.0,76.0,620.0,215.0,91.0,101.0,48.0,911.0,240.0,1.0,1.0,1.0,1.0,1.0,1.0,1.0,1.0,1.0,240.0
2021-03-02,RJ1,London,GUY'S AND ST THOMAS' NHS FOUNDATION TRUST,1.0,160.0,75.0,74.0,669.0,170.0,86.0,112.0,30.0,913.0,228.0,1.0,1.0,1.0,1.0,1.0,1.0,1.0,1.0,1.0,228.0
2021-03-03,RJ1,London,GUY'S AND ST THOMAS' NHS FOUNDATION TRUST,0.0,151.0,68.0,71.0,633.0,211.0,80.0,108.0,32.0,915.0,220.0,1.0,1.0,1.0,1.0,1.0,1.0,1.0,1.0,1.0,220.0
2021-03-04,RJ1,London,GUY'S AND ST THOMAS' NHS FOUNDATION TRUST,2.0,147.0,65.0,68.0,661.0,190.0,79.0,106.0,28.0,919.0,213.0,1.0,1.0,1.0,1.0,1.0,1.0,1.0,1.0,1.0,213.0
2021-03-05,RJ1,London,GUY'S AND ST THOMAS' NHS FOUNDATION TRUST,0.0,145.0,72.0,62.0,680.0,177.0,80.0,102.0,37.0,919.0,219.0,1.0,1.0,1.0,1.0,1.0,1.0,1.0,1.0,1.0,219.0
2021-03-06,RJ1,London,GUY'S AND ST THOMAS' NHS FOUNDATION TRUST,0.0,136.0,60.0,66.0,603.0,253.0,68.0,114.0,36.0,922.0,218.0,1.0,1.0,1.0,1.0,1.0,1.0,1.0,1.0,1.0,218.0
2021-03-07,RJ1,London,GUY'S AND ST THOMAS' NHS FOUNDATION TRUST,1.0,124.0,58.0,57.0,565.0,299.0,65.0,105.0,42.0,921.0,212.0,1.0,1.0,1.0,1.0,1.0,1.0,1.0,1.0,1.0,212.0
2021-03-08,RJ1,London,GUY'S AND ST THOMAS' NHS FOUNDATION TRUST,0.0,127.0,55.0,59.0,591.0,272.0,67.0,101.0,39.0,922.0,207.0,1.0,1.0,1.0,1.0,1.0,1.0,1.0,1.0,1.0,207.0
2021-03-09,RJ1,London,GUY'S AND ST THOMAS' NHS FOUNDATION TRUST,1.0,129.0,55.0,61.0,676.0,172.0,67.0,114.0,31.0,909.0,212.0,1.0,1.0,1.0,1.0,1.0,1.0,1.0,1.0,1.0,212.0
2021-03-10,RJ1,London,GUY'S AND ST THOMAS' NHS FOUNDATION TRUST,3.0,129.0,59.0,59.0,611.0,246.0,68.0,109.0,37.0,916.0,214.0,1.0,1.0,1.0,1.0,1.0,1.0,1.0,1.0,1.0,214.0
2021-03-11,RJ1,London,GUY'S AND ST THOMAS' NHS FOUNDATION TRUST,2.0,120.0,56.0,54.0,344.0,514.0,64.0,107.0,39.0,912.0,210.0,1.0,1.0,1.0,1.0,1.0,1.0,1.0,1.0,1.0,210.0
2021-03-12,RJ1,London,GUY'S AND ST THOMAS' NHS FOUNDATION TRUST,0.0,115.0,54.0,49.0,662.0,191.0,63.0,119.0,31.0,902.0,213.0,1.0,1.0,1.0,1.0,1.0,1.0,1.0,1.0,1.0,213.0
2021-03-13,RJ1,London,GUY'S AND ST THOMAS' NHS FOUNDATION TRUST,1.0,110.0,51.0,47.0,643.0,213.0,61.0,114.0,40.0,903.0,215.0,1.0,1.0,1.0,1.0,1.0,1.0,1.0,1.0,1.0,215.0
2021-03-14,RJ1,London,GUY'S AND ST THOMAS' NHS FOUNDATION TRUST,0.0,109.0,52.0,43.0,583.0,262.0,60.0,107.0,49.0,888.0,216.0,1.0,1.0,1.0,1.0,1.0,1.0,1.0,1.0,1.0,216.0
2021-03-15,RJ1,London,GUY'S AND ST THOMAS' NHS FOUNDATION TRUST,0.0,105.0,50.0,43.0,604.0,232.0,60.0,83.0,76.0,879.0,219.0,1.0,1.0,1.0,1.0,1.0,1.0,1.0,1.0,1.0,219.0
2021-03-16,RJ1,London,GUY'S AND ST THOMAS' NHS FOUNDATION TRUST,1.0,97.0,49.0,37.0,639.0,223.0,58.0,112.0,43.0,899.0,213.0,1.0,1.0,1.0,1.0,1.0,1.0,1.0,1.0,1.0,213.0
2021-03-17,RJ1,London,GUY'S AND ST THOMAS' NHS FOUNDATION TRUST,0.0,94.0,47.0,39.0,673.0,198.0,52.0,117.0,35.0,910.0,204.0,1.0,1.0,1.0,1.0,1.0,1.0,1.0,1.0,1.0,204.0
2021-03-18,RJ1,London,GUY'S AND ST THOMAS' NHS FOUNDATION TRUST,1.0,89.0,48.0,33.0,656.0,219.0,53.0,127.0,24.0,908.0,204.0,1.0,1.0,1.0,1.0,1.0,1.0,1.0,1.0,1.0,204.0
2021-03-19,RJ1,London,GUY'S AND ST THOMAS' NHS FOUNDATION TRUST,1.0,89.0,47.0,35.0,697.0,185.0,50.0,108.0,47.0,917.0,205.0,1.0,1.0,1.0,1.0,1.0,1.0,1.0,1.0,1.0,205.0
2021-03-20,RJ1,London,GUY'S AND ST THOMAS' NHS FOUNDATION TRUST,0.0,86.0,44.0,34.0,619.0,255.0,49.0,107.0,50.0,908.0,206.0,1.0,1.0,1.0,1.0,1.0,1.0,1.0,1.0,1.0,206.0
2021-03-21,RJ1,London,GUY'S AND ST THOMAS' NHS FOUNDATION TRUST,0.0,79.0,40.0,32.0,609.0,271.0,46.0,105.0,54.0,912.0,205.0,1.0,1.0,1.0,1.0,1.0,1.0,1.0,1.0,1.0,205.0
2021-03-22,RJ1,London,GUY'S AND ST THOMAS' NHS FOUNDATION TRUST,0.0,80.0,37.0,35.0,702.0,183.0,43.0,91.0,71.0,920.0,205.0,1.0,1.0,1.0,1.0,1.0,1.0,1.0,1.0,1.0,205.0
2021-03-23,RJ1,London,GUY'S AND ST THOMAS' NHS FOUNDATION TRUST,3.0,72.0,38.0,28.0,707.0,202.0,43.0,107.0,52.0,937.0,202.0,1.0,1.0,1.0,1.0,1.0,1.0,1.0,1.0,1.0,202.0
2021-03-24,RJ1,London,GUY'S AND ST THOMAS' NHS FOUNDATION TRUST,0.0,74.0,36.0,30.0,712.0,186.0,43.0,103.0,51.0,928.0,197.0,1.0,1.0,1.0,1.0,1.0,1.0,1.0,1.0,1.0,197.0
2021-03-25,RJ1,London,GUY'S AND ST THOMAS' NHS FOUNDATION TRUST,1.0,71.0,31.0,30.0,701.0,199.0,38.0,126.0,35.0,930.0,199.0,1.0,1.0,1.0,1.0,1.0,1.0,1.0,1.0,1.0,199.0
2021-03-26,RJ1,London,GUY'S AND ST THOMAS' NHS FOUNDATION TRUST,0.0,68.0,31.0,28.0,693.0,210.0,38.0,115.0,51.0,931.0,204.0,1.0,1.0,1.0,1.0,1.0,1.0,1.0,1.0,1.0,204.0
2021-03-27,RJ1,London,GUY'S AND ST THOMAS' NHS FOUNDATION TRUST,0.0,62.0,31.0,24.0,626.0,274.0,36.0,112.0,56.0,924.0,204.0,1.0,1.0,1.0,1.0,1.0,1.0,1.0,1.0,1.0,204.0
2021-03-28,RJ1,London,GUY'S AND ST THOMAS' NHS FOUNDATION TRUST,1.0,54.0,25.0,25.0,622.0,278.0,28.0,108.0,68.0,925.0,204.0,1.0,1.0,1.0,1.0,1.0,1.0,1.0,1.0,1.0,204.0
2021-03-29,RJ1,London,GUY'S AND ST THOMAS' NHS FOUNDATION TRUST,0.0,54.0,31.0,19.0,655.0,265.0,34.0,100.0,70.0,939.0,204.0,1.0,1.0,1.0,1.0,1.0,1.0,1.0,1.0,1.0,204.0
2021-03-30,RJ1,London,GUY'S AND ST THOMAS' NHS FOUNDATION TRUST,0.0,52.0,29.0,19.0,710.0,200.0,32.0,115.0,52.0,929.0,199.0,1.0,1.0,1.0,1.0,1.0,1.0,1.0,1.0,1.0,199.0
2021-03-31,RJ1,London,GUY'S AND ST THOMAS' NHS FOUNDATION TRUST,0.0,50.0,29.0,18.0,728.0,184.0,31.0,133.0,39.0,930.0,203.0,1.0,1.0,1.0,1.0,1.0,1.0,1.0,1.0,1.0,203.0
2021-04-01,RJ1,London,GUY'S AND ST THOMAS' NHS FOUNDATION TRUST,0.0,49.0,28.0,16.0,715.0,202.0,32.0,137.0,34.0,933.0,203.0,1.0,1.0,1.0,1.0,1.0,1.0,1.0,1.0,1.0,203.0
2021-04-02,RJ1,London,GUY'S AND ST THOMAS' NHS FOUNDATION TRUST,0.0,44.0,26.0,16.0,644.0,237.0,27.0,125.0,52.0,897.0,204.0,1.0,1.0,1.0,1.0,1.0,1.0,1.0,1.0,1.0,204.0
2021-04-03,RJ1,London,GUY'S AND ST THOMAS' NHS FOUNDATION TRUST,0.0,42.0,27.0,13.0,613.0,250.0,28.0,107.0,69.0,876.0,204.0,1.0,1.0,1.0,1.0,1.0,1.0,1.0,1.0,1.0,204.0
2021-04-04,RJ1,London,GUY'S AND ST THOMAS' NHS FOUNDATION TRUST,0.0,38.0,25.0,12.0,581.0,283.0,25.0,96.0,83.0,876.0,204.0,1.0,1.0,1.0,1.0,1.0,1.0,1.0,1.0,1.0,204.0
2021-04-05,RJ1,London,GUY'S AND ST THOMAS' NHS FOUNDATION TRUST,0.0,36.0,26.0,10.0,598.0,270.0,25.0,86.0,93.0,878.0,204.0,1.0,1.0,1.0,1.0,1.0,1.0,1.0,1.0,1.0,204.0
2021-04-06,RJ1,London,GUY'S AND ST THOMAS' NHS FOUNDATION TRUST,2.0,36.0,25.0,9.0,681.0,246.0,26.0,94.0,83.0,936.0,203.0,1.0,1.0,1.0,1.0,1.0,1.0,1.0,1.0,1.0,203.0
2020-11-17,RJ7,London,ST GEORGE'S UNIVERSITY HOSPITALS NHS FOUNDATION TRUST,5.0,57.0,9.0,37.0,617.0,92.0,20.0,47.0,9.0,746.0,76.0,1.0,1.0,1.0,1.0,1.0,1.0,1.0,1.0,1.0,76.0
2020-11-18,RJ7,London,ST GEORGE'S UNIVERSITY HOSPITALS NHS FOUNDATION TRUST,7.0,53.0,10.0,33.0,618.0,101.0,20.0,54.0,7.0,752.0,81.0,1.0,1.0,1.0,1.0,1.0,1.0,1.0,1.0,1.0,81.0
2020-11-19,RJ7,London,ST GEORGE'S UNIVERSITY HOSPITALS NHS FOUNDATION TRUST,12.0,51.0,9.0,31.0,619.0,130.0,20.0,53.0,8.0,780.0,81.0,1.0,1.0,1.0,1.0,1.0,1.0,1.0,1.0,1.0,81.0
2020-11-20,RJ7,London,ST GEORGE'S UNIVERSITY HOSPITALS NHS FOUNDATION TRUST,6.0,48.0,10.0,29.0,620.0,115.0,19.0,52.0,10.0,764.0,81.0,1.0,1.0,1.0,1.0,1.0,1.0,1.0,1.0,1.0,81.0
2020-11-21,RJ7,London,ST GEORGE'S UNIVERSITY HOSPITALS NHS FOUNDATION TRUST,16.0,53.0,10.0,32.0,580.0,144.0,21.0,54.0,6.0,756.0,81.0,1.0,1.0,1.0,1.0,1.0,1.0,1.0,1.0,1.0,81.0
2020-11-22,RJ7,London,ST GEORGE'S UNIVERSITY HOSPITALS NHS FOUNDATION TRUST,9.0,57.0,11.0,35.0,602.0,110.0,22.0,49.0,11.0,747.0,82.0,1.0,1.0,1.0,1.0,1.0,1.0,1.0,1.0,1.0,82.0
2020-11-23,RJ7,London,ST GEORGE'S UNIVERSITY HOSPITALS NHS FOUNDATION TRUST,12.0,68.0,10.0,46.0,602.0,116.0,22.0,47.0,7.0,764.0,76.0,1.0,1.0,1.0,1.0,1.0,1.0,1.0,1.0,1.0,76.0
2020-11-24,RJ7,London,ST GEORGE'S UNIVERSITY HOSPITALS NHS FOUNDATION TRUST,3.0,70.0,10.0,49.0,596.0,119.0,21.0,50.0,10.0,764.0,81.0,1.0,1.0,1.0,1.0,1.0,1.0,1.0,1.0,1.0,81.0
2020-11-25,RJ7,London,ST GEORGE'S UNIVERSITY HOSPITALS NHS FOUNDATION TRUST,7.0,73.0,10.0,55.0,604.0,66.0,18.0,50.0,13.0,725.0,81.0,1.0,1.0,1.0,1.0,1.0,1.0,1.0,1.0,1.0,81.0
2020-11-26,RJ7,London,ST GEORGE'S UNIVERSITY HOSPITALS NHS FOUNDATION TRUST,5.0,74.0,11.0,55.0,605.0,53.0,19.0,49.0,13.0,713.0,81.0,1.0,1.0,1.0,1.0,1.0,1.0,1.0,1.0,1.0,81.0
2020-11-27,RJ7,London,ST GEORGE'S UNIVERSITY HOSPITALS NHS FOUNDATION TRUST,6.0,70.0,10.0,51.0,590.0,77.0,18.0,49.0,14.0,718.0,81.0,1.0,1.0,1.0,1.0,1.0,1.0,1.0,1.0,1.0,81.0
2020-11-28,RJ7,London,ST GEORGE'S UNIVERSITY HOSPITALS NHS FOUNDATION TRUST,3.0,69.0,9.0,51.0,564.0,149.0,17.0,53.0,8.0,764.0,78.0,1.0,1.0,1.0,1.0,1.0,1.0,1.0,1.0,1.0,78.0
2020-11-29,RJ7,London,ST GEORGE'S UNIVERSITY HOSPITALS NHS FOUNDATION TRUST,8.0,70.0,10.0,53.0,537.0,174.0,16.0,50.0,15.0,764.0,81.0,1.0,1.0,1.0,1.0,1.0,1.0,1.0,1.0,1.0,81.0
2020-11-30,RJ7,London,ST GEORGE'S UNIVERSITY HOSPITALS NHS FOUNDATION TRUST,11.0,71.0,7.0,56.0,562.0,116.0,14.0,44.0,23.0,734.0,81.0,1.0,1.0,1.0,1.0,1.0,1.0,1.0,1.0,1.0,81.0
2020-12-01,RJ7,London,ST GEORGE'S UNIVERSITY HOSPITALS NHS FOUNDATION TRUST,11.0,73.0,7.0,57.0,598.0,90.0,15.0,51.0,15.0,745.0,81.0,1.0,1.0,1.0,1.0,1.0,1.0,1.0,1.0,1.0,81.0
2020-12-02,RJ7,London,ST GEORGE'S UNIVERSITY HOSPITALS NHS FOUNDATION TRUST,14.0,78.0,8.0,63.0,596.0,81.0,14.0,56.0,11.0,740.0,81.0,1.0,1.0,1.0,1.0,1.0,1.0,1.0,1.0,1.0,81.0
2020-12-03,RJ7,London,ST GEORGE'S UNIVERSITY HOSPITALS NHS FOUNDATION TRUST,13.0,83.0,12.0,61.0,603.0,83.0,21.0,55.0,5.0,747.0,81.0,1.0,1.0,1.0,1.0,1.0,1.0,1.0,1.0,1.0,81.0
2020-12-04,RJ7,London,ST GEORGE'S UNIVERSITY HOSPITALS NHS FOUNDATION TRUST,8.0,85.0,11.0,67.0,588.0,82.0,18.0,51.0,12.0,737.0,81.0,1.0,1.0,1.0,1.0,1.0,1.0,1.0,1.0,1.0,81.0
2020-12-05,RJ7,London,ST GEORGE'S UNIVERSITY HOSPITALS NHS FOUNDATION TRUST,4.0,89.0,9.0,70.0,550.0,116.0,17.0,54.0,9.0,736.0,80.0,1.0,1.0,1.0,1.0,1.0,1.0,1.0,1.0,1.0,80.0
2020-12-06,RJ7,London,ST GEORGE'S UNIVERSITY HOSPITALS NHS FOUNDATION TRUST,12.0,85.0,10.0,70.0,555.0,146.0,14.0,54.0,13.0,771.0,81.0,1.0,1.0,1.0,1.0,1.0,1.0,1.0,1.0,1.0,81.0
2020-12-07,RJ7,London,ST GEORGE'S UNIVERSITY HOSPITALS NHS FOUNDATION TRUST,18.0,90.0,10.0,75.0,567.0,122.0,14.0,56.0,11.0,764.0,81.0,1.0,1.0,1.0,1.0,1.0,1.0,1.0,1.0,1.0,81.0
2020-12-08,RJ7,London,ST GEORGE'S UNIVERSITY HOSPITALS NHS FOUNDATION TRUST,17.0,106.0,13.0,88.0,555.0,126.0,17.0,58.0,6.0,769.0,81.0,1.0,1.0,1.0,1.0,1.0,1.0,1.0,1.0,1.0,81.0
2020-12-09,RJ7,London,ST GEORGE'S UNIVERSITY HOSPITALS NHS FOUNDATION TRUST,18.0,111.0,13.0,90.0,585.0,94.0,19.0,57.0,9.0,769.0,85.0,1.0,1.0,1.0,1.0,1.0,1.0,1.0,1.0,1.0,85.0
2020-12-10,RJ7,London,ST GEORGE'S UNIVERSITY HOSPITALS NHS FOUNDATION TRUST,13.0,115.0,13.0,95.0,583.0,91.0,18.0,53.0,14.0,769.0,85.0,1.0,1.0,1.0,1.0,1.0,1.0,1.0,1.0,1.0,85.0
2020-12-11,RJ7,London,ST GEORGE'S UNIVERSITY HOSPITALS NHS FOUNDATION TRUST,14.0,117.0,13.0,96.0,562.0,87.0,20.0,51.0,9.0,745.0,80.0,1.0,1.0,1.0,1.0,1.0,1.0,1.0,1.0,1.0,80.0
2020-12-12,RJ7,London,ST GEORGE'S UNIVERSITY HOSPITALS NHS FOUNDATION TRUST,15.0,113.0,9.0,92.0,535.0,97.0,20.0,51.0,14.0,724.0,85.0,1.0,1.0,1.0,1.0,1.0,1.0,1.0,1.0,1.0,85.0
2020-12-13,RJ7,London,ST GEORGE'S UNIVERSITY HOSPITALS NHS FOUNDATION TRUST,13.0,126.0,11.0,106.0,526.0,108.0,19.0,52.0,14.0,740.0,85.0,1.0,1.0,1.0,1.0,1.0,1.0,1.0,1.0,1.0,85.0
2020-12-14,RJ7,London,ST GEORGE'S UNIVERSITY HOSPITALS NHS FOUNDATION TRUST,24.0,130.0,10.0,108.0,544.0,136.0,21.0,49.0,15.0,788.0,85.0,1.0,1.0,1.0,1.0,1.0,1.0,1.0,1.0,1.0,85.0
2020-12-15,RJ7,London,ST GEORGE'S UNIVERSITY HOSPITALS NHS FOUNDATION TRUST,15.0,141.0,11.0,114.0,535.0,131.0,25.0,47.0,13.0,780.0,85.0,1.0,1.0,1.0,1.0,1.0,1.0,1.0,1.0,1.0,85.0
2020-12-16,RJ7,London,ST GEORGE'S UNIVERSITY HOSPITALS NHS FOUNDATION TRUST,16.0,140.0,15.0,110.0,552.0,60.0,28.0,42.0,18.0,722.0,88.0,1.0,1.0,1.0,1.0,1.0,1.0,1.0,1.0,1.0,88.0
2020-12-17,RJ7,London,ST GEORGE'S UNIVERSITY HOSPITALS NHS FOUNDATION TRUST,29.0,145.0,14.0,114.0,536.0,98.0,29.0,42.0,19.0,748.0,90.0,1.0,1.0,1.0,1.0,1.0,1.0,1.0,1.0,1.0,90.0
2020-12-18,RJ7,London,ST GEORGE'S UNIVERSITY HOSPITALS NHS FOUNDATION TRUST,30.0,154.0,14.0,124.0,545.0,57.0,29.0,42.0,18.0,726.0,89.0,1.0,1.0,1.0,1.0,1.0,1.0,1.0,1.0,1.0,89.0
2020-12-19,RJ7,London,ST GEORGE'S UNIVERSITY HOSPITALS NHS FOUNDATION TRUST,20.0,141.0,9.0,115.0,524.0,86.0,25.0,49.0,15.0,725.0,89.0,1.0,1.0,1.0,1.0,1.0,1.0,1.0,1.0,1.0,89.0
2020-12-20,RJ7,London,ST GEORGE'S UNIVERSITY HOSPITALS NHS FOUNDATION TRUST,24.0,156.0,13.0,124.0,505.0,95.0,31.0,47.0,12.0,724.0,90.0,1.0,1.0,1.0,1.0,1.0,1.0,1.0,1.0,1.0,90.0
2020-12-21,RJ7,London,ST GEORGE'S UNIVERSITY HOSPITALS NHS FOUNDATION TRUST,22.0,168.0,15.0,137.0,518.0,91.0,30.0,47.0,12.0,746.0,89.0,1.0,1.0,1.0,1.0,1.0,1.0,1.0,1.0,1.0,89.0
2020-12-22,RJ7,London,ST GEORGE'S UNIVERSITY HOSPITALS NHS FOUNDATION TRUST,25.0,181.0,17.0,146.0,516.0,64.0,34.0,39.0,16.0,726.0,89.0,1.0,1.0,1.0,1.0,1.0,1.0,1.0,1.0,1.0,89.0
2020-12-23,RJ7,London,ST GEORGE'S UNIVERSITY HOSPITALS NHS FOUNDATION TRUST,30.0,189.0,20.0,151.0,464.0,111.0,37.0,50.0,2.0,726.0,89.0,1.0,1.0,1.0,1.0,1.0,1.0,1.0,1.0,1.0,89.0
2020-12-24,RJ7,London,ST GEORGE'S UNIVERSITY HOSPITALS NHS FOUNDATION TRUST,19.0,198.0,19.0,161.0,441.0,121.0,35.0,39.0,27.0,723.0,101.0,1.0,1.0,1.0,1.0,1.0,1.0,1.0,1.0,1.0,101.0
2020-12-25,RJ7,London,ST GEORGE'S UNIVERSITY HOSPITALS NHS FOUNDATION TRUST,24.0,199.0,18.0,162.0,393.0,154.0,35.0,40.0,26.0,709.0,101.0,1.0,1.0,1.0,1.0,1.0,1.0,1.0,1.0,1.0,101.0
2020-12-26,RJ7,London,ST GEORGE'S UNIVERSITY HOSPITALS NHS FOUNDATION TRUST,27.0,198.0,19.0,162.0,400.0,133.0,35.0,35.0,31.0,695.0,101.0,1.0,1.0,1.0,1.0,1.0,1.0,1.0,1.0,1.0,101.0
2020-12-27,RJ7,London,ST GEORGE'S UNIVERSITY HOSPITALS NHS FOUNDATION TRUST,43.0,211.0,21.0,169.0,403.0,139.0,39.0,38.0,24.0,711.0,101.0,1.0,1.0,1.0,1.0,1.0,1.0,1.0,1.0,1.0,101.0
2020-12-28,RJ7,London,ST GEORGE'S UNIVERSITY HOSPITALS NHS FOUNDATION TRUST,38.0,233.0,27.0,179.0,419.0,113.0,50.0,33.0,30.0,711.0,113.0,1.0,1.0,1.0,1.0,1.0,1.0,1.0,1.0,1.0,113.0
2020-12-29,RJ7,London,ST GEORGE'S UNIVERSITY HOSPITALS NHS FOUNDATION TRUST,31.0,249.0,29.0,193.0,439.0,110.0,53.0,26.0,34.0,742.0,113.0,1.0,1.0,1.0,1.0,1.0,1.0,1.0,1.0,1.0,113.0
2020-12-30,RJ7,London,ST GEORGE'S UNIVERSITY HOSPITALS NHS FOUNDATION TRUST,45.0,254.0,33.0,196.0,428.0,64.0,56.0,24.0,33.0,688.0,113.0,1.0,1.0,1.0,1.0,1.0,1.0,1.0,1.0,1.0,113.0
2020-12-31,RJ7,London,ST GEORGE'S UNIVERSITY HOSPITALS NHS FOUNDATION TRUST,38.0,270.0,35.0,207.0,426.0,93.0,60.0,26.0,27.0,726.0,113.0,1.0,1.0,1.0,1.0,1.0,1.0,1.0,1.0,1.0,113.0
2021-01-01,RJ7,London,ST GEORGE'S UNIVERSITY HOSPITALS NHS FOUNDATION TRUST,41.0,271.0,24.0,209.0,386.0,106.0,58.0,24.0,31.0,701.0,113.0,1.0,1.0,1.0,1.0,1.0,1.0,1.0,1.0,1.0,113.0
2021-01-02,RJ7,London,ST GEORGE'S UNIVERSITY HOSPITALS NHS FOUNDATION TRUST,43.0,286.0,23.0,221.0,369.0,97.0,61.0,28.0,31.0,687.0,120.0,1.0,1.0,1.0,1.0,1.0,1.0,1.0,1.0,1.0,120.0
2021-01-03,RJ7,London,ST GEORGE'S UNIVERSITY HOSPITALS NHS FOUNDATION TRUST,55.0,293.0,23.0,227.0,381.0,115.0,62.0,28.0,30.0,723.0,120.0,1.0,1.0,1.0,1.0,1.0,1.0,1.0,1.0,1.0,120.0
2021-01-04,RJ7,London,ST GEORGE'S UNIVERSITY HOSPITALS NHS FOUNDATION TRUST,48.0,316.0,39.0,239.0,392.0,107.0,74.0,17.0,32.0,738.0,123.0,1.0,1.0,1.0,1.0,1.0,1.0,1.0,1.0,1.0,123.0
2021-01-05,RJ7,London,ST GEORGE'S UNIVERSITY HOSPITALS NHS FOUNDATION TRUST,42.0,335.0,40.0,254.0,400.0,36.0,78.0,14.0,31.0,690.0,123.0,1.0,1.0,1.0,1.0,1.0,1.0,1.0,1.0,1.0,123.0
2021-01-06,RJ7,London,ST GEORGE'S UNIVERSITY HOSPITALS NHS FOUNDATION TRUST,42.0,336.0,40.0,257.0,401.0,60.0,78.0,14.0,31.0,718.0,123.0,1.0,1.0,1.0,1.0,1.0,1.0,1.0,1.0,1.0,123.0
2021-01-07,RJ7,London,ST GEORGE'S UNIVERSITY HOSPITALS NHS FOUNDATION TRUST,48.0,341.0,45.0,263.0,411.0,49.0,76.0,14.0,33.0,723.0,123.0,1.0,1.0,1.0,1.0,1.0,1.0,1.0,1.0,1.0,123.0
2021-01-08,RJ7,London,ST GEORGE'S UNIVERSITY HOSPITALS NHS FOUNDATION TRUST,41.0,361.0,45.0,278.0,393.0,15.0,81.0,18.0,30.0,686.0,129.0,1.0,1.0,1.0,1.0,1.0,1.0,1.0,1.0,1.0,129.0
2021-01-09,RJ7,London,ST GEORGE'S UNIVERSITY HOSPITALS NHS FOUNDATION TRUST,43.0,358.0,44.0,274.0,360.0,61.0,80.0,28.0,21.0,695.0,129.0,1.0,1.0,1.0,1.0,1.0,1.0,1.0,1.0,1.0,129.0
2021-01-10,RJ7,London,ST GEORGE'S UNIVERSITY HOSPITALS NHS FOUNDATION TRUST,43.0,359.0,44.0,279.0,348.0,77.0,77.0,23.0,29.0,704.0,129.0,1.0,1.0,1.0,1.0,1.0,1.0,1.0,1.0,1.0,129.0
2021-01-11,RJ7,London,ST GEORGE'S UNIVERSITY HOSPITALS NHS FOUNDATION TRUST,38.0,371.0,43.0,292.0,349.0,63.0,75.0,22.0,32.0,704.0,129.0,1.0,1.0,1.0,1.0,1.0,1.0,1.0,1.0,1.0,129.0
2021-01-12,RJ7,London,ST GEORGE'S UNIVERSITY HOSPITALS NHS FOUNDATION TRUST,51.0,381.0,44.0,300.0,376.0,51.0,78.0,20.0,31.0,727.0,129.0,1.0,1.0,1.0,1.0,1.0,1.0,1.0,1.0,1.0,129.0
2021-01-13,RJ7,London,ST GEORGE'S UNIVERSITY HOSPITALS NHS FOUNDATION TRUST,47.0,384.0,51.0,295.0,385.0,56.0,85.0,19.0,21.0,736.0,125.0,1.0,1.0,1.0,1.0,1.0,1.0,1.0,1.0,1.0,125.0
2021-01-14,RJ7,London,ST GEORGE'S UNIVERSITY HOSPITALS NHS FOUNDATION TRUST,41.0,389.0,47.0,298.0,360.0,74.0,85.0,17.0,23.0,732.0,125.0,1.0,1.0,1.0,1.0,1.0,1.0,1.0,1.0,1.0,125.0
2021-01-15,RJ7,London,ST GEORGE'S UNIVERSITY HOSPITALS NHS FOUNDATION TRUST,34.0,365.0,51.0,273.0,362.0,102.0,84.0,26.0,15.0,737.0,125.0,1.0,1.0,1.0,1.0,1.0,1.0,1.0,1.0,1.0,125.0
2021-01-16,RJ7,London,ST GEORGE'S UNIVERSITY HOSPITALS NHS FOUNDATION TRUST,31.0,348.0,47.0,265.0,322.0,108.0,75.0,31.0,19.0,695.0,125.0,1.0,1.0,1.0,1.0,1.0,1.0,1.0,1.0,1.0,125.0
2021-01-17,RJ7,London,ST GEORGE'S UNIVERSITY HOSPITALS NHS FOUNDATION TRUST,27.0,358.0,45.0,274.0,317.0,101.0,76.0,28.0,25.0,692.0,129.0,1.0,1.0,1.0,1.0,1.0,1.0,1.0,1.0,1.0,129.0
2021-01-18,RJ7,London,ST GEORGE'S UNIVERSITY HOSPITALS NHS FOUNDATION TRUST,27.0,363.0,55.0,281.0,326.0,82.0,75.0,25.0,25.0,689.0,125.0,1.0,1.0,1.0,1.0,1.0,1.0,1.0,1.0,1.0,125.0
2021-01-19,RJ7,London,ST GEORGE'S UNIVERSITY HOSPITALS NHS FOUNDATION TRUST,32.0,351.0,52.0,273.0,349.0,73.0,73.0,36.0,20.0,695.0,129.0,1.0,1.0,1.0,1.0,1.0,1.0,1.0,1.0,1.0,129.0
2021-01-20,RJ7,London,ST GEORGE'S UNIVERSITY HOSPITALS NHS FOUNDATION TRUST,32.0,355.0,55.0,268.0,354.0,78.0,81.0,26.0,22.0,700.0,129.0,1.0,1.0,1.0,1.0,1.0,1.0,1.0,1.0,1.0,129.0
2021-01-21,RJ7,London,ST GEORGE'S UNIVERSITY HOSPITALS NHS FOUNDATION TRUST,34.0,349.0,58.0,259.0,364.0,78.0,85.0,27.0,17.0,701.0,129.0,1.0,1.0,1.0,1.0,1.0,1.0,1.0,1.0,1.0,129.0
2021-01-22,RJ7,London,ST GEORGE'S UNIVERSITY HOSPITALS NHS FOUNDATION TRUST,26.0,354.0,62.0,256.0,363.0,87.0,90.0,21.0,18.0,706.0,129.0,1.0,1.0,1.0,1.0,1.0,1.0,1.0,1.0,1.0,129.0
2021-01-23,RJ7,London,ST GEORGE'S UNIVERSITY HOSPITALS NHS FOUNDATION TRUST,16.0,354.0,62.0,256.0,363.0,87.0,90.0,21.0,18.0,706.0,129.0,1.0,1.0,1.0,1.0,1.0,1.0,1.0,1.0,1.0,129.0
2021-01-24,RJ7,London,ST GEORGE'S UNIVERSITY HOSPITALS NHS FOUNDATION TRUST,21.0,333.0,55.0,244.0,367.0,118.0,82.0,24.0,23.0,729.0,129.0,1.0,1.0,1.0,1.0,1.0,1.0,1.0,1.0,1.0,129.0
2021-01-25,RJ7,London,ST GEORGE'S UNIVERSITY HOSPITALS NHS FOUNDATION TRUST,25.0,326.0,58.0,235.0,387.0,110.0,84.0,29.0,16.0,732.0,129.0,1.0,1.0,1.0,1.0,1.0,1.0,1.0,1.0,1.0,129.0
2021-01-26,RJ7,London,ST GEORGE'S UNIVERSITY HOSPITALS NHS FOUNDATION TRUST,14.0,325.0,60.0,232.0,391.0,109.0,87.0,29.0,13.0,732.0,129.0,1.0,1.0,1.0,1.0,1.0,1.0,1.0,1.0,1.0,129.0
2021-01-27,RJ7,London,ST GEORGE'S UNIVERSITY HOSPITALS NHS FOUNDATION TRUST,29.0,314.0,60.0,223.0,400.0,90.0,85.0,28.0,10.0,713.0,123.0,1.0,1.0,1.0,1.0,1.0,1.0,1.0,1.0,1.0,123.0
2021-01-28,RJ7,London,ST GEORGE'S UNIVERSITY HOSPITALS NHS FOUNDATION TRUST,30.0,298.0,62.0,208.0,407.0,82.0,85.0,25.0,13.0,697.0,123.0,1.0,1.0,1.0,1.0,1.0,1.0,1.0,1.0,1.0,123.0
2021-01-29,RJ7,London,ST GEORGE'S UNIVERSITY HOSPITALS NHS FOUNDATION TRUST,17.0,287.0,55.0,200.0,401.0,96.0,83.0,30.0,16.0,697.0,129.0,1.0,1.0,1.0,1.0,1.0,1.0,1.0,1.0,1.0,129.0
2021-01-30,RJ7,London,ST GEORGE'S UNIVERSITY HOSPITALS NHS FOUNDATION TRUST,22.0,285.0,49.0,201.0,391.0,110.0,81.0,33.0,15.0,702.0,129.0,1.0,1.0,1.0,1.0,1.0,1.0,1.0,1.0,1.0,129.0
2021-01-31,RJ7,London,ST GEORGE'S UNIVERSITY HOSPITALS NHS FOUNDATION TRUST,14.0,289.0,47.0,205.0,384.0,126.0,80.0,34.0,14.0,715.0,128.0,1.0,1.0,1.0,1.0,1.0,1.0,1.0,1.0,1.0,128.0
2021-02-01,RJ7,London,ST GEORGE'S UNIVERSITY HOSPITALS NHS FOUNDATION TRUST,25.0,302.0,56.0,213.0,390.0,133.0,86.0,22.0,14.0,736.0,122.0,1.0,1.0,1.0,1.0,1.0,1.0,1.0,1.0,1.0,122.0
2021-02-02,RJ7,London,ST GEORGE'S UNIVERSITY HOSPITALS NHS FOUNDATION TRUST,21.0,289.0,56.0,200.0,413.0,122.0,85.0,27.0,17.0,735.0,129.0,1.0,1.0,1.0,1.0,1.0,1.0,1.0,1.0,1.0,129.0
2021-02-03,RJ7,London,ST GEORGE'S UNIVERSITY HOSPITALS NHS FOUNDATION TRUST,23.0,297.0,60.0,207.0,421.0,101.0,86.0,27.0,16.0,729.0,129.0,1.0,1.0,1.0,1.0,1.0,1.0,1.0,1.0,1.0,129.0
2021-02-04,RJ7,London,ST GEORGE'S UNIVERSITY HOSPITALS NHS FOUNDATION TRUST,23.0,282.0,59.0,195.0,422.0,88.0,83.0,26.0,14.0,705.0,123.0,1.0,1.0,1.0,1.0,1.0,1.0,1.0,1.0,1.0,123.0
2021-02-05,RJ7,London,ST GEORGE'S UNIVERSITY HOSPITALS NHS FOUNDATION TRUST,14.0,279.0,56.0,198.0,411.0,95.0,78.0,25.0,16.0,704.0,119.0,1.0,1.0,1.0,1.0,1.0,1.0,1.0,1.0,1.0,119.0
2021-02-06,RJ7,London,ST GEORGE'S UNIVERSITY HOSPITALS NHS FOUNDATION TRUST,14.0,279.0,56.0,198.0,411.0,95.0,78.0,25.0,16.0,704.0,119.0,1.0,1.0,1.0,1.0,1.0,1.0,1.0,1.0,1.0,119.0
2021-02-07,RJ7,London,ST GEORGE'S UNIVERSITY HOSPITALS NHS FOUNDATION TRUST,16.0,266.0,47.0,201.0,407.0,96.0,61.0,36.0,22.0,704.0,119.0,1.0,1.0,1.0,1.0,1.0,1.0,1.0,1.0,1.0,119.0
2021-02-08,RJ7,London,ST GEORGE'S UNIVERSITY HOSPITALS NHS FOUNDATION TRUST,23.0,270.0,47.0,202.0,417.0,89.0,64.0,36.0,17.0,708.0,117.0,1.0,1.0,1.0,1.0,1.0,1.0,1.0,1.0,1.0,117.0
2021-02-09,RJ7,London,ST GEORGE'S UNIVERSITY HOSPITALS NHS FOUNDATION TRUST,16.0,267.0,45.0,198.0,427.0,82.0,65.0,33.0,19.0,707.0,117.0,1.0,1.0,1.0,1.0,1.0,1.0,1.0,1.0,1.0,117.0
2021-02-10,RJ7,London,ST GEORGE'S UNIVERSITY HOSPITALS NHS FOUNDATION TRUST,8.0,260.0,43.0,195.0,395.0,126.0,61.0,42.0,20.0,716.0,123.0,1.0,1.0,1.0,1.0,1.0,1.0,1.0,1.0,1.0,123.0
2021-02-11,RJ7,London,ST GEORGE'S UNIVERSITY HOSPITALS NHS FOUNDATION TRUST,14.0,245.0,40.0,184.0,393.0,145.0,57.0,39.0,27.0,722.0,123.0,1.0,1.0,1.0,1.0,1.0,1.0,1.0,1.0,1.0,123.0
2021-02-12,RJ7,London,ST GEORGE'S UNIVERSITY HOSPITALS NHS FOUNDATION TRUST,15.0,237.0,44.0,170.0,404.0,135.0,65.0,35.0,23.0,709.0,123.0,1.0,1.0,1.0,1.0,1.0,1.0,1.0,1.0,1.0,123.0
2021-02-13,RJ7,London,ST GEORGE'S UNIVERSITY HOSPITALS NHS FOUNDATION TRUST,8.0,235.0,44.0,168.0,409.0,151.0,65.0,35.0,23.0,728.0,123.0,1.0,1.0,1.0,1.0,1.0,1.0,1.0,1.0,1.0,123.0
2021-02-14,RJ7,London,ST GEORGE'S UNIVERSITY HOSPITALS NHS FOUNDATION TRUST,10.0,235.0,44.0,168.0,409.0,151.0,65.0,35.0,23.0,728.0,123.0,1.0,1.0,1.0,1.0,1.0,1.0,1.0,1.0,1.0,123.0
2021-02-15,RJ7,London,ST GEORGE'S UNIVERSITY HOSPITALS NHS FOUNDATION TRUST,10.0,234.0,41.0,170.0,413.0,151.0,62.0,38.0,23.0,734.0,123.0,1.0,1.0,1.0,1.0,1.0,1.0,1.0,1.0,1.0,123.0
2021-02-16,RJ7,London,ST GEORGE'S UNIVERSITY HOSPITALS NHS FOUNDATION TRUST,14.0,234.0,40.0,169.0,433.0,135.0,63.0,29.0,31.0,737.0,123.0,1.0,1.0,1.0,1.0,1.0,1.0,1.0,1.0,1.0,123.0
2021-02-17,RJ7,London,ST GEORGE'S UNIVERSITY HOSPITALS NHS FOUNDATION TRUST,5.0,226.0,41.0,166.0,448.0,115.0,58.0,32.0,33.0,729.0,123.0,1.0,1.0,1.0,1.0,1.0,1.0,1.0,1.0,1.0,123.0
2021-02-18,RJ7,London,ST GEORGE'S UNIVERSITY HOSPITALS NHS FOUNDATION TRUST,8.0,216.0,39.0,163.0,427.0,136.0,51.0,36.0,36.0,726.0,123.0,1.0,1.0,1.0,1.0,1.0,1.0,1.0,1.0,1.0,123.0
2021-02-19,RJ7,London,ST GEORGE'S UNIVERSITY HOSPITALS NHS FOUNDATION TRUST,11.0,206.0,38.0,154.0,436.0,140.0,51.0,41.0,15.0,730.0,107.0,1.0,1.0,1.0,1.0,1.0,1.0,1.0,1.0,1.0,107.0
2021-02-20,RJ7,London,ST GEORGE'S UNIVERSITY HOSPITALS NHS FOUNDATION TRUST,4.0,190.0,36.0,139.0,449.0,210.0,50.0,43.0,17.0,798.0,110.0,1.0,1.0,1.0,1.0,1.0,1.0,1.0,1.0,1.0,110.0
2021-02-21,RJ7,London,ST GEORGE'S UNIVERSITY HOSPITALS NHS FOUNDATION TRUST,5.0,186.0,36.0,133.0,457.0,158.0,52.0,34.0,18.0,748.0,104.0,1.0,1.0,1.0,1.0,1.0,1.0,1.0,1.0,1.0,104.0
2021-02-22,RJ7,London,ST GEORGE'S UNIVERSITY HOSPITALS NHS FOUNDATION TRUST,7.0,186.0,39.0,131.0,483.0,131.0,54.0,32.0,21.0,745.0,107.0,1.0,1.0,1.0,1.0,1.0,1.0,1.0,1.0,1.0,107.0
2021-02-23,RJ7,London,ST GEORGE'S UNIVERSITY HOSPITALS NHS FOUNDATION TRUST,5.0,186.0,39.0,131.0,483.0,131.0,54.0,32.0,21.0,745.0,107.0,1.0,1.0,1.0,1.0,1.0,1.0,1.0,1.0,1.0,107.0
2021-02-24,RJ7,London,ST GEORGE'S UNIVERSITY HOSPITALS NHS FOUNDATION TRUST,5.0,167.0,34.0,118.0,504.0,121.0,48.0,35.0,24.0,743.0,107.0,1.0,1.0,1.0,1.0,1.0,1.0,1.0,1.0,1.0,107.0
2021-02-25,RJ7,London,ST GEORGE'S UNIVERSITY HOSPITALS NHS FOUNDATION TRUST,9.0,159.0,35.0,112.0,480.0,147.0,47.0,36.0,30.0,739.0,113.0,1.0,1.0,1.0,1.0,1.0,1.0,1.0,1.0,1.0,113.0
2021-02-26,RJ7,London,ST GEORGE'S UNIVERSITY HOSPITALS NHS FOUNDATION TRUST,5.0,156.0,35.0,108.0,499.0,118.0,48.0,36.0,29.0,725.0,113.0,1.0,1.0,1.0,1.0,1.0,1.0,1.0,1.0,1.0,113.0
2021-02-27,RJ7,London,ST GEORGE'S UNIVERSITY HOSPITALS NHS FOUNDATION TRUST,5.0,148.0,35.0,102.0,481.0,151.0,45.0,37.0,31.0,734.0,113.0,1.0,1.0,1.0,1.0,1.0,1.0,1.0,1.0,1.0,113.0
2021-02-28,RJ7,London,ST GEORGE'S UNIVERSITY HOSPITALS NHS FOUNDATION TRUST,5.0,147.0,34.0,102.0,486.0,149.0,43.0,36.0,34.0,737.0,113.0,1.0,1.0,1.0,1.0,1.0,1.0,1.0,1.0,1.0,113.0
2021-03-01,RJ7,London,ST GEORGE'S UNIVERSITY HOSPITALS NHS FOUNDATION TRUST,9.0,149.0,33.0,105.0,504.0,122.0,43.0,33.0,37.0,731.0,113.0,1.0,1.0,1.0,1.0,1.0,1.0,1.0,1.0,1.0,113.0
2021-03-02,RJ7,London,ST GEORGE'S UNIVERSITY HOSPITALS NHS FOUNDATION TRUST,4.0,152.0,36.0,104.0,528.0,97.0,47.0,32.0,34.0,729.0,113.0,1.0,1.0,1.0,1.0,1.0,1.0,1.0,1.0,1.0,113.0
2021-03-03,RJ7,London,ST GEORGE'S UNIVERSITY HOSPITALS NHS FOUNDATION TRUST,4.0,149.0,29.0,105.0,520.0,95.0,43.0,28.0,42.0,720.0,113.0,1.0,1.0,1.0,1.0,1.0,1.0,1.0,1.0,1.0,113.0
2021-03-04,RJ7,London,ST GEORGE'S UNIVERSITY HOSPITALS NHS FOUNDATION TRUST,2.0,140.0,29.0,98.0,533.0,97.0,41.0,33.0,39.0,728.0,113.0,1.0,1.0,1.0,1.0,1.0,1.0,1.0,1.0,1.0,113.0
2021-03-05,RJ7,London,ST GEORGE'S UNIVERSITY HOSPITALS NHS FOUNDATION TRUST,1.0,139.0,26.0,98.0,524.0,104.0,40.0,34.0,39.0,726.0,113.0,1.0,1.0,1.0,1.0,1.0,1.0,1.0,1.0,1.0,113.0
2021-03-06,RJ7,London,ST GEORGE'S UNIVERSITY HOSPITALS NHS FOUNDATION TRUST,3.0,125.0,25.0,93.0,529.0,127.0,31.0,41.0,41.0,749.0,113.0,1.0,1.0,1.0,1.0,1.0,1.0,1.0,1.0,1.0,113.0
2021-03-07,RJ7,London,ST GEORGE'S UNIVERSITY HOSPITALS NHS FOUNDATION TRUST,1.0,121.0,25.0,90.0,512.0,149.0,31.0,41.0,41.0,751.0,113.0,1.0,1.0,1.0,1.0,1.0,1.0,1.0,1.0,1.0,113.0
2021-03-08,RJ7,London,ST GEORGE'S UNIVERSITY HOSPITALS NHS FOUNDATION TRUST,4.0,117.0,19.0,89.0,547.0,120.0,27.0,43.0,43.0,756.0,113.0,1.0,1.0,1.0,1.0,1.0,1.0,1.0,1.0,1.0,113.0
2021-03-09,RJ7,London,ST GEORGE'S UNIVERSITY HOSPITALS NHS FOUNDATION TRUST,1.0,119.0,19.0,92.0,575.0,87.0,27.0,52.0,34.0,754.0,113.0,1.0,1.0,1.0,1.0,1.0,1.0,1.0,1.0,1.0,113.0
2021-03-10,RJ7,London,ST GEORGE'S UNIVERSITY HOSPITALS NHS FOUNDATION TRUST,2.0,116.0,17.0,90.0,570.0,90.0,26.0,43.0,44.0,750.0,113.0,1.0,1.0,1.0,1.0,1.0,1.0,1.0,1.0,1.0,113.0
2021-03-11,RJ7,London,ST GEORGE'S UNIVERSITY HOSPITALS NHS FOUNDATION TRUST,4.0,111.0,17.0,85.0,562.0,101.0,26.0,49.0,32.0,748.0,107.0,1.0,1.0,1.0,1.0,1.0,1.0,1.0,1.0,1.0,107.0
2021-03-12,RJ7,London,ST GEORGE'S UNIVERSITY HOSPITALS NHS FOUNDATION TRUST,1.0,106.0,15.0,80.0,559.0,113.0,25.0,49.0,33.0,752.0,107.0,1.0,1.0,1.0,1.0,1.0,1.0,1.0,1.0,1.0,107.0
2021-03-13,RJ7,London,ST GEORGE'S UNIVERSITY HOSPITALS NHS FOUNDATION TRUST,5.0,96.0,15.0,73.0,552.0,118.0,22.0,46.0,39.0,743.0,107.0,1.0,1.0,1.0,1.0,1.0,1.0,1.0,1.0,1.0,107.0
2021-03-14,RJ7,London,ST GEORGE'S UNIVERSITY HOSPITALS NHS FOUNDATION TRUST,1.0,95.0,14.0,73.0,553.0,126.0,21.0,43.0,43.0,752.0,107.0,1.0,1.0,1.0,1.0,1.0,1.0,1.0,1.0,1.0,107.0
2021-03-15,RJ7,London,ST GEORGE'S UNIVERSITY HOSPITALS NHS FOUNDATION TRUST,1.0,93.0,13.0,72.0,579.0,96.0,19.0,41.0,47.0,747.0,107.0,1.0,1.0,1.0,1.0,1.0,1.0,1.0,1.0,1.0,107.0
2021-03-16,RJ7,London,ST GEORGE'S UNIVERSITY HOSPITALS NHS FOUNDATION TRUST,3.0,95.0,13.0,71.0,574.0,102.0,23.0,38.0,46.0,747.0,107.0,1.0,1.0,1.0,1.0,1.0,1.0,1.0,1.0,1.0,107.0
2021-03-17,RJ7,London,ST GEORGE'S UNIVERSITY HOSPITALS NHS FOUNDATION TRUST,1.0,90.0,13.0,66.0,580.0,95.0,23.0,45.0,39.0,741.0,107.0,1.0,1.0,1.0,1.0,1.0,1.0,1.0,1.0,1.0,107.0
2021-03-18,RJ7,London,ST GEORGE'S UNIVERSITY HOSPITALS NHS FOUNDATION TRUST,3.0,82.0,13.0,59.0,565.0,122.0,22.0,46.0,39.0,746.0,107.0,1.0,1.0,1.0,1.0,1.0,1.0,1.0,1.0,1.0,107.0
2021-03-19,RJ7,London,ST GEORGE'S UNIVERSITY HOSPITALS NHS FOUNDATION TRUST,1.0,80.0,13.0,57.0,570.0,124.0,22.0,42.0,43.0,751.0,107.0,1.0,1.0,1.0,1.0,1.0,1.0,1.0,1.0,1.0,107.0
2021-03-20,RJ7,London,ST GEORGE'S UNIVERSITY HOSPITALS NHS FOUNDATION TRUST,2.0,75.0,11.0,55.0,560.0,139.0,19.0,45.0,43.0,754.0,107.0,1.0,1.0,1.0,1.0,1.0,1.0,1.0,1.0,1.0,107.0
2021-03-21,RJ7,London,ST GEORGE'S UNIVERSITY HOSPITALS NHS FOUNDATION TRUST,3.0,71.0,11.0,50.0,564.0,142.0,20.0,41.0,46.0,756.0,107.0,1.0,1.0,1.0,1.0,1.0,1.0,1.0,1.0,1.0,107.0
2021-03-22,RJ7,London,ST GEORGE'S UNIVERSITY HOSPITALS NHS FOUNDATION TRUST,1.0,69.0,7.0,49.0,594.0,114.0,19.0,42.0,46.0,757.0,107.0,1.0,1.0,1.0,1.0,1.0,1.0,1.0,1.0,1.0,107.0
2021-03-23,RJ7,London,ST GEORGE'S UNIVERSITY HOSPITALS NHS FOUNDATION TRUST,0.0,64.0,6.0,46.0,612.0,97.0,17.0,45.0,45.0,755.0,107.0,1.0,1.0,1.0,1.0,1.0,1.0,1.0,1.0,1.0,107.0
2021-03-24,RJ7,London,ST GEORGE'S UNIVERSITY HOSPITALS NHS FOUNDATION TRUST,4.0,60.0,7.0,41.0,629.0,85.0,18.0,48.0,41.0,755.0,107.0,1.0,1.0,1.0,1.0,1.0,1.0,1.0,1.0,1.0,107.0
2021-03-25,RJ7,London,ST GEORGE'S UNIVERSITY HOSPITALS NHS FOUNDATION TRUST,2.0,60.0,7.0,41.0,603.0,84.0,18.0,47.0,21.0,728.0,86.0,1.0,1.0,1.0,1.0,1.0,1.0,1.0,1.0,1.0,86.0
2021-03-26,RJ7,London,ST GEORGE'S UNIVERSITY HOSPITALS NHS FOUNDATION TRUST,1.0,69.0,6.0,52.0,599.0,92.0,16.0,44.0,26.0,743.0,86.0,1.0,1.0,1.0,1.0,1.0,1.0,1.0,1.0,1.0,86.0
2021-03-27,RJ7,London,ST GEORGE'S UNIVERSITY HOSPITALS NHS FOUNDATION TRUST,1.0,62.0,6.0,41.0,595.0,131.0,15.0,48.0,23.0,767.0,86.0,1.0,1.0,1.0,1.0,1.0,1.0,1.0,1.0,1.0,86.0
2021-03-28,RJ7,London,ST GEORGE'S UNIVERSITY HOSPITALS NHS FOUNDATION TRUST,1.0,60.0,6.0,40.0,603.0,125.0,14.0,49.0,23.0,768.0,86.0,1.0,1.0,1.0,1.0,1.0,1.0,1.0,1.0,1.0,86.0
2021-03-29,RJ7,London,ST GEORGE'S UNIVERSITY HOSPITALS NHS FOUNDATION TRUST,1.0,61.0,6.0,41.0,626.0,104.0,14.0,47.0,25.0,771.0,86.0,1.0,1.0,1.0,1.0,1.0,1.0,1.0,1.0,1.0,86.0
2021-03-30,RJ7,London,ST GEORGE'S UNIVERSITY HOSPITALS NHS FOUNDATION TRUST,0.0,61.0,7.0,41.0,632.0,102.0,15.0,48.0,26.0,775.0,89.0,1.0,1.0,1.0,1.0,1.0,1.0,1.0,1.0,1.0,89.0
2021-03-31,RJ7,London,ST GEORGE'S UNIVERSITY HOSPITALS NHS FOUNDATION TRUST,2.0,62.0,7.0,41.0,617.0,94.0,15.0,45.0,29.0,752.0,89.0,1.0,1.0,1.0,1.0,1.0,1.0,1.0,1.0,1.0,89.0
2021-04-01,RJ7,London,ST GEORGE'S UNIVERSITY HOSPITALS NHS FOUNDATION TRUST,2.0,59.0,6.0,40.0,610.0,104.0,13.0,49.0,27.0,754.0,89.0,1.0,1.0,1.0,1.0,1.0,1.0,1.0,1.0,1.0,89.0
2021-04-02,RJ7,London,ST GEORGE'S UNIVERSITY HOSPITALS NHS FOUNDATION TRUST,1.0,58.0,6.0,39.0,564.0,152.0,13.0,48.0,28.0,755.0,89.0,1.0,1.0,1.0,1.0,1.0,1.0,1.0,1.0,1.0,89.0
2021-04-03,RJ7,London,ST GEORGE'S UNIVERSITY HOSPITALS NHS FOUNDATION TRUST,0.0,59.0,6.0,39.0,555.0,159.0,14.0,43.0,32.0,753.0,89.0,1.0,1.0,1.0,1.0,1.0,1.0,1.0,1.0,1.0,89.0
2021-04-04,RJ7,London,ST GEORGE'S UNIVERSITY HOSPITALS NHS FOUNDATION TRUST,1.0,57.0,6.0,37.0,553.0,189.0,14.0,38.0,37.0,779.0,89.0,1.0,1.0,1.0,1.0,1.0,1.0,1.0,1.0,1.0,89.0
2021-04-05,RJ7,London,ST GEORGE'S UNIVERSITY HOSPITALS NHS FOUNDATION TRUST,0.0,58.0,6.0,38.0,538.0,195.0,14.0,41.0,34.0,771.0,89.0,1.0,1.0,1.0,1.0,1.0,1.0,1.0,1.0,1.0,89.0
2021-04-06,RJ7,London,ST GEORGE'S UNIVERSITY HOSPITALS NHS FOUNDATION TRUST,1.0,57.0,6.0,38.0,559.0,181.0,12.0,43.0,34.0,778.0,89.0,1.0,1.0,1.0,1.0,1.0,1.0,1.0,1.0,1.0,89.0
2020-11-17,RJE,Midlands,UNIVERSITY HOSPITALS OF NORTH MIDLANDS NHS TRUST,36.0,304.0,32.0,265.0,914.0,77.0,39.0,21.0,13.0,1256.0,73.0,1.0,1.0,1.0,1.0,1.0,1.0,1.0,1.0,1.0,73.0
2020-11-18,RJE,Midlands,UNIVERSITY HOSPITALS OF NORTH MIDLANDS NHS TRUST,61.0,294.0,29.0,257.0,913.0,86.0,37.0,23.0,15.0,1256.0,75.0,1.0,1.0,1.0,1.0,1.0,1.0,1.0,1.0,1.0,75.0
2020-11-19,RJE,Midlands,UNIVERSITY HOSPITALS OF NORTH MIDLANDS NHS TRUST,27.0,303.0,33.0,262.0,860.0,83.0,40.0,27.0,8.0,1205.0,75.0,1.0,1.0,1.0,1.0,1.0,1.0,1.0,1.0,1.0,75.0
2020-11-20,RJE,Midlands,UNIVERSITY HOSPITALS OF NORTH MIDLANDS NHS TRUST,47.0,311.0,35.0,269.0,924.0,63.0,42.0,19.0,14.0,1256.0,75.0,1.0,1.0,1.0,1.0,1.0,1.0,1.0,1.0,1.0,75.0
2020-11-21,RJE,Midlands,UNIVERSITY HOSPITALS OF NORTH MIDLANDS NHS TRUST,31.0,306.0,36.0,259.0,892.0,105.0,47.0,18.0,10.0,1256.0,75.0,1.0,1.0,1.0,1.0,1.0,1.0,1.0,1.0,1.0,75.0
2020-11-22,RJE,Midlands,UNIVERSITY HOSPITALS OF NORTH MIDLANDS NHS TRUST,42.0,324.0,37.0,278.0,872.0,106.0,46.0,29.0,8.0,1256.0,83.0,1.0,1.0,1.0,1.0,1.0,1.0,1.0,1.0,1.0,83.0
2020-11-23,RJE,Midlands,UNIVERSITY HOSPITALS OF NORTH MIDLANDS NHS TRUST,41.0,354.0,40.0,304.0,885.0,83.0,50.0,17.0,0.0,1272.0,67.0,1.0,1.0,1.0,1.0,1.0,1.0,1.0,1.0,1.0,67.0
2020-11-24,RJE,Midlands,UNIVERSITY HOSPITALS OF NORTH MIDLANDS NHS TRUST,39.0,345.0,38.0,298.0,857.0,101.0,47.0,24.0,12.0,1256.0,83.0,1.0,1.0,1.0,1.0,1.0,1.0,1.0,1.0,1.0,83.0
2020-11-25,RJE,Midlands,UNIVERSITY HOSPITALS OF NORTH MIDLANDS NHS TRUST,39.0,338.0,38.0,294.0,845.0,103.0,44.0,51.0,2.0,1242.0,97.0,1.0,1.0,1.0,1.0,1.0,1.0,1.0,1.0,1.0,97.0
2020-11-26,RJE,Midlands,UNIVERSITY HOSPITALS OF NORTH MIDLANDS NHS TRUST,31.0,325.0,38.0,281.0,868.0,107.0,44.0,16.0,23.0,1256.0,83.0,1.0,1.0,1.0,1.0,1.0,1.0,1.0,1.0,1.0,83.0
2020-11-27,RJE,Midlands,UNIVERSITY HOSPITALS OF NORTH MIDLANDS NHS TRUST,28.0,324.0,32.0,285.0,852.0,119.0,39.0,20.0,23.0,1256.0,82.0,1.0,1.0,1.0,1.0,1.0,1.0,1.0,1.0,1.0,82.0
2020-11-28,RJE,Midlands,UNIVERSITY HOSPITALS OF NORTH MIDLANDS NHS TRUST,25.0,329.0,29.0,293.0,848.0,115.0,36.0,34.0,13.0,1256.0,83.0,1.0,1.0,1.0,1.0,1.0,1.0,1.0,1.0,1.0,83.0
2020-11-29,RJE,Midlands,UNIVERSITY HOSPITALS OF NORTH MIDLANDS NHS TRUST,16.0,327.0,27.0,293.0,854.0,109.0,34.0,30.0,19.0,1256.0,83.0,1.0,1.0,1.0,1.0,1.0,1.0,1.0,1.0,1.0,83.0
2020-11-30,RJE,Midlands,UNIVERSITY HOSPITALS OF NORTH MIDLANDS NHS TRUST,27.0,324.0,27.0,291.0,876.0,89.0,33.0,30.0,20.0,1256.0,83.0,1.0,1.0,1.0,1.0,1.0,1.0,1.0,1.0,1.0,83.0
2020-12-01,RJE,Midlands,UNIVERSITY HOSPITALS OF NORTH MIDLANDS NHS TRUST,30.0,297.0,22.0,268.0,898.0,90.0,29.0,31.0,23.0,1256.0,83.0,1.0,1.0,1.0,1.0,1.0,1.0,1.0,1.0,1.0,83.0
2020-12-02,RJE,Midlands,UNIVERSITY HOSPITALS OF NORTH MIDLANDS NHS TRUST,23.0,292.0,22.0,266.0,885.0,105.0,26.0,39.0,18.0,1256.0,83.0,1.0,1.0,1.0,1.0,1.0,1.0,1.0,1.0,1.0,83.0
2020-12-03,RJE,Midlands,UNIVERSITY HOSPITALS OF NORTH MIDLANDS NHS TRUST,28.0,279.0,21.0,254.0,892.0,110.0,25.0,31.0,27.0,1256.0,83.0,1.0,1.0,1.0,1.0,1.0,1.0,1.0,1.0,1.0,83.0
2020-12-04,RJE,Midlands,UNIVERSITY HOSPITALS OF NORTH MIDLANDS NHS TRUST,25.0,264.0,23.0,237.0,900.0,119.0,27.0,35.0,20.0,1256.0,82.0,1.0,1.0,1.0,1.0,1.0,1.0,1.0,1.0,1.0,82.0
2020-12-05,RJE,Midlands,UNIVERSITY HOSPITALS OF NORTH MIDLANDS NHS TRUST,32.0,269.0,24.0,239.0,883.0,134.0,30.0,23.0,30.0,1256.0,83.0,1.0,1.0,1.0,1.0,1.0,1.0,1.0,1.0,1.0,83.0
2020-12-06,RJE,Midlands,UNIVERSITY HOSPITALS OF NORTH MIDLANDS NHS TRUST,40.0,281.0,25.0,249.0,896.0,111.0,30.0,42.0,11.0,1256.0,83.0,1.0,1.0,1.0,1.0,1.0,1.0,1.0,1.0,1.0,83.0
2020-12-07,RJE,Midlands,UNIVERSITY HOSPITALS OF NORTH MIDLANDS NHS TRUST,27.0,288.0,24.0,255.0,924.0,77.0,32.0,35.0,16.0,1256.0,83.0,1.0,1.0,1.0,1.0,1.0,1.0,1.0,1.0,1.0,83.0
2020-12-08,RJE,Midlands,UNIVERSITY HOSPITALS OF NORTH MIDLANDS NHS TRUST,31.0,304.0,25.0,266.0,913.0,77.0,34.0,27.0,22.0,1256.0,83.0,1.0,1.0,1.0,1.0,1.0,1.0,1.0,1.0,1.0,83.0
2020-12-09,RJE,Midlands,UNIVERSITY HOSPITALS OF NORTH MIDLANDS NHS TRUST,41.0,310.0,26.0,270.0,902.0,84.0,37.0,20.0,26.0,1256.0,83.0,1.0,1.0,1.0,1.0,1.0,1.0,1.0,1.0,1.0,83.0
2020-12-10,RJE,Midlands,UNIVERSITY HOSPITALS OF NORTH MIDLANDS NHS TRUST,43.0,308.0,25.0,270.0,900.0,86.0,35.0,30.0,18.0,1256.0,83.0,1.0,1.0,1.0,1.0,1.0,1.0,1.0,1.0,1.0,83.0
2020-12-11,RJE,Midlands,UNIVERSITY HOSPITALS OF NORTH MIDLANDS NHS TRUST,42.0,316.0,25.0,276.0,908.0,72.0,39.0,26.0,18.0,1256.0,83.0,1.0,1.0,1.0,1.0,1.0,1.0,1.0,1.0,1.0,83.0
2020-12-12,RJE,Midlands,UNIVERSITY HOSPITALS OF NORTH MIDLANDS NHS TRUST,42.0,325.0,22.0,290.0,867.0,99.0,34.0,35.0,14.0,1256.0,83.0,1.0,1.0,1.0,1.0,1.0,1.0,1.0,1.0,1.0,83.0
2020-12-13,RJE,Midlands,UNIVERSITY HOSPITALS OF NORTH MIDLANDS NHS TRUST,25.0,335.0,25.0,297.0,879.0,80.0,36.0,33.0,14.0,1256.0,83.0,1.0,1.0,1.0,1.0,1.0,1.0,1.0,1.0,1.0,83.0
2020-12-14,RJE,Midlands,UNIVERSITY HOSPITALS OF NORTH MIDLANDS NHS TRUST,30.0,349.0,24.0,310.0,881.0,65.0,38.0,29.0,16.0,1256.0,83.0,1.0,1.0,1.0,1.0,1.0,1.0,1.0,1.0,1.0,83.0
2020-12-15,RJE,Midlands,UNIVERSITY HOSPITALS OF NORTH MIDLANDS NHS TRUST,54.0,333.0,26.0,293.0,887.0,75.0,39.0,31.0,13.0,1255.0,83.0,1.0,1.0,1.0,1.0,1.0,1.0,1.0,1.0,1.0,83.0
2020-12-16,RJE,Midlands,UNIVERSITY HOSPITALS OF NORTH MIDLANDS NHS TRUST,23.0,339.0,27.0,299.0,884.0,73.0,39.0,28.0,16.0,1256.0,83.0,1.0,1.0,1.0,1.0,1.0,1.0,1.0,1.0,1.0,83.0
2020-12-17,RJE,Midlands,UNIVERSITY HOSPITALS OF NORTH MIDLANDS NHS TRUST,30.0,332.0,24.0,295.0,922.0,39.0,36.0,34.0,13.0,1256.0,83.0,1.0,1.0,1.0,1.0,1.0,1.0,1.0,1.0,1.0,83.0
2020-12-18,RJE,Midlands,UNIVERSITY HOSPITALS OF NORTH MIDLANDS NHS TRUST,26.0,322.0,29.0,280.0,921.0,55.0,42.0,34.0,7.0,1256.0,83.0,1.0,1.0,1.0,1.0,1.0,1.0,1.0,1.0,1.0,83.0
2020-12-19,RJE,Midlands,UNIVERSITY HOSPITALS OF NORTH MIDLANDS NHS TRUST,37.0,315.0,30.0,273.0,904.0,79.0,42.0,28.0,13.0,1256.0,83.0,1.0,1.0,1.0,1.0,1.0,1.0,1.0,1.0,1.0,83.0
2020-12-20,RJE,Midlands,UNIVERSITY HOSPITALS OF NORTH MIDLANDS NHS TRUST,38.0,326.0,28.0,286.0,908.0,62.0,40.0,28.0,15.0,1256.0,83.0,1.0,1.0,1.0,1.0,1.0,1.0,1.0,1.0,1.0,83.0
2020-12-21,RJE,Midlands,UNIVERSITY HOSPITALS OF NORTH MIDLANDS NHS TRUST,29.0,325.0,24.0,290.0,926.0,40.0,35.0,24.0,24.0,1256.0,83.0,1.0,1.0,1.0,1.0,1.0,1.0,1.0,1.0,1.0,83.0
2020-12-22,RJE,Midlands,UNIVERSITY HOSPITALS OF NORTH MIDLANDS NHS TRUST,30.0,326.0,24.0,291.0,920.0,45.0,35.0,24.0,24.0,1256.0,83.0,1.0,1.0,1.0,1.0,1.0,1.0,1.0,1.0,1.0,83.0
2020-12-23,RJE,Midlands,UNIVERSITY HOSPITALS OF NORTH MIDLANDS NHS TRUST,32.0,290.0,26.0,253.0,875.0,128.0,37.0,28.0,18.0,1256.0,83.0,1.0,1.0,1.0,1.0,1.0,1.0,1.0,1.0,1.0,83.0
2020-12-24,RJE,Midlands,UNIVERSITY HOSPITALS OF NORTH MIDLANDS NHS TRUST,28.0,280.0,24.0,245.0,855.0,156.0,35.0,35.0,13.0,1256.0,83.0,1.0,1.0,1.0,1.0,1.0,1.0,1.0,1.0,1.0,83.0
2020-12-25,RJE,Midlands,UNIVERSITY HOSPITALS OF NORTH MIDLANDS NHS TRUST,35.0,263.0,24.0,228.0,785.0,243.0,35.0,24.0,24.0,1256.0,83.0,1.0,1.0,1.0,1.0,1.0,1.0,1.0,1.0,1.0,83.0
2020-12-26,RJE,Midlands,UNIVERSITY HOSPITALS OF NORTH MIDLANDS NHS TRUST,37.0,267.0,25.0,234.0,826.0,196.0,33.0,25.0,25.0,1256.0,83.0,1.0,1.0,1.0,1.0,1.0,1.0,1.0,1.0,1.0,83.0
2020-12-27,RJE,Midlands,UNIVERSITY HOSPITALS OF NORTH MIDLANDS NHS TRUST,39.0,279.0,26.0,245.0,861.0,150.0,34.0,26.0,23.0,1256.0,83.0,1.0,1.0,1.0,1.0,1.0,1.0,1.0,1.0,1.0,83.0
2020-12-28,RJE,Midlands,UNIVERSITY HOSPITALS OF NORTH MIDLANDS NHS TRUST,53.0,295.0,26.0,261.0,913.0,82.0,34.0,25.0,24.0,1256.0,83.0,1.0,1.0,1.0,1.0,1.0,1.0,1.0,1.0,1.0,83.0
2020-12-29,RJE,Midlands,UNIVERSITY HOSPITALS OF NORTH MIDLANDS NHS TRUST,55.0,304.0,26.0,269.0,891.0,96.0,35.0,32.0,16.0,1256.0,83.0,1.0,1.0,1.0,1.0,1.0,1.0,1.0,1.0,1.0,83.0
2020-12-30,RJE,Midlands,UNIVERSITY HOSPITALS OF NORTH MIDLANDS NHS TRUST,30.0,319.0,31.0,278.0,900.0,78.0,40.0,27.0,15.0,1256.0,82.0,1.0,1.0,1.0,1.0,1.0,1.0,1.0,1.0,1.0,82.0
2020-12-31,RJE,Midlands,UNIVERSITY HOSPITALS OF NORTH MIDLANDS NHS TRUST,35.0,331.0,35.0,284.0,888.0,84.0,46.0,27.0,10.0,1256.0,83.0,1.0,1.0,1.0,1.0,1.0,1.0,1.0,1.0,1.0,83.0
2021-01-01,RJE,Midlands,UNIVERSITY HOSPITALS OF NORTH MIDLANDS NHS TRUST,37.0,314.0,37.0,266.0,871.0,119.0,47.0,20.0,16.0,1256.0,83.0,1.0,1.0,1.0,1.0,1.0,1.0,1.0,1.0,1.0,83.0
2021-01-02,RJE,Midlands,UNIVERSITY HOSPITALS OF NORTH MIDLANDS NHS TRUST,34.0,328.0,36.0,280.0,900.0,76.0,47.0,23.0,13.0,1256.0,83.0,1.0,1.0,1.0,1.0,1.0,1.0,1.0,1.0,1.0,83.0
2021-01-03,RJE,Midlands,UNIVERSITY HOSPITALS OF NORTH MIDLANDS NHS TRUST,32.0,330.0,36.0,281.0,864.0,111.0,48.0,27.0,8.0,1256.0,83.0,1.0,1.0,1.0,1.0,1.0,1.0,1.0,1.0,1.0,83.0
2021-01-04,RJE,Midlands,UNIVERSITY HOSPITALS OF NORTH MIDLANDS NHS TRUST,51.0,338.0,33.0,295.0,899.0,62.0,43.0,20.0,20.0,1256.0,83.0,1.0,1.0,1.0,1.0,1.0,1.0,1.0,1.0,1.0,83.0
2021-01-05,RJE,Midlands,UNIVERSITY HOSPITALS OF NORTH MIDLANDS NHS TRUST,37.0,335.0,36.0,288.0,898.0,70.0,47.0,26.0,10.0,1256.0,83.0,1.0,1.0,1.0,1.0,1.0,1.0,1.0,1.0,1.0,83.0
2021-01-06,RJE,Midlands,UNIVERSITY HOSPITALS OF NORTH MIDLANDS NHS TRUST,48.0,326.0,35.0,279.0,904.0,73.0,43.0,19.0,21.0,1256.0,83.0,1.0,1.0,1.0,1.0,1.0,1.0,1.0,1.0,1.0,83.0
2021-01-07,RJE,Midlands,UNIVERSITY HOSPITALS OF NORTH MIDLANDS NHS TRUST,57.0,319.0,37.0,271.0,939.0,46.0,48.0,21.0,15.0,1256.0,84.0,1.0,1.0,1.0,1.0,1.0,1.0,1.0,1.0,1.0,84.0
2021-01-08,RJE,Midlands,UNIVERSITY HOSPITALS OF NORTH MIDLANDS NHS TRUST,62.0,329.0,39.0,278.0,899.0,79.0,46.0,18.0,19.0,1256.0,83.0,1.0,1.0,1.0,1.0,1.0,1.0,1.0,1.0,1.0,83.0
2021-01-09,RJE,Midlands,UNIVERSITY HOSPITALS OF NORTH MIDLANDS NHS TRUST,39.0,341.0,39.0,291.0,847.0,118.0,50.0,19.0,6.0,1256.0,75.0,1.0,1.0,1.0,1.0,1.0,1.0,1.0,1.0,1.0,75.0
2021-01-10,RJE,Midlands,UNIVERSITY HOSPITALS OF NORTH MIDLANDS NHS TRUST,35.0,363.0,39.0,312.0,831.0,113.0,51.0,15.0,9.0,1256.0,75.0,1.0,1.0,1.0,1.0,1.0,1.0,1.0,1.0,1.0,75.0
2021-01-11,RJE,Midlands,UNIVERSITY HOSPITALS OF NORTH MIDLANDS NHS TRUST,30.0,382.0,44.0,325.0,792.0,139.0,56.0,16.0,3.0,1256.0,75.0,1.0,1.0,1.0,1.0,1.0,1.0,1.0,1.0,1.0,75.0
2021-01-12,RJE,Midlands,UNIVERSITY HOSPITALS OF NORTH MIDLANDS NHS TRUST,30.0,348.0,43.0,295.0,854.0,107.0,53.0,18.0,4.0,1256.0,75.0,1.0,1.0,1.0,1.0,1.0,1.0,1.0,1.0,1.0,75.0
2021-01-13,RJE,Midlands,UNIVERSITY HOSPITALS OF NORTH MIDLANDS NHS TRUST,29.0,334.0,38.0,288.0,859.0,109.0,46.0,6.0,23.0,1256.0,75.0,1.0,1.0,1.0,1.0,1.0,1.0,1.0,1.0,1.0,75.0
2021-01-14,RJE,Midlands,UNIVERSITY HOSPITALS OF NORTH MIDLANDS NHS TRUST,32.0,323.0,41.0,276.0,902.0,78.0,47.0,15.0,13.0,1256.0,75.0,1.0,1.0,1.0,1.0,1.0,1.0,1.0,1.0,1.0,75.0
2021-01-15,RJE,Midlands,UNIVERSITY HOSPITALS OF NORTH MIDLANDS NHS TRUST,34.0,320.0,45.0,269.0,876.0,111.0,51.0,10.0,34.0,1256.0,95.0,1.0,1.0,1.0,1.0,1.0,1.0,1.0,1.0,1.0,95.0
2021-01-16,RJE,Midlands,UNIVERSITY HOSPITALS OF NORTH MIDLANDS NHS TRUST,36.0,337.0,58.0,272.0,864.0,120.0,65.0,30.0,5.0,1256.0,100.0,1.0,1.0,1.0,1.0,1.0,1.0,1.0,1.0,1.0,100.0
2021-01-17,RJE,Midlands,UNIVERSITY HOSPITALS OF NORTH MIDLANDS NHS TRUST,34.0,353.0,58.0,287.0,867.0,102.0,66.0,26.0,8.0,1256.0,100.0,1.0,1.0,1.0,1.0,1.0,1.0,1.0,1.0,1.0,100.0
2021-01-18,RJE,Midlands,UNIVERSITY HOSPITALS OF NORTH MIDLANDS NHS TRUST,35.0,347.0,56.0,282.0,889.0,85.0,64.0,17.0,19.0,1256.0,100.0,1.0,1.0,1.0,1.0,1.0,1.0,1.0,1.0,1.0,100.0
2021-01-19,RJE,Midlands,UNIVERSITY HOSPITALS OF NORTH MIDLANDS NHS TRUST,58.0,351.0,55.0,288.0,901.0,67.0,63.0,19.0,20.0,1256.0,102.0,1.0,1.0,1.0,1.0,1.0,1.0,1.0,1.0,1.0,102.0
2021-01-20,RJE,Midlands,UNIVERSITY HOSPITALS OF NORTH MIDLANDS NHS TRUST,44.0,348.0,54.0,289.0,872.0,95.0,59.0,19.0,24.0,1256.0,102.0,1.0,1.0,1.0,1.0,1.0,1.0,1.0,1.0,1.0,102.0
2021-01-21,RJE,Midlands,UNIVERSITY HOSPITALS OF NORTH MIDLANDS NHS TRUST,35.0,352.0,53.0,294.0,870.0,92.0,58.0,18.0,26.0,1256.0,102.0,1.0,1.0,1.0,1.0,1.0,1.0,1.0,1.0,1.0,102.0
2021-01-22,RJE,Midlands,UNIVERSITY HOSPITALS OF NORTH MIDLANDS NHS TRUST,40.0,367.0,55.0,307.0,888.0,62.0,60.0,17.0,25.0,1257.0,102.0,1.0,1.0,1.0,1.0,1.0,1.0,1.0,1.0,1.0,102.0
2021-01-23,RJE,Midlands,UNIVERSITY HOSPITALS OF NORTH MIDLANDS NHS TRUST,33.0,355.0,55.0,292.0,896.0,68.0,63.0,15.0,24.0,1256.0,102.0,1.0,1.0,1.0,1.0,1.0,1.0,1.0,1.0,1.0,102.0
2021-01-24,RJE,Midlands,UNIVERSITY HOSPITALS OF NORTH MIDLANDS NHS TRUST,39.0,374.0,55.0,309.0,875.0,72.0,65.0,25.0,12.0,1256.0,102.0,1.0,1.0,1.0,1.0,1.0,1.0,1.0,1.0,1.0,102.0
2021-01-25,RJE,Midlands,UNIVERSITY HOSPITALS OF NORTH MIDLANDS NHS TRUST,31.0,378.0,62.0,302.0,882.0,72.0,64.0,28.0,10.0,1256.0,102.0,1.0,1.0,1.0,1.0,1.0,1.0,1.0,1.0,1.0,102.0
2021-01-26,RJE,Midlands,UNIVERSITY HOSPITALS OF NORTH MIDLANDS NHS TRUST,37.0,363.0,60.0,294.0,895.0,67.0,69.0,17.0,15.0,1256.0,101.0,1.0,1.0,1.0,1.0,1.0,1.0,1.0,1.0,1.0,101.0
2021-01-27,RJE,Midlands,UNIVERSITY HOSPITALS OF NORTH MIDLANDS NHS TRUST,37.0,356.0,64.0,284.0,889.0,83.0,72.0,10.0,20.0,1256.0,102.0,1.0,1.0,1.0,1.0,1.0,1.0,1.0,1.0,1.0,102.0
2021-01-28,RJE,Midlands,UNIVERSITY HOSPITALS OF NORTH MIDLANDS NHS TRUST,31.0,331.0,63.0,259.0,904.0,93.0,72.0,16.0,18.0,1256.0,106.0,1.0,1.0,1.0,1.0,1.0,1.0,1.0,1.0,1.0,106.0
2021-01-29,RJE,Midlands,UNIVERSITY HOSPITALS OF NORTH MIDLANDS NHS TRUST,21.0,332.0,65.0,260.0,903.0,93.0,72.0,20.0,14.0,1256.0,106.0,1.0,1.0,1.0,1.0,1.0,1.0,1.0,1.0,1.0,106.0
2021-01-30,RJE,Midlands,UNIVERSITY HOSPITALS OF NORTH MIDLANDS NHS TRUST,24.0,329.0,65.0,256.0,926.0,74.0,73.0,14.0,19.0,1256.0,106.0,1.0,1.0,1.0,1.0,1.0,1.0,1.0,1.0,1.0,106.0
2021-01-31,RJE,Midlands,UNIVERSITY HOSPITALS OF NORTH MIDLANDS NHS TRUST,26.0,315.0,60.0,244.0,919.0,93.0,71.0,13.0,22.0,1256.0,106.0,1.0,1.0,1.0,1.0,1.0,1.0,1.0,1.0,1.0,106.0
2021-02-01,RJE,Midlands,UNIVERSITY HOSPITALS OF NORTH MIDLANDS NHS TRUST,18.0,299.0,58.0,229.0,933.0,94.0,70.0,9.0,23.0,1256.0,102.0,1.0,1.0,1.0,1.0,1.0,1.0,1.0,1.0,1.0,102.0
2021-02-02,RJE,Midlands,UNIVERSITY HOSPITALS OF NORTH MIDLANDS NHS TRUST,26.0,286.0,54.0,217.0,971.0,68.0,69.0,20.0,13.0,1256.0,102.0,1.0,1.0,1.0,1.0,1.0,1.0,1.0,1.0,1.0,102.0
2021-02-03,RJE,Midlands,UNIVERSITY HOSPITALS OF NORTH MIDLANDS NHS TRUST,30.0,272.0,57.0,202.0,913.0,141.0,70.0,16.0,16.0,1256.0,102.0,1.0,1.0,1.0,1.0,1.0,1.0,1.0,1.0,1.0,102.0
2021-02-04,RJE,Midlands,UNIVERSITY HOSPITALS OF NORTH MIDLANDS NHS TRUST,33.0,267.0,52.0,203.0,957.0,96.0,64.0,15.0,23.0,1256.0,102.0,1.0,1.0,1.0,1.0,1.0,1.0,1.0,1.0,1.0,102.0
2021-02-05,RJE,Midlands,UNIVERSITY HOSPITALS OF NORTH MIDLANDS NHS TRUST,24.0,264.0,53.0,200.0,960.0,96.0,64.0,17.0,21.0,1256.0,102.0,1.0,1.0,1.0,1.0,1.0,1.0,1.0,1.0,1.0,102.0
2021-02-06,RJE,Midlands,UNIVERSITY HOSPITALS OF NORTH MIDLANDS NHS TRUST,24.0,269.0,56.0,203.0,942.0,111.0,66.0,18.0,18.0,1256.0,102.0,1.0,1.0,1.0,1.0,1.0,1.0,1.0,1.0,1.0,102.0
2021-02-07,RJE,Midlands,UNIVERSITY HOSPITALS OF NORTH MIDLANDS NHS TRUST,18.0,272.0,54.0,208.0,971.0,77.0,64.0,20.0,18.0,1256.0,102.0,1.0,1.0,1.0,1.0,1.0,1.0,1.0,1.0,1.0,102.0
2021-02-08,RJE,Midlands,UNIVERSITY HOSPITALS OF NORTH MIDLANDS NHS TRUST,25.0,255.0,48.0,196.0,968.0,92.0,59.0,18.0,25.0,1256.0,102.0,1.0,1.0,1.0,1.0,1.0,1.0,1.0,1.0,1.0,102.0
2021-02-09,RJE,Midlands,UNIVERSITY HOSPITALS OF NORTH MIDLANDS NHS TRUST,22.0,242.0,48.0,182.0,959.0,115.0,59.0,23.0,20.0,1256.0,102.0,1.0,1.0,1.0,1.0,1.0,1.0,1.0,1.0,1.0,102.0
2021-02-10,RJE,Midlands,UNIVERSITY HOSPITALS OF NORTH MIDLANDS NHS TRUST,18.0,241.0,51.0,177.0,960.0,119.0,63.0,19.0,20.0,1256.0,102.0,1.0,1.0,1.0,1.0,1.0,1.0,1.0,1.0,1.0,102.0
2021-02-11,RJE,Midlands,UNIVERSITY HOSPITALS OF NORTH MIDLANDS NHS TRUST,18.0,234.0,49.0,174.0,1010.0,72.0,59.0,21.0,22.0,1256.0,102.0,1.0,1.0,1.0,1.0,1.0,1.0,1.0,1.0,1.0,102.0
2021-02-12,RJE,Midlands,UNIVERSITY HOSPITALS OF NORTH MIDLANDS NHS TRUST,12.0,216.0,47.0,160.0,967.0,129.0,56.0,14.0,32.0,1256.0,102.0,1.0,1.0,1.0,1.0,1.0,1.0,1.0,1.0,1.0,102.0
2021-02-13,RJE,Midlands,UNIVERSITY HOSPITALS OF NORTH MIDLANDS NHS TRUST,17.0,204.0,44.0,154.0,918.0,184.0,50.0,28.0,24.0,1256.0,102.0,1.0,1.0,1.0,1.0,1.0,1.0,1.0,1.0,1.0,102.0
2021-02-14,RJE,Midlands,UNIVERSITY HOSPITALS OF NORTH MIDLANDS NHS TRUST,17.0,198.0,42.0,151.0,946.0,159.0,47.0,31.0,24.0,1256.0,102.0,1.0,1.0,1.0,1.0,1.0,1.0,1.0,1.0,1.0,102.0
2021-02-15,RJE,Midlands,UNIVERSITY HOSPITALS OF NORTH MIDLANDS NHS TRUST,18.0,190.0,40.0,146.0,972.0,138.0,44.0,19.0,39.0,1256.0,102.0,1.0,1.0,1.0,1.0,1.0,1.0,1.0,1.0,1.0,102.0
2021-02-16,RJE,Midlands,UNIVERSITY HOSPITALS OF NORTH MIDLANDS NHS TRUST,20.0,184.0,38.0,141.0,1006.0,109.0,43.0,25.0,34.0,1256.0,102.0,1.0,1.0,1.0,1.0,1.0,1.0,1.0,1.0,1.0,102.0
2021-02-17,RJE,Midlands,UNIVERSITY HOSPITALS OF NORTH MIDLANDS NHS TRUST,12.0,177.0,39.0,136.0,1032.0,88.0,41.0,29.0,32.0,1256.0,102.0,1.0,1.0,1.0,1.0,1.0,1.0,1.0,1.0,1.0,102.0
2021-02-18,RJE,Midlands,UNIVERSITY HOSPITALS OF NORTH MIDLANDS NHS TRUST,23.0,185.0,36.0,143.0,1038.0,75.0,40.0,31.0,31.0,1256.0,102.0,1.0,1.0,1.0,1.0,1.0,1.0,1.0,1.0,1.0,102.0
2021-02-19,RJE,Midlands,UNIVERSITY HOSPITALS OF NORTH MIDLANDS NHS TRUST,10.0,186.0,39.0,143.0,1022.0,91.0,41.0,31.0,30.0,1256.0,102.0,1.0,1.0,1.0,1.0,1.0,1.0,1.0,1.0,1.0,102.0
2021-02-20,RJE,Midlands,UNIVERSITY HOSPITALS OF NORTH MIDLANDS NHS TRUST,11.0,172.0,39.0,129.0,1025.0,102.0,41.0,31.0,30.0,1256.0,102.0,1.0,1.0,1.0,1.0,1.0,1.0,1.0,1.0,1.0,102.0
2021-02-21,RJE,Midlands,UNIVERSITY HOSPITALS OF NORTH MIDLANDS NHS TRUST,11.0,164.0,39.0,121.0,1003.0,132.0,41.0,32.0,29.0,1256.0,102.0,1.0,1.0,1.0,1.0,1.0,1.0,1.0,1.0,1.0,102.0
2021-02-22,RJE,Midlands,UNIVERSITY HOSPITALS OF NORTH MIDLANDS NHS TRUST,15.0,163.0,37.0,125.0,1013.0,118.0,38.0,37.0,27.0,1256.0,102.0,1.0,1.0,1.0,1.0,1.0,1.0,1.0,1.0,1.0,102.0
2021-02-23,RJE,Midlands,UNIVERSITY HOSPITALS OF NORTH MIDLANDS NHS TRUST,10.0,164.0,38.0,124.0,1028.0,104.0,40.0,29.0,33.0,1256.0,102.0,1.0,1.0,1.0,1.0,1.0,1.0,1.0,1.0,1.0,102.0
2021-02-24,RJE,Midlands,UNIVERSITY HOSPITALS OF NORTH MIDLANDS NHS TRUST,16.0,158.0,38.0,117.0,1046.0,93.0,41.0,31.0,30.0,1256.0,102.0,1.0,1.0,1.0,1.0,1.0,1.0,1.0,1.0,1.0,102.0
2021-02-25,RJE,Midlands,UNIVERSITY HOSPITALS OF NORTH MIDLANDS NHS TRUST,11.0,153.0,37.0,113.0,1042.0,101.0,40.0,26.0,36.0,1256.0,102.0,1.0,1.0,1.0,1.0,1.0,1.0,1.0,1.0,1.0,102.0
2021-02-26,RJE,Midlands,UNIVERSITY HOSPITALS OF NORTH MIDLANDS NHS TRUST,16.0,150.0,38.0,108.0,1039.0,109.0,42.0,28.0,25.0,1256.0,95.0,1.0,1.0,1.0,1.0,1.0,1.0,1.0,1.0,1.0,95.0
2021-02-27,RJE,Midlands,UNIVERSITY HOSPITALS OF NORTH MIDLANDS NHS TRUST,15.0,152.0,38.0,110.0,1031.0,115.0,42.0,28.0,25.0,1256.0,95.0,1.0,1.0,1.0,1.0,1.0,1.0,1.0,1.0,1.0,95.0
2021-02-28,RJE,Midlands,UNIVERSITY HOSPITALS OF NORTH MIDLANDS NHS TRUST,11.0,153.0,38.0,112.0,1027.0,117.0,41.0,34.0,20.0,1256.0,95.0,1.0,1.0,1.0,1.0,1.0,1.0,1.0,1.0,1.0,95.0
2021-03-01,RJE,Midlands,UNIVERSITY HOSPITALS OF NORTH MIDLANDS NHS TRUST,10.0,151.0,35.0,113.0,1010.0,133.0,38.0,39.0,18.0,1256.0,95.0,1.0,1.0,1.0,1.0,1.0,1.0,1.0,1.0,1.0,95.0
2021-03-02,RJE,Midlands,UNIVERSITY HOSPITALS OF NORTH MIDLANDS NHS TRUST,10.0,146.0,28.0,115.0,1015.0,126.0,30.0,41.0,24.0,1256.0,95.0,1.0,1.0,1.0,1.0,1.0,1.0,1.0,1.0,1.0,95.0
2021-03-03,RJE,Midlands,UNIVERSITY HOSPITALS OF NORTH MIDLANDS NHS TRUST,8.0,131.0,27.0,101.0,1038.0,117.0,29.0,38.0,28.0,1256.0,95.0,1.0,1.0,1.0,1.0,1.0,1.0,1.0,1.0,1.0,95.0
2021-03-04,RJE,Midlands,UNIVERSITY HOSPITALS OF NORTH MIDLANDS NHS TRUST,6.0,129.0,29.0,97.0,1051.0,108.0,31.0,32.0,32.0,1256.0,95.0,1.0,1.0,1.0,1.0,1.0,1.0,1.0,1.0,1.0,95.0
2021-03-05,RJE,Midlands,UNIVERSITY HOSPITALS OF NORTH MIDLANDS NHS TRUST,11.0,123.0,30.0,91.0,1020.0,145.0,32.0,34.0,29.0,1256.0,95.0,1.0,1.0,1.0,1.0,1.0,1.0,1.0,1.0,1.0,95.0
2021-03-06,RJE,Midlands,UNIVERSITY HOSPITALS OF NORTH MIDLANDS NHS TRUST,10.0,110.0,26.0,82.0,988.0,186.0,28.0,35.0,32.0,1256.0,95.0,1.0,1.0,1.0,1.0,1.0,1.0,1.0,1.0,1.0,95.0
2021-03-07,RJE,Midlands,UNIVERSITY HOSPITALS OF NORTH MIDLANDS NHS TRUST,6.0,110.0,26.0,83.0,1010.0,163.0,27.0,38.0,30.0,1256.0,95.0,1.0,1.0,1.0,1.0,1.0,1.0,1.0,1.0,1.0,95.0
2021-03-08,RJE,Midlands,UNIVERSITY HOSPITALS OF NORTH MIDLANDS NHS TRUST,12.0,109.0,24.0,84.0,1036.0,136.0,25.0,37.0,33.0,1256.0,95.0,1.0,1.0,1.0,1.0,1.0,1.0,1.0,1.0,1.0,95.0
2021-03-09,RJE,Midlands,UNIVERSITY HOSPITALS OF NORTH MIDLANDS NHS TRUST,6.0,106.0,23.0,82.0,1069.0,105.0,24.0,40.0,31.0,1256.0,95.0,1.0,1.0,1.0,1.0,1.0,1.0,1.0,1.0,1.0,95.0
2021-03-10,RJE,Midlands,UNIVERSITY HOSPITALS OF NORTH MIDLANDS NHS TRUST,5.0,106.0,21.0,82.0,1090.0,84.0,22.0,37.0,36.0,1256.0,95.0,1.0,1.0,1.0,1.0,1.0,1.0,1.0,1.0,1.0,95.0
2021-03-11,RJE,Midlands,UNIVERSITY HOSPITALS OF NORTH MIDLANDS NHS TRUST,11.0,92.0,20.0,70.0,1069.0,117.0,22.0,32.0,41.0,1256.0,95.0,1.0,1.0,1.0,1.0,1.0,1.0,1.0,1.0,1.0,95.0
2021-03-12,RJE,Midlands,UNIVERSITY HOSPITALS OF NORTH MIDLANDS NHS TRUST,12.0,87.0,20.0,65.0,1049.0,142.0,22.0,39.0,34.0,1256.0,95.0,1.0,1.0,1.0,1.0,1.0,1.0,1.0,1.0,1.0,95.0
2021-03-13,RJE,Midlands,UNIVERSITY HOSPITALS OF NORTH MIDLANDS NHS TRUST,12.0,88.0,20.0,66.0,1043.0,147.0,22.0,43.0,30.0,1256.0,95.0,1.0,1.0,1.0,1.0,1.0,1.0,1.0,1.0,1.0,95.0
2021-03-14,RJE,Midlands,UNIVERSITY HOSPITALS OF NORTH MIDLANDS NHS TRUST,6.0,95.0,18.0,75.0,1041.0,140.0,20.0,43.0,32.0,1256.0,95.0,1.0,1.0,1.0,1.0,1.0,1.0,1.0,1.0,1.0,95.0
2021-03-15,RJE,Midlands,UNIVERSITY HOSPITALS OF NORTH MIDLANDS NHS TRUST,8.0,86.0,19.0,64.0,1100.0,92.0,21.0,40.0,34.0,1256.0,95.0,1.0,1.0,1.0,1.0,1.0,1.0,1.0,1.0,1.0,95.0
2021-03-16,RJE,Midlands,UNIVERSITY HOSPITALS OF NORTH MIDLANDS NHS TRUST,7.0,78.0,18.0,58.0,1095.0,103.0,19.0,37.0,39.0,1256.0,95.0,1.0,1.0,1.0,1.0,1.0,1.0,1.0,1.0,1.0,95.0
2021-03-17,RJE,Midlands,UNIVERSITY HOSPITALS OF NORTH MIDLANDS NHS TRUST,1.0,72.0,16.0,53.0,1100.0,103.0,17.0,34.0,26.0,1256.0,77.0,1.0,1.0,1.0,1.0,1.0,1.0,1.0,1.0,1.0,77.0
2021-03-18,RJE,Midlands,UNIVERSITY HOSPITALS OF NORTH MIDLANDS NHS TRUST,3.0,64.0,13.0,48.0,1077.0,131.0,14.0,37.0,26.0,1256.0,77.0,1.0,1.0,1.0,1.0,1.0,1.0,1.0,1.0,1.0,77.0
2021-03-19,RJE,Midlands,UNIVERSITY HOSPITALS OF NORTH MIDLANDS NHS TRUST,7.0,56.0,13.0,42.0,1078.0,136.0,14.0,66.0,15.0,1256.0,95.0,1.0,1.0,1.0,1.0,1.0,1.0,1.0,1.0,1.0,95.0
2021-03-20,RJE,Midlands,UNIVERSITY HOSPITALS OF NORTH MIDLANDS NHS TRUST,4.0,58.0,13.0,42.0,1022.0,192.0,14.0,44.0,19.0,1256.0,77.0,1.0,1.0,1.0,1.0,1.0,1.0,1.0,1.0,1.0,77.0
2021-03-21,RJE,Midlands,UNIVERSITY HOSPITALS OF NORTH MIDLANDS NHS TRUST,8.0,58.0,12.0,46.0,995.0,161.0,12.0,47.0,18.0,1202.0,77.0,1.0,1.0,1.0,1.0,1.0,1.0,1.0,1.0,1.0,77.0
2021-03-22,RJE,Midlands,UNIVERSITY HOSPITALS OF NORTH MIDLANDS NHS TRUST,3.0,56.0,9.0,46.0,1086.0,124.0,10.0,44.0,14.0,1256.0,68.0,1.0,1.0,1.0,1.0,1.0,1.0,1.0,1.0,1.0,68.0
2021-03-23,RJE,Midlands,UNIVERSITY HOSPITALS OF NORTH MIDLANDS NHS TRUST,2.0,60.0,9.0,50.0,1092.0,114.0,10.0,45.0,13.0,1256.0,68.0,1.0,1.0,1.0,1.0,1.0,1.0,1.0,1.0,1.0,68.0
2021-03-24,RJE,Midlands,UNIVERSITY HOSPITALS OF NORTH MIDLANDS NHS TRUST,4.0,53.0,7.0,45.0,1082.0,129.0,8.0,45.0,15.0,1256.0,68.0,1.0,1.0,1.0,1.0,1.0,1.0,1.0,1.0,1.0,68.0
2021-03-25,RJE,Midlands,UNIVERSITY HOSPITALS OF NORTH MIDLANDS NHS TRUST,4.0,48.0,7.0,41.0,1108.0,107.0,7.0,56.0,5.0,1256.0,68.0,1.0,1.0,1.0,1.0,1.0,1.0,1.0,1.0,1.0,68.0
2021-03-26,RJE,Midlands,UNIVERSITY HOSPITALS OF NORTH MIDLANDS NHS TRUST,2.0,49.0,7.0,42.0,1101.0,113.0,7.0,51.0,10.0,1256.0,68.0,1.0,1.0,1.0,1.0,1.0,1.0,1.0,1.0,1.0,68.0
2021-03-27,RJE,Midlands,UNIVERSITY HOSPITALS OF NORTH MIDLANDS NHS TRUST,6.0,49.0,8.0,41.0,1083.0,132.0,8.0,51.0,9.0,1256.0,68.0,1.0,1.0,1.0,1.0,1.0,1.0,1.0,1.0,1.0,68.0
2021-03-28,RJE,Midlands,UNIVERSITY HOSPITALS OF NORTH MIDLANDS NHS TRUST,3.0,46.0,8.0,37.0,1084.0,135.0,8.0,51.0,8.0,1256.0,67.0,1.0,1.0,1.0,1.0,1.0,1.0,1.0,1.0,1.0,67.0
2021-03-29,RJE,Midlands,UNIVERSITY HOSPITALS OF NORTH MIDLANDS NHS TRUST,3.0,42.0,7.0,35.0,1135.0,86.0,7.0,47.0,14.0,1256.0,68.0,1.0,1.0,1.0,1.0,1.0,1.0,1.0,1.0,1.0,68.0
2021-03-30,RJE,Midlands,UNIVERSITY HOSPITALS OF NORTH MIDLANDS NHS TRUST,4.0,46.0,7.0,38.0,1127.0,91.0,8.0,43.0,17.0,1256.0,68.0,1.0,1.0,1.0,1.0,1.0,1.0,1.0,1.0,1.0,68.0
2021-03-31,RJE,Midlands,UNIVERSITY HOSPITALS OF NORTH MIDLANDS NHS TRUST,0.0,44.0,6.0,37.0,1127.0,92.0,7.0,49.0,12.0,1256.0,68.0,1.0,1.0,1.0,1.0,1.0,1.0,1.0,1.0,1.0,68.0
2021-04-01,RJE,Midlands,UNIVERSITY HOSPITALS OF NORTH MIDLANDS NHS TRUST,2.0,41.0,7.0,34.0,1123.0,99.0,7.0,47.0,14.0,1256.0,68.0,1.0,1.0,1.0,1.0,1.0,1.0,1.0,1.0,1.0,68.0
2021-04-02,RJE,Midlands,UNIVERSITY HOSPITALS OF NORTH MIDLANDS NHS TRUST,2.0,39.0,7.0,32.0,1096.0,128.0,7.0,50.0,11.0,1256.0,68.0,1.0,1.0,1.0,1.0,1.0,1.0,1.0,1.0,1.0,68.0
2021-04-03,RJE,Midlands,UNIVERSITY HOSPITALS OF NORTH MIDLANDS NHS TRUST,1.0,40.0,8.0,32.0,1054.0,170.0,8.0,49.0,11.0,1256.0,68.0,1.0,1.0,1.0,1.0,1.0,1.0,1.0,1.0,1.0,68.0
2021-04-04,RJE,Midlands,UNIVERSITY HOSPITALS OF NORTH MIDLANDS NHS TRUST,1.0,35.0,7.0,28.0,1039.0,189.0,7.0,50.0,11.0,1256.0,68.0,1.0,1.0,1.0,1.0,1.0,1.0,1.0,1.0,1.0,68.0
2021-04-05,RJE,Midlands,UNIVERSITY HOSPITALS OF NORTH MIDLANDS NHS TRUST,3.0,31.0,7.0,24.0,1071.0,161.0,7.0,50.0,11.0,1256.0,68.0,1.0,1.0,1.0,1.0,1.0,1.0,1.0,1.0,1.0,68.0
2021-04-06,RJE,Midlands,UNIVERSITY HOSPITALS OF NORTH MIDLANDS NHS TRUST,2.0,31.0,7.0,23.0,1126.0,107.0,8.0,53.0,7.0,1256.0,68.0,1.0,1.0,1.0,1.0,1.0,1.0,1.0,1.0,1.0,68.0
2020-11-17,RJZ,London,KING'S COLLEGE HOSPITAL NHS FOUNDATION TRUST,3.0,76.0,15.0,61.0,1073.0,116.0,15.0,91.0,21.0,1250.0,127.0,1.0,1.0,1.0,1.0,1.0,1.0,1.0,1.0,1.0,127.0
2020-11-18,RJZ,London,KING'S COLLEGE HOSPITAL NHS FOUNDATION TRUST,7.0,77.0,15.0,62.0,1078.0,123.0,15.0,73.0,9.0,1263.0,97.0,1.0,1.0,1.0,1.0,1.0,1.0,1.0,1.0,1.0,97.0
2020-11-19,RJZ,London,KING'S COLLEGE HOSPITAL NHS FOUNDATION TRUST,7.0,73.0,15.0,58.0,1094.0,98.0,15.0,84.0,11.0,1250.0,110.0,1.0,1.0,1.0,1.0,1.0,1.0,1.0,1.0,1.0,110.0
2020-11-20,RJZ,London,KING'S COLLEGE HOSPITAL NHS FOUNDATION TRUST,3.0,67.0,15.0,52.0,1086.0,58.0,15.0,77.0,18.0,1196.0,110.0,1.0,1.0,1.0,1.0,1.0,1.0,1.0,1.0,1.0,110.0
2020-11-21,RJZ,London,KING'S COLLEGE HOSPITAL NHS FOUNDATION TRUST,9.0,66.0,16.0,50.0,1026.0,128.0,16.0,80.0,14.0,1204.0,110.0,1.0,1.0,1.0,1.0,1.0,1.0,1.0,1.0,1.0,110.0
2020-11-22,RJZ,London,KING'S COLLEGE HOSPITAL NHS FOUNDATION TRUST,8.0,73.0,19.0,54.0,1024.0,105.0,19.0,82.0,5.0,1183.0,106.0,1.0,1.0,1.0,1.0,1.0,1.0,1.0,1.0,1.0,106.0
2020-11-23,RJZ,London,KING'S COLLEGE HOSPITAL NHS FOUNDATION TRUST,7.0,80.0,20.0,60.0,1065.0,80.0,20.0,88.0,5.0,1205.0,113.0,1.0,1.0,1.0,1.0,1.0,1.0,1.0,1.0,1.0,113.0
2020-11-24,RJZ,London,KING'S COLLEGE HOSPITAL NHS FOUNDATION TRUST,4.0,83.0,20.0,63.0,1078.0,53.0,20.0,85.0,6.0,1194.0,111.0,1.0,1.0,1.0,1.0,1.0,1.0,1.0,1.0,1.0,111.0
2020-11-25,RJZ,London,KING'S COLLEGE HOSPITAL NHS FOUNDATION TRUST,2.0,83.0,21.0,61.0,1079.0,70.0,21.0,85.0,5.0,1210.0,111.0,1.0,1.0,1.0,1.0,1.0,1.0,1.0,1.0,1.0,111.0
2020-11-26,RJZ,London,KING'S COLLEGE HOSPITAL NHS FOUNDATION TRUST,2.0,90.0,17.0,73.0,1099.0,44.0,17.0,88.0,6.0,1216.0,111.0,1.0,1.0,1.0,1.0,1.0,1.0,1.0,1.0,1.0,111.0
2020-11-27,RJZ,London,KING'S COLLEGE HOSPITAL NHS FOUNDATION TRUST,6.0,84.0,20.0,64.0,1083.0,69.0,20.0,85.0,5.0,1216.0,110.0,1.0,1.0,1.0,1.0,1.0,1.0,1.0,1.0,1.0,110.0
2020-11-28,RJZ,London,KING'S COLLEGE HOSPITAL NHS FOUNDATION TRUST,5.0,80.0,19.0,61.0,1048.0,109.0,19.0,85.0,6.0,1218.0,110.0,1.0,1.0,1.0,1.0,1.0,1.0,1.0,1.0,1.0,110.0
2020-11-29,RJZ,London,KING'S COLLEGE HOSPITAL NHS FOUNDATION TRUST,6.0,81.0,21.0,60.0,1074.0,90.0,21.0,80.0,9.0,1224.0,110.0,1.0,1.0,1.0,1.0,1.0,1.0,1.0,1.0,1.0,110.0
2020-11-30,RJZ,London,KING'S COLLEGE HOSPITAL NHS FOUNDATION TRUST,2.0,88.0,20.0,68.0,1090.0,61.0,20.0,83.0,8.0,1219.0,111.0,1.0,1.0,1.0,1.0,1.0,1.0,1.0,1.0,1.0,111.0
2020-12-01,RJZ,London,KING'S COLLEGE HOSPITAL NHS FOUNDATION TRUST,1.0,85.0,20.0,65.0,1070.0,66.0,20.0,81.0,10.0,1201.0,111.0,1.0,1.0,1.0,1.0,1.0,1.0,1.0,1.0,1.0,111.0
2020-12-02,RJZ,London,KING'S COLLEGE HOSPITAL NHS FOUNDATION TRUST,5.0,87.0,23.0,64.0,1066.0,83.0,23.0,78.0,10.0,1213.0,111.0,1.0,1.0,1.0,1.0,1.0,1.0,1.0,1.0,1.0,111.0
2020-12-03,RJZ,London,KING'S COLLEGE HOSPITAL NHS FOUNDATION TRUST,3.0,83.0,21.0,62.0,1097.0,55.0,21.0,87.0,3.0,1214.0,111.0,1.0,1.0,1.0,1.0,1.0,1.0,1.0,1.0,1.0,111.0
2020-12-04,RJZ,London,KING'S COLLEGE HOSPITAL NHS FOUNDATION TRUST,4.0,81.0,21.0,60.0,1102.0,60.0,21.0,86.0,4.0,1222.0,111.0,1.0,1.0,1.0,1.0,1.0,1.0,1.0,1.0,1.0,111.0
2020-12-05,RJZ,London,KING'S COLLEGE HOSPITAL NHS FOUNDATION TRUST,2.0,80.0,19.0,61.0,1072.0,76.0,19.0,88.0,4.0,1209.0,111.0,1.0,1.0,1.0,1.0,1.0,1.0,1.0,1.0,1.0,111.0
2020-12-06,RJZ,London,KING'S COLLEGE HOSPITAL NHS FOUNDATION TRUST,2.0,83.0,21.0,62.0,1067.0,90.0,21.0,84.0,6.0,1219.0,111.0,1.0,1.0,1.0,1.0,1.0,1.0,1.0,1.0,1.0,111.0
2020-12-07,RJZ,London,KING'S COLLEGE HOSPITAL NHS FOUNDATION TRUST,5.0,87.0,21.0,66.0,1092.0,62.0,20.0,85.0,10.0,1220.0,115.0,1.0,1.0,1.0,1.0,1.0,1.0,1.0,1.0,1.0,115.0
2020-12-08,RJZ,London,KING'S COLLEGE HOSPITAL NHS FOUNDATION TRUST,0.0,75.0,20.0,55.0,1138.0,30.0,19.0,88.0,2.0,1223.0,109.0,1.0,1.0,1.0,1.0,1.0,1.0,1.0,1.0,1.0,109.0
2020-12-09,RJZ,London,KING'S COLLEGE HOSPITAL NHS FOUNDATION TRUST,1.0,80.0,22.0,58.0,1142.0,21.0,21.0,84.0,3.0,1221.0,108.0,1.0,1.0,1.0,1.0,1.0,1.0,1.0,1.0,1.0,108.0
2020-12-10,RJZ,London,KING'S COLLEGE HOSPITAL NHS FOUNDATION TRUST,4.0,76.0,20.0,56.0,1138.0,29.0,19.0,87.0,2.0,1223.0,108.0,1.0,1.0,1.0,1.0,1.0,1.0,1.0,1.0,1.0,108.0
2020-12-11,RJZ,London,KING'S COLLEGE HOSPITAL NHS FOUNDATION TRUST,7.0,69.0,20.0,49.0,1153.0,14.0,19.0,89.0,2.0,1216.0,110.0,1.0,1.0,1.0,1.0,1.0,1.0,1.0,1.0,1.0,110.0
2020-12-12,RJZ,London,KING'S COLLEGE HOSPITAL NHS FOUNDATION TRUST,5.0,82.0,21.0,61.0,1106.0,40.0,20.0,87.0,2.0,1207.0,109.0,1.0,1.0,1.0,1.0,1.0,1.0,1.0,1.0,1.0,109.0
2020-12-13,RJZ,London,KING'S COLLEGE HOSPITAL NHS FOUNDATION TRUST,1.0,86.0,22.0,64.0,1094.0,51.0,21.0,89.0,1.0,1209.0,111.0,1.0,1.0,1.0,1.0,1.0,1.0,1.0,1.0,1.0,111.0
2020-12-14,RJZ,London,KING'S COLLEGE HOSPITAL NHS FOUNDATION TRUST,2.0,91.0,22.0,68.0,1075.0,67.0,21.0,81.0,7.0,1210.0,109.0,1.0,1.0,1.0,1.0,1.0,1.0,1.0,1.0,1.0,109.0
2020-12-15,RJZ,London,KING'S COLLEGE HOSPITAL NHS FOUNDATION TRUST,5.0,92.0,21.0,71.0,1101.0,38.0,21.0,81.0,8.0,1210.0,110.0,1.0,1.0,1.0,1.0,1.0,1.0,1.0,1.0,1.0,110.0
2020-12-16,RJZ,London,KING'S COLLEGE HOSPITAL NHS FOUNDATION TRUST,0.0,90.0,19.0,71.0,1087.0,39.0,19.0,91.0,9.0,1197.0,119.0,1.0,1.0,1.0,1.0,1.0,1.0,1.0,1.0,1.0,119.0
2020-12-17,RJZ,London,KING'S COLLEGE HOSPITAL NHS FOUNDATION TRUST,6.0,91.0,19.0,72.0,1071.0,58.0,19.0,86.0,12.0,1201.0,117.0,1.0,1.0,1.0,1.0,1.0,1.0,1.0,1.0,1.0,117.0
2020-12-18,RJZ,London,KING'S COLLEGE HOSPITAL NHS FOUNDATION TRUST,6.0,108.0,18.0,90.0,1027.0,74.0,18.0,90.0,3.0,1191.0,111.0,1.0,1.0,1.0,1.0,1.0,1.0,1.0,1.0,1.0,111.0
2020-12-19,RJZ,London,KING'S COLLEGE HOSPITAL NHS FOUNDATION TRUST,7.0,114.0,19.0,95.0,1044.0,63.0,19.0,87.0,5.0,1202.0,111.0,1.0,1.0,1.0,1.0,1.0,1.0,1.0,1.0,1.0,111.0
2020-12-20,RJZ,London,KING'S COLLEGE HOSPITAL NHS FOUNDATION TRUST,11.0,138.0,18.0,120.0,984.0,86.0,18.0,90.0,3.0,1190.0,111.0,1.0,1.0,1.0,1.0,1.0,1.0,1.0,1.0,1.0,111.0
2020-12-21,RJZ,London,KING'S COLLEGE HOSPITAL NHS FOUNDATION TRUST,9.0,145.0,18.0,127.0,1006.0,54.0,18.0,93.0,10.0,1187.0,121.0,1.0,1.0,1.0,1.0,1.0,1.0,1.0,1.0,1.0,121.0
2020-12-22,RJZ,London,KING'S COLLEGE HOSPITAL NHS FOUNDATION TRUST,23.0,216.0,20.0,196.0,939.0,68.0,20.0,90.0,11.0,1203.0,121.0,1.0,1.0,1.0,1.0,1.0,1.0,1.0,1.0,1.0,121.0
2020-12-23,RJZ,London,KING'S COLLEGE HOSPITAL NHS FOUNDATION TRUST,26.0,246.0,25.0,221.0,899.0,83.0,25.0,86.0,10.0,1203.0,121.0,1.0,1.0,1.0,1.0,1.0,1.0,1.0,1.0,1.0,121.0
2020-12-24,RJZ,London,KING'S COLLEGE HOSPITAL NHS FOUNDATION TRUST,20.0,263.0,24.0,239.0,874.0,93.0,23.0,86.0,12.0,1206.0,121.0,1.0,1.0,1.0,1.0,1.0,1.0,1.0,1.0,1.0,121.0
2020-12-25,RJZ,London,KING'S COLLEGE HOSPITAL NHS FOUNDATION TRUST,40.0,289.0,24.0,265.0,770.0,120.0,24.0,86.0,11.0,1155.0,121.0,1.0,1.0,1.0,1.0,1.0,1.0,1.0,1.0,1.0,121.0
2020-12-26,RJZ,London,KING'S COLLEGE HOSPITAL NHS FOUNDATION TRUST,27.0,313.0,25.0,288.0,756.0,110.0,25.0,87.0,9.0,1154.0,121.0,1.0,1.0,1.0,1.0,1.0,1.0,1.0,1.0,1.0,121.0
2020-12-27,RJZ,London,KING'S COLLEGE HOSPITAL NHS FOUNDATION TRUST,36.0,370.0,30.0,340.0,742.0,116.0,30.0,81.0,10.0,1198.0,121.0,1.0,1.0,1.0,1.0,1.0,1.0,1.0,1.0,1.0,121.0
2020-12-28,RJZ,London,KING'S COLLEGE HOSPITAL NHS FOUNDATION TRUST,30.0,418.0,34.0,383.0,734.0,76.0,33.0,77.0,11.0,1193.0,121.0,1.0,1.0,1.0,1.0,1.0,1.0,1.0,1.0,1.0,121.0
2020-12-29,RJZ,London,KING'S COLLEGE HOSPITAL NHS FOUNDATION TRUST,30.0,474.0,41.0,433.0,730.0,48.0,40.0,77.0,4.0,1211.0,121.0,1.0,1.0,1.0,1.0,1.0,1.0,1.0,1.0,1.0,121.0
2020-12-30,RJZ,London,KING'S COLLEGE HOSPITAL NHS FOUNDATION TRUST,41.0,482.0,41.0,441.0,708.0,49.0,41.0,72.0,8.0,1198.0,121.0,1.0,1.0,1.0,1.0,1.0,1.0,1.0,1.0,1.0,121.0
2020-12-31,RJZ,London,KING'S COLLEGE HOSPITAL NHS FOUNDATION TRUST,50.0,493.0,43.0,444.0,703.0,53.0,42.0,76.0,6.0,1200.0,124.0,1.0,1.0,1.0,1.0,1.0,1.0,1.0,1.0,1.0,124.0
2021-01-01,RJZ,London,KING'S COLLEGE HOSPITAL NHS FOUNDATION TRUST,65.0,507.0,50.0,452.0,695.0,61.0,48.0,78.0,7.0,1208.0,133.0,1.0,1.0,1.0,1.0,1.0,1.0,1.0,1.0,1.0,133.0
2021-01-02,RJZ,London,KING'S COLLEGE HOSPITAL NHS FOUNDATION TRUST,69.0,519.0,71.0,442.0,705.0,61.0,69.0,59.0,10.0,1208.0,138.0,1.0,1.0,1.0,1.0,1.0,1.0,1.0,1.0,1.0,138.0
2021-01-03,RJZ,London,KING'S COLLEGE HOSPITAL NHS FOUNDATION TRUST,98.0,541.0,75.0,461.0,702.0,55.0,74.0,56.0,8.0,1218.0,138.0,1.0,1.0,1.0,1.0,1.0,1.0,1.0,1.0,1.0,138.0
2021-01-04,RJZ,London,KING'S COLLEGE HOSPITAL NHS FOUNDATION TRUST,110.0,596.0,82.0,509.0,690.0,27.0,80.0,49.0,13.0,1226.0,142.0,1.0,1.0,1.0,1.0,1.0,1.0,1.0,1.0,1.0,142.0
2021-01-05,RJZ,London,KING'S COLLEGE HOSPITAL NHS FOUNDATION TRUST,94.0,622.0,90.0,527.0,663.0,27.0,88.0,49.0,8.0,1217.0,145.0,1.0,1.0,1.0,1.0,1.0,1.0,1.0,1.0,1.0,145.0
2021-01-06,RJZ,London,KING'S COLLEGE HOSPITAL NHS FOUNDATION TRUST,138.0,656.0,94.0,562.0,629.0,46.0,92.0,41.0,13.0,1237.0,146.0,1.0,1.0,1.0,1.0,1.0,1.0,1.0,1.0,1.0,146.0
2021-01-07,RJZ,London,KING'S COLLEGE HOSPITAL NHS FOUNDATION TRUST,95.0,676.0,101.0,570.0,614.0,61.0,99.0,44.0,24.0,1245.0,167.0,1.0,1.0,1.0,1.0,1.0,1.0,1.0,1.0,1.0,167.0
2021-01-08,RJZ,London,KING'S COLLEGE HOSPITAL NHS FOUNDATION TRUST,116.0,692.0,107.0,576.0,578.0,118.0,106.0,52.0,14.0,1272.0,172.0,1.0,1.0,1.0,1.0,1.0,1.0,1.0,1.0,1.0,172.0
2021-01-09,RJZ,London,KING'S COLLEGE HOSPITAL NHS FOUNDATION TRUST,84.0,689.0,109.0,575.0,592.0,105.0,108.0,53.0,11.0,1272.0,172.0,1.0,1.0,1.0,1.0,1.0,1.0,1.0,1.0,1.0,172.0
2021-01-10,RJZ,London,KING'S COLLEGE HOSPITAL NHS FOUNDATION TRUST,86.0,741.0,114.0,622.0,577.0,76.0,113.0,45.0,16.0,1275.0,174.0,1.0,1.0,1.0,1.0,1.0,1.0,1.0,1.0,1.0,174.0
2021-01-11,RJZ,London,KING'S COLLEGE HOSPITAL NHS FOUNDATION TRUST,97.0,775.0,122.0,649.0,591.0,26.0,120.0,37.0,25.0,1266.0,182.0,1.0,1.0,1.0,1.0,1.0,1.0,1.0,1.0,1.0,182.0
2021-01-12,RJZ,London,KING'S COLLEGE HOSPITAL NHS FOUNDATION TRUST,83.0,755.0,116.0,635.0,573.0,59.0,114.0,42.0,26.0,1267.0,182.0,1.0,1.0,1.0,1.0,1.0,1.0,1.0,1.0,1.0,182.0
2021-01-13,RJZ,London,KING'S COLLEGE HOSPITAL NHS FOUNDATION TRUST,83.0,747.0,121.0,622.0,565.0,86.0,119.0,46.0,17.0,1273.0,182.0,1.0,1.0,1.0,1.0,1.0,1.0,1.0,1.0,1.0,182.0
2021-01-14,RJZ,London,KING'S COLLEGE HOSPITAL NHS FOUNDATION TRUST,70.0,743.0,120.0,619.0,542.0,122.0,118.0,51.0,15.0,1283.0,184.0,1.0,1.0,1.0,1.0,1.0,1.0,1.0,1.0,1.0,184.0
2021-01-15,RJZ,London,KING'S COLLEGE HOSPITAL NHS FOUNDATION TRUST,66.0,753.0,125.0,626.0,509.0,151.0,123.0,41.0,20.0,1286.0,184.0,1.0,1.0,1.0,1.0,1.0,1.0,1.0,1.0,1.0,184.0
2021-01-16,RJZ,London,KING'S COLLEGE HOSPITAL NHS FOUNDATION TRUST,71.0,737.0,123.0,612.0,532.0,135.0,120.0,46.0,18.0,1279.0,184.0,1.0,1.0,1.0,1.0,1.0,1.0,1.0,1.0,1.0,184.0
2021-01-17,RJZ,London,KING'S COLLEGE HOSPITAL NHS FOUNDATION TRUST,43.0,762.0,127.0,632.0,528.0,120.0,124.0,44.0,16.0,1280.0,184.0,1.0,1.0,1.0,1.0,1.0,1.0,1.0,1.0,1.0,184.0
2021-01-18,RJZ,London,KING'S COLLEGE HOSPITAL NHS FOUNDATION TRUST,94.0,764.0,129.0,630.0,553.0,105.0,126.0,44.0,14.0,1288.0,184.0,1.0,1.0,1.0,1.0,1.0,1.0,1.0,1.0,1.0,184.0
2021-01-19,RJZ,London,KING'S COLLEGE HOSPITAL NHS FOUNDATION TRUST,58.0,745.0,133.0,610.0,572.0,98.0,131.0,38.0,15.0,1280.0,184.0,1.0,1.0,1.0,1.0,1.0,1.0,1.0,1.0,1.0,184.0
2021-01-20,RJZ,London,KING'S COLLEGE HOSPITAL NHS FOUNDATION TRUST,59.0,756.0,128.0,626.0,567.0,81.0,125.0,41.0,18.0,1274.0,184.0,1.0,1.0,1.0,1.0,1.0,1.0,1.0,1.0,1.0,184.0
2021-01-21,RJZ,London,KING'S COLLEGE HOSPITAL NHS FOUNDATION TRUST,69.0,732.0,127.0,605.0,577.0,83.0,124.0,43.0,17.0,1265.0,184.0,1.0,1.0,1.0,1.0,1.0,1.0,1.0,1.0,1.0,184.0
2021-01-22,RJZ,London,KING'S COLLEGE HOSPITAL NHS FOUNDATION TRUST,52.0,700.0,127.0,573.0,585.0,93.0,125.0,41.0,17.0,1251.0,183.0,1.0,1.0,1.0,1.0,1.0,1.0,1.0,1.0,1.0,183.0
2021-01-23,RJZ,London,KING'S COLLEGE HOSPITAL NHS FOUNDATION TRUST,53.0,693.0,127.0,566.0,571.0,90.0,125.0,42.0,16.0,1227.0,183.0,1.0,1.0,1.0,1.0,1.0,1.0,1.0,1.0,1.0,183.0
2021-01-24,RJZ,London,KING'S COLLEGE HOSPITAL NHS FOUNDATION TRUST,71.0,672.0,128.0,544.0,582.0,115.0,126.0,38.0,20.0,1241.0,184.0,1.0,1.0,1.0,1.0,1.0,1.0,1.0,1.0,1.0,184.0
2021-01-25,RJZ,London,KING'S COLLEGE HOSPITAL NHS FOUNDATION TRUST,52.0,684.0,127.0,554.0,593.0,65.0,125.0,42.0,8.0,1212.0,175.0,1.0,1.0,1.0,1.0,1.0,1.0,1.0,1.0,1.0,175.0
2021-01-26,RJZ,London,KING'S COLLEGE HOSPITAL NHS FOUNDATION TRUST,36.0,670.0,121.0,545.0,594.0,103.0,119.0,51.0,13.0,1242.0,183.0,1.0,1.0,1.0,1.0,1.0,1.0,1.0,1.0,1.0,183.0
2021-01-27,RJZ,London,KING'S COLLEGE HOSPITAL NHS FOUNDATION TRUST,57.0,657.0,120.0,535.0,619.0,90.0,119.0,55.0,9.0,1244.0,183.0,1.0,1.0,1.0,1.0,1.0,1.0,1.0,1.0,1.0,183.0
2021-01-28,RJZ,London,KING'S COLLEGE HOSPITAL NHS FOUNDATION TRUST,62.0,623.0,122.0,499.0,624.0,134.0,121.0,53.0,9.0,1257.0,183.0,1.0,1.0,1.0,1.0,1.0,1.0,1.0,1.0,1.0,183.0
2021-01-29,RJZ,London,KING'S COLLEGE HOSPITAL NHS FOUNDATION TRUST,41.0,602.0,122.0,477.0,650.0,127.0,121.0,42.0,22.0,1254.0,185.0,1.0,1.0,1.0,1.0,1.0,1.0,1.0,1.0,1.0,185.0
2021-01-30,RJZ,London,KING'S COLLEGE HOSPITAL NHS FOUNDATION TRUST,22.0,602.0,116.0,484.0,621.0,95.0,115.0,52.0,20.0,1200.0,187.0,1.0,1.0,1.0,1.0,1.0,1.0,1.0,1.0,1.0,187.0
2021-01-31,RJZ,London,KING'S COLLEGE HOSPITAL NHS FOUNDATION TRUST,39.0,601.0,116.0,483.0,657.0,70.0,115.0,56.0,16.0,1210.0,187.0,1.0,1.0,1.0,1.0,1.0,1.0,1.0,1.0,1.0,187.0
2021-02-01,RJZ,London,KING'S COLLEGE HOSPITAL NHS FOUNDATION TRUST,43.0,585.0,117.0,466.0,662.0,74.0,116.0,60.0,11.0,1202.0,187.0,1.0,1.0,1.0,1.0,1.0,1.0,1.0,1.0,1.0,187.0
2021-02-02,RJZ,London,KING'S COLLEGE HOSPITAL NHS FOUNDATION TRUST,37.0,565.0,114.0,449.0,661.0,105.0,113.0,51.0,23.0,1215.0,187.0,1.0,1.0,1.0,1.0,1.0,1.0,1.0,1.0,1.0,187.0
2021-02-03,RJZ,London,KING'S COLLEGE HOSPITAL NHS FOUNDATION TRUST,38.0,541.0,111.0,428.0,681.0,123.0,110.0,61.0,16.0,1232.0,187.0,1.0,1.0,1.0,1.0,1.0,1.0,1.0,1.0,1.0,187.0
2021-02-04,RJZ,London,KING'S COLLEGE HOSPITAL NHS FOUNDATION TRUST,38.0,511.0,109.0,401.0,707.0,114.0,108.0,62.0,17.0,1222.0,187.0,1.0,1.0,1.0,1.0,1.0,1.0,1.0,1.0,1.0,187.0
2021-02-05,RJZ,London,KING'S COLLEGE HOSPITAL NHS FOUNDATION TRUST,37.0,491.0,110.0,378.0,699.0,142.0,108.0,59.0,20.0,1219.0,187.0,1.0,1.0,1.0,1.0,1.0,1.0,1.0,1.0,1.0,187.0
2021-02-06,RJZ,London,KING'S COLLEGE HOSPITAL NHS FOUNDATION TRUST,14.0,469.0,111.0,355.0,717.0,117.0,108.0,58.0,21.0,1189.0,187.0,1.0,1.0,1.0,1.0,1.0,1.0,1.0,1.0,1.0,187.0
2021-02-07,RJZ,London,KING'S COLLEGE HOSPITAL NHS FOUNDATION TRUST,22.0,456.0,107.0,344.0,738.0,125.0,106.0,62.0,18.0,1207.0,186.0,1.0,1.0,1.0,1.0,1.0,1.0,1.0,1.0,1.0,186.0
2021-02-08,RJZ,London,KING'S COLLEGE HOSPITAL NHS FOUNDATION TRUST,36.0,465.0,105.0,355.0,731.0,119.0,104.0,62.0,21.0,1205.0,187.0,1.0,1.0,1.0,1.0,1.0,1.0,1.0,1.0,1.0,187.0
2021-02-09,RJZ,London,KING'S COLLEGE HOSPITAL NHS FOUNDATION TRUST,18.0,439.0,99.0,336.0,739.0,130.0,98.0,63.0,26.0,1205.0,187.0,1.0,1.0,1.0,1.0,1.0,1.0,1.0,1.0,1.0,187.0
2021-02-10,RJZ,London,KING'S COLLEGE HOSPITAL NHS FOUNDATION TRUST,22.0,429.0,90.0,333.0,738.0,130.0,89.0,63.0,35.0,1201.0,187.0,1.0,1.0,1.0,1.0,1.0,1.0,1.0,1.0,1.0,187.0
2021-02-11,RJZ,London,KING'S COLLEGE HOSPITAL NHS FOUNDATION TRUST,21.0,401.0,92.0,305.0,781.0,114.0,91.0,65.0,31.0,1200.0,187.0,1.0,1.0,1.0,1.0,1.0,1.0,1.0,1.0,1.0,187.0
2021-02-12,RJZ,London,KING'S COLLEGE HOSPITAL NHS FOUNDATION TRUST,21.0,382.0,84.0,296.0,752.0,124.0,82.0,68.0,37.0,1172.0,187.0,1.0,1.0,1.0,1.0,1.0,1.0,1.0,1.0,1.0,187.0
2021-02-13,RJZ,London,KING'S COLLEGE HOSPITAL NHS FOUNDATION TRUST,18.0,353.0,85.0,264.0,789.0,114.0,83.0,71.0,33.0,1167.0,187.0,1.0,1.0,1.0,1.0,1.0,1.0,1.0,1.0,1.0,187.0
2021-02-14,RJZ,London,KING'S COLLEGE HOSPITAL NHS FOUNDATION TRUST,17.0,359.0,89.0,267.0,806.0,97.0,87.0,68.0,32.0,1170.0,187.0,1.0,1.0,1.0,1.0,1.0,1.0,1.0,1.0,1.0,187.0
2021-02-15,RJZ,London,KING'S COLLEGE HOSPITAL NHS FOUNDATION TRUST,20.0,370.0,91.0,276.0,822.0,85.0,89.0,62.0,19.0,1183.0,170.0,1.0,1.0,1.0,1.0,1.0,1.0,1.0,1.0,1.0,170.0
2021-02-16,RJZ,London,KING'S COLLEGE HOSPITAL NHS FOUNDATION TRUST,15.0,348.0,83.0,263.0,836.0,84.0,81.0,65.0,16.0,1183.0,162.0,1.0,1.0,1.0,1.0,1.0,1.0,1.0,1.0,1.0,162.0
2021-02-17,RJZ,London,KING'S COLLEGE HOSPITAL NHS FOUNDATION TRUST,17.0,332.0,80.0,251.0,849.0,92.0,78.0,70.0,14.0,1192.0,162.0,1.0,1.0,1.0,1.0,1.0,1.0,1.0,1.0,1.0,162.0
2021-02-18,RJZ,London,KING'S COLLEGE HOSPITAL NHS FOUNDATION TRUST,13.0,325.0,82.0,241.0,861.0,95.0,80.0,63.0,19.0,1197.0,162.0,1.0,1.0,1.0,1.0,1.0,1.0,1.0,1.0,1.0,162.0
2021-02-19,RJZ,London,KING'S COLLEGE HOSPITAL NHS FOUNDATION TRUST,10.0,302.0,74.0,226.0,862.0,105.0,72.0,64.0,27.0,1193.0,163.0,1.0,1.0,1.0,1.0,1.0,1.0,1.0,1.0,1.0,163.0
2021-02-20,RJZ,London,KING'S COLLEGE HOSPITAL NHS FOUNDATION TRUST,6.0,282.0,74.0,205.0,870.0,132.0,72.0,67.0,17.0,1207.0,156.0,1.0,1.0,1.0,1.0,1.0,1.0,1.0,1.0,1.0,156.0
2021-02-21,RJZ,London,KING'S COLLEGE HOSPITAL NHS FOUNDATION TRUST,11.0,270.0,71.0,195.0,910.0,103.0,69.0,69.0,18.0,1208.0,156.0,1.0,1.0,1.0,1.0,1.0,1.0,1.0,1.0,1.0,156.0
2021-02-22,RJZ,London,KING'S COLLEGE HOSPITAL NHS FOUNDATION TRUST,7.0,268.0,72.0,191.0,914.0,102.0,70.0,68.0,18.0,1207.0,156.0,1.0,1.0,1.0,1.0,1.0,1.0,1.0,1.0,1.0,156.0
2021-02-23,RJZ,London,KING'S COLLEGE HOSPITAL NHS FOUNDATION TRUST,10.0,262.0,68.0,191.0,956.0,67.0,66.0,68.0,22.0,1214.0,156.0,1.0,1.0,1.0,1.0,1.0,1.0,1.0,1.0,1.0,156.0
2021-02-24,RJZ,London,KING'S COLLEGE HOSPITAL NHS FOUNDATION TRUST,11.0,235.0,63.0,171.0,948.0,95.0,61.0,72.0,24.0,1214.0,157.0,1.0,1.0,1.0,1.0,1.0,1.0,1.0,1.0,1.0,157.0
2021-02-25,RJZ,London,KING'S COLLEGE HOSPITAL NHS FOUNDATION TRUST,9.0,229.0,64.0,165.0,948.0,96.0,62.0,70.0,24.0,1209.0,156.0,1.0,1.0,1.0,1.0,1.0,1.0,1.0,1.0,1.0,156.0
2021-02-26,RJZ,London,KING'S COLLEGE HOSPITAL NHS FOUNDATION TRUST,5.0,217.0,62.0,155.0,952.0,95.0,60.0,69.0,27.0,1202.0,156.0,1.0,1.0,1.0,1.0,1.0,1.0,1.0,1.0,1.0,156.0
2021-02-27,RJZ,London,KING'S COLLEGE HOSPITAL NHS FOUNDATION TRUST,3.0,208.0,62.0,145.0,950.0,118.0,61.0,70.0,19.0,1213.0,150.0,1.0,1.0,1.0,1.0,1.0,1.0,1.0,1.0,1.0,150.0
2021-02-28,RJZ,London,KING'S COLLEGE HOSPITAL NHS FOUNDATION TRUST,2.0,197.0,60.0,137.0,975.0,82.0,59.0,71.0,20.0,1194.0,150.0,1.0,1.0,1.0,1.0,1.0,1.0,1.0,1.0,1.0,150.0
2021-03-01,RJZ,London,KING'S COLLEGE HOSPITAL NHS FOUNDATION TRUST,10.0,199.0,57.0,142.0,986.0,52.0,56.0,75.0,19.0,1180.0,150.0,1.0,1.0,1.0,1.0,1.0,1.0,1.0,1.0,1.0,150.0
2021-03-02,RJZ,London,KING'S COLLEGE HOSPITAL NHS FOUNDATION TRUST,16.0,178.0,46.0,132.0,985.0,60.0,45.0,83.0,22.0,1177.0,150.0,1.0,1.0,1.0,1.0,1.0,1.0,1.0,1.0,1.0,150.0
2021-03-03,RJZ,London,KING'S COLLEGE HOSPITAL NHS FOUNDATION TRUST,8.0,173.0,45.0,127.0,979.0,70.0,44.0,80.0,22.0,1176.0,146.0,1.0,1.0,1.0,1.0,1.0,1.0,1.0,1.0,1.0,146.0
2021-03-04,RJZ,London,KING'S COLLEGE HOSPITAL NHS FOUNDATION TRUST,8.0,171.0,45.0,124.0,963.0,67.0,44.0,83.0,19.0,1154.0,146.0,1.0,1.0,1.0,1.0,1.0,1.0,1.0,1.0,1.0,146.0
2021-03-05,RJZ,London,KING'S COLLEGE HOSPITAL NHS FOUNDATION TRUST,10.0,165.0,40.0,123.0,937.0,81.0,40.0,74.0,32.0,1141.0,146.0,1.0,1.0,1.0,1.0,1.0,1.0,1.0,1.0,1.0,146.0
2021-03-06,RJZ,London,KING'S COLLEGE HOSPITAL NHS FOUNDATION TRUST,3.0,157.0,38.0,118.0,957.0,65.0,38.0,79.0,29.0,1140.0,146.0,1.0,1.0,1.0,1.0,1.0,1.0,1.0,1.0,1.0,146.0
2021-03-07,RJZ,London,KING'S COLLEGE HOSPITAL NHS FOUNDATION TRUST,6.0,154.0,37.0,116.0,988.0,34.0,37.0,80.0,29.0,1138.0,146.0,1.0,1.0,1.0,1.0,1.0,1.0,1.0,1.0,1.0,146.0
2021-03-08,RJZ,London,KING'S COLLEGE HOSPITAL NHS FOUNDATION TRUST,8.0,150.0,39.0,110.0,967.0,57.0,39.0,86.0,21.0,1134.0,146.0,1.0,1.0,1.0,1.0,1.0,1.0,1.0,1.0,1.0,146.0
2021-03-09,RJZ,London,KING'S COLLEGE HOSPITAL NHS FOUNDATION TRUST,9.0,134.0,37.0,97.0,1004.0,55.0,37.0,83.0,26.0,1156.0,146.0,1.0,1.0,1.0,1.0,1.0,1.0,1.0,1.0,1.0,146.0
2021-03-10,RJZ,London,KING'S COLLEGE HOSPITAL NHS FOUNDATION TRUST,6.0,128.0,32.0,96.0,984.0,73.0,32.0,87.0,27.0,1153.0,146.0,1.0,1.0,1.0,1.0,1.0,1.0,1.0,1.0,1.0,146.0
2021-03-11,RJZ,London,KING'S COLLEGE HOSPITAL NHS FOUNDATION TRUST,6.0,125.0,32.0,93.0,1004.0,59.0,32.0,87.0,27.0,1156.0,146.0,1.0,1.0,1.0,1.0,1.0,1.0,1.0,1.0,1.0,146.0
2021-03-12,RJZ,London,KING'S COLLEGE HOSPITAL NHS FOUNDATION TRUST,4.0,115.0,30.0,85.0,1003.0,67.0,30.0,86.0,30.0,1155.0,146.0,1.0,1.0,1.0,1.0,1.0,1.0,1.0,1.0,1.0,146.0
2021-03-13,RJZ,London,KING'S COLLEGE HOSPITAL NHS FOUNDATION TRUST,7.0,114.0,28.0,86.0,987.0,110.0,28.0,88.0,30.0,1183.0,146.0,1.0,1.0,1.0,1.0,1.0,1.0,1.0,1.0,1.0,146.0
2021-03-14,RJZ,London,KING'S COLLEGE HOSPITAL NHS FOUNDATION TRUST,3.0,115.0,29.0,86.0,989.0,67.0,29.0,86.0,31.0,1142.0,146.0,1.0,1.0,1.0,1.0,1.0,1.0,1.0,1.0,1.0,146.0
2021-03-15,RJZ,London,KING'S COLLEGE HOSPITAL NHS FOUNDATION TRUST,4.0,119.0,29.0,89.0,1013.0,70.0,29.0,91.0,26.0,1172.0,146.0,1.0,1.0,1.0,1.0,1.0,1.0,1.0,1.0,1.0,146.0
2021-03-16,RJZ,London,KING'S COLLEGE HOSPITAL NHS FOUNDATION TRUST,7.0,106.0,29.0,76.0,1028.0,92.0,29.0,89.0,28.0,1196.0,146.0,1.0,1.0,1.0,1.0,1.0,1.0,1.0,1.0,1.0,146.0
2021-03-17,RJZ,London,KING'S COLLEGE HOSPITAL NHS FOUNDATION TRUST,2.0,101.0,28.0,72.0,1050.0,44.0,28.0,87.0,31.0,1166.0,146.0,1.0,1.0,1.0,1.0,1.0,1.0,1.0,1.0,1.0,146.0
2021-03-18,RJZ,London,KING'S COLLEGE HOSPITAL NHS FOUNDATION TRUST,4.0,100.0,28.0,70.0,1068.0,57.0,28.0,87.0,31.0,1195.0,146.0,1.0,1.0,1.0,1.0,1.0,1.0,1.0,1.0,1.0,146.0
2021-03-19,RJZ,London,KING'S COLLEGE HOSPITAL NHS FOUNDATION TRUST,2.0,92.0,26.0,66.0,1050.0,80.0,26.0,86.0,34.0,1196.0,146.0,1.0,1.0,1.0,1.0,1.0,1.0,1.0,1.0,1.0,146.0
2021-03-20,RJZ,London,KING'S COLLEGE HOSPITAL NHS FOUNDATION TRUST,2.0,90.0,26.0,64.0,1048.0,78.0,26.0,83.0,21.0,1190.0,130.0,1.0,1.0,1.0,1.0,1.0,1.0,1.0,1.0,1.0,130.0
2021-03-21,RJZ,London,KING'S COLLEGE HOSPITAL NHS FOUNDATION TRUST,2.0,86.0,26.0,59.0,1061.0,68.0,26.0,81.0,23.0,1188.0,130.0,1.0,1.0,1.0,1.0,1.0,1.0,1.0,1.0,1.0,130.0
2021-03-22,RJZ,London,KING'S COLLEGE HOSPITAL NHS FOUNDATION TRUST,5.0,87.0,27.0,58.0,1074.0,65.0,27.0,82.0,21.0,1197.0,130.0,1.0,1.0,1.0,1.0,1.0,1.0,1.0,1.0,1.0,130.0
2021-03-23,RJZ,London,KING'S COLLEGE HOSPITAL NHS FOUNDATION TRUST,4.0,84.0,28.0,54.0,1077.0,71.0,28.0,79.0,23.0,1202.0,130.0,1.0,1.0,1.0,1.0,1.0,1.0,1.0,1.0,1.0,130.0
2021-03-24,RJZ,London,KING'S COLLEGE HOSPITAL NHS FOUNDATION TRUST,3.0,84.0,28.0,54.0,1058.0,89.0,28.0,87.0,15.0,1201.0,130.0,1.0,1.0,1.0,1.0,1.0,1.0,1.0,1.0,1.0,130.0
2021-03-25,RJZ,London,KING'S COLLEGE HOSPITAL NHS FOUNDATION TRUST,3.0,82.0,25.0,54.0,1066.0,76.0,25.0,89.0,16.0,1196.0,130.0,1.0,1.0,1.0,1.0,1.0,1.0,1.0,1.0,1.0,130.0
2021-03-26,RJZ,London,KING'S COLLEGE HOSPITAL NHS FOUNDATION TRUST,4.0,80.0,23.0,53.0,1065.0,83.0,23.0,87.0,21.0,1201.0,131.0,1.0,1.0,1.0,1.0,1.0,1.0,1.0,1.0,1.0,131.0
2021-03-27,RJZ,London,KING'S COLLEGE HOSPITAL NHS FOUNDATION TRUST,2.0,78.0,22.0,53.0,1042.0,95.0,22.0,87.0,22.0,1190.0,131.0,1.0,1.0,1.0,1.0,1.0,1.0,1.0,1.0,1.0,131.0
2021-03-28,RJZ,London,KING'S COLLEGE HOSPITAL NHS FOUNDATION TRUST,5.0,80.0,22.0,55.0,1055.0,80.0,22.0,89.0,20.0,1190.0,131.0,1.0,1.0,1.0,1.0,1.0,1.0,1.0,1.0,1.0,131.0
2021-03-29,RJZ,London,KING'S COLLEGE HOSPITAL NHS FOUNDATION TRUST,3.0,78.0,22.0,54.0,1072.0,61.0,22.0,91.0,18.0,1187.0,131.0,1.0,1.0,1.0,1.0,1.0,1.0,1.0,1.0,1.0,131.0
2021-03-30,RJZ,London,KING'S COLLEGE HOSPITAL NHS FOUNDATION TRUST,2.0,76.0,23.0,51.0,1067.0,55.0,23.0,91.0,17.0,1173.0,131.0,1.0,1.0,1.0,1.0,1.0,1.0,1.0,1.0,1.0,131.0
2021-03-31,RJZ,London,KING'S COLLEGE HOSPITAL NHS FOUNDATION TRUST,4.0,70.0,23.0,45.0,1067.0,93.0,23.0,90.0,15.0,1205.0,128.0,1.0,1.0,1.0,1.0,1.0,1.0,1.0,1.0,1.0,128.0
2021-04-01,RJZ,London,KING'S COLLEGE HOSPITAL NHS FOUNDATION TRUST,2.0,70.0,24.0,43.0,1055.0,53.0,24.0,89.0,18.0,1151.0,131.0,1.0,1.0,1.0,1.0,1.0,1.0,1.0,1.0,1.0,131.0
2021-04-02,RJZ,London,KING'S COLLEGE HOSPITAL NHS FOUNDATION TRUST,1.0,66.0,21.0,42.0,1040.0,66.0,21.0,90.0,19.0,1148.0,130.0,1.0,1.0,1.0,1.0,1.0,1.0,1.0,1.0,1.0,130.0
2021-04-03,RJZ,London,KING'S COLLEGE HOSPITAL NHS FOUNDATION TRUST,1.0,66.0,22.0,42.0,1060.0,48.0,21.0,88.0,22.0,1150.0,131.0,1.0,1.0,1.0,1.0,1.0,1.0,1.0,1.0,1.0,131.0
2021-04-04,RJZ,London,KING'S COLLEGE HOSPITAL NHS FOUNDATION TRUST,1.0,62.0,20.0,39.0,1075.0,36.0,20.0,92.0,19.0,1150.0,131.0,1.0,1.0,1.0,1.0,1.0,1.0,1.0,1.0,1.0,131.0
2021-04-05,RJZ,London,KING'S COLLEGE HOSPITAL NHS FOUNDATION TRUST,7.0,62.0,21.0,39.0,1023.0,59.0,21.0,92.0,18.0,1121.0,131.0,1.0,1.0,1.0,1.0,1.0,1.0,1.0,1.0,1.0,131.0
2021-04-06,RJZ,London,KING'S COLLEGE HOSPITAL NHS FOUNDATION TRUST,3.0,60.0,19.0,39.0,1039.0,90.0,19.0,93.0,19.0,1168.0,131.0,1.0,1.0,1.0,1.0,1.0,1.0,1.0,1.0,1.0,131.0
2020-11-17,RKB,Midlands,UNIVERSITY HOSPITALS COVENTRY AND WARWICKSHIRE NHS TRUST,11.0,65.0,9.0,55.0,831.0,13.0,9.0,29.0,2.0,899.0,40.0,1.0,1.0,1.0,1.0,1.0,1.0,1.0,1.0,1.0,40.0
2020-11-18,RKB,Midlands,UNIVERSITY HOSPITALS COVENTRY AND WARWICKSHIRE NHS TRUST,14.0,69.0,6.0,62.0,811.0,22.0,6.0,33.0,2.0,895.0,41.0,1.0,1.0,1.0,1.0,1.0,1.0,1.0,1.0,1.0,41.0
2020-11-19,RKB,Midlands,UNIVERSITY HOSPITALS COVENTRY AND WARWICKSHIRE NHS TRUST,7.0,72.0,5.0,66.0,790.0,42.0,5.0,30.0,5.0,898.0,40.0,1.0,1.0,1.0,1.0,1.0,1.0,1.0,1.0,1.0,40.0
2020-11-20,RKB,Midlands,UNIVERSITY HOSPITALS COVENTRY AND WARWICKSHIRE NHS TRUST,12.0,87.0,9.0,77.0,797.0,18.0,9.0,26.0,2.0,892.0,37.0,1.0,1.0,1.0,1.0,1.0,1.0,1.0,1.0,1.0,37.0
2020-11-21,RKB,Midlands,UNIVERSITY HOSPITALS COVENTRY AND WARWICKSHIRE NHS TRUST,9.0,85.0,9.0,76.0,774.0,41.0,9.0,28.0,2.0,891.0,39.0,1.0,1.0,1.0,1.0,1.0,1.0,1.0,1.0,1.0,39.0
2020-11-22,RKB,Midlands,UNIVERSITY HOSPITALS COVENTRY AND WARWICKSHIRE NHS TRUST,7.0,85.0,10.0,75.0,777.0,24.0,10.0,27.0,1.0,876.0,38.0,1.0,1.0,1.0,1.0,1.0,1.0,1.0,1.0,1.0,38.0
2020-11-23,RKB,Midlands,UNIVERSITY HOSPITALS COVENTRY AND WARWICKSHIRE NHS TRUST,7.0,86.0,10.0,75.0,817.0,34.0,10.0,20.0,3.0,926.0,33.0,1.0,1.0,1.0,1.0,1.0,1.0,1.0,1.0,1.0,33.0
2020-11-24,RKB,Midlands,UNIVERSITY HOSPITALS COVENTRY AND WARWICKSHIRE NHS TRUST,5.0,82.0,11.0,70.0,822.0,41.0,11.0,21.0,2.0,933.0,34.0,1.0,1.0,1.0,1.0,1.0,1.0,1.0,1.0,1.0,34.0
2020-11-25,RKB,Midlands,UNIVERSITY HOSPITALS COVENTRY AND WARWICKSHIRE NHS TRUST,11.0,79.0,12.0,66.0,813.0,50.0,12.0,24.0,2.0,929.0,38.0,1.0,1.0,1.0,1.0,1.0,1.0,1.0,1.0,1.0,38.0
2020-11-26,RKB,Midlands,UNIVERSITY HOSPITALS COVENTRY AND WARWICKSHIRE NHS TRUST,5.0,78.0,12.0,64.0,782.0,84.0,12.0,26.0,1.0,930.0,39.0,1.0,1.0,1.0,1.0,1.0,1.0,1.0,1.0,1.0,39.0
2020-11-27,RKB,Midlands,UNIVERSITY HOSPITALS COVENTRY AND WARWICKSHIRE NHS TRUST,3.0,80.0,13.0,65.0,780.0,90.0,13.0,29.0,1.0,935.0,43.0,1.0,1.0,1.0,1.0,1.0,1.0,1.0,1.0,1.0,43.0
2020-11-28,RKB,Midlands,UNIVERSITY HOSPITALS COVENTRY AND WARWICKSHIRE NHS TRUST,4.0,70.0,11.0,57.0,773.0,114.0,11.0,30.0,1.0,944.0,42.0,1.0,1.0,1.0,1.0,1.0,1.0,1.0,1.0,1.0,42.0
2020-11-29,RKB,Midlands,UNIVERSITY HOSPITALS COVENTRY AND WARWICKSHIRE NHS TRUST,8.0,72.0,11.0,59.0,781.0,99.0,11.0,28.0,1.0,939.0,40.0,1.0,1.0,1.0,1.0,1.0,1.0,1.0,1.0,1.0,40.0
2020-11-30,RKB,Midlands,UNIVERSITY HOSPITALS COVENTRY AND WARWICKSHIRE NHS TRUST,13.0,76.0,12.0,62.0,784.0,100.0,12.0,24.0,2.0,946.0,38.0,1.0,1.0,1.0,1.0,1.0,1.0,1.0,1.0,1.0,38.0
2020-12-01,RKB,Midlands,UNIVERSITY HOSPITALS COVENTRY AND WARWICKSHIRE NHS TRUST,6.0,74.0,10.0,63.0,814.0,66.0,10.0,25.0,3.0,943.0,38.0,1.0,1.0,1.0,1.0,1.0,1.0,1.0,1.0,1.0,38.0
2020-12-02,RKB,Midlands,UNIVERSITY HOSPITALS COVENTRY AND WARWICKSHIRE NHS TRUST,11.0,78.0,11.0,66.0,802.0,64.0,11.0,23.0,2.0,932.0,36.0,1.0,1.0,1.0,1.0,1.0,1.0,1.0,1.0,1.0,36.0
2020-12-03,RKB,Midlands,UNIVERSITY HOSPITALS COVENTRY AND WARWICKSHIRE NHS TRUST,20.0,71.0,10.0,60.0,834.0,59.0,10.0,25.0,3.0,953.0,38.0,1.0,1.0,1.0,1.0,1.0,1.0,1.0,1.0,1.0,38.0
2020-12-04,RKB,Midlands,UNIVERSITY HOSPITALS COVENTRY AND WARWICKSHIRE NHS TRUST,15.0,77.0,11.0,64.0,805.0,66.0,11.0,26.0,1.0,935.0,38.0,1.0,1.0,1.0,1.0,1.0,1.0,1.0,1.0,1.0,38.0
2020-12-05,RKB,Midlands,UNIVERSITY HOSPITALS COVENTRY AND WARWICKSHIRE NHS TRUST,9.0,84.0,12.0,70.0,804.0,63.0,12.0,25.0,0.0,937.0,37.0,1.0,1.0,1.0,1.0,1.0,1.0,1.0,1.0,1.0,37.0
2020-12-06,RKB,Midlands,UNIVERSITY HOSPITALS COVENTRY AND WARWICKSHIRE NHS TRUST,14.0,89.0,14.0,73.0,794.0,70.0,14.0,19.0,0.0,937.0,33.0,1.0,1.0,1.0,1.0,1.0,1.0,1.0,1.0,1.0,33.0
2020-12-07,RKB,Midlands,UNIVERSITY HOSPITALS COVENTRY AND WARWICKSHIRE NHS TRUST,6.0,91.0,15.0,74.0,783.0,84.0,15.0,24.0,1.0,941.0,40.0,1.0,1.0,1.0,1.0,1.0,1.0,1.0,1.0,1.0,40.0
2020-12-08,RKB,Midlands,UNIVERSITY HOSPITALS COVENTRY AND WARWICKSHIRE NHS TRUST,17.0,99.0,15.0,83.0,831.0,29.0,15.0,22.0,3.0,943.0,40.0,1.0,1.0,1.0,1.0,1.0,1.0,1.0,1.0,1.0,40.0
2020-12-09,RKB,Midlands,UNIVERSITY HOSPITALS COVENTRY AND WARWICKSHIRE NHS TRUST,4.0,98.0,13.0,83.0,823.0,49.0,13.0,27.0,1.0,955.0,41.0,1.0,1.0,1.0,1.0,1.0,1.0,1.0,1.0,1.0,41.0
2020-12-10,RKB,Midlands,UNIVERSITY HOSPITALS COVENTRY AND WARWICKSHIRE NHS TRUST,8.0,101.0,15.0,82.0,831.0,31.0,15.0,24.0,2.0,944.0,41.0,1.0,1.0,1.0,1.0,1.0,1.0,1.0,1.0,1.0,41.0
2020-12-11,RKB,Midlands,UNIVERSITY HOSPITALS COVENTRY AND WARWICKSHIRE NHS TRUST,10.0,97.0,13.0,83.0,825.0,29.0,13.0,27.0,1.0,937.0,41.0,1.0,1.0,1.0,1.0,1.0,1.0,1.0,1.0,1.0,41.0
2020-12-12,RKB,Midlands,UNIVERSITY HOSPITALS COVENTRY AND WARWICKSHIRE NHS TRUST,11.0,98.0,13.0,84.0,810.0,27.0,13.0,28.0,0.0,921.0,41.0,1.0,1.0,1.0,1.0,1.0,1.0,1.0,1.0,1.0,41.0
2020-12-13,RKB,Midlands,UNIVERSITY HOSPITALS COVENTRY AND WARWICKSHIRE NHS TRUST,8.0,99.0,13.0,85.0,803.0,30.0,13.0,22.0,3.0,918.0,38.0,1.0,1.0,1.0,1.0,1.0,1.0,1.0,1.0,1.0,38.0
2020-12-14,RKB,Midlands,UNIVERSITY HOSPITALS COVENTRY AND WARWICKSHIRE NHS TRUST,12.0,100.0,12.0,87.0,812.0,23.0,12.0,23.0,2.0,922.0,37.0,1.0,1.0,1.0,1.0,1.0,1.0,1.0,1.0,1.0,37.0
2020-12-15,RKB,Midlands,UNIVERSITY HOSPITALS COVENTRY AND WARWICKSHIRE NHS TRUST,20.0,102.0,10.0,91.0,817.0,21.0,10.0,28.0,1.0,929.0,39.0,1.0,1.0,1.0,1.0,1.0,1.0,1.0,1.0,1.0,39.0
2020-12-16,RKB,Midlands,UNIVERSITY HOSPITALS COVENTRY AND WARWICKSHIRE NHS TRUST,16.0,103.0,11.0,92.0,819.0,22.0,11.0,28.0,1.0,933.0,40.0,1.0,1.0,1.0,1.0,1.0,1.0,1.0,1.0,1.0,40.0
2020-12-17,RKB,Midlands,UNIVERSITY HOSPITALS COVENTRY AND WARWICKSHIRE NHS TRUST,7.0,116.0,11.0,105.0,802.0,31.0,11.0,27.0,3.0,938.0,41.0,1.0,1.0,1.0,1.0,1.0,1.0,1.0,1.0,1.0,41.0
2020-12-18,RKB,Midlands,UNIVERSITY HOSPITALS COVENTRY AND WARWICKSHIRE NHS TRUST,7.0,119.0,11.0,108.0,796.0,30.0,11.0,25.0,1.0,934.0,37.0,1.0,1.0,1.0,1.0,1.0,1.0,1.0,1.0,1.0,37.0
2020-12-19,RKB,Midlands,UNIVERSITY HOSPITALS COVENTRY AND WARWICKSHIRE NHS TRUST,3.0,117.0,11.0,106.0,780.0,45.0,11.0,25.0,1.0,931.0,37.0,1.0,1.0,1.0,1.0,1.0,1.0,1.0,1.0,1.0,37.0
2020-12-20,RKB,Midlands,UNIVERSITY HOSPITALS COVENTRY AND WARWICKSHIRE NHS TRUST,7.0,113.0,12.0,101.0,799.0,46.0,12.0,22.0,2.0,946.0,36.0,1.0,1.0,1.0,1.0,1.0,1.0,1.0,1.0,1.0,36.0
2020-12-21,RKB,Midlands,UNIVERSITY HOSPITALS COVENTRY AND WARWICKSHIRE NHS TRUST,10.0,107.0,12.0,95.0,818.0,30.0,12.0,22.0,2.0,943.0,36.0,1.0,1.0,1.0,1.0,1.0,1.0,1.0,1.0,1.0,36.0
2020-12-22,RKB,Midlands,UNIVERSITY HOSPITALS COVENTRY AND WARWICKSHIRE NHS TRUST,25.0,112.0,12.0,99.0,810.0,26.0,12.0,26.0,3.0,935.0,41.0,1.0,1.0,1.0,1.0,1.0,1.0,1.0,1.0,1.0,41.0
2020-12-23,RKB,Midlands,UNIVERSITY HOSPITALS COVENTRY AND WARWICKSHIRE NHS TRUST,9.0,106.0,11.0,94.0,782.0,54.0,11.0,29.0,3.0,930.0,43.0,1.0,1.0,1.0,1.0,1.0,1.0,1.0,1.0,1.0,43.0
2020-12-24,RKB,Midlands,UNIVERSITY HOSPITALS COVENTRY AND WARWICKSHIRE NHS TRUST,10.0,114.0,13.0,101.0,770.0,51.0,13.0,27.0,1.0,922.0,41.0,1.0,1.0,1.0,1.0,1.0,1.0,1.0,1.0,1.0,41.0
2020-12-25,RKB,Midlands,UNIVERSITY HOSPITALS COVENTRY AND WARWICKSHIRE NHS TRUST,15.0,117.0,14.0,103.0,650.0,155.0,14.0,18.0,2.0,908.0,34.0,1.0,1.0,1.0,1.0,1.0,1.0,1.0,1.0,1.0,34.0
2020-12-26,RKB,Midlands,UNIVERSITY HOSPITALS COVENTRY AND WARWICKSHIRE NHS TRUST,21.0,122.0,14.0,107.0,723.0,90.0,14.0,16.0,2.0,920.0,32.0,1.0,1.0,1.0,1.0,1.0,1.0,1.0,1.0,1.0,32.0
2020-12-27,RKB,Midlands,UNIVERSITY HOSPITALS COVENTRY AND WARWICKSHIRE NHS TRUST,13.0,128.0,10.0,117.0,758.0,60.0,10.0,20.0,2.0,935.0,32.0,1.0,1.0,1.0,1.0,1.0,1.0,1.0,1.0,1.0,32.0
2020-12-28,RKB,Midlands,UNIVERSITY HOSPITALS COVENTRY AND WARWICKSHIRE NHS TRUST,14.0,133.0,12.0,120.0,777.0,36.0,12.0,16.0,2.0,933.0,30.0,1.0,1.0,1.0,1.0,1.0,1.0,1.0,1.0,1.0,30.0
2020-12-29,RKB,Midlands,UNIVERSITY HOSPITALS COVENTRY AND WARWICKSHIRE NHS TRUST,19.0,148.0,15.0,131.0,762.0,36.0,15.0,13.0,3.0,929.0,31.0,1.0,1.0,1.0,1.0,1.0,1.0,1.0,1.0,1.0,31.0
2020-12-30,RKB,Midlands,UNIVERSITY HOSPITALS COVENTRY AND WARWICKSHIRE NHS TRUST,9.0,157.0,18.0,136.0,768.0,27.0,18.0,14.0,1.0,931.0,33.0,1.0,1.0,1.0,1.0,1.0,1.0,1.0,1.0,1.0,33.0
2020-12-31,RKB,Midlands,UNIVERSITY HOSPITALS COVENTRY AND WARWICKSHIRE NHS TRUST,21.0,164.0,18.0,144.0,752.0,36.0,18.0,22.0,1.0,932.0,41.0,1.0,1.0,1.0,1.0,1.0,1.0,1.0,1.0,1.0,41.0
2021-01-01,RKB,Midlands,UNIVERSITY HOSPITALS COVENTRY AND WARWICKSHIRE NHS TRUST,14.0,150.0,17.0,131.0,748.0,75.0,17.0,20.0,2.0,954.0,39.0,1.0,1.0,1.0,1.0,1.0,1.0,1.0,1.0,1.0,39.0
2021-01-02,RKB,Midlands,UNIVERSITY HOSPITALS COVENTRY AND WARWICKSHIRE NHS TRUST,14.0,159.0,21.0,137.0,753.0,70.0,21.0,16.0,1.0,960.0,38.0,1.0,1.0,1.0,1.0,1.0,1.0,1.0,1.0,1.0,38.0
2021-01-03,RKB,Midlands,UNIVERSITY HOSPITALS COVENTRY AND WARWICKSHIRE NHS TRUST,15.0,156.0,24.0,131.0,769.0,59.0,24.0,12.0,2.0,959.0,38.0,1.0,1.0,1.0,1.0,1.0,1.0,1.0,1.0,1.0,38.0
2021-01-04,RKB,Midlands,UNIVERSITY HOSPITALS COVENTRY AND WARWICKSHIRE NHS TRUST,22.0,160.0,25.0,134.0,783.0,37.0,25.0,11.0,2.0,954.0,38.0,1.0,1.0,1.0,1.0,1.0,1.0,1.0,1.0,1.0,38.0
2021-01-05,RKB,Midlands,UNIVERSITY HOSPITALS COVENTRY AND WARWICKSHIRE NHS TRUST,22.0,172.0,25.0,146.0,769.0,39.0,25.0,15.0,1.0,954.0,41.0,1.0,1.0,1.0,1.0,1.0,1.0,1.0,1.0,1.0,41.0
2021-01-06,RKB,Midlands,UNIVERSITY HOSPITALS COVENTRY AND WARWICKSHIRE NHS TRUST,29.0,167.0,24.0,142.0,788.0,26.0,24.0,22.0,2.0,956.0,48.0,1.0,1.0,1.0,1.0,1.0,1.0,1.0,1.0,1.0,48.0
2021-01-07,RKB,Midlands,UNIVERSITY HOSPITALS COVENTRY AND WARWICKSHIRE NHS TRUST,28.0,170.0,26.0,143.0,785.0,33.0,26.0,19.0,1.0,961.0,46.0,1.0,1.0,1.0,1.0,1.0,1.0,1.0,1.0,1.0,46.0
2021-01-08,RKB,Midlands,UNIVERSITY HOSPITALS COVENTRY AND WARWICKSHIRE NHS TRUST,16.0,184.0,25.0,159.0,761.0,28.0,25.0,19.0,1.0,948.0,45.0,1.0,1.0,1.0,1.0,1.0,1.0,1.0,1.0,1.0,45.0
2021-01-09,RKB,Midlands,UNIVERSITY HOSPITALS COVENTRY AND WARWICKSHIRE NHS TRUST,18.0,188.0,22.0,166.0,769.0,23.0,22.0,16.0,1.0,958.0,39.0,1.0,1.0,1.0,1.0,1.0,1.0,1.0,1.0,1.0,39.0
2021-01-10,RKB,Midlands,UNIVERSITY HOSPITALS COVENTRY AND WARWICKSHIRE NHS TRUST,23.0,192.0,22.0,170.0,773.0,16.0,22.0,16.0,0.0,959.0,38.0,1.0,1.0,1.0,1.0,1.0,1.0,1.0,1.0,1.0,38.0
2021-01-11,RKB,Midlands,UNIVERSITY HOSPITALS COVENTRY AND WARWICKSHIRE NHS TRUST,33.0,196.0,22.0,174.0,758.0,18.0,22.0,22.0,15.0,950.0,59.0,1.0,1.0,1.0,1.0,1.0,1.0,1.0,1.0,1.0,59.0
2021-01-12,RKB,Midlands,UNIVERSITY HOSPITALS COVENTRY AND WARWICKSHIRE NHS TRUST,34.0,202.0,27.0,171.0,744.0,25.0,27.0,23.0,9.0,940.0,59.0,1.0,1.0,1.0,1.0,1.0,1.0,1.0,1.0,1.0,59.0
2021-01-13,RKB,Midlands,UNIVERSITY HOSPITALS COVENTRY AND WARWICKSHIRE NHS TRUST,32.0,207.0,30.0,175.0,731.0,61.0,30.0,27.0,2.0,967.0,59.0,1.0,1.0,1.0,1.0,1.0,1.0,1.0,1.0,1.0,59.0
2021-01-14,RKB,Midlands,UNIVERSITY HOSPITALS COVENTRY AND WARWICKSHIRE NHS TRUST,19.0,209.0,33.0,174.0,752.0,35.0,33.0,26.0,6.0,961.0,65.0,1.0,1.0,1.0,1.0,1.0,1.0,1.0,1.0,1.0,65.0
2021-01-15,RKB,Midlands,UNIVERSITY HOSPITALS COVENTRY AND WARWICKSHIRE NHS TRUST,32.0,225.0,33.0,187.0,714.0,54.0,33.0,24.0,8.0,955.0,65.0,1.0,1.0,1.0,1.0,1.0,1.0,1.0,1.0,1.0,65.0
2021-01-16,RKB,Midlands,UNIVERSITY HOSPITALS COVENTRY AND WARWICKSHIRE NHS TRUST,39.0,231.0,39.0,188.0,694.0,65.0,39.0,21.0,11.0,947.0,71.0,1.0,1.0,1.0,1.0,1.0,1.0,1.0,1.0,1.0,71.0
2021-01-17,RKB,Midlands,UNIVERSITY HOSPITALS COVENTRY AND WARWICKSHIRE NHS TRUST,29.0,241.0,42.0,194.0,697.0,55.0,42.0,21.0,8.0,946.0,71.0,1.0,1.0,1.0,1.0,1.0,1.0,1.0,1.0,1.0,71.0
2021-01-18,RKB,Midlands,UNIVERSITY HOSPITALS COVENTRY AND WARWICKSHIRE NHS TRUST,22.0,258.0,43.0,211.0,685.0,40.0,43.0,19.0,9.0,936.0,71.0,1.0,1.0,1.0,1.0,1.0,1.0,1.0,1.0,1.0,71.0
2021-01-19,RKB,Midlands,UNIVERSITY HOSPITALS COVENTRY AND WARWICKSHIRE NHS TRUST,34.0,262.0,40.0,220.0,704.0,24.0,40.0,24.0,7.0,948.0,71.0,1.0,1.0,1.0,1.0,1.0,1.0,1.0,1.0,1.0,71.0
2021-01-20,RKB,Midlands,UNIVERSITY HOSPITALS COVENTRY AND WARWICKSHIRE NHS TRUST,34.0,247.0,40.0,205.0,700.0,38.0,40.0,22.0,9.0,943.0,71.0,1.0,1.0,1.0,1.0,1.0,1.0,1.0,1.0,1.0,71.0
2021-01-21,RKB,Midlands,UNIVERSITY HOSPITALS COVENTRY AND WARWICKSHIRE NHS TRUST,24.0,248.0,37.0,209.0,702.0,44.0,37.0,22.0,12.0,955.0,71.0,1.0,1.0,1.0,1.0,1.0,1.0,1.0,1.0,1.0,71.0
2021-01-22,RKB,Midlands,UNIVERSITY HOSPITALS COVENTRY AND WARWICKSHIRE NHS TRUST,31.0,258.0,36.0,219.0,694.0,49.0,36.0,24.0,11.0,962.0,71.0,1.0,1.0,1.0,1.0,1.0,1.0,1.0,1.0,1.0,71.0
2021-01-23,RKB,Midlands,UNIVERSITY HOSPITALS COVENTRY AND WARWICKSHIRE NHS TRUST,12.0,246.0,40.0,204.0,699.0,53.0,40.0,21.0,10.0,956.0,71.0,1.0,1.0,1.0,1.0,1.0,1.0,1.0,1.0,1.0,71.0
2021-01-24,RKB,Midlands,UNIVERSITY HOSPITALS COVENTRY AND WARWICKSHIRE NHS TRUST,11.0,249.0,39.0,208.0,713.0,41.0,39.0,21.0,11.0,962.0,71.0,1.0,1.0,1.0,1.0,1.0,1.0,1.0,1.0,1.0,71.0
2021-01-25,RKB,Midlands,UNIVERSITY HOSPITALS COVENTRY AND WARWICKSHIRE NHS TRUST,22.0,241.0,39.0,200.0,704.0,52.0,39.0,23.0,17.0,956.0,79.0,1.0,1.0,1.0,1.0,1.0,1.0,1.0,1.0,1.0,79.0
2021-01-26,RKB,Midlands,UNIVERSITY HOSPITALS COVENTRY AND WARWICKSHIRE NHS TRUST,15.0,220.0,36.0,183.0,744.0,33.0,36.0,23.0,20.0,960.0,79.0,1.0,1.0,1.0,1.0,1.0,1.0,1.0,1.0,1.0,79.0
2021-01-27,RKB,Midlands,UNIVERSITY HOSPITALS COVENTRY AND WARWICKSHIRE NHS TRUST,25.0,223.0,36.0,184.0,731.0,34.0,36.0,29.0,14.0,949.0,79.0,1.0,1.0,1.0,1.0,1.0,1.0,1.0,1.0,1.0,79.0
2021-01-28,RKB,Midlands,UNIVERSITY HOSPITALS COVENTRY AND WARWICKSHIRE NHS TRUST,14.0,215.0,38.0,176.0,773.0,23.0,38.0,28.0,13.0,972.0,79.0,1.0,1.0,1.0,1.0,1.0,1.0,1.0,1.0,1.0,79.0
2021-01-29,RKB,Midlands,UNIVERSITY HOSPITALS COVENTRY AND WARWICKSHIRE NHS TRUST,23.0,214.0,42.0,172.0,747.0,42.0,42.0,29.0,8.0,961.0,79.0,1.0,1.0,1.0,1.0,1.0,1.0,1.0,1.0,1.0,79.0
2021-01-30,RKB,Midlands,UNIVERSITY HOSPITALS COVENTRY AND WARWICKSHIRE NHS TRUST,22.0,209.0,43.0,166.0,734.0,75.0,43.0,20.0,16.0,975.0,79.0,1.0,1.0,1.0,1.0,1.0,1.0,1.0,1.0,1.0,79.0
2021-01-31,RKB,Midlands,UNIVERSITY HOSPITALS COVENTRY AND WARWICKSHIRE NHS TRUST,10.0,212.0,40.0,172.0,730.0,78.0,40.0,21.0,18.0,980.0,79.0,1.0,1.0,1.0,1.0,1.0,1.0,1.0,1.0,1.0,79.0
2021-02-01,RKB,Midlands,UNIVERSITY HOSPITALS COVENTRY AND WARWICKSHIRE NHS TRUST,11.0,220.0,40.0,180.0,729.0,63.0,40.0,21.0,18.0,972.0,79.0,1.0,1.0,1.0,1.0,1.0,1.0,1.0,1.0,1.0,79.0
2021-02-02,RKB,Midlands,UNIVERSITY HOSPITALS COVENTRY AND WARWICKSHIRE NHS TRUST,14.0,207.0,34.0,173.0,724.0,67.0,34.0,25.0,20.0,964.0,79.0,1.0,1.0,1.0,1.0,1.0,1.0,1.0,1.0,1.0,79.0
2021-02-03,RKB,Midlands,UNIVERSITY HOSPITALS COVENTRY AND WARWICKSHIRE NHS TRUST,14.0,190.0,34.0,155.0,734.0,78.0,34.0,24.0,21.0,967.0,79.0,1.0,1.0,1.0,1.0,1.0,1.0,1.0,1.0,1.0,79.0
2021-02-04,RKB,Midlands,UNIVERSITY HOSPITALS COVENTRY AND WARWICKSHIRE NHS TRUST,23.0,184.0,34.0,149.0,749.0,72.0,34.0,23.0,22.0,970.0,79.0,1.0,1.0,1.0,1.0,1.0,1.0,1.0,1.0,1.0,79.0
2021-02-05,RKB,Midlands,UNIVERSITY HOSPITALS COVENTRY AND WARWICKSHIRE NHS TRUST,11.0,173.0,33.0,139.0,746.0,93.0,33.0,25.0,21.0,978.0,79.0,1.0,1.0,1.0,1.0,1.0,1.0,1.0,1.0,1.0,79.0
2021-02-06,RKB,Midlands,UNIVERSITY HOSPITALS COVENTRY AND WARWICKSHIRE NHS TRUST,10.0,175.0,32.0,142.0,692.0,107.0,32.0,25.0,22.0,941.0,79.0,1.0,1.0,1.0,1.0,1.0,1.0,1.0,1.0,1.0,79.0
2021-02-07,RKB,Midlands,UNIVERSITY HOSPITALS COVENTRY AND WARWICKSHIRE NHS TRUST,15.0,170.0,32.0,137.0,706.0,97.0,32.0,27.0,20.0,940.0,79.0,1.0,1.0,1.0,1.0,1.0,1.0,1.0,1.0,1.0,79.0
2021-02-08,RKB,Midlands,UNIVERSITY HOSPITALS COVENTRY AND WARWICKSHIRE NHS TRUST,12.0,177.0,32.0,144.0,718.0,66.0,32.0,25.0,22.0,928.0,79.0,1.0,1.0,1.0,1.0,1.0,1.0,1.0,1.0,1.0,79.0
2021-02-09,RKB,Midlands,UNIVERSITY HOSPITALS COVENTRY AND WARWICKSHIRE NHS TRUST,16.0,167.0,33.0,133.0,724.0,57.0,33.0,27.0,1.0,914.0,61.0,1.0,1.0,1.0,1.0,1.0,1.0,1.0,1.0,1.0,61.0
2021-02-10,RKB,Midlands,UNIVERSITY HOSPITALS COVENTRY AND WARWICKSHIRE NHS TRUST,13.0,159.0,30.0,128.0,734.0,59.0,30.0,25.0,6.0,921.0,61.0,1.0,1.0,1.0,1.0,1.0,1.0,1.0,1.0,1.0,61.0
2021-02-11,RKB,Midlands,UNIVERSITY HOSPITALS COVENTRY AND WARWICKSHIRE NHS TRUST,15.0,155.0,29.0,123.0,720.0,68.0,29.0,24.0,8.0,911.0,61.0,1.0,1.0,1.0,1.0,1.0,1.0,1.0,1.0,1.0,61.0
2021-02-12,RKB,Midlands,UNIVERSITY HOSPITALS COVENTRY AND WARWICKSHIRE NHS TRUST,7.0,150.0,28.0,119.0,731.0,48.0,28.0,26.0,7.0,898.0,61.0,1.0,1.0,1.0,1.0,1.0,1.0,1.0,1.0,1.0,61.0
2021-02-13,RKB,Midlands,UNIVERSITY HOSPITALS COVENTRY AND WARWICKSHIRE NHS TRUST,8.0,147.0,31.0,115.0,734.0,84.0,31.0,21.0,9.0,933.0,61.0,1.0,1.0,1.0,1.0,1.0,1.0,1.0,1.0,1.0,61.0
2021-02-14,RKB,Midlands,UNIVERSITY HOSPITALS COVENTRY AND WARWICKSHIRE NHS TRUST,8.0,144.0,31.0,111.0,751.0,70.0,31.0,23.0,7.0,932.0,61.0,1.0,1.0,1.0,1.0,1.0,1.0,1.0,1.0,1.0,61.0
2021-02-15,RKB,Midlands,UNIVERSITY HOSPITALS COVENTRY AND WARWICKSHIRE NHS TRUST,15.0,147.0,31.0,113.0,765.0,37.0,31.0,17.0,8.0,915.0,56.0,1.0,1.0,1.0,1.0,1.0,1.0,1.0,1.0,1.0,56.0
2021-02-16,RKB,Midlands,UNIVERSITY HOSPITALS COVENTRY AND WARWICKSHIRE NHS TRUST,6.0,142.0,29.0,112.0,776.0,46.0,29.0,26.0,1.0,934.0,56.0,1.0,1.0,1.0,1.0,1.0,1.0,1.0,1.0,1.0,56.0
2021-02-17,RKB,Midlands,UNIVERSITY HOSPITALS COVENTRY AND WARWICKSHIRE NHS TRUST,15.0,137.0,29.0,106.0,802.0,32.0,29.0,28.0,0.0,940.0,57.0,1.0,1.0,1.0,1.0,1.0,1.0,1.0,1.0,1.0,57.0
2021-02-18,RKB,Midlands,UNIVERSITY HOSPITALS COVENTRY AND WARWICKSHIRE NHS TRUST,13.0,131.0,30.0,99.0,810.0,23.0,30.0,24.0,4.0,932.0,58.0,1.0,1.0,1.0,1.0,1.0,1.0,1.0,1.0,1.0,58.0
2021-02-19,RKB,Midlands,UNIVERSITY HOSPITALS COVENTRY AND WARWICKSHIRE NHS TRUST,10.0,134.0,29.0,103.0,808.0,30.0,29.0,25.0,1.0,941.0,55.0,1.0,1.0,1.0,1.0,1.0,1.0,1.0,1.0,1.0,55.0
2021-02-20,RKB,Midlands,UNIVERSITY HOSPITALS COVENTRY AND WARWICKSHIRE NHS TRUST,4.0,137.0,27.0,106.0,782.0,40.0,27.0,21.0,6.0,928.0,54.0,1.0,1.0,1.0,1.0,1.0,1.0,1.0,1.0,1.0,54.0
2021-02-21,RKB,Midlands,UNIVERSITY HOSPITALS COVENTRY AND WARWICKSHIRE NHS TRUST,6.0,129.0,25.0,101.0,793.0,28.0,25.0,20.0,8.0,922.0,53.0,1.0,1.0,1.0,1.0,1.0,1.0,1.0,1.0,1.0,53.0
2021-02-22,RKB,Midlands,UNIVERSITY HOSPITALS COVENTRY AND WARWICKSHIRE NHS TRUST,11.0,133.0,25.0,105.0,809.0,8.0,25.0,17.0,11.0,922.0,53.0,1.0,1.0,1.0,1.0,1.0,1.0,1.0,1.0,1.0,53.0
2021-02-23,RKB,Midlands,UNIVERSITY HOSPITALS COVENTRY AND WARWICKSHIRE NHS TRUST,13.0,140.0,25.0,112.0,809.0,8.0,25.0,17.0,11.0,929.0,53.0,1.0,1.0,1.0,1.0,1.0,1.0,1.0,1.0,1.0,53.0
2021-02-24,RKB,Midlands,UNIVERSITY HOSPITALS COVENTRY AND WARWICKSHIRE NHS TRUST,13.0,126.0,21.0,103.0,798.0,19.0,21.0,24.0,8.0,920.0,53.0,1.0,1.0,1.0,1.0,1.0,1.0,1.0,1.0,1.0,53.0
2021-02-25,RKB,Midlands,UNIVERSITY HOSPITALS COVENTRY AND WARWICKSHIRE NHS TRUST,10.0,125.0,21.0,102.0,798.0,23.0,21.0,24.0,8.0,923.0,53.0,1.0,1.0,1.0,1.0,1.0,1.0,1.0,1.0,1.0,53.0
2021-02-26,RKB,Midlands,UNIVERSITY HOSPITALS COVENTRY AND WARWICKSHIRE NHS TRUST,9.0,119.0,20.0,98.0,813.0,18.0,20.0,25.0,8.0,929.0,53.0,1.0,1.0,1.0,1.0,1.0,1.0,1.0,1.0,1.0,53.0
2021-02-27,RKB,Midlands,UNIVERSITY HOSPITALS COVENTRY AND WARWICKSHIRE NHS TRUST,2.0,113.0,20.0,92.0,813.0,19.0,20.0,21.0,12.0,924.0,53.0,1.0,1.0,1.0,1.0,1.0,1.0,1.0,1.0,1.0,53.0
2021-02-28,RKB,Midlands,UNIVERSITY HOSPITALS COVENTRY AND WARWICKSHIRE NHS TRUST,1.0,113.0,21.0,90.0,813.0,24.0,21.0,23.0,9.0,927.0,53.0,1.0,1.0,1.0,1.0,1.0,1.0,1.0,1.0,1.0,53.0
2021-03-01,RKB,Midlands,UNIVERSITY HOSPITALS COVENTRY AND WARWICKSHIRE NHS TRUST,3.0,108.0,21.0,85.0,817.0,18.0,21.0,21.0,11.0,920.0,53.0,1.0,1.0,1.0,1.0,1.0,1.0,1.0,1.0,1.0,53.0
2021-03-02,RKB,Midlands,UNIVERSITY HOSPITALS COVENTRY AND WARWICKSHIRE NHS TRUST,8.0,96.0,20.0,75.0,823.0,20.0,20.0,19.0,9.0,918.0,48.0,1.0,1.0,1.0,1.0,1.0,1.0,1.0,1.0,1.0,48.0
2021-03-03,RKB,Midlands,UNIVERSITY HOSPITALS COVENTRY AND WARWICKSHIRE NHS TRUST,7.0,88.0,21.0,65.0,825.0,37.0,21.0,20.0,7.0,927.0,48.0,1.0,1.0,1.0,1.0,1.0,1.0,1.0,1.0,1.0,48.0
2021-03-04,RKB,Midlands,UNIVERSITY HOSPITALS COVENTRY AND WARWICKSHIRE NHS TRUST,6.0,91.0,21.0,68.0,819.0,38.0,21.0,19.0,8.0,925.0,48.0,1.0,1.0,1.0,1.0,1.0,1.0,1.0,1.0,1.0,48.0
2021-03-05,RKB,Midlands,UNIVERSITY HOSPITALS COVENTRY AND WARWICKSHIRE NHS TRUST,4.0,81.0,19.0,60.0,809.0,63.0,19.0,20.0,9.0,932.0,48.0,1.0,1.0,1.0,1.0,1.0,1.0,1.0,1.0,1.0,48.0
2021-03-06,RKB,Midlands,UNIVERSITY HOSPITALS COVENTRY AND WARWICKSHIRE NHS TRUST,3.0,81.0,19.0,60.0,797.0,73.0,19.0,19.0,10.0,930.0,48.0,1.0,1.0,1.0,1.0,1.0,1.0,1.0,1.0,1.0,48.0
2021-03-07,RKB,Midlands,UNIVERSITY HOSPITALS COVENTRY AND WARWICKSHIRE NHS TRUST,6.0,83.0,19.0,62.0,807.0,63.0,19.0,18.0,11.0,932.0,48.0,1.0,1.0,1.0,1.0,1.0,1.0,1.0,1.0,1.0,48.0
2021-03-08,RKB,Midlands,UNIVERSITY HOSPITALS COVENTRY AND WARWICKSHIRE NHS TRUST,6.0,81.0,19.0,61.0,838.0,34.0,19.0,17.0,12.0,933.0,48.0,1.0,1.0,1.0,1.0,1.0,1.0,1.0,1.0,1.0,48.0
2021-03-09,RKB,Midlands,UNIVERSITY HOSPITALS COVENTRY AND WARWICKSHIRE NHS TRUST,2.0,77.0,18.0,57.0,836.0,38.0,18.0,20.0,10.0,931.0,48.0,1.0,1.0,1.0,1.0,1.0,1.0,1.0,1.0,1.0,48.0
2021-03-10,RKB,Midlands,UNIVERSITY HOSPITALS COVENTRY AND WARWICKSHIRE NHS TRUST,3.0,74.0,19.0,54.0,822.0,55.0,19.0,24.0,5.0,931.0,48.0,1.0,1.0,1.0,1.0,1.0,1.0,1.0,1.0,1.0,48.0
2021-03-11,RKB,Midlands,UNIVERSITY HOSPITALS COVENTRY AND WARWICKSHIRE NHS TRUST,3.0,68.0,19.0,48.0,829.0,54.0,19.0,24.0,1.0,931.0,44.0,1.0,1.0,1.0,1.0,1.0,1.0,1.0,1.0,1.0,44.0
2021-03-12,RKB,Midlands,UNIVERSITY HOSPITALS COVENTRY AND WARWICKSHIRE NHS TRUST,1.0,65.0,18.0,45.0,814.0,71.0,18.0,26.0,0.0,930.0,44.0,1.0,1.0,1.0,1.0,1.0,1.0,1.0,1.0,1.0,44.0
2021-03-13,RKB,Midlands,UNIVERSITY HOSPITALS COVENTRY AND WARWICKSHIRE NHS TRUST,2.0,64.0,16.0,46.0,813.0,70.0,16.0,24.0,4.0,929.0,44.0,1.0,1.0,1.0,1.0,1.0,1.0,1.0,1.0,1.0,44.0
2021-03-14,RKB,Midlands,UNIVERSITY HOSPITALS COVENTRY AND WARWICKSHIRE NHS TRUST,1.0,62.0,15.0,45.0,821.0,60.0,15.0,19.0,10.0,926.0,44.0,1.0,1.0,1.0,1.0,1.0,1.0,1.0,1.0,1.0,44.0
2021-03-15,RKB,Midlands,UNIVERSITY HOSPITALS COVENTRY AND WARWICKSHIRE NHS TRUST,2.0,61.0,14.0,45.0,835.0,45.0,14.0,19.0,11.0,925.0,44.0,1.0,1.0,1.0,1.0,1.0,1.0,1.0,1.0,1.0,44.0
2021-03-16,RKB,Midlands,UNIVERSITY HOSPITALS COVENTRY AND WARWICKSHIRE NHS TRUST,1.0,55.0,14.0,39.0,847.0,45.0,14.0,21.0,9.0,931.0,44.0,1.0,1.0,1.0,1.0,1.0,1.0,1.0,1.0,1.0,44.0
2021-03-17,RKB,Midlands,UNIVERSITY HOSPITALS COVENTRY AND WARWICKSHIRE NHS TRUST,1.0,52.0,13.0,38.0,834.0,56.0,13.0,24.0,7.0,928.0,44.0,1.0,1.0,1.0,1.0,1.0,1.0,1.0,1.0,1.0,44.0
2021-03-18,RKB,Midlands,UNIVERSITY HOSPITALS COVENTRY AND WARWICKSHIRE NHS TRUST,4.0,49.0,12.0,36.0,827.0,66.0,12.0,20.0,12.0,929.0,44.0,1.0,1.0,1.0,1.0,1.0,1.0,1.0,1.0,1.0,44.0
2021-03-19,RKB,Midlands,UNIVERSITY HOSPITALS COVENTRY AND WARWICKSHIRE NHS TRUST,3.0,48.0,12.0,35.0,814.0,78.0,12.0,20.0,12.0,927.0,44.0,1.0,1.0,1.0,1.0,1.0,1.0,1.0,1.0,1.0,44.0
2021-03-20,RKB,Midlands,UNIVERSITY HOSPITALS COVENTRY AND WARWICKSHIRE NHS TRUST,1.0,47.0,11.0,35.0,835.0,58.0,11.0,20.0,13.0,928.0,44.0,1.0,1.0,1.0,1.0,1.0,1.0,1.0,1.0,1.0,44.0
2021-03-21,RKB,Midlands,UNIVERSITY HOSPITALS COVENTRY AND WARWICKSHIRE NHS TRUST,4.0,45.0,11.0,33.0,851.0,43.0,11.0,21.0,12.0,927.0,44.0,1.0,1.0,1.0,1.0,1.0,1.0,1.0,1.0,1.0,44.0
2021-03-22,RKB,Midlands,UNIVERSITY HOSPITALS COVENTRY AND WARWICKSHIRE NHS TRUST,4.0,45.0,11.0,33.0,863.0,34.0,11.0,19.0,14.0,930.0,44.0,1.0,1.0,1.0,1.0,1.0,1.0,1.0,1.0,1.0,44.0
2021-03-23,RKB,Midlands,UNIVERSITY HOSPITALS COVENTRY AND WARWICKSHIRE NHS TRUST,2.0,45.0,9.0,35.0,857.0,40.0,9.0,24.0,11.0,932.0,44.0,1.0,1.0,1.0,1.0,1.0,1.0,1.0,1.0,1.0,44.0
2021-03-24,RKB,Midlands,UNIVERSITY HOSPITALS COVENTRY AND WARWICKSHIRE NHS TRUST,4.0,47.0,9.0,37.0,836.0,56.0,9.0,23.0,12.0,929.0,44.0,1.0,1.0,1.0,1.0,1.0,1.0,1.0,1.0,1.0,44.0
2021-03-25,RKB,Midlands,UNIVERSITY HOSPITALS COVENTRY AND WARWICKSHIRE NHS TRUST,1.0,43.0,8.0,35.0,846.0,51.0,8.0,24.0,12.0,932.0,44.0,1.0,1.0,1.0,1.0,1.0,1.0,1.0,1.0,1.0,44.0
2021-03-26,RKB,Midlands,UNIVERSITY HOSPITALS COVENTRY AND WARWICKSHIRE NHS TRUST,2.0,46.0,9.0,37.0,840.0,53.0,9.0,26.0,9.0,930.0,44.0,1.0,1.0,1.0,1.0,1.0,1.0,1.0,1.0,1.0,44.0
2021-03-27,RKB,Midlands,UNIVERSITY HOSPITALS COVENTRY AND WARWICKSHIRE NHS TRUST,1.0,44.0,9.0,34.0,841.0,54.0,9.0,27.0,8.0,929.0,44.0,1.0,1.0,1.0,1.0,1.0,1.0,1.0,1.0,1.0,44.0
2021-03-28,RKB,Midlands,UNIVERSITY HOSPITALS COVENTRY AND WARWICKSHIRE NHS TRUST,1.0,40.0,9.0,31.0,834.0,61.0,9.0,26.0,9.0,926.0,44.0,1.0,1.0,1.0,1.0,1.0,1.0,1.0,1.0,1.0,44.0
2021-03-29,RKB,Midlands,UNIVERSITY HOSPITALS COVENTRY AND WARWICKSHIRE NHS TRUST,0.0,40.0,8.0,32.0,853.0,47.0,8.0,23.0,13.0,932.0,44.0,1.0,1.0,1.0,1.0,1.0,1.0,1.0,1.0,1.0,44.0
2021-03-30,RKB,Midlands,UNIVERSITY HOSPITALS COVENTRY AND WARWICKSHIRE NHS TRUST,3.0,36.0,9.0,27.0,845.0,58.0,9.0,25.0,10.0,930.0,44.0,1.0,1.0,1.0,1.0,1.0,1.0,1.0,1.0,1.0,44.0
2021-03-31,RKB,Midlands,UNIVERSITY HOSPITALS COVENTRY AND WARWICKSHIRE NHS TRUST,1.0,34.0,8.0,26.0,858.0,46.0,8.0,25.0,11.0,930.0,44.0,1.0,1.0,1.0,1.0,1.0,1.0,1.0,1.0,1.0,44.0
2021-04-01,RKB,Midlands,UNIVERSITY HOSPITALS COVENTRY AND WARWICKSHIRE NHS TRUST,1.0,34.0,8.0,26.0,850.0,52.0,8.0,23.0,13.0,928.0,44.0,1.0,1.0,1.0,1.0,1.0,1.0,1.0,1.0,1.0,44.0
2021-04-02,RKB,Midlands,UNIVERSITY HOSPITALS COVENTRY AND WARWICKSHIRE NHS TRUST,1.0,29.0,8.0,21.0,816.0,92.0,8.0,24.0,12.0,929.0,44.0,1.0,1.0,1.0,1.0,1.0,1.0,1.0,1.0,1.0,44.0
2021-04-03,RKB,Midlands,UNIVERSITY HOSPITALS COVENTRY AND WARWICKSHIRE NHS TRUST,2.0,30.0,8.0,22.0,834.0,75.0,8.0,22.0,14.0,931.0,44.0,1.0,1.0,1.0,1.0,1.0,1.0,1.0,1.0,1.0,44.0
2021-04-04,RKB,Midlands,UNIVERSITY HOSPITALS COVENTRY AND WARWICKSHIRE NHS TRUST,1.0,30.0,8.0,22.0,822.0,85.0,8.0,24.0,12.0,929.0,44.0,1.0,1.0,1.0,1.0,1.0,1.0,1.0,1.0,1.0,44.0
2021-04-05,RKB,Midlands,UNIVERSITY HOSPITALS COVENTRY AND WARWICKSHIRE NHS TRUST,0.0,29.0,8.0,21.0,871.0,38.0,8.0,29.0,7.0,930.0,44.0,1.0,1.0,1.0,1.0,1.0,1.0,1.0,1.0,1.0,44.0
2021-04-06,RKB,Midlands,UNIVERSITY HOSPITALS COVENTRY AND WARWICKSHIRE NHS TRUST,1.0,29.0,7.0,22.0,860.0,38.0,7.0,28.0,9.0,920.0,44.0,1.0,1.0,1.0,1.0,1.0,1.0,1.0,1.0,1.0,44.0
2020-11-17,RRK,Midlands,UNIVERSITY HOSPITALS BIRMINGHAM NHS FOUNDATION TRUST,41.0,442.0,44.0,396.0,1594.0,174.0,44.0,44.0,11.0,2164.0,99.0,1.0,1.0,1.0,1.0,1.0,1.0,1.0,1.0,1.0,99.0
2020-11-18,RRK,Midlands,UNIVERSITY HOSPITALS BIRMINGHAM NHS FOUNDATION TRUST,63.0,457.0,46.0,409.0,1583.0,146.0,46.0,48.0,6.0,2138.0,100.0,1.0,1.0,1.0,1.0,1.0,1.0,1.0,1.0,1.0,100.0
2020-11-19,RRK,Midlands,UNIVERSITY HOSPITALS BIRMINGHAM NHS FOUNDATION TRUST,47.0,489.0,51.0,436.0,1537.0,170.0,51.0,44.0,15.0,2143.0,110.0,1.0,1.0,1.0,1.0,1.0,1.0,1.0,1.0,1.0,110.0
2020-11-20,RRK,Midlands,UNIVERSITY HOSPITALS BIRMINGHAM NHS FOUNDATION TRUST,32.0,431.0,48.0,380.0,1596.0,213.0,48.0,48.0,3.0,2189.0,99.0,1.0,1.0,1.0,1.0,1.0,1.0,1.0,1.0,1.0,99.0
2020-11-21,RRK,Midlands,UNIVERSITY HOSPITALS BIRMINGHAM NHS FOUNDATION TRUST,27.0,437.0,48.0,385.0,1612.0,210.0,48.0,45.0,4.0,2207.0,97.0,1.0,1.0,1.0,1.0,1.0,1.0,1.0,1.0,1.0,97.0
2020-11-22,RRK,Midlands,UNIVERSITY HOSPITALS BIRMINGHAM NHS FOUNDATION TRUST,51.0,439.0,50.0,387.0,1634.0,212.0,50.0,45.0,3.0,2233.0,98.0,1.0,1.0,1.0,1.0,1.0,1.0,1.0,1.0,1.0,98.0
2020-11-23,RRK,Midlands,UNIVERSITY HOSPITALS BIRMINGHAM NHS FOUNDATION TRUST,62.0,405.0,53.0,346.0,1699.0,149.0,53.0,43.0,3.0,2194.0,99.0,1.0,1.0,1.0,1.0,1.0,1.0,1.0,1.0,1.0,99.0
2020-11-24,RRK,Midlands,UNIVERSITY HOSPITALS BIRMINGHAM NHS FOUNDATION TRUST,41.0,428.0,52.0,375.0,1655.0,155.0,52.0,36.0,9.0,2185.0,97.0,1.0,1.0,1.0,1.0,1.0,1.0,1.0,1.0,1.0,97.0
2020-11-25,RRK,Midlands,UNIVERSITY HOSPITALS BIRMINGHAM NHS FOUNDATION TRUST,46.0,406.0,52.0,353.0,1699.0,152.0,52.0,41.0,8.0,2204.0,101.0,1.0,1.0,1.0,1.0,1.0,1.0,1.0,1.0,1.0,101.0
2020-11-26,RRK,Midlands,UNIVERSITY HOSPITALS BIRMINGHAM NHS FOUNDATION TRUST,29.0,390.0,52.0,336.0,1666.0,187.0,52.0,44.0,8.0,2189.0,104.0,1.0,1.0,1.0,1.0,1.0,1.0,1.0,1.0,1.0,104.0
2020-11-27,RRK,Midlands,UNIVERSITY HOSPITALS BIRMINGHAM NHS FOUNDATION TRUST,26.0,384.0,51.0,331.0,1702.0,166.0,51.0,43.0,8.0,2199.0,102.0,1.0,1.0,1.0,1.0,1.0,1.0,1.0,1.0,1.0,102.0
2020-11-28,RRK,Midlands,UNIVERSITY HOSPITALS BIRMINGHAM NHS FOUNDATION TRUST,31.0,374.0,48.0,325.0,1720.0,225.0,48.0,50.0,9.0,2270.0,107.0,1.0,1.0,1.0,1.0,1.0,1.0,1.0,1.0,1.0,107.0
2020-11-29,RRK,Midlands,UNIVERSITY HOSPITALS BIRMINGHAM NHS FOUNDATION TRUST,37.0,381.0,45.0,334.0,1624.0,230.0,45.0,49.0,8.0,2188.0,102.0,1.0,1.0,1.0,1.0,1.0,1.0,1.0,1.0,1.0,102.0
2020-11-30,RRK,Midlands,UNIVERSITY HOSPITALS BIRMINGHAM NHS FOUNDATION TRUST,40.0,383.0,44.0,338.0,1687.0,189.0,44.0,43.0,10.0,2214.0,97.0,1.0,1.0,1.0,1.0,1.0,1.0,1.0,1.0,1.0,97.0
2020-12-01,RRK,Midlands,UNIVERSITY HOSPITALS BIRMINGHAM NHS FOUNDATION TRUST,42.0,368.0,47.0,320.0,1738.0,153.0,47.0,45.0,7.0,2211.0,99.0,1.0,1.0,1.0,1.0,1.0,1.0,1.0,1.0,1.0,99.0
2020-12-02,RRK,Midlands,UNIVERSITY HOSPITALS BIRMINGHAM NHS FOUNDATION TRUST,42.0,347.0,42.0,304.0,1819.0,154.0,42.0,48.0,8.0,2277.0,98.0,1.0,1.0,1.0,1.0,1.0,1.0,1.0,1.0,1.0,98.0
2020-12-03,RRK,Midlands,UNIVERSITY HOSPITALS BIRMINGHAM NHS FOUNDATION TRUST,37.0,342.0,41.0,300.0,1773.0,171.0,41.0,45.0,6.0,2244.0,92.0,1.0,1.0,1.0,1.0,1.0,1.0,1.0,1.0,1.0,92.0
2020-12-04,RRK,Midlands,UNIVERSITY HOSPITALS BIRMINGHAM NHS FOUNDATION TRUST,43.0,339.0,38.0,299.0,1767.0,172.0,38.0,44.0,15.0,2238.0,97.0,1.0,1.0,1.0,1.0,1.0,1.0,1.0,1.0,1.0,97.0
2020-12-05,RRK,Midlands,UNIVERSITY HOSPITALS BIRMINGHAM NHS FOUNDATION TRUST,34.0,349.0,34.0,313.0,1719.0,174.0,34.0,50.0,13.0,2206.0,97.0,1.0,1.0,1.0,1.0,1.0,1.0,1.0,1.0,1.0,97.0
2020-12-06,RRK,Midlands,UNIVERSITY HOSPITALS BIRMINGHAM NHS FOUNDATION TRUST,36.0,369.0,40.0,328.0,1733.0,153.0,39.0,54.0,6.0,2214.0,99.0,1.0,1.0,1.0,1.0,1.0,1.0,1.0,1.0,1.0,99.0
2020-12-07,RRK,Midlands,UNIVERSITY HOSPITALS BIRMINGHAM NHS FOUNDATION TRUST,34.0,380.0,41.0,335.0,1714.0,128.0,41.0,47.0,10.0,2177.0,98.0,1.0,1.0,1.0,1.0,1.0,1.0,1.0,1.0,1.0,98.0
2020-12-08,RRK,Midlands,UNIVERSITY HOSPITALS BIRMINGHAM NHS FOUNDATION TRUST,52.0,356.0,45.0,307.0,1813.0,110.0,45.0,48.0,6.0,2230.0,99.0,1.0,1.0,1.0,1.0,1.0,1.0,1.0,1.0,1.0,99.0
2020-12-09,RRK,Midlands,UNIVERSITY HOSPITALS BIRMINGHAM NHS FOUNDATION TRUST,48.0,344.0,51.0,288.0,1769.0,149.0,51.0,49.0,3.0,2206.0,103.0,1.0,1.0,1.0,1.0,1.0,1.0,1.0,1.0,1.0,103.0
2020-12-10,RRK,Midlands,UNIVERSITY HOSPITALS BIRMINGHAM NHS FOUNDATION TRUST,47.0,364.0,48.0,312.0,1759.0,147.0,48.0,47.0,7.0,2218.0,102.0,1.0,1.0,1.0,1.0,1.0,1.0,1.0,1.0,1.0,102.0
2020-12-11,RRK,Midlands,UNIVERSITY HOSPITALS BIRMINGHAM NHS FOUNDATION TRUST,32.0,352.0,46.0,304.0,1826.0,124.0,45.0,48.0,10.0,2254.0,103.0,1.0,1.0,1.0,1.0,1.0,1.0,1.0,1.0,1.0,103.0
2020-12-12,RRK,Midlands,UNIVERSITY HOSPITALS BIRMINGHAM NHS FOUNDATION TRUST,35.0,366.0,45.0,319.0,1765.0,161.0,44.0,44.0,9.0,2245.0,97.0,1.0,1.0,1.0,1.0,1.0,1.0,1.0,1.0,1.0,97.0
2020-12-13,RRK,Midlands,UNIVERSITY HOSPITALS BIRMINGHAM NHS FOUNDATION TRUST,37.0,374.0,42.0,329.0,1767.0,165.0,41.0,43.0,14.0,2261.0,98.0,1.0,1.0,1.0,1.0,1.0,1.0,1.0,1.0,1.0,98.0
2020-12-14,RRK,Midlands,UNIVERSITY HOSPITALS BIRMINGHAM NHS FOUNDATION TRUST,54.0,390.0,41.0,345.0,1770.0,135.0,41.0,46.0,12.0,2250.0,99.0,1.0,1.0,1.0,1.0,1.0,1.0,1.0,1.0,1.0,99.0
2020-12-15,RRK,Midlands,UNIVERSITY HOSPITALS BIRMINGHAM NHS FOUNDATION TRUST,45.0,376.0,41.0,334.0,1761.0,102.0,40.0,47.0,10.0,2197.0,97.0,1.0,1.0,1.0,1.0,1.0,1.0,1.0,1.0,1.0,97.0
2020-12-16,RRK,Midlands,UNIVERSITY HOSPITALS BIRMINGHAM NHS FOUNDATION TRUST,39.0,383.0,42.0,341.0,1802.0,130.0,41.0,49.0,8.0,2273.0,98.0,1.0,1.0,1.0,1.0,1.0,1.0,1.0,1.0,1.0,98.0
2020-12-17,RRK,Midlands,UNIVERSITY HOSPITALS BIRMINGHAM NHS FOUNDATION TRUST,58.0,365.0,35.0,325.0,1821.0,159.0,35.0,46.0,16.0,2305.0,97.0,1.0,1.0,1.0,1.0,1.0,1.0,1.0,1.0,1.0,97.0
2020-12-18,RRK,Midlands,UNIVERSITY HOSPITALS BIRMINGHAM NHS FOUNDATION TRUST,34.0,372.0,34.0,335.0,1807.0,106.0,34.0,47.0,16.0,2248.0,97.0,1.0,1.0,1.0,1.0,1.0,1.0,1.0,1.0,1.0,97.0
2020-12-19,RRK,Midlands,UNIVERSITY HOSPITALS BIRMINGHAM NHS FOUNDATION TRUST,34.0,392.0,36.0,354.0,1744.0,145.0,36.0,44.0,17.0,2243.0,97.0,1.0,1.0,1.0,1.0,1.0,1.0,1.0,1.0,1.0,97.0
2020-12-20,RRK,Midlands,UNIVERSITY HOSPITALS BIRMINGHAM NHS FOUNDATION TRUST,47.0,414.0,37.0,375.0,1701.0,144.0,37.0,44.0,16.0,2220.0,97.0,1.0,1.0,1.0,1.0,1.0,1.0,1.0,1.0,1.0,97.0
2020-12-21,RRK,Midlands,UNIVERSITY HOSPITALS BIRMINGHAM NHS FOUNDATION TRUST,73.0,432.0,38.0,390.0,1742.0,148.0,38.0,39.0,20.0,2280.0,97.0,1.0,1.0,1.0,1.0,1.0,1.0,1.0,1.0,1.0,97.0
2020-12-22,RRK,Midlands,UNIVERSITY HOSPITALS BIRMINGHAM NHS FOUNDATION TRUST,65.0,434.0,40.0,391.0,1712.0,118.0,40.0,42.0,8.0,2221.0,90.0,1.0,1.0,1.0,1.0,1.0,1.0,1.0,1.0,1.0,90.0
2020-12-23,RRK,Midlands,UNIVERSITY HOSPITALS BIRMINGHAM NHS FOUNDATION TRUST,64.0,444.0,42.0,399.0,1651.0,165.0,42.0,44.0,11.0,2215.0,97.0,1.0,1.0,1.0,1.0,1.0,1.0,1.0,1.0,1.0,97.0
2020-12-24,RRK,Midlands,UNIVERSITY HOSPITALS BIRMINGHAM NHS FOUNDATION TRUST,43.0,452.0,44.0,406.0,1623.0,197.0,44.0,48.0,0.0,2226.0,92.0,1.0,1.0,1.0,1.0,1.0,1.0,1.0,1.0,1.0,92.0
2020-12-25,RRK,Midlands,UNIVERSITY HOSPITALS BIRMINGHAM NHS FOUNDATION TRUST,36.0,466.0,47.0,417.0,1438.0,377.0,47.0,45.0,0.0,2232.0,92.0,1.0,1.0,1.0,1.0,1.0,1.0,1.0,1.0,1.0,92.0
2020-12-26,RRK,Midlands,UNIVERSITY HOSPITALS BIRMINGHAM NHS FOUNDATION TRUST,43.0,468.0,50.0,418.0,1552.0,300.0,50.0,39.0,5.0,2270.0,94.0,1.0,1.0,1.0,1.0,1.0,1.0,1.0,1.0,1.0,94.0
2020-12-27,RRK,Midlands,UNIVERSITY HOSPITALS BIRMINGHAM NHS FOUNDATION TRUST,59.0,477.0,49.0,428.0,1522.0,272.0,49.0,41.0,6.0,2222.0,96.0,1.0,1.0,1.0,1.0,1.0,1.0,1.0,1.0,1.0,96.0
2020-12-28,RRK,Midlands,UNIVERSITY HOSPITALS BIRMINGHAM NHS FOUNDATION TRUST,64.0,490.0,45.0,445.0,1523.0,200.0,45.0,51.0,0.0,2168.0,96.0,1.0,1.0,1.0,1.0,1.0,1.0,1.0,1.0,1.0,96.0
2020-12-29,RRK,Midlands,UNIVERSITY HOSPITALS BIRMINGHAM NHS FOUNDATION TRUST,78.0,509.0,52.0,455.0,1528.0,193.0,52.0,47.0,0.0,2176.0,99.0,1.0,1.0,1.0,1.0,1.0,1.0,1.0,1.0,1.0,99.0
2020-12-30,RRK,Midlands,UNIVERSITY HOSPITALS BIRMINGHAM NHS FOUNDATION TRUST,69.0,523.0,53.0,467.0,1616.0,137.0,53.0,48.0,0.0,2220.0,101.0,1.0,1.0,1.0,1.0,1.0,1.0,1.0,1.0,1.0,101.0
2020-12-31,RRK,Midlands,UNIVERSITY HOSPITALS BIRMINGHAM NHS FOUNDATION TRUST,55.0,540.0,54.0,485.0,1641.0,149.0,54.0,55.0,0.0,2275.0,109.0,1.0,1.0,1.0,1.0,1.0,1.0,1.0,1.0,1.0,109.0
2021-01-01,RRK,Midlands,UNIVERSITY HOSPITALS BIRMINGHAM NHS FOUNDATION TRUST,61.0,556.0,57.0,497.0,1483.0,236.0,57.0,52.0,0.0,2216.0,109.0,1.0,1.0,1.0,1.0,1.0,1.0,1.0,1.0,1.0,109.0
2021-01-02,RRK,Midlands,UNIVERSITY HOSPITALS BIRMINGHAM NHS FOUNDATION TRUST,73.0,579.0,66.0,512.0,1507.0,205.0,66.0,44.0,0.0,2224.0,110.0,1.0,1.0,1.0,1.0,1.0,1.0,1.0,1.0,1.0,110.0
2021-01-03,RRK,Midlands,UNIVERSITY HOSPITALS BIRMINGHAM NHS FOUNDATION TRUST,74.0,616.0,75.0,539.0,1522.0,170.0,75.0,39.0,0.0,2231.0,114.0,1.0,1.0,1.0,1.0,1.0,1.0,1.0,1.0,1.0,114.0
2021-01-04,RRK,Midlands,UNIVERSITY HOSPITALS BIRMINGHAM NHS FOUNDATION TRUST,81.0,624.0,72.0,550.0,1549.0,140.0,72.0,39.0,0.0,2239.0,111.0,1.0,1.0,1.0,1.0,1.0,1.0,1.0,1.0,1.0,111.0
2021-01-05,RRK,Midlands,UNIVERSITY HOSPITALS BIRMINGHAM NHS FOUNDATION TRUST,78.0,625.0,71.0,551.0,1575.0,138.0,71.0,38.0,0.0,2264.0,109.0,1.0,1.0,1.0,1.0,1.0,1.0,1.0,1.0,1.0,109.0
2021-01-06,RRK,Midlands,UNIVERSITY HOSPITALS BIRMINGHAM NHS FOUNDATION TRUST,82.0,607.0,84.0,520.0,1671.0,118.0,84.0,37.0,0.0,2309.0,121.0,1.0,1.0,1.0,1.0,1.0,1.0,1.0,1.0,1.0,121.0
2021-01-07,RRK,Midlands,UNIVERSITY HOSPITALS BIRMINGHAM NHS FOUNDATION TRUST,96.0,619.0,89.0,527.0,1614.0,125.0,89.0,32.0,0.0,2266.0,121.0,1.0,1.0,1.0,1.0,1.0,1.0,1.0,1.0,1.0,121.0
2021-01-08,RRK,Midlands,UNIVERSITY HOSPITALS BIRMINGHAM NHS FOUNDATION TRUST,105.0,650.0,101.0,546.0,1629.0,121.0,101.0,34.0,0.0,2296.0,135.0,1.0,1.0,1.0,1.0,1.0,1.0,1.0,1.0,1.0,135.0
2021-01-09,RRK,Midlands,UNIVERSITY HOSPITALS BIRMINGHAM NHS FOUNDATION TRUST,95.0,703.0,108.0,592.0,1522.0,145.0,108.0,33.0,0.0,2259.0,141.0,1.0,1.0,1.0,1.0,1.0,1.0,1.0,1.0,1.0,141.0
2021-01-10,RRK,Midlands,UNIVERSITY HOSPITALS BIRMINGHAM NHS FOUNDATION TRUST,102.0,770.0,114.0,651.0,1468.0,143.0,113.0,33.0,0.0,2262.0,146.0,1.0,1.0,1.0,1.0,1.0,1.0,1.0,1.0,1.0,146.0
2021-01-11,RRK,Midlands,UNIVERSITY HOSPITALS BIRMINGHAM NHS FOUNDATION TRUST,120.0,775.0,116.0,652.0,1575.0,92.0,116.0,31.0,0.0,2319.0,147.0,1.0,1.0,1.0,1.0,1.0,1.0,1.0,1.0,1.0,147.0
2021-01-12,RRK,Midlands,UNIVERSITY HOSPITALS BIRMINGHAM NHS FOUNDATION TRUST,138.0,801.0,126.0,668.0,1453.0,143.0,126.0,32.0,0.0,2264.0,158.0,1.0,1.0,1.0,1.0,1.0,1.0,1.0,1.0,1.0,158.0
2021-01-13,RRK,Midlands,UNIVERSITY HOSPITALS BIRMINGHAM NHS FOUNDATION TRUST,113.0,813.0,131.0,673.0,1475.0,131.0,131.0,30.0,0.0,2279.0,161.0,1.0,1.0,1.0,1.0,1.0,1.0,1.0,1.0,1.0,161.0
2021-01-14,RRK,Midlands,UNIVERSITY HOSPITALS BIRMINGHAM NHS FOUNDATION TRUST,108.0,835.0,131.0,697.0,1418.0,152.0,131.0,32.0,0.0,2267.0,163.0,1.0,1.0,1.0,1.0,1.0,1.0,1.0,1.0,1.0,163.0
2021-01-15,RRK,Midlands,UNIVERSITY HOSPITALS BIRMINGHAM NHS FOUNDATION TRUST,95.0,857.0,137.0,710.0,1396.0,159.0,137.0,29.0,0.0,2265.0,166.0,1.0,1.0,1.0,1.0,1.0,1.0,1.0,1.0,1.0,166.0
2021-01-16,RRK,Midlands,UNIVERSITY HOSPITALS BIRMINGHAM NHS FOUNDATION TRUST,104.0,889.0,137.0,743.0,1342.0,181.0,137.0,27.0,0.0,2266.0,164.0,1.0,1.0,1.0,1.0,1.0,1.0,1.0,1.0,1.0,164.0
2021-01-17,RRK,Midlands,UNIVERSITY HOSPITALS BIRMINGHAM NHS FOUNDATION TRUST,124.0,914.0,141.0,767.0,1314.0,184.0,141.0,26.0,0.0,2265.0,167.0,1.0,1.0,1.0,1.0,1.0,1.0,1.0,1.0,1.0,167.0
2021-01-18,RRK,Midlands,UNIVERSITY HOSPITALS BIRMINGHAM NHS FOUNDATION TRUST,135.0,929.0,147.0,774.0,1398.0,127.0,147.0,29.0,0.0,2299.0,176.0,1.0,1.0,1.0,1.0,1.0,1.0,1.0,1.0,1.0,176.0
2021-01-19,RRK,Midlands,UNIVERSITY HOSPITALS BIRMINGHAM NHS FOUNDATION TRUST,109.0,930.0,147.0,774.0,1350.0,141.0,147.0,28.0,0.0,2265.0,175.0,1.0,1.0,1.0,1.0,1.0,1.0,1.0,1.0,1.0,175.0
2021-01-20,RRK,Midlands,UNIVERSITY HOSPITALS BIRMINGHAM NHS FOUNDATION TRUST,131.0,945.0,158.0,778.0,1399.0,120.0,158.0,28.0,0.0,2297.0,186.0,1.0,1.0,1.0,1.0,1.0,1.0,1.0,1.0,1.0,186.0
2021-01-21,RRK,Midlands,UNIVERSITY HOSPITALS BIRMINGHAM NHS FOUNDATION TRUST,114.0,975.0,167.0,799.0,1343.0,149.0,167.0,29.0,0.0,2291.0,196.0,1.0,1.0,1.0,1.0,1.0,1.0,1.0,1.0,1.0,196.0
2021-01-22,RRK,Midlands,UNIVERSITY HOSPITALS BIRMINGHAM NHS FOUNDATION TRUST,98.0,942.0,160.0,777.0,1290.0,205.0,160.0,31.0,0.0,2272.0,191.0,1.0,1.0,1.0,1.0,1.0,1.0,1.0,1.0,1.0,191.0
2021-01-23,RRK,Midlands,UNIVERSITY HOSPITALS BIRMINGHAM NHS FOUNDATION TRUST,61.0,966.0,154.0,805.0,1261.0,198.0,154.0,26.0,0.0,2264.0,180.0,1.0,1.0,1.0,1.0,1.0,1.0,1.0,1.0,1.0,180.0
2021-01-24,RRK,Midlands,UNIVERSITY HOSPITALS BIRMINGHAM NHS FOUNDATION TRUST,96.0,990.0,152.0,830.0,1308.0,120.0,152.0,29.0,0.0,2258.0,181.0,1.0,1.0,1.0,1.0,1.0,1.0,1.0,1.0,1.0,181.0
2021-01-25,RRK,Midlands,UNIVERSITY HOSPITALS BIRMINGHAM NHS FOUNDATION TRUST,69.0,946.0,160.0,781.0,1340.0,161.0,160.0,31.0,0.0,2282.0,191.0,1.0,1.0,1.0,1.0,1.0,1.0,1.0,1.0,1.0,191.0
2021-01-26,RRK,Midlands,UNIVERSITY HOSPITALS BIRMINGHAM NHS FOUNDATION TRUST,89.0,912.0,161.0,746.0,1392.0,139.0,161.0,30.0,0.0,2277.0,191.0,1.0,1.0,1.0,1.0,1.0,1.0,1.0,1.0,1.0,191.0
2021-01-27,RRK,Midlands,UNIVERSITY HOSPITALS BIRMINGHAM NHS FOUNDATION TRUST,108.0,890.0,154.0,731.0,1445.0,155.0,154.0,28.0,0.0,2331.0,182.0,1.0,1.0,1.0,1.0,1.0,1.0,1.0,1.0,1.0,182.0
2021-01-28,RRK,Midlands,UNIVERSITY HOSPITALS BIRMINGHAM NHS FOUNDATION TRUST,95.0,871.0,155.0,710.0,1434.0,150.0,155.0,22.0,0.0,2294.0,177.0,1.0,1.0,1.0,1.0,1.0,1.0,1.0,1.0,1.0,177.0
2021-01-29,RRK,Midlands,UNIVERSITY HOSPITALS BIRMINGHAM NHS FOUNDATION TRUST,87.0,877.0,150.0,717.0,1372.0,201.0,150.0,23.0,0.0,2290.0,173.0,1.0,1.0,1.0,1.0,1.0,1.0,1.0,1.0,1.0,173.0
2021-01-30,RRK,Midlands,UNIVERSITY HOSPITALS BIRMINGHAM NHS FOUNDATION TRUST,63.0,892.0,153.0,728.0,1336.0,167.0,153.0,22.0,0.0,2231.0,175.0,1.0,1.0,1.0,1.0,1.0,1.0,1.0,1.0,1.0,175.0
2021-01-31,RRK,Midlands,UNIVERSITY HOSPITALS BIRMINGHAM NHS FOUNDATION TRUST,62.0,926.0,157.0,762.0,1348.0,138.0,157.0,23.0,0.0,2248.0,180.0,1.0,1.0,1.0,1.0,1.0,1.0,1.0,1.0,1.0,180.0
2021-02-01,RRK,Midlands,UNIVERSITY HOSPITALS BIRMINGHAM NHS FOUNDATION TRUST,74.0,864.0,152.0,706.0,1460.0,133.0,152.0,23.0,0.0,2299.0,175.0,1.0,1.0,1.0,1.0,1.0,1.0,1.0,1.0,1.0,175.0
2021-02-02,RRK,Midlands,UNIVERSITY HOSPITALS BIRMINGHAM NHS FOUNDATION TRUST,85.0,854.0,143.0,702.0,1471.0,139.0,143.0,23.0,0.0,2312.0,166.0,1.0,1.0,1.0,1.0,1.0,1.0,1.0,1.0,1.0,166.0
2021-02-03,RRK,Midlands,UNIVERSITY HOSPITALS BIRMINGHAM NHS FOUNDATION TRUST,56.0,819.0,142.0,673.0,1501.0,152.0,142.0,27.0,0.0,2326.0,169.0,1.0,1.0,1.0,1.0,1.0,1.0,1.0,1.0,1.0,169.0
2021-02-04,RRK,Midlands,UNIVERSITY HOSPITALS BIRMINGHAM NHS FOUNDATION TRUST,84.0,775.0,137.0,633.0,1501.0,146.0,137.0,26.0,0.0,2280.0,163.0,1.0,1.0,1.0,1.0,1.0,1.0,1.0,1.0,1.0,163.0
2021-02-05,RRK,Midlands,UNIVERSITY HOSPITALS BIRMINGHAM NHS FOUNDATION TRUST,60.0,740.0,135.0,600.0,1555.0,155.0,135.0,26.0,0.0,2310.0,161.0,1.0,1.0,1.0,1.0,1.0,1.0,1.0,1.0,1.0,161.0
2021-02-06,RRK,Midlands,UNIVERSITY HOSPITALS BIRMINGHAM NHS FOUNDATION TRUST,53.0,739.0,133.0,601.0,1515.0,159.0,133.0,23.0,0.0,2275.0,156.0,1.0,1.0,1.0,1.0,1.0,1.0,1.0,1.0,1.0,156.0
2021-02-07,RRK,Midlands,UNIVERSITY HOSPITALS BIRMINGHAM NHS FOUNDATION TRUST,66.0,711.0,127.0,577.0,1505.0,180.0,127.0,23.0,0.0,2262.0,150.0,1.0,1.0,1.0,1.0,1.0,1.0,1.0,1.0,1.0,150.0
2021-02-08,RRK,Midlands,UNIVERSITY HOSPITALS BIRMINGHAM NHS FOUNDATION TRUST,63.0,689.0,121.0,559.0,1534.0,194.0,121.0,22.0,0.0,2287.0,143.0,1.0,1.0,1.0,1.0,1.0,1.0,1.0,1.0,1.0,143.0
2021-02-09,RRK,Midlands,UNIVERSITY HOSPITALS BIRMINGHAM NHS FOUNDATION TRUST,62.0,675.0,123.0,543.0,1602.0,208.0,123.0,27.0,0.0,2353.0,150.0,1.0,1.0,1.0,1.0,1.0,1.0,1.0,1.0,1.0,150.0
2021-02-10,RRK,Midlands,UNIVERSITY HOSPITALS BIRMINGHAM NHS FOUNDATION TRUST,46.0,632.0,114.0,511.0,1551.0,244.0,114.0,31.0,0.0,2306.0,145.0,1.0,1.0,1.0,1.0,1.0,1.0,1.0,1.0,1.0,145.0
2021-02-11,RRK,Midlands,UNIVERSITY HOSPITALS BIRMINGHAM NHS FOUNDATION TRUST,49.0,592.0,116.0,471.0,1604.0,234.0,116.0,32.0,0.0,2309.0,148.0,1.0,1.0,1.0,1.0,1.0,1.0,1.0,1.0,1.0,148.0
2021-02-12,RRK,Midlands,UNIVERSITY HOSPITALS BIRMINGHAM NHS FOUNDATION TRUST,44.0,561.0,115.0,442.0,1580.0,272.0,115.0,31.0,0.0,2294.0,146.0,1.0,1.0,1.0,1.0,1.0,1.0,1.0,1.0,1.0,146.0
2021-02-13,RRK,Midlands,UNIVERSITY HOSPITALS BIRMINGHAM NHS FOUNDATION TRUST,34.0,540.0,114.0,423.0,1347.0,289.0,114.0,32.0,0.0,2059.0,146.0,1.0,1.0,1.0,1.0,1.0,1.0,1.0,1.0,1.0,146.0
2021-02-14,RRK,Midlands,UNIVERSITY HOSPITALS BIRMINGHAM NHS FOUNDATION TRUST,53.0,515.0,120.0,393.0,1662.0,235.0,120.0,19.0,0.0,2290.0,139.0,1.0,1.0,1.0,1.0,1.0,1.0,1.0,1.0,1.0,139.0
2021-02-15,RRK,Midlands,UNIVERSITY HOSPITALS BIRMINGHAM NHS FOUNDATION TRUST,51.0,487.0,107.0,373.0,1678.0,239.0,107.0,27.0,0.0,2290.0,134.0,1.0,1.0,1.0,1.0,1.0,1.0,1.0,1.0,1.0,134.0
2021-02-16,RRK,Midlands,UNIVERSITY HOSPITALS BIRMINGHAM NHS FOUNDATION TRUST,54.0,497.0,102.0,388.0,1740.0,177.0,102.0,28.0,0.0,2305.0,130.0,1.0,1.0,1.0,1.0,1.0,1.0,1.0,1.0,1.0,130.0
2021-02-17,RRK,Midlands,UNIVERSITY HOSPITALS BIRMINGHAM NHS FOUNDATION TRUST,49.0,469.0,104.0,359.0,1734.0,148.0,104.0,28.0,0.0,2241.0,132.0,1.0,1.0,1.0,1.0,1.0,1.0,1.0,1.0,1.0,132.0
2021-02-18,RRK,Midlands,UNIVERSITY HOSPITALS BIRMINGHAM NHS FOUNDATION TRUST,42.0,457.0,101.0,348.0,1736.0,169.0,101.0,35.0,0.0,2253.0,136.0,1.0,1.0,1.0,1.0,1.0,1.0,1.0,1.0,1.0,136.0
2021-02-19,RRK,Midlands,UNIVERSITY HOSPITALS BIRMINGHAM NHS FOUNDATION TRUST,49.0,441.0,98.0,335.0,1735.0,178.0,98.0,36.0,0.0,2248.0,134.0,1.0,1.0,1.0,1.0,1.0,1.0,1.0,1.0,1.0,134.0
2021-02-20,RRK,Midlands,UNIVERSITY HOSPITALS BIRMINGHAM NHS FOUNDATION TRUST,36.0,448.0,87.0,356.0,1679.0,208.0,87.0,40.0,0.0,2243.0,127.0,1.0,1.0,1.0,1.0,1.0,1.0,1.0,1.0,1.0,127.0
2021-02-21,RRK,Midlands,UNIVERSITY HOSPITALS BIRMINGHAM NHS FOUNDATION TRUST,34.0,432.0,89.0,337.0,1729.0,154.0,89.0,32.0,0.0,2220.0,121.0,1.0,1.0,1.0,1.0,1.0,1.0,1.0,1.0,1.0,121.0
2021-02-22,RRK,Midlands,UNIVERSITY HOSPITALS BIRMINGHAM NHS FOUNDATION TRUST,42.0,441.0,87.0,345.0,1795.0,114.0,87.0,32.0,0.0,2254.0,119.0,1.0,1.0,1.0,1.0,1.0,1.0,1.0,1.0,1.0,119.0
2021-02-23,RRK,Midlands,UNIVERSITY HOSPITALS BIRMINGHAM NHS FOUNDATION TRUST,55.0,412.0,82.0,324.0,1820.0,145.0,82.0,32.0,0.0,2289.0,114.0,1.0,1.0,1.0,1.0,1.0,1.0,1.0,1.0,1.0,114.0
2021-02-24,RRK,Midlands,UNIVERSITY HOSPITALS BIRMINGHAM NHS FOUNDATION TRUST,35.0,410.0,78.0,328.0,1844.0,107.0,78.0,34.0,0.0,2279.0,112.0,1.0,1.0,1.0,1.0,1.0,1.0,1.0,1.0,1.0,112.0
2021-02-25,RRK,Midlands,UNIVERSITY HOSPITALS BIRMINGHAM NHS FOUNDATION TRUST,42.0,396.0,79.0,310.0,1847.0,129.0,79.0,36.0,0.0,2286.0,115.0,1.0,1.0,1.0,1.0,1.0,1.0,1.0,1.0,1.0,115.0
2021-02-26,RRK,Midlands,UNIVERSITY HOSPITALS BIRMINGHAM NHS FOUNDATION TRUST,27.0,376.0,75.0,294.0,1827.0,157.0,75.0,38.0,0.0,2278.0,113.0,1.0,1.0,1.0,1.0,1.0,1.0,1.0,1.0,1.0,113.0
2021-02-27,RRK,Midlands,UNIVERSITY HOSPITALS BIRMINGHAM NHS FOUNDATION TRUST,23.0,363.0,73.0,285.0,1762.0,171.0,73.0,40.0,0.0,2218.0,113.0,1.0,1.0,1.0,1.0,1.0,1.0,1.0,1.0,1.0,113.0
2021-02-28,RRK,Midlands,UNIVERSITY HOSPITALS BIRMINGHAM NHS FOUNDATION TRUST,26.0,355.0,74.0,275.0,1766.0,163.0,74.0,43.0,0.0,2204.0,117.0,1.0,1.0,1.0,1.0,1.0,1.0,1.0,1.0,1.0,117.0
2021-03-01,RRK,Midlands,UNIVERSITY HOSPITALS BIRMINGHAM NHS FOUNDATION TRUST,40.0,345.0,72.0,267.0,1805.0,135.0,72.0,42.0,0.0,2207.0,114.0,1.0,1.0,1.0,1.0,1.0,1.0,1.0,1.0,1.0,114.0
2021-03-02,RRK,Midlands,UNIVERSITY HOSPITALS BIRMINGHAM NHS FOUNDATION TRUST,28.0,328.0,68.0,255.0,1815.0,161.0,68.0,43.0,0.0,2231.0,111.0,1.0,1.0,1.0,1.0,1.0,1.0,1.0,1.0,1.0,111.0
2021-03-03,RRK,Midlands,UNIVERSITY HOSPITALS BIRMINGHAM NHS FOUNDATION TRUST,32.0,316.0,67.0,243.0,1801.0,204.0,67.0,42.0,0.0,2248.0,109.0,1.0,1.0,1.0,1.0,1.0,1.0,1.0,1.0,1.0,109.0
2021-03-04,RRK,Midlands,UNIVERSITY HOSPITALS BIRMINGHAM NHS FOUNDATION TRUST,31.0,312.0,63.0,243.0,1788.0,211.0,63.0,43.0,0.0,2242.0,106.0,1.0,1.0,1.0,1.0,1.0,1.0,1.0,1.0,1.0,106.0
2021-03-05,RRK,Midlands,UNIVERSITY HOSPITALS BIRMINGHAM NHS FOUNDATION TRUST,25.0,301.0,63.0,231.0,1800.0,205.0,63.0,42.0,0.0,2236.0,105.0,1.0,1.0,1.0,1.0,1.0,1.0,1.0,1.0,1.0,105.0
2021-03-06,RRK,Midlands,UNIVERSITY HOSPITALS BIRMINGHAM NHS FOUNDATION TRUST,21.0,272.0,56.0,209.0,1786.0,205.0,56.0,45.0,0.0,2200.0,101.0,1.0,1.0,1.0,1.0,1.0,1.0,1.0,1.0,1.0,101.0
2021-03-07,RRK,Midlands,UNIVERSITY HOSPITALS BIRMINGHAM NHS FOUNDATION TRUST,21.0,263.0,55.0,202.0,1829.0,168.0,55.0,45.0,2.0,2199.0,102.0,1.0,1.0,1.0,1.0,1.0,1.0,1.0,1.0,1.0,102.0
2021-03-08,RRK,Midlands,UNIVERSITY HOSPITALS BIRMINGHAM NHS FOUNDATION TRUST,25.0,251.0,55.0,193.0,1881.0,147.0,55.0,47.0,0.0,2221.0,102.0,1.0,1.0,1.0,1.0,1.0,1.0,1.0,1.0,1.0,102.0
2021-03-09,RRK,Midlands,UNIVERSITY HOSPITALS BIRMINGHAM NHS FOUNDATION TRUST,16.0,246.0,53.0,191.0,1909.0,103.0,53.0,46.0,0.0,2203.0,99.0,1.0,1.0,1.0,1.0,1.0,1.0,1.0,1.0,1.0,99.0
2021-03-10,RRK,Midlands,UNIVERSITY HOSPITALS BIRMINGHAM NHS FOUNDATION TRUST,19.0,233.0,53.0,177.0,1921.0,125.0,53.0,44.0,0.0,2223.0,97.0,1.0,1.0,1.0,1.0,1.0,1.0,1.0,1.0,1.0,97.0
2021-03-11,RRK,Midlands,UNIVERSITY HOSPITALS BIRMINGHAM NHS FOUNDATION TRUST,25.0,216.0,49.0,164.0,1923.0,146.0,49.0,42.0,0.0,2233.0,91.0,1.0,1.0,1.0,1.0,1.0,1.0,1.0,1.0,1.0,91.0
2021-03-12,RRK,Midlands,UNIVERSITY HOSPITALS BIRMINGHAM NHS FOUNDATION TRUST,14.0,214.0,41.0,168.0,1924.0,142.0,41.0,52.0,0.0,2234.0,93.0,1.0,1.0,1.0,1.0,1.0,1.0,1.0,1.0,1.0,93.0
2021-03-13,RRK,Midlands,UNIVERSITY HOSPITALS BIRMINGHAM NHS FOUNDATION TRUST,19.0,194.0,40.0,150.0,1902.0,177.0,40.0,51.0,0.0,2229.0,91.0,1.0,1.0,1.0,1.0,1.0,1.0,1.0,1.0,1.0,91.0
2021-03-14,RRK,Midlands,UNIVERSITY HOSPITALS BIRMINGHAM NHS FOUNDATION TRUST,8.0,193.0,40.0,151.0,1909.0,168.0,40.0,51.0,0.0,2228.0,91.0,1.0,1.0,1.0,1.0,1.0,1.0,1.0,1.0,1.0,91.0
2021-03-15,RRK,Midlands,UNIVERSITY HOSPITALS BIRMINGHAM NHS FOUNDATION TRUST,16.0,195.0,40.0,151.0,1981.0,111.0,40.0,51.0,0.0,2243.0,91.0,1.0,1.0,1.0,1.0,1.0,1.0,1.0,1.0,1.0,91.0
2021-03-16,RRK,Midlands,UNIVERSITY HOSPITALS BIRMINGHAM NHS FOUNDATION TRUST,13.0,179.0,35.0,141.0,1978.0,101.0,35.0,50.0,0.0,2220.0,85.0,1.0,1.0,1.0,1.0,1.0,1.0,1.0,1.0,1.0,85.0
2021-03-17,RRK,Midlands,UNIVERSITY HOSPITALS BIRMINGHAM NHS FOUNDATION TRUST,12.0,167.0,33.0,131.0,2000.0,91.0,33.0,53.0,0.0,2222.0,86.0,1.0,1.0,1.0,1.0,1.0,1.0,1.0,1.0,1.0,86.0
2021-03-18,RRK,Midlands,UNIVERSITY HOSPITALS BIRMINGHAM NHS FOUNDATION TRUST,16.0,152.0,33.0,118.0,2041.0,86.0,33.0,51.0,0.0,2245.0,84.0,1.0,1.0,1.0,1.0,1.0,1.0,1.0,1.0,1.0,84.0
2021-03-19,RRK,Midlands,UNIVERSITY HOSPITALS BIRMINGHAM NHS FOUNDATION TRUST,13.0,142.0,25.0,115.0,1971.0,157.0,25.0,54.0,0.0,2243.0,79.0,1.0,1.0,1.0,1.0,1.0,1.0,1.0,1.0,1.0,79.0
2021-03-20,RRK,Midlands,UNIVERSITY HOSPITALS BIRMINGHAM NHS FOUNDATION TRUST,7.0,131.0,25.0,103.0,1928.0,175.0,25.0,52.0,0.0,2206.0,77.0,1.0,1.0,1.0,1.0,1.0,1.0,1.0,1.0,1.0,77.0
2021-03-21,RRK,Midlands,UNIVERSITY HOSPITALS BIRMINGHAM NHS FOUNDATION TRUST,9.0,128.0,24.0,102.0,2008.0,132.0,24.0,50.0,0.0,2242.0,74.0,1.0,1.0,1.0,1.0,1.0,1.0,1.0,1.0,1.0,74.0
2021-03-22,RRK,Midlands,UNIVERSITY HOSPITALS BIRMINGHAM NHS FOUNDATION TRUST,7.0,117.0,24.0,91.0,1990.0,158.0,24.0,54.0,0.0,2239.0,78.0,1.0,1.0,1.0,1.0,1.0,1.0,1.0,1.0,1.0,78.0
2021-03-23,RRK,Midlands,UNIVERSITY HOSPITALS BIRMINGHAM NHS FOUNDATION TRUST,14.0,112.0,23.0,88.0,2019.0,138.0,23.0,58.0,0.0,2245.0,81.0,1.0,1.0,1.0,1.0,1.0,1.0,1.0,1.0,1.0,81.0
2021-03-24,RRK,Midlands,UNIVERSITY HOSPITALS BIRMINGHAM NHS FOUNDATION TRUST,9.0,101.0,21.0,79.0,2041.0,122.0,21.0,59.0,0.0,2242.0,80.0,1.0,1.0,1.0,1.0,1.0,1.0,1.0,1.0,1.0,80.0
2021-03-25,RRK,Midlands,UNIVERSITY HOSPITALS BIRMINGHAM NHS FOUNDATION TRUST,16.0,95.0,19.0,76.0,2032.0,156.0,19.0,63.0,0.0,2264.0,82.0,1.0,1.0,1.0,1.0,1.0,1.0,1.0,1.0,1.0,82.0
2021-03-26,RRK,Midlands,UNIVERSITY HOSPITALS BIRMINGHAM NHS FOUNDATION TRUST,9.0,97.0,20.0,77.0,2054.0,113.0,20.0,66.0,0.0,2244.0,86.0,1.0,1.0,1.0,1.0,1.0,1.0,1.0,1.0,1.0,86.0
2021-03-27,RRK,Midlands,UNIVERSITY HOSPITALS BIRMINGHAM NHS FOUNDATION TRUST,14.0,98.0,20.0,77.0,1990.0,181.0,20.0,59.0,0.0,2248.0,79.0,1.0,1.0,1.0,1.0,1.0,1.0,1.0,1.0,1.0,79.0
2021-03-28,RRK,Midlands,UNIVERSITY HOSPITALS BIRMINGHAM NHS FOUNDATION TRUST,10.0,94.0,20.0,73.0,1989.0,187.0,20.0,51.0,0.0,2249.0,71.0,1.0,1.0,1.0,1.0,1.0,1.0,1.0,1.0,1.0,71.0
2021-03-29,RRK,Midlands,UNIVERSITY HOSPITALS BIRMINGHAM NHS FOUNDATION TRUST,8.0,94.0,20.0,72.0,1997.0,149.0,20.0,52.0,0.0,2218.0,72.0,1.0,1.0,1.0,1.0,1.0,1.0,1.0,1.0,1.0,72.0
2021-03-30,RRK,Midlands,UNIVERSITY HOSPITALS BIRMINGHAM NHS FOUNDATION TRUST,8.0,83.0,21.0,61.0,2054.0,113.0,21.0,48.0,0.0,2228.0,69.0,1.0,1.0,1.0,1.0,1.0,1.0,1.0,1.0,1.0,69.0
2021-03-31,RRK,Midlands,UNIVERSITY HOSPITALS BIRMINGHAM NHS FOUNDATION TRUST,13.0,75.0,22.0,52.0,2091.0,85.0,22.0,52.0,0.0,2228.0,74.0,1.0,1.0,1.0,1.0,1.0,1.0,1.0,1.0,1.0,74.0
2021-04-01,RRK,Midlands,UNIVERSITY HOSPITALS BIRMINGHAM NHS FOUNDATION TRUST,5.0,74.0,21.0,52.0,2098.0,79.0,21.0,56.0,0.0,2229.0,77.0,1.0,1.0,1.0,1.0,1.0,1.0,1.0,1.0,1.0,77.0
2021-04-02,RRK,Midlands,UNIVERSITY HOSPITALS BIRMINGHAM NHS FOUNDATION TRUST,8.0,75.0,21.0,53.0,2005.0,172.0,21.0,56.0,0.0,2230.0,77.0,1.0,1.0,1.0,1.0,1.0,1.0,1.0,1.0,1.0,77.0
2021-04-03,RRK,Midlands,UNIVERSITY HOSPITALS BIRMINGHAM NHS FOUNDATION TRUST,4.0,72.0,21.0,50.0,2028.0,152.0,21.0,56.0,3.0,2230.0,80.0,1.0,1.0,1.0,1.0,1.0,1.0,1.0,1.0,1.0,80.0
2021-04-04,RRK,Midlands,UNIVERSITY HOSPITALS BIRMINGHAM NHS FOUNDATION TRUST,3.0,68.0,20.0,47.0,2020.0,159.0,20.0,62.0,1.0,2226.0,83.0,1.0,1.0,1.0,1.0,1.0,1.0,1.0,1.0,1.0,83.0
2021-04-05,RRK,Midlands,UNIVERSITY HOSPITALS BIRMINGHAM NHS FOUNDATION TRUST,8.0,67.0,21.0,45.0,2009.0,172.0,21.0,63.0,2.0,2226.0,86.0,1.0,1.0,1.0,1.0,1.0,1.0,1.0,1.0,1.0,86.0
2021-04-06,RRK,Midlands,UNIVERSITY HOSPITALS BIRMINGHAM NHS FOUNDATION TRUST,9.0,69.0,20.0,47.0,2089.0,115.0,20.0,63.0,0.0,2251.0,83.0,1.0,1.0,1.0,1.0,1.0,1.0,1.0,1.0,1.0,83.0
2020-11-17,RTG,Midlands,UNIVERSITY HOSPITALS OF DERBY AND BURTON NHS FOUNDATION TRUST,27.0,306.0,18.0,269.0,910.0,110.0,18.0,25.0,28.0,1289.0,71.0,1.0,1.0,1.0,1.0,1.0,1.0,1.0,1.0,1.0,71.0
2020-11-18,RTG,Midlands,UNIVERSITY HOSPITALS OF DERBY AND BURTON NHS FOUNDATION TRUST,24.0,305.0,19.0,267.0,891.0,120.0,19.0,24.0,28.0,1278.0,71.0,1.0,1.0,1.0,1.0,1.0,1.0,1.0,1.0,1.0,71.0
2020-11-19,RTG,Midlands,UNIVERSITY HOSPITALS OF DERBY AND BURTON NHS FOUNDATION TRUST,32.0,294.0,18.0,254.0,879.0,131.0,18.0,20.0,33.0,1264.0,71.0,1.0,1.0,1.0,1.0,1.0,1.0,1.0,1.0,1.0,71.0
2020-11-20,RTG,Midlands,UNIVERSITY HOSPITALS OF DERBY AND BURTON NHS FOUNDATION TRUST,26.0,282.0,19.0,244.0,887.0,149.0,19.0,21.0,31.0,1280.0,71.0,1.0,1.0,1.0,1.0,1.0,1.0,1.0,1.0,1.0,71.0
2020-11-21,RTG,Midlands,UNIVERSITY HOSPITALS OF DERBY AND BURTON NHS FOUNDATION TRUST,23.0,277.0,14.0,245.0,851.0,192.0,14.0,23.0,34.0,1288.0,71.0,1.0,1.0,1.0,1.0,1.0,1.0,1.0,1.0,1.0,71.0
2020-11-22,RTG,Midlands,UNIVERSITY HOSPITALS OF DERBY AND BURTON NHS FOUNDATION TRUST,23.0,273.0,18.0,238.0,844.0,194.0,18.0,27.0,26.0,1276.0,71.0,1.0,1.0,1.0,1.0,1.0,1.0,1.0,1.0,1.0,71.0
2020-11-23,RTG,Midlands,UNIVERSITY HOSPITALS OF DERBY AND BURTON NHS FOUNDATION TRUST,22.0,269.0,18.0,234.0,869.0,184.0,18.0,23.0,30.0,1287.0,71.0,1.0,1.0,1.0,1.0,1.0,1.0,1.0,1.0,1.0,71.0
2020-11-24,RTG,Midlands,UNIVERSITY HOSPITALS OF DERBY AND BURTON NHS FOUNDATION TRUST,26.0,273.0,18.0,239.0,928.0,134.0,18.0,26.0,27.0,1301.0,71.0,1.0,1.0,1.0,1.0,1.0,1.0,1.0,1.0,1.0,71.0
2020-11-25,RTG,Midlands,UNIVERSITY HOSPITALS OF DERBY AND BURTON NHS FOUNDATION TRUST,18.0,257.0,18.0,225.0,922.0,156.0,18.0,25.0,28.0,1303.0,71.0,1.0,1.0,1.0,1.0,1.0,1.0,1.0,1.0,1.0,71.0
2020-11-26,RTG,Midlands,UNIVERSITY HOSPITALS OF DERBY AND BURTON NHS FOUNDATION TRUST,20.0,234.0,17.0,206.0,952.0,146.0,17.0,26.0,28.0,1304.0,71.0,1.0,1.0,1.0,1.0,1.0,1.0,1.0,1.0,1.0,71.0
2020-11-27,RTG,Midlands,UNIVERSITY HOSPITALS OF DERBY AND BURTON NHS FOUNDATION TRUST,19.0,224.0,15.0,199.0,955.0,151.0,15.0,24.0,32.0,1305.0,71.0,1.0,1.0,1.0,1.0,1.0,1.0,1.0,1.0,1.0,71.0
2020-11-28,RTG,Midlands,UNIVERSITY HOSPITALS OF DERBY AND BURTON NHS FOUNDATION TRUST,21.0,212.0,13.0,190.0,892.0,221.0,13.0,31.0,27.0,1303.0,71.0,1.0,1.0,1.0,1.0,1.0,1.0,1.0,1.0,1.0,71.0
2020-11-29,RTG,Midlands,UNIVERSITY HOSPITALS OF DERBY AND BURTON NHS FOUNDATION TRUST,28.0,211.0,14.0,189.0,860.0,241.0,14.0,25.0,32.0,1290.0,71.0,1.0,1.0,1.0,1.0,1.0,1.0,1.0,1.0,1.0,71.0
2020-11-30,RTG,Midlands,UNIVERSITY HOSPITALS OF DERBY AND BURTON NHS FOUNDATION TRUST,21.0,215.0,10.0,197.0,895.0,210.0,10.0,24.0,37.0,1302.0,71.0,1.0,1.0,1.0,1.0,1.0,1.0,1.0,1.0,1.0,71.0
2020-12-01,RTG,Midlands,UNIVERSITY HOSPITALS OF DERBY AND BURTON NHS FOUNDATION TRUST,23.0,228.0,19.0,202.0,947.0,153.0,19.0,20.0,32.0,1302.0,71.0,1.0,1.0,1.0,1.0,1.0,1.0,1.0,1.0,1.0,71.0
2020-12-02,RTG,Midlands,UNIVERSITY HOSPITALS OF DERBY AND BURTON NHS FOUNDATION TRUST,30.0,216.0,12.0,196.0,950.0,156.0,12.0,29.0,30.0,1302.0,71.0,1.0,1.0,1.0,1.0,1.0,1.0,1.0,1.0,1.0,71.0
2020-12-03,RTG,Midlands,UNIVERSITY HOSPITALS OF DERBY AND BURTON NHS FOUNDATION TRUST,33.0,206.0,20.0,176.0,992.0,159.0,22.0,30.0,19.0,1327.0,71.0,1.0,1.0,1.0,1.0,1.0,1.0,1.0,1.0,1.0,71.0
2020-12-04,RTG,Midlands,UNIVERSITY HOSPITALS OF DERBY AND BURTON NHS FOUNDATION TRUST,34.0,202.0,18.0,173.0,1018.0,117.0,21.0,27.0,23.0,1308.0,71.0,1.0,1.0,1.0,1.0,1.0,1.0,1.0,1.0,1.0,71.0
2020-12-05,RTG,Midlands,UNIVERSITY HOSPITALS OF DERBY AND BURTON NHS FOUNDATION TRUST,16.0,219.0,17.0,189.0,974.0,164.0,18.0,27.0,26.0,1327.0,71.0,1.0,1.0,1.0,1.0,1.0,1.0,1.0,1.0,1.0,71.0
2020-12-06,RTG,Midlands,UNIVERSITY HOSPITALS OF DERBY AND BURTON NHS FOUNDATION TRUST,33.0,224.0,20.0,195.0,964.0,126.0,21.0,22.0,28.0,1285.0,71.0,1.0,1.0,1.0,1.0,1.0,1.0,1.0,1.0,1.0,71.0
2020-12-07,RTG,Midlands,UNIVERSITY HOSPITALS OF DERBY AND BURTON NHS FOUNDATION TRUST,35.0,228.0,20.0,200.0,964.0,128.0,21.0,30.0,20.0,1292.0,71.0,1.0,1.0,1.0,1.0,1.0,1.0,1.0,1.0,1.0,71.0
2020-12-08,RTG,Midlands,UNIVERSITY HOSPITALS OF DERBY AND BURTON NHS FOUNDATION TRUST,27.0,231.0,20.0,203.0,977.0,112.0,21.0,34.0,16.0,1292.0,71.0,1.0,1.0,1.0,1.0,1.0,1.0,1.0,1.0,1.0,71.0
2020-12-09,RTG,Midlands,UNIVERSITY HOSPITALS OF DERBY AND BURTON NHS FOUNDATION TRUST,32.0,239.0,21.0,210.0,977.0,95.0,21.0,30.0,20.0,1282.0,71.0,1.0,1.0,1.0,1.0,1.0,1.0,1.0,1.0,1.0,71.0
2020-12-10,RTG,Midlands,UNIVERSITY HOSPITALS OF DERBY AND BURTON NHS FOUNDATION TRUST,32.0,244.0,19.0,218.0,928.0,136.0,19.0,27.0,25.0,1282.0,71.0,1.0,1.0,1.0,1.0,1.0,1.0,1.0,1.0,1.0,71.0
2020-12-11,RTG,Midlands,UNIVERSITY HOSPITALS OF DERBY AND BURTON NHS FOUNDATION TRUST,24.0,246.0,17.0,221.0,927.0,125.0,17.0,24.0,30.0,1273.0,71.0,1.0,1.0,1.0,1.0,1.0,1.0,1.0,1.0,1.0,71.0
2020-12-12,RTG,Midlands,UNIVERSITY HOSPITALS OF DERBY AND BURTON NHS FOUNDATION TRUST,33.0,243.0,17.0,217.0,904.0,141.0,18.0,19.0,34.0,1262.0,71.0,1.0,1.0,1.0,1.0,1.0,1.0,1.0,1.0,1.0,71.0
2020-12-13,RTG,Midlands,UNIVERSITY HOSPITALS OF DERBY AND BURTON NHS FOUNDATION TRUST,30.0,239.0,18.0,214.0,889.0,151.0,19.0,19.0,33.0,1254.0,71.0,1.0,1.0,1.0,1.0,1.0,1.0,1.0,1.0,1.0,71.0
2020-12-14,RTG,Midlands,UNIVERSITY HOSPITALS OF DERBY AND BURTON NHS FOUNDATION TRUST,23.0,253.0,12.0,233.0,887.0,137.0,14.0,20.0,37.0,1257.0,71.0,1.0,1.0,1.0,1.0,1.0,1.0,1.0,1.0,1.0,71.0
2020-12-15,RTG,Midlands,UNIVERSITY HOSPITALS OF DERBY AND BURTON NHS FOUNDATION TRUST,28.0,259.0,13.0,238.0,909.0,101.0,13.0,24.0,33.0,1248.0,70.0,1.0,1.0,1.0,1.0,1.0,1.0,1.0,1.0,1.0,70.0
2020-12-16,RTG,Midlands,UNIVERSITY HOSPITALS OF DERBY AND BURTON NHS FOUNDATION TRUST,42.0,266.0,12.0,239.0,907.0,115.0,12.0,31.0,28.0,1261.0,71.0,1.0,1.0,1.0,1.0,1.0,1.0,1.0,1.0,1.0,71.0
2020-12-17,RTG,Midlands,UNIVERSITY HOSPITALS OF DERBY AND BURTON NHS FOUNDATION TRUST,29.0,258.0,11.0,228.0,927.0,119.0,11.0,27.0,33.0,1274.0,71.0,1.0,1.0,1.0,1.0,1.0,1.0,1.0,1.0,1.0,71.0
2020-12-18,RTG,Midlands,UNIVERSITY HOSPITALS OF DERBY AND BURTON NHS FOUNDATION TRUST,30.0,266.0,10.0,238.0,930.0,102.0,10.0,25.0,36.0,1270.0,71.0,1.0,1.0,1.0,1.0,1.0,1.0,1.0,1.0,1.0,71.0
2020-12-19,RTG,Midlands,UNIVERSITY HOSPITALS OF DERBY AND BURTON NHS FOUNDATION TRUST,21.0,264.0,12.0,238.0,917.0,129.0,12.0,28.0,31.0,1284.0,71.0,1.0,1.0,1.0,1.0,1.0,1.0,1.0,1.0,1.0,71.0
2020-12-20,RTG,Midlands,UNIVERSITY HOSPITALS OF DERBY AND BURTON NHS FOUNDATION TRUST,30.0,258.0,9.0,231.0,920.0,166.0,9.0,27.0,35.0,1317.0,71.0,1.0,1.0,1.0,1.0,1.0,1.0,1.0,1.0,1.0,71.0
2020-12-21,RTG,Midlands,UNIVERSITY HOSPITALS OF DERBY AND BURTON NHS FOUNDATION TRUST,40.0,259.0,10.0,233.0,922.0,138.0,10.0,26.0,35.0,1293.0,71.0,1.0,1.0,1.0,1.0,1.0,1.0,1.0,1.0,1.0,71.0
2020-12-22,RTG,Midlands,UNIVERSITY HOSPITALS OF DERBY AND BURTON NHS FOUNDATION TRUST,39.0,272.0,10.0,248.0,907.0,156.0,10.0,35.0,26.0,1311.0,71.0,1.0,1.0,1.0,1.0,1.0,1.0,1.0,1.0,1.0,71.0
2020-12-23,RTG,Midlands,UNIVERSITY HOSPITALS OF DERBY AND BURTON NHS FOUNDATION TRUST,22.0,284.0,11.0,255.0,870.0,185.0,11.0,29.0,31.0,1310.0,71.0,1.0,1.0,1.0,1.0,1.0,1.0,1.0,1.0,1.0,71.0
2020-12-24,RTG,Midlands,UNIVERSITY HOSPITALS OF DERBY AND BURTON NHS FOUNDATION TRUST,29.0,275.0,13.0,244.0,807.0,262.0,13.0,29.0,29.0,1313.0,71.0,1.0,1.0,1.0,1.0,1.0,1.0,1.0,1.0,1.0,71.0
2020-12-25,RTG,Midlands,UNIVERSITY HOSPITALS OF DERBY AND BURTON NHS FOUNDATION TRUST,32.0,261.0,14.0,227.0,740.0,344.0,14.0,23.0,34.0,1311.0,71.0,1.0,1.0,1.0,1.0,1.0,1.0,1.0,1.0,1.0,71.0
2020-12-26,RTG,Midlands,UNIVERSITY HOSPITALS OF DERBY AND BURTON NHS FOUNDATION TRUST,41.0,259.0,15.0,226.0,728.0,354.0,15.0,25.0,31.0,1308.0,71.0,1.0,1.0,1.0,1.0,1.0,1.0,1.0,1.0,1.0,71.0
2020-12-27,RTG,Midlands,UNIVERSITY HOSPITALS OF DERBY AND BURTON NHS FOUNDATION TRUST,36.0,270.0,16.0,238.0,762.0,317.0,17.0,24.0,30.0,1317.0,71.0,1.0,1.0,1.0,1.0,1.0,1.0,1.0,1.0,1.0,71.0
2020-12-28,RTG,Midlands,UNIVERSITY HOSPITALS OF DERBY AND BURTON NHS FOUNDATION TRUST,44.0,292.0,16.0,261.0,810.0,254.0,17.0,27.0,27.0,1325.0,71.0,1.0,1.0,1.0,1.0,1.0,1.0,1.0,1.0,1.0,71.0
2020-12-29,RTG,Midlands,UNIVERSITY HOSPITALS OF DERBY AND BURTON NHS FOUNDATION TRUST,56.0,302.0,14.0,276.0,856.0,189.0,14.0,30.0,27.0,1321.0,71.0,1.0,1.0,1.0,1.0,1.0,1.0,1.0,1.0,1.0,71.0
2020-12-30,RTG,Midlands,UNIVERSITY HOSPITALS OF DERBY AND BURTON NHS FOUNDATION TRUST,53.0,311.0,15.0,285.0,912.0,121.0,15.0,33.0,23.0,1318.0,71.0,1.0,1.0,1.0,1.0,1.0,1.0,1.0,1.0,1.0,71.0
2020-12-31,RTG,Midlands,UNIVERSITY HOSPITALS OF DERBY AND BURTON NHS FOUNDATION TRUST,51.0,326.0,16.0,298.0,875.0,152.0,16.0,26.0,29.0,1325.0,71.0,1.0,1.0,1.0,1.0,1.0,1.0,1.0,1.0,1.0,71.0
2021-01-01,RTG,Midlands,UNIVERSITY HOSPITALS OF DERBY AND BURTON NHS FOUNDATION TRUST,55.0,332.0,22.0,296.0,858.0,186.0,22.0,27.0,22.0,1340.0,71.0,1.0,1.0,1.0,1.0,1.0,1.0,1.0,1.0,1.0,71.0
2021-01-02,RTG,Midlands,UNIVERSITY HOSPITALS OF DERBY AND BURTON NHS FOUNDATION TRUST,67.0,358.0,25.0,318.0,839.0,155.0,25.0,22.0,24.0,1312.0,71.0,1.0,1.0,1.0,1.0,1.0,1.0,1.0,1.0,1.0,71.0
2021-01-03,RTG,Midlands,UNIVERSITY HOSPITALS OF DERBY AND BURTON NHS FOUNDATION TRUST,58.0,380.0,25.0,343.0,823.0,155.0,25.0,20.0,26.0,1321.0,71.0,1.0,1.0,1.0,1.0,1.0,1.0,1.0,1.0,1.0,71.0
2021-01-04,RTG,Midlands,UNIVERSITY HOSPITALS OF DERBY AND BURTON NHS FOUNDATION TRUST,60.0,419.0,23.0,383.0,837.0,107.0,23.0,27.0,21.0,1327.0,71.0,1.0,1.0,1.0,1.0,1.0,1.0,1.0,1.0,1.0,71.0
2021-01-05,RTG,Midlands,UNIVERSITY HOSPITALS OF DERBY AND BURTON NHS FOUNDATION TRUST,77.0,426.0,24.0,388.0,817.0,125.0,24.0,24.0,23.0,1330.0,71.0,1.0,1.0,1.0,1.0,1.0,1.0,1.0,1.0,1.0,71.0
2021-01-06,RTG,Midlands,UNIVERSITY HOSPITALS OF DERBY AND BURTON NHS FOUNDATION TRUST,52.0,427.0,27.0,386.0,794.0,142.0,27.0,24.0,20.0,1322.0,71.0,1.0,1.0,1.0,1.0,1.0,1.0,1.0,1.0,1.0,71.0
2021-01-07,RTG,Midlands,UNIVERSITY HOSPITALS OF DERBY AND BURTON NHS FOUNDATION TRUST,61.0,436.0,23.0,392.0,768.0,161.0,24.0,25.0,22.0,1321.0,71.0,1.0,1.0,1.0,1.0,1.0,1.0,1.0,1.0,1.0,71.0
2021-01-08,RTG,Midlands,UNIVERSITY HOSPITALS OF DERBY AND BURTON NHS FOUNDATION TRUST,87.0,445.0,25.0,395.0,726.0,203.0,26.0,25.0,20.0,1324.0,71.0,1.0,1.0,1.0,1.0,1.0,1.0,1.0,1.0,1.0,71.0
2021-01-09,RTG,Midlands,UNIVERSITY HOSPITALS OF DERBY AND BURTON NHS FOUNDATION TRUST,78.0,461.0,28.0,408.0,693.0,212.0,29.0,24.0,18.0,1313.0,71.0,1.0,1.0,1.0,1.0,1.0,1.0,1.0,1.0,1.0,71.0
2021-01-10,RTG,Midlands,UNIVERSITY HOSPITALS OF DERBY AND BURTON NHS FOUNDATION TRUST,35.0,485.0,27.0,437.0,663.0,181.0,29.0,22.0,20.0,1281.0,71.0,1.0,1.0,1.0,1.0,1.0,1.0,1.0,1.0,1.0,71.0
2021-01-11,RTG,Midlands,UNIVERSITY HOSPITALS OF DERBY AND BURTON NHS FOUNDATION TRUST,79.0,490.0,25.0,445.0,684.0,116.0,27.0,21.0,23.0,1245.0,71.0,1.0,1.0,1.0,1.0,1.0,1.0,1.0,1.0,1.0,71.0
2021-01-12,RTG,Midlands,UNIVERSITY HOSPITALS OF DERBY AND BURTON NHS FOUNDATION TRUST,112.0,475.0,23.0,436.0,690.0,145.0,25.0,21.0,25.0,1271.0,71.0,1.0,1.0,1.0,1.0,1.0,1.0,1.0,1.0,1.0,71.0
2021-01-13,RTG,Midlands,UNIVERSITY HOSPITALS OF DERBY AND BURTON NHS FOUNDATION TRUST,72.0,499.0,28.0,455.0,655.0,138.0,29.0,20.0,22.0,1248.0,71.0,1.0,1.0,1.0,1.0,1.0,1.0,1.0,1.0,1.0,71.0
2021-01-14,RTG,Midlands,UNIVERSITY HOSPITALS OF DERBY AND BURTON NHS FOUNDATION TRUST,61.0,516.0,30.0,460.0,630.0,156.0,39.0,20.0,24.0,1246.0,83.0,1.0,1.0,1.0,1.0,1.0,1.0,1.0,1.0,1.0,83.0
2021-01-15,RTG,Midlands,UNIVERSITY HOSPITALS OF DERBY AND BURTON NHS FOUNDATION TRUST,70.0,500.0,30.0,443.0,639.0,173.0,39.0,21.0,23.0,1255.0,83.0,1.0,1.0,1.0,1.0,1.0,1.0,1.0,1.0,1.0,83.0
2021-01-16,RTG,Midlands,UNIVERSITY HOSPITALS OF DERBY AND BURTON NHS FOUNDATION TRUST,63.0,484.0,32.0,421.0,621.0,204.0,44.0,22.0,17.0,1246.0,83.0,1.0,1.0,1.0,1.0,1.0,1.0,1.0,1.0,1.0,83.0
2021-01-17,RTG,Midlands,UNIVERSITY HOSPITALS OF DERBY AND BURTON NHS FOUNDATION TRUST,74.0,506.0,28.0,447.0,622.0,182.0,39.0,24.0,22.0,1251.0,85.0,1.0,1.0,1.0,1.0,1.0,1.0,1.0,1.0,1.0,85.0
2021-01-18,RTG,Midlands,UNIVERSITY HOSPITALS OF DERBY AND BURTON NHS FOUNDATION TRUST,83.0,524.0,24.0,470.0,630.0,121.0,35.0,26.0,24.0,1221.0,85.0,1.0,1.0,1.0,1.0,1.0,1.0,1.0,1.0,1.0,85.0
2021-01-19,RTG,Midlands,UNIVERSITY HOSPITALS OF DERBY AND BURTON NHS FOUNDATION TRUST,76.0,524.0,24.0,474.0,652.0,151.0,34.0,25.0,24.0,1277.0,83.0,1.0,1.0,1.0,1.0,1.0,1.0,1.0,1.0,1.0,83.0
2021-01-20,RTG,Midlands,UNIVERSITY HOSPITALS OF DERBY AND BURTON NHS FOUNDATION TRUST,74.0,524.0,26.0,475.0,651.0,163.0,35.0,26.0,22.0,1289.0,83.0,1.0,1.0,1.0,1.0,1.0,1.0,1.0,1.0,1.0,83.0
2021-01-21,RTG,Midlands,UNIVERSITY HOSPITALS OF DERBY AND BURTON NHS FOUNDATION TRUST,69.0,521.0,23.0,479.0,652.0,155.0,35.0,28.0,20.0,1286.0,83.0,1.0,1.0,1.0,1.0,1.0,1.0,1.0,1.0,1.0,83.0
2021-01-22,RTG,Midlands,UNIVERSITY HOSPITALS OF DERBY AND BURTON NHS FOUNDATION TRUST,62.0,508.0,24.0,465.0,659.0,153.0,35.0,27.0,21.0,1277.0,83.0,1.0,1.0,1.0,1.0,1.0,1.0,1.0,1.0,1.0,83.0
2021-01-23,RTG,Midlands,UNIVERSITY HOSPITALS OF DERBY AND BURTON NHS FOUNDATION TRUST,58.0,515.0,32.0,465.0,675.0,198.0,40.0,24.0,19.0,1338.0,83.0,1.0,1.0,1.0,1.0,1.0,1.0,1.0,1.0,1.0,83.0
2021-01-24,RTG,Midlands,UNIVERSITY HOSPITALS OF DERBY AND BURTON NHS FOUNDATION TRUST,41.0,524.0,30.0,474.0,671.0,149.0,39.0,26.0,18.0,1294.0,83.0,1.0,1.0,1.0,1.0,1.0,1.0,1.0,1.0,1.0,83.0
2021-01-25,RTG,Midlands,UNIVERSITY HOSPITALS OF DERBY AND BURTON NHS FOUNDATION TRUST,47.0,513.0,25.0,463.0,696.0,157.0,39.0,27.0,17.0,1316.0,83.0,1.0,1.0,1.0,1.0,1.0,1.0,1.0,1.0,1.0,83.0
2021-01-26,RTG,Midlands,UNIVERSITY HOSPITALS OF DERBY AND BURTON NHS FOUNDATION TRUST,63.0,490.0,28.0,438.0,718.0,189.0,39.0,23.0,21.0,1345.0,83.0,1.0,1.0,1.0,1.0,1.0,1.0,1.0,1.0,1.0,83.0
2021-01-27,RTG,Midlands,UNIVERSITY HOSPITALS OF DERBY AND BURTON NHS FOUNDATION TRUST,57.0,494.0,27.0,441.0,722.0,134.0,39.0,26.0,18.0,1297.0,83.0,1.0,1.0,1.0,1.0,1.0,1.0,1.0,1.0,1.0,83.0
2021-01-28,RTG,Midlands,UNIVERSITY HOSPITALS OF DERBY AND BURTON NHS FOUNDATION TRUST,68.0,466.0,28.0,412.0,716.0,159.0,39.0,25.0,21.0,1287.0,85.0,1.0,1.0,1.0,1.0,1.0,1.0,1.0,1.0,1.0,85.0
2021-01-29,RTG,Midlands,UNIVERSITY HOSPITALS OF DERBY AND BURTON NHS FOUNDATION TRUST,49.0,464.0,28.0,414.0,711.0,157.0,36.0,25.0,22.0,1282.0,83.0,1.0,1.0,1.0,1.0,1.0,1.0,1.0,1.0,1.0,83.0
2021-01-30,RTG,Midlands,UNIVERSITY HOSPITALS OF DERBY AND BURTON NHS FOUNDATION TRUST,35.0,465.0,29.0,416.0,710.0,171.0,35.0,21.0,27.0,1297.0,83.0,1.0,1.0,1.0,1.0,1.0,1.0,1.0,1.0,1.0,83.0
2021-01-31,RTG,Midlands,UNIVERSITY HOSPITALS OF DERBY AND BURTON NHS FOUNDATION TRUST,52.0,465.0,28.0,417.0,733.0,133.0,36.0,23.0,24.0,1283.0,83.0,1.0,1.0,1.0,1.0,1.0,1.0,1.0,1.0,1.0,83.0
2021-02-01,RTG,Midlands,UNIVERSITY HOSPITALS OF DERBY AND BURTON NHS FOUNDATION TRUST,40.0,462.0,31.0,418.0,765.0,101.0,36.0,27.0,22.0,1284.0,85.0,1.0,1.0,1.0,1.0,1.0,1.0,1.0,1.0,1.0,85.0
2021-02-02,RTG,Midlands,UNIVERSITY HOSPITALS OF DERBY AND BURTON NHS FOUNDATION TRUST,45.0,479.0,31.0,431.0,780.0,78.0,37.0,24.0,23.0,1289.0,84.0,1.0,1.0,1.0,1.0,1.0,1.0,1.0,1.0,1.0,84.0
2021-02-03,RTG,Midlands,UNIVERSITY HOSPITALS OF DERBY AND BURTON NHS FOUNDATION TRUST,17.0,458.0,29.0,411.0,787.0,103.0,36.0,29.0,18.0,1301.0,83.0,1.0,1.0,1.0,1.0,1.0,1.0,1.0,1.0,1.0,83.0
2021-02-04,RTG,Midlands,UNIVERSITY HOSPITALS OF DERBY AND BURTON NHS FOUNDATION TRUST,9.0,419.0,27.0,377.0,782.0,118.0,33.0,31.0,19.0,1277.0,83.0,1.0,1.0,1.0,1.0,1.0,1.0,1.0,1.0,1.0,83.0
2021-02-05,RTG,Midlands,UNIVERSITY HOSPITALS OF DERBY AND BURTON NHS FOUNDATION TRUST,16.0,373.0,25.0,333.0,789.0,152.0,29.0,31.0,23.0,1274.0,83.0,1.0,1.0,1.0,1.0,1.0,1.0,1.0,1.0,1.0,83.0
2021-02-06,RTG,Midlands,UNIVERSITY HOSPITALS OF DERBY AND BURTON NHS FOUNDATION TRUST,21.0,214.0,13.0,197.0,641.0,122.0,17.0,32.0,19.0,960.0,68.0,1.0,1.0,1.0,1.0,1.0,1.0,1.0,1.0,1.0,68.0
2021-02-07,RTG,Midlands,UNIVERSITY HOSPITALS OF DERBY AND BURTON NHS FOUNDATION TRUST,26.0,314.0,25.0,277.0,807.0,196.0,30.0,39.0,14.0,1280.0,83.0,1.0,1.0,1.0,1.0,1.0,1.0,1.0,1.0,1.0,83.0
2021-02-08,RTG,Midlands,UNIVERSITY HOSPITALS OF DERBY AND BURTON NHS FOUNDATION TRUST,31.0,319.0,28.0,281.0,845.0,150.0,31.0,37.0,17.0,1276.0,85.0,1.0,1.0,1.0,1.0,1.0,1.0,1.0,1.0,1.0,85.0
2021-02-09,RTG,Midlands,UNIVERSITY HOSPITALS OF DERBY AND BURTON NHS FOUNDATION TRUST,19.0,378.0,26.0,337.0,842.0,114.0,33.0,34.0,16.0,1293.0,83.0,1.0,1.0,1.0,1.0,1.0,1.0,1.0,1.0,1.0,83.0
2021-02-10,RTG,Midlands,UNIVERSITY HOSPITALS OF DERBY AND BURTON NHS FOUNDATION TRUST,25.0,353.0,22.0,315.0,842.0,147.0,30.0,38.0,16.0,1304.0,84.0,1.0,1.0,1.0,1.0,1.0,1.0,1.0,1.0,1.0,84.0
2021-02-11,RTG,Midlands,UNIVERSITY HOSPITALS OF DERBY AND BURTON NHS FOUNDATION TRUST,16.0,307.0,22.0,269.0,864.0,164.0,28.0,42.0,16.0,1297.0,86.0,1.0,1.0,1.0,1.0,1.0,1.0,1.0,1.0,1.0,86.0
2021-02-12,RTG,Midlands,UNIVERSITY HOSPITALS OF DERBY AND BURTON NHS FOUNDATION TRUST,23.0,285.0,21.0,247.0,856.0,183.0,27.0,39.0,19.0,1286.0,85.0,1.0,1.0,1.0,1.0,1.0,1.0,1.0,1.0,1.0,85.0
2021-02-13,RTG,Midlands,UNIVERSITY HOSPITALS OF DERBY AND BURTON NHS FOUNDATION TRUST,20.0,275.0,19.0,237.0,852.0,190.0,27.0,38.0,18.0,1279.0,83.0,1.0,1.0,1.0,1.0,1.0,1.0,1.0,1.0,1.0,83.0
2021-02-14,RTG,Midlands,UNIVERSITY HOSPITALS OF DERBY AND BURTON NHS FOUNDATION TRUST,20.0,273.0,21.0,234.0,846.0,198.0,27.0,32.0,19.0,1278.0,78.0,1.0,1.0,1.0,1.0,1.0,1.0,1.0,1.0,1.0,78.0
2021-02-15,RTG,Midlands,UNIVERSITY HOSPITALS OF DERBY AND BURTON NHS FOUNDATION TRUST,29.0,206.0,29.0,163.0,960.0,155.0,32.0,32.0,19.0,1278.0,83.0,1.0,1.0,1.0,1.0,1.0,1.0,1.0,1.0,1.0,83.0
2021-02-16,RTG,Midlands,UNIVERSITY HOSPITALS OF DERBY AND BURTON NHS FOUNDATION TRUST,27.0,199.0,26.0,157.0,987.0,141.0,32.0,31.0,20.0,1285.0,83.0,1.0,1.0,1.0,1.0,1.0,1.0,1.0,1.0,1.0,83.0
2021-02-17,RTG,Midlands,UNIVERSITY HOSPITALS OF DERBY AND BURTON NHS FOUNDATION TRUST,22.0,189.0,15.0,162.0,978.0,147.0,20.0,43.0,20.0,1287.0,83.0,1.0,1.0,1.0,1.0,1.0,1.0,1.0,1.0,1.0,83.0
2021-02-18,RTG,Midlands,UNIVERSITY HOSPITALS OF DERBY AND BURTON NHS FOUNDATION TRUST,12.0,197.0,11.0,172.0,956.0,152.0,18.0,37.0,28.0,1280.0,83.0,1.0,1.0,1.0,1.0,1.0,1.0,1.0,1.0,1.0,83.0
2021-02-19,RTG,Midlands,UNIVERSITY HOSPITALS OF DERBY AND BURTON NHS FOUNDATION TRUST,17.0,193.0,12.0,168.0,933.0,186.0,19.0,42.0,22.0,1287.0,83.0,1.0,1.0,1.0,1.0,1.0,1.0,1.0,1.0,1.0,83.0
2021-02-20,RTG,Midlands,UNIVERSITY HOSPITALS OF DERBY AND BURTON NHS FOUNDATION TRUST,17.0,187.0,13.0,158.0,904.0,231.0,22.0,33.0,28.0,1293.0,83.0,1.0,1.0,1.0,1.0,1.0,1.0,1.0,1.0,1.0,83.0
2021-02-21,RTG,Midlands,UNIVERSITY HOSPITALS OF DERBY AND BURTON NHS FOUNDATION TRUST,20.0,187.0,13.0,160.0,931.0,217.0,20.0,29.0,34.0,1308.0,83.0,1.0,1.0,1.0,1.0,1.0,1.0,1.0,1.0,1.0,83.0
2021-02-22,RTG,Midlands,UNIVERSITY HOSPITALS OF DERBY AND BURTON NHS FOUNDATION TRUST,19.0,195.0,13.0,169.0,973.0,171.0,19.0,32.0,32.0,1313.0,83.0,1.0,1.0,1.0,1.0,1.0,1.0,1.0,1.0,1.0,83.0
2021-02-23,RTG,Midlands,UNIVERSITY HOSPITALS OF DERBY AND BURTON NHS FOUNDATION TRUST,17.0,194.0,14.0,163.0,1028.0,118.0,23.0,29.0,31.0,1309.0,83.0,1.0,1.0,1.0,1.0,1.0,1.0,1.0,1.0,1.0,83.0
2021-02-24,RTG,Midlands,UNIVERSITY HOSPITALS OF DERBY AND BURTON NHS FOUNDATION TRUST,5.0,177.0,12.0,146.0,993.0,152.0,21.0,33.0,25.0,1291.0,79.0,1.0,1.0,1.0,1.0,1.0,1.0,1.0,1.0,1.0,79.0
2021-02-25,RTG,Midlands,UNIVERSITY HOSPITALS OF DERBY AND BURTON NHS FOUNDATION TRUST,15.0,171.0,11.0,143.0,962.0,177.0,17.0,34.0,28.0,1282.0,79.0,1.0,1.0,1.0,1.0,1.0,1.0,1.0,1.0,1.0,79.0
2021-02-26,RTG,Midlands,UNIVERSITY HOSPITALS OF DERBY AND BURTON NHS FOUNDATION TRUST,14.0,157.0,11.0,131.0,959.0,170.0,16.0,38.0,25.0,1260.0,79.0,1.0,1.0,1.0,1.0,1.0,1.0,1.0,1.0,1.0,79.0
2021-02-27,RTG,Midlands,UNIVERSITY HOSPITALS OF DERBY AND BURTON NHS FOUNDATION TRUST,10.0,151.0,11.0,126.0,938.0,254.0,14.0,41.0,24.0,1318.0,79.0,1.0,1.0,1.0,1.0,1.0,1.0,1.0,1.0,1.0,79.0
2021-02-28,RTG,Midlands,UNIVERSITY HOSPITALS OF DERBY AND BURTON NHS FOUNDATION TRUST,5.0,147.0,12.0,120.0,936.0,297.0,15.0,42.0,22.0,1353.0,79.0,1.0,1.0,1.0,1.0,1.0,1.0,1.0,1.0,1.0,79.0
2021-03-01,RTG,Midlands,UNIVERSITY HOSPITALS OF DERBY AND BURTON NHS FOUNDATION TRUST,3.0,146.0,11.0,121.0,965.0,170.0,14.0,37.0,28.0,1256.0,79.0,1.0,1.0,1.0,1.0,1.0,1.0,1.0,1.0,1.0,79.0
2021-03-02,RTG,Midlands,UNIVERSITY HOSPITALS OF DERBY AND BURTON NHS FOUNDATION TRUST,9.0,128.0,10.0,106.0,958.0,235.0,13.0,41.0,25.0,1299.0,79.0,1.0,1.0,1.0,1.0,1.0,1.0,1.0,1.0,1.0,79.0
2021-03-03,RTG,Midlands,UNIVERSITY HOSPITALS OF DERBY AND BURTON NHS FOUNDATION TRUST,5.0,112.0,9.0,89.0,945.0,251.0,13.0,36.0,30.0,1285.0,79.0,1.0,1.0,1.0,1.0,1.0,1.0,1.0,1.0,1.0,79.0
2021-03-04,RTG,Midlands,UNIVERSITY HOSPITALS OF DERBY AND BURTON NHS FOUNDATION TRUST,2.0,97.0,10.0,72.0,955.0,238.0,15.0,34.0,30.0,1265.0,79.0,1.0,1.0,1.0,1.0,1.0,1.0,1.0,1.0,1.0,79.0
2021-03-05,RTG,Midlands,UNIVERSITY HOSPITALS OF DERBY AND BURTON NHS FOUNDATION TRUST,0.0,78.0,10.0,57.0,964.0,261.0,13.0,27.0,39.0,1282.0,79.0,1.0,1.0,1.0,1.0,1.0,1.0,1.0,1.0,1.0,79.0
2021-03-06,RTG,Midlands,UNIVERSITY HOSPITALS OF DERBY AND BURTON NHS FOUNDATION TRUST,4.0,69.0,11.0,51.0,902.0,358.0,13.0,28.0,38.0,1311.0,79.0,1.0,1.0,1.0,1.0,1.0,1.0,1.0,1.0,1.0,79.0
2021-03-07,RTG,Midlands,UNIVERSITY HOSPITALS OF DERBY AND BURTON NHS FOUNDATION TRUST,3.0,69.0,11.0,50.0,912.0,329.0,13.0,30.0,36.0,1291.0,79.0,1.0,1.0,1.0,1.0,1.0,1.0,1.0,1.0,1.0,79.0
2021-03-08,RTG,Midlands,UNIVERSITY HOSPITALS OF DERBY AND BURTON NHS FOUNDATION TRUST,6.0,64.0,11.0,46.0,950.0,295.0,12.0,30.0,37.0,1291.0,79.0,1.0,1.0,1.0,1.0,1.0,1.0,1.0,1.0,1.0,79.0
2021-03-09,RTG,Midlands,UNIVERSITY HOSPITALS OF DERBY AND BURTON NHS FOUNDATION TRUST,7.0,60.0,10.0,40.0,1017.0,235.0,14.0,32.0,33.0,1292.0,79.0,1.0,1.0,1.0,1.0,1.0,1.0,1.0,1.0,1.0,79.0
2021-03-10,RTG,Midlands,UNIVERSITY HOSPITALS OF DERBY AND BURTON NHS FOUNDATION TRUST,8.0,56.0,10.0,38.0,975.0,271.0,13.0,36.0,30.0,1284.0,79.0,1.0,1.0,1.0,1.0,1.0,1.0,1.0,1.0,1.0,79.0
2021-03-11,RTG,Midlands,UNIVERSITY HOSPITALS OF DERBY AND BURTON NHS FOUNDATION TRUST,4.0,50.0,8.0,35.0,984.0,261.0,11.0,35.0,33.0,1280.0,79.0,1.0,1.0,1.0,1.0,1.0,1.0,1.0,1.0,1.0,79.0
2021-03-12,RTG,Midlands,UNIVERSITY HOSPITALS OF DERBY AND BURTON NHS FOUNDATION TRUST,8.0,45.0,8.0,32.0,1013.0,223.0,10.0,35.0,34.0,1268.0,79.0,1.0,1.0,1.0,1.0,1.0,1.0,1.0,1.0,1.0,79.0
2021-03-13,RTG,Midlands,UNIVERSITY HOSPITALS OF DERBY AND BURTON NHS FOUNDATION TRUST,5.0,48.0,9.0,32.0,950.0,318.0,10.0,32.0,37.0,1300.0,79.0,1.0,1.0,1.0,1.0,1.0,1.0,1.0,1.0,1.0,79.0
2021-03-14,RTG,Midlands,UNIVERSITY HOSPITALS OF DERBY AND BURTON NHS FOUNDATION TRUST,5.0,52.0,9.0,37.0,952.0,304.0,10.0,28.0,41.0,1293.0,79.0,1.0,1.0,1.0,1.0,1.0,1.0,1.0,1.0,1.0,79.0
2021-03-15,RTG,Midlands,UNIVERSITY HOSPITALS OF DERBY AND BURTON NHS FOUNDATION TRUST,2.0,52.0,8.0,36.0,1004.0,233.0,9.0,31.0,39.0,1273.0,79.0,1.0,1.0,1.0,1.0,1.0,1.0,1.0,1.0,1.0,79.0
2021-03-16,RTG,Midlands,UNIVERSITY HOSPITALS OF DERBY AND BURTON NHS FOUNDATION TRUST,3.0,54.0,5.0,41.0,1027.0,212.0,5.0,34.0,40.0,1280.0,79.0,1.0,1.0,1.0,1.0,1.0,1.0,1.0,1.0,1.0,79.0
2021-03-17,RTG,Midlands,UNIVERSITY HOSPITALS OF DERBY AND BURTON NHS FOUNDATION TRUST,3.0,44.0,5.0,32.0,1029.0,214.0,5.0,31.0,43.0,1275.0,79.0,1.0,1.0,1.0,1.0,1.0,1.0,1.0,1.0,1.0,79.0
2021-03-18,RTG,Midlands,UNIVERSITY HOSPITALS OF DERBY AND BURTON NHS FOUNDATION TRUST,2.0,41.0,5.0,28.0,985.0,268.0,5.0,38.0,36.0,1281.0,79.0,1.0,1.0,1.0,1.0,1.0,1.0,1.0,1.0,1.0,79.0
2021-03-19,RTG,Midlands,UNIVERSITY HOSPITALS OF DERBY AND BURTON NHS FOUNDATION TRUST,3.0,39.0,5.0,26.0,992.0,261.0,6.0,39.0,34.0,1279.0,79.0,1.0,1.0,1.0,1.0,1.0,1.0,1.0,1.0,1.0,79.0
2021-03-20,RTG,Midlands,UNIVERSITY HOSPITALS OF DERBY AND BURTON NHS FOUNDATION TRUST,2.0,33.0,4.0,23.0,997.0,315.0,4.0,35.0,40.0,1335.0,79.0,1.0,1.0,1.0,1.0,1.0,1.0,1.0,1.0,1.0,79.0
2021-03-21,RTG,Midlands,UNIVERSITY HOSPITALS OF DERBY AND BURTON NHS FOUNDATION TRUST,3.0,34.0,5.0,22.0,999.0,269.0,5.0,32.0,42.0,1290.0,79.0,1.0,1.0,1.0,1.0,1.0,1.0,1.0,1.0,1.0,79.0
2021-03-22,RTG,Midlands,UNIVERSITY HOSPITALS OF DERBY AND BURTON NHS FOUNDATION TRUST,6.0,37.0,6.0,24.0,1045.0,220.0,6.0,32.0,41.0,1289.0,79.0,1.0,1.0,1.0,1.0,1.0,1.0,1.0,1.0,1.0,79.0
2021-03-23,RTG,Midlands,UNIVERSITY HOSPITALS OF DERBY AND BURTON NHS FOUNDATION TRUST,0.0,37.0,5.0,24.0,1073.0,193.0,6.0,31.0,42.0,1290.0,79.0,1.0,1.0,1.0,1.0,1.0,1.0,1.0,1.0,1.0,79.0
2021-03-24,RTG,Midlands,UNIVERSITY HOSPITALS OF DERBY AND BURTON NHS FOUNDATION TRUST,5.0,33.0,4.0,22.0,1061.0,199.0,5.0,37.0,37.0,1282.0,79.0,1.0,1.0,1.0,1.0,1.0,1.0,1.0,1.0,1.0,79.0
2021-03-25,RTG,Midlands,UNIVERSITY HOSPITALS OF DERBY AND BURTON NHS FOUNDATION TRUST,1.0,29.0,4.0,21.0,1019.0,237.0,5.0,40.0,34.0,1277.0,79.0,1.0,1.0,1.0,1.0,1.0,1.0,1.0,1.0,1.0,79.0
2021-03-26,RTG,Midlands,UNIVERSITY HOSPITALS OF DERBY AND BURTON NHS FOUNDATION TRUST,1.0,32.0,5.0,23.0,1018.0,236.0,6.0,37.0,36.0,1277.0,79.0,1.0,1.0,1.0,1.0,1.0,1.0,1.0,1.0,1.0,79.0
2021-03-27,RTG,Midlands,UNIVERSITY HOSPITALS OF DERBY AND BURTON NHS FOUNDATION TRUST,1.0,29.0,5.0,20.0,1005.0,258.0,7.0,36.0,36.0,1283.0,79.0,1.0,1.0,1.0,1.0,1.0,1.0,1.0,1.0,1.0,79.0
2021-03-28,RTG,Midlands,UNIVERSITY HOSPITALS OF DERBY AND BURTON NHS FOUNDATION TRUST,2.0,27.0,6.0,18.0,1018.0,253.0,8.0,35.0,36.0,1289.0,79.0,1.0,1.0,1.0,1.0,1.0,1.0,1.0,1.0,1.0,79.0
2021-03-29,RTG,Midlands,UNIVERSITY HOSPITALS OF DERBY AND BURTON NHS FOUNDATION TRUST,2.0,28.0,6.0,19.0,1047.0,225.0,8.0,33.0,38.0,1291.0,79.0,1.0,1.0,1.0,1.0,1.0,1.0,1.0,1.0,1.0,79.0
2021-03-30,RTG,Midlands,UNIVERSITY HOSPITALS OF DERBY AND BURTON NHS FOUNDATION TRUST,1.0,26.0,4.0,21.0,1065.0,211.0,4.0,38.0,37.0,1297.0,79.0,1.0,1.0,1.0,1.0,1.0,1.0,1.0,1.0,1.0,79.0
2021-03-31,RTG,Midlands,UNIVERSITY HOSPITALS OF DERBY AND BURTON NHS FOUNDATION TRUST,1.0,27.0,4.0,21.0,1038.0,269.0,4.0,30.0,45.0,1328.0,79.0,1.0,1.0,1.0,1.0,1.0,1.0,1.0,1.0,1.0,79.0
2021-04-01,RTG,Midlands,UNIVERSITY HOSPITALS OF DERBY AND BURTON NHS FOUNDATION TRUST,2.0,25.0,3.0,20.0,1007.0,262.0,3.0,41.0,35.0,1289.0,79.0,1.0,1.0,1.0,1.0,1.0,1.0,1.0,1.0,1.0,79.0
2021-04-02,RTG,Midlands,UNIVERSITY HOSPITALS OF DERBY AND BURTON NHS FOUNDATION TRUST,2.0,21.0,3.0,15.0,984.0,310.0,4.0,42.0,33.0,1309.0,79.0,1.0,1.0,1.0,1.0,1.0,1.0,1.0,1.0,1.0,79.0
2021-04-03,RTG,Midlands,UNIVERSITY HOSPITALS OF DERBY AND BURTON NHS FOUNDATION TRUST,3.0,20.0,3.0,14.0,952.0,321.0,4.0,39.0,36.0,1287.0,79.0,1.0,1.0,1.0,1.0,1.0,1.0,1.0,1.0,1.0,79.0
2021-04-04,RTG,Midlands,UNIVERSITY HOSPITALS OF DERBY AND BURTON NHS FOUNDATION TRUST,2.0,18.0,3.0,11.0,971.0,304.0,5.0,33.0,41.0,1286.0,79.0,1.0,1.0,1.0,1.0,1.0,1.0,1.0,1.0,1.0,79.0
2021-04-05,RTG,Midlands,UNIVERSITY HOSPITALS OF DERBY AND BURTON NHS FOUNDATION TRUST,1.0,19.0,3.0,13.0,1004.0,268.0,4.0,32.0,43.0,1285.0,79.0,1.0,1.0,1.0,1.0,1.0,1.0,1.0,1.0,1.0,79.0
2021-04-06,RTG,Midlands,UNIVERSITY HOSPITALS OF DERBY AND BURTON NHS FOUNDATION TRUST,3.0,17.0,3.0,11.0,1052.0,221.0,4.0,36.0,39.0,1284.0,79.0,1.0,1.0,1.0,1.0,1.0,1.0,1.0,1.0,1.0,79.0
2020-11-17,RWE,Midlands,UNIVERSITY HOSPITALS OF LEICESTER NHS TRUST,28.0,236.0,29.0,201.0,1098.0,159.0,34.0,38.0,35.0,1458.0,107.0,1.0,1.0,1.0,1.0,1.0,1.0,1.0,1.0,1.0,107.0
2020-11-18,RWE,Midlands,UNIVERSITY HOSPITALS OF LEICESTER NHS TRUST,28.0,260.0,30.0,226.0,1117.0,115.0,32.0,39.0,36.0,1458.0,107.0,1.0,1.0,1.0,1.0,1.0,1.0,1.0,1.0,1.0,107.0
2020-11-19,RWE,Midlands,UNIVERSITY HOSPITALS OF LEICESTER NHS TRUST,31.0,261.0,29.0,227.0,1102.0,129.0,32.0,44.0,31.0,1458.0,107.0,1.0,1.0,1.0,1.0,1.0,1.0,1.0,1.0,1.0,107.0
2020-11-20,RWE,Midlands,UNIVERSITY HOSPITALS OF LEICESTER NHS TRUST,31.0,254.0,24.0,226.0,1079.0,165.0,26.0,40.0,41.0,1470.0,107.0,1.0,1.0,1.0,1.0,1.0,1.0,1.0,1.0,1.0,107.0
2020-11-21,RWE,Midlands,UNIVERSITY HOSPITALS OF LEICESTER NHS TRUST,28.0,263.0,21.0,237.0,1044.0,189.0,23.0,37.0,47.0,1470.0,107.0,1.0,1.0,1.0,1.0,1.0,1.0,1.0,1.0,1.0,107.0
2020-11-22,RWE,Midlands,UNIVERSITY HOSPITALS OF LEICESTER NHS TRUST,17.0,261.0,20.0,235.0,1054.0,181.0,22.0,38.0,47.0,1470.0,107.0,1.0,1.0,1.0,1.0,1.0,1.0,1.0,1.0,1.0,107.0
2020-11-23,RWE,Midlands,UNIVERSITY HOSPITALS OF LEICESTER NHS TRUST,22.0,271.0,20.0,248.0,1057.0,166.0,20.0,38.0,49.0,1471.0,107.0,1.0,1.0,1.0,1.0,1.0,1.0,1.0,1.0,1.0,107.0
2020-11-24,RWE,Midlands,UNIVERSITY HOSPITALS OF LEICESTER NHS TRUST,19.0,259.0,20.0,236.0,1059.0,175.0,20.0,40.0,47.0,1470.0,107.0,1.0,1.0,1.0,1.0,1.0,1.0,1.0,1.0,1.0,107.0
2020-11-25,RWE,Midlands,UNIVERSITY HOSPITALS OF LEICESTER NHS TRUST,19.0,246.0,20.0,223.0,1092.0,155.0,21.0,39.0,47.0,1470.0,107.0,1.0,1.0,1.0,1.0,1.0,1.0,1.0,1.0,1.0,107.0
2020-11-26,RWE,Midlands,UNIVERSITY HOSPITALS OF LEICESTER NHS TRUST,17.0,230.0,20.0,208.0,1082.0,180.0,21.0,42.0,44.0,1470.0,107.0,1.0,1.0,1.0,1.0,1.0,1.0,1.0,1.0,1.0,107.0
2020-11-27,RWE,Midlands,UNIVERSITY HOSPITALS OF LEICESTER NHS TRUST,17.0,217.0,23.0,191.0,1092.0,187.0,25.0,39.0,43.0,1470.0,107.0,1.0,1.0,1.0,1.0,1.0,1.0,1.0,1.0,1.0,107.0
2020-11-28,RWE,Midlands,UNIVERSITY HOSPITALS OF LEICESTER NHS TRUST,15.0,198.0,24.0,172.0,1080.0,218.0,26.0,37.0,44.0,1470.0,107.0,1.0,1.0,1.0,1.0,1.0,1.0,1.0,1.0,1.0,107.0
2020-11-29,RWE,Midlands,UNIVERSITY HOSPITALS OF LEICESTER NHS TRUST,19.0,201.0,23.0,175.0,1083.0,212.0,26.0,37.0,44.0,1470.0,107.0,1.0,1.0,1.0,1.0,1.0,1.0,1.0,1.0,1.0,107.0
2020-11-30,RWE,Midlands,UNIVERSITY HOSPITALS OF LEICESTER NHS TRUST,22.0,198.0,24.0,173.0,1106.0,191.0,25.0,32.0,50.0,1470.0,107.0,1.0,1.0,1.0,1.0,1.0,1.0,1.0,1.0,1.0,107.0
2020-12-01,RWE,Midlands,UNIVERSITY HOSPITALS OF LEICESTER NHS TRUST,21.0,197.0,24.0,171.0,1108.0,191.0,26.0,44.0,37.0,1470.0,107.0,1.0,1.0,1.0,1.0,1.0,1.0,1.0,1.0,1.0,107.0
2020-12-02,RWE,Midlands,UNIVERSITY HOSPITALS OF LEICESTER NHS TRUST,37.0,187.0,23.0,160.0,1107.0,203.0,26.0,43.0,38.0,1470.0,107.0,1.0,1.0,1.0,1.0,1.0,1.0,1.0,1.0,1.0,107.0
2020-12-03,RWE,Midlands,UNIVERSITY HOSPITALS OF LEICESTER NHS TRUST,21.0,185.0,22.0,160.0,1111.0,199.0,24.0,41.0,42.0,1470.0,107.0,1.0,1.0,1.0,1.0,1.0,1.0,1.0,1.0,1.0,107.0
2020-12-04,RWE,Midlands,UNIVERSITY HOSPITALS OF LEICESTER NHS TRUST,30.0,193.0,24.0,165.0,1115.0,190.0,27.0,43.0,37.0,1470.0,107.0,1.0,1.0,1.0,1.0,1.0,1.0,1.0,1.0,1.0,107.0
2020-12-05,RWE,Midlands,UNIVERSITY HOSPITALS OF LEICESTER NHS TRUST,17.0,199.0,21.0,176.0,1085.0,209.0,23.0,41.0,43.0,1470.0,107.0,1.0,1.0,1.0,1.0,1.0,1.0,1.0,1.0,1.0,107.0
2020-12-06,RWE,Midlands,UNIVERSITY HOSPITALS OF LEICESTER NHS TRUST,20.0,219.0,21.0,194.0,1034.0,242.0,24.0,40.0,43.0,1470.0,107.0,1.0,1.0,1.0,1.0,1.0,1.0,1.0,1.0,1.0,107.0
2020-12-07,RWE,Midlands,UNIVERSITY HOSPITALS OF LEICESTER NHS TRUST,15.0,223.0,21.0,199.0,1076.0,195.0,23.0,35.0,49.0,1470.0,107.0,1.0,1.0,1.0,1.0,1.0,1.0,1.0,1.0,1.0,107.0
2020-12-08,RWE,Midlands,UNIVERSITY HOSPITALS OF LEICESTER NHS TRUST,26.0,203.0,20.0,182.0,1115.0,173.0,20.0,40.0,47.0,1470.0,107.0,1.0,1.0,1.0,1.0,1.0,1.0,1.0,1.0,1.0,107.0
2020-12-09,RWE,Midlands,UNIVERSITY HOSPITALS OF LEICESTER NHS TRUST,31.0,199.0,16.0,180.0,1150.0,140.0,19.0,44.0,44.0,1470.0,107.0,1.0,1.0,1.0,1.0,1.0,1.0,1.0,1.0,1.0,107.0
2020-12-10,RWE,Midlands,UNIVERSITY HOSPITALS OF LEICESTER NHS TRUST,32.0,201.0,20.0,178.0,1160.0,132.0,22.0,43.0,42.0,1470.0,107.0,1.0,1.0,1.0,1.0,1.0,1.0,1.0,1.0,1.0,107.0
2020-12-11,RWE,Midlands,UNIVERSITY HOSPITALS OF LEICESTER NHS TRUST,32.0,206.0,24.0,180.0,1165.0,125.0,26.0,36.0,37.0,1470.0,99.0,1.0,1.0,1.0,1.0,1.0,1.0,1.0,1.0,1.0,99.0
2020-12-12,RWE,Midlands,UNIVERSITY HOSPITALS OF LEICESTER NHS TRUST,51.0,230.0,26.0,201.0,1125.0,144.0,28.0,36.0,35.0,1470.0,99.0,1.0,1.0,1.0,1.0,1.0,1.0,1.0,1.0,1.0,99.0
2020-12-13,RWE,Midlands,UNIVERSITY HOSPITALS OF LEICESTER NHS TRUST,32.0,246.0,27.0,217.0,1102.0,156.0,28.0,33.0,38.0,1475.0,99.0,1.0,1.0,1.0,1.0,1.0,1.0,1.0,1.0,1.0,99.0
2020-12-14,RWE,Midlands,UNIVERSITY HOSPITALS OF LEICESTER NHS TRUST,35.0,284.0,31.0,250.0,1103.0,122.0,34.0,30.0,35.0,1475.0,99.0,1.0,1.0,1.0,1.0,1.0,1.0,1.0,1.0,1.0,99.0
2020-12-15,RWE,Midlands,UNIVERSITY HOSPITALS OF LEICESTER NHS TRUST,29.0,287.0,28.0,254.0,1105.0,123.0,32.0,30.0,37.0,1482.0,99.0,1.0,1.0,1.0,1.0,1.0,1.0,1.0,1.0,1.0,99.0
2020-12-16,RWE,Midlands,UNIVERSITY HOSPITALS OF LEICESTER NHS TRUST,35.0,290.0,29.0,253.0,1080.0,149.0,35.0,28.0,36.0,1482.0,99.0,1.0,1.0,1.0,1.0,1.0,1.0,1.0,1.0,1.0,99.0
2020-12-17,RWE,Midlands,UNIVERSITY HOSPITALS OF LEICESTER NHS TRUST,24.0,285.0,29.0,251.0,1051.0,168.0,32.0,26.0,41.0,1470.0,99.0,1.0,1.0,1.0,1.0,1.0,1.0,1.0,1.0,1.0,99.0
2020-12-18,RWE,Midlands,UNIVERSITY HOSPITALS OF LEICESTER NHS TRUST,14.0,295.0,26.0,264.0,1020.0,186.0,29.0,27.0,43.0,1470.0,99.0,1.0,1.0,1.0,1.0,1.0,1.0,1.0,1.0,1.0,99.0
2020-12-19,RWE,Midlands,UNIVERSITY HOSPITALS OF LEICESTER NHS TRUST,24.0,288.0,27.0,255.0,976.0,239.0,32.0,26.0,41.0,1470.0,99.0,1.0,1.0,1.0,1.0,1.0,1.0,1.0,1.0,1.0,99.0
2020-12-20,RWE,Midlands,UNIVERSITY HOSPITALS OF LEICESTER NHS TRUST,27.0,150.0,19.0,129.0,376.0,175.0,21.0,12.0,29.0,680.0,62.0,1.0,1.0,1.0,1.0,1.0,1.0,1.0,1.0,1.0,62.0
2020-12-21,RWE,Midlands,UNIVERSITY HOSPITALS OF LEICESTER NHS TRUST,32.0,301.0,26.0,271.0,1001.0,198.0,30.0,26.0,43.0,1470.0,99.0,1.0,1.0,1.0,1.0,1.0,1.0,1.0,1.0,1.0,99.0
2020-12-22,RWE,Midlands,UNIVERSITY HOSPITALS OF LEICESTER NHS TRUST,33.0,308.0,27.0,276.0,1012.0,182.0,32.0,29.0,38.0,1470.0,99.0,1.0,1.0,1.0,1.0,1.0,1.0,1.0,1.0,1.0,99.0
2020-12-23,RWE,Midlands,UNIVERSITY HOSPITALS OF LEICESTER NHS TRUST,16.0,295.0,25.0,263.0,983.0,224.0,31.0,29.0,39.0,1470.0,99.0,1.0,1.0,1.0,1.0,1.0,1.0,1.0,1.0,1.0,99.0
2020-12-24,RWE,Midlands,UNIVERSITY HOSPITALS OF LEICESTER NHS TRUST,23.0,294.0,25.0,262.0,958.0,250.0,30.0,32.0,37.0,1470.0,99.0,1.0,1.0,1.0,1.0,1.0,1.0,1.0,1.0,1.0,99.0
2020-12-25,RWE,Midlands,UNIVERSITY HOSPITALS OF LEICESTER NHS TRUST,22.0,281.0,23.0,250.0,854.0,366.0,28.0,25.0,46.0,1470.0,99.0,1.0,1.0,1.0,1.0,1.0,1.0,1.0,1.0,1.0,99.0
2020-12-26,RWE,Midlands,UNIVERSITY HOSPITALS OF LEICESTER NHS TRUST,32.0,286.0,25.0,254.0,822.0,394.0,30.0,20.0,49.0,1470.0,99.0,1.0,1.0,1.0,1.0,1.0,1.0,1.0,1.0,1.0,99.0
2020-12-27,RWE,Midlands,UNIVERSITY HOSPITALS OF LEICESTER NHS TRUST,22.0,290.0,25.0,258.0,857.0,355.0,30.0,23.0,46.0,1470.0,99.0,1.0,1.0,1.0,1.0,1.0,1.0,1.0,1.0,1.0,99.0
2020-12-28,RWE,Midlands,UNIVERSITY HOSPITALS OF LEICESTER NHS TRUST,25.0,298.0,25.0,263.0,892.0,315.0,31.0,24.0,44.0,1470.0,99.0,1.0,1.0,1.0,1.0,1.0,1.0,1.0,1.0,1.0,99.0
2020-12-29,RWE,Midlands,UNIVERSITY HOSPITALS OF LEICESTER NHS TRUST,37.0,304.0,24.0,270.0,942.0,258.0,30.0,26.0,43.0,1470.0,99.0,1.0,1.0,1.0,1.0,1.0,1.0,1.0,1.0,1.0,99.0
2020-12-30,RWE,Midlands,UNIVERSITY HOSPITALS OF LEICESTER NHS TRUST,33.0,319.0,27.0,283.0,988.0,199.0,32.0,31.0,36.0,1470.0,99.0,1.0,1.0,1.0,1.0,1.0,1.0,1.0,1.0,1.0,99.0
2020-12-31,RWE,Midlands,UNIVERSITY HOSPITALS OF LEICESTER NHS TRUST,26.0,325.0,24.0,295.0,996.0,179.0,27.0,36.0,36.0,1470.0,99.0,1.0,1.0,1.0,1.0,1.0,1.0,1.0,1.0,1.0,99.0
2021-01-01,RWE,Midlands,UNIVERSITY HOSPITALS OF LEICESTER NHS TRUST,36.0,303.0,26.0,272.0,949.0,249.0,30.0,33.0,36.0,1470.0,99.0,1.0,1.0,1.0,1.0,1.0,1.0,1.0,1.0,1.0,99.0
2021-01-02,RWE,Midlands,UNIVERSITY HOSPITALS OF LEICESTER NHS TRUST,35.0,309.0,29.0,275.0,975.0,220.0,34.0,24.0,41.0,1470.0,99.0,1.0,1.0,1.0,1.0,1.0,1.0,1.0,1.0,1.0,99.0
2021-01-03,RWE,Midlands,UNIVERSITY HOSPITALS OF LEICESTER NHS TRUST,19.0,320.0,29.0,288.0,977.0,205.0,32.0,24.0,43.0,1470.0,99.0,1.0,1.0,1.0,1.0,1.0,1.0,1.0,1.0,1.0,99.0
2021-01-04,RWE,Midlands,UNIVERSITY HOSPITALS OF LEICESTER NHS TRUST,26.0,333.0,29.0,302.0,1005.0,163.0,31.0,24.0,44.0,1470.0,99.0,1.0,1.0,1.0,1.0,1.0,1.0,1.0,1.0,1.0,99.0
2021-01-05,RWE,Midlands,UNIVERSITY HOSPITALS OF LEICESTER NHS TRUST,38.0,324.0,31.0,288.0,1003.0,179.0,36.0,32.0,31.0,1470.0,99.0,1.0,1.0,1.0,1.0,1.0,1.0,1.0,1.0,1.0,99.0
2021-01-06,RWE,Midlands,UNIVERSITY HOSPITALS OF LEICESTER NHS TRUST,44.0,315.0,29.0,281.0,1006.0,183.0,34.0,39.0,26.0,1470.0,99.0,1.0,1.0,1.0,1.0,1.0,1.0,1.0,1.0,1.0,99.0
2021-01-07,RWE,Midlands,UNIVERSITY HOSPITALS OF LEICESTER NHS TRUST,46.0,325.0,28.0,289.0,1023.0,129.0,36.0,35.0,28.0,1441.0,99.0,1.0,1.0,1.0,1.0,1.0,1.0,1.0,1.0,1.0,99.0
2021-01-08,RWE,Midlands,UNIVERSITY HOSPITALS OF LEICESTER NHS TRUST,37.0,330.0,32.0,292.0,1005.0,144.0,38.0,32.0,24.0,1441.0,94.0,1.0,1.0,1.0,1.0,1.0,1.0,1.0,1.0,1.0,94.0
2021-01-09,RWE,Midlands,UNIVERSITY HOSPITALS OF LEICESTER NHS TRUST,47.0,333.0,32.0,296.0,978.0,167.0,36.0,31.0,29.0,1441.0,96.0,1.0,1.0,1.0,1.0,1.0,1.0,1.0,1.0,1.0,96.0
2021-01-10,RWE,Midlands,UNIVERSITY HOSPITALS OF LEICESTER NHS TRUST,49.0,337.0,32.0,297.0,934.0,210.0,37.0,28.0,26.0,1441.0,91.0,1.0,1.0,1.0,1.0,1.0,1.0,1.0,1.0,1.0,91.0
2021-01-11,RWE,Midlands,UNIVERSITY HOSPITALS OF LEICESTER NHS TRUST,54.0,366.0,34.0,322.0,967.0,152.0,41.0,21.0,28.0,1441.0,90.0,1.0,1.0,1.0,1.0,1.0,1.0,1.0,1.0,1.0,90.0
2021-01-12,RWE,Midlands,UNIVERSITY HOSPITALS OF LEICESTER NHS TRUST,56.0,365.0,34.0,321.0,977.0,143.0,43.0,26.0,26.0,1441.0,95.0,1.0,1.0,1.0,1.0,1.0,1.0,1.0,1.0,1.0,95.0
2021-01-13,RWE,Midlands,UNIVERSITY HOSPITALS OF LEICESTER NHS TRUST,34.0,374.0,38.0,328.0,958.0,155.0,45.0,27.0,27.0,1441.0,99.0,1.0,1.0,1.0,1.0,1.0,1.0,1.0,1.0,1.0,99.0
2021-01-14,RWE,Midlands,UNIVERSITY HOSPITALS OF LEICESTER NHS TRUST,35.0,394.0,40.0,347.0,904.0,190.0,46.0,24.0,28.0,1441.0,98.0,1.0,1.0,1.0,1.0,1.0,1.0,1.0,1.0,1.0,98.0
2021-01-15,RWE,Midlands,UNIVERSITY HOSPITALS OF LEICESTER NHS TRUST,43.0,384.0,41.0,335.0,911.0,195.0,47.0,23.0,23.0,1441.0,93.0,1.0,1.0,1.0,1.0,1.0,1.0,1.0,1.0,1.0,93.0
2021-01-16,RWE,Midlands,UNIVERSITY HOSPITALS OF LEICESTER NHS TRUST,29.0,387.0,43.0,335.0,918.0,188.0,48.0,22.0,25.0,1441.0,95.0,1.0,1.0,1.0,1.0,1.0,1.0,1.0,1.0,1.0,95.0
2021-01-17,RWE,Midlands,UNIVERSITY HOSPITALS OF LEICESTER NHS TRUST,41.0,422.0,43.0,367.0,887.0,194.0,50.0,20.0,15.0,1448.0,85.0,1.0,1.0,1.0,1.0,1.0,1.0,1.0,1.0,1.0,85.0
2021-01-18,RWE,Midlands,UNIVERSITY HOSPITALS OF LEICESTER NHS TRUST,55.0,430.0,39.0,373.0,887.0,194.0,53.0,20.0,15.0,1454.0,88.0,1.0,1.0,1.0,1.0,1.0,1.0,1.0,1.0,1.0,88.0
2021-01-19,RWE,Midlands,UNIVERSITY HOSPITALS OF LEICESTER NHS TRUST,47.0,472.0,44.0,412.0,913.0,123.0,53.0,26.0,11.0,1448.0,90.0,1.0,1.0,1.0,1.0,1.0,1.0,1.0,1.0,1.0,90.0
2021-01-20,RWE,Midlands,UNIVERSITY HOSPITALS OF LEICESTER NHS TRUST,43.0,473.0,44.0,414.0,890.0,144.0,53.0,31.0,14.0,1448.0,98.0,1.0,1.0,1.0,1.0,1.0,1.0,1.0,1.0,1.0,98.0
2021-01-21,RWE,Midlands,UNIVERSITY HOSPITALS OF LEICESTER NHS TRUST,28.0,478.0,50.0,413.0,883.0,152.0,58.0,33.0,11.0,1448.0,102.0,1.0,1.0,1.0,1.0,1.0,1.0,1.0,1.0,1.0,102.0
2021-01-22,RWE,Midlands,UNIVERSITY HOSPITALS OF LEICESTER NHS TRUST,28.0,489.0,66.0,407.0,898.0,170.0,75.0,14.0,15.0,1475.0,104.0,1.0,1.0,1.0,1.0,1.0,1.0,1.0,1.0,1.0,104.0
2021-01-23,RWE,Midlands,UNIVERSITY HOSPITALS OF LEICESTER NHS TRUST,38.0,474.0,69.0,392.0,872.0,184.0,76.0,18.0,15.0,1448.0,109.0,1.0,1.0,1.0,1.0,1.0,1.0,1.0,1.0,1.0,109.0
2021-01-24,RWE,Midlands,UNIVERSITY HOSPITALS OF LEICESTER NHS TRUST,30.0,483.0,68.0,400.0,892.0,156.0,77.0,15.0,12.0,1448.0,104.0,1.0,1.0,1.0,1.0,1.0,1.0,1.0,1.0,1.0,104.0
2021-01-25,RWE,Midlands,UNIVERSITY HOSPITALS OF LEICESTER NHS TRUST,26.0,499.0,68.0,421.0,917.0,110.0,75.0,18.0,11.0,1448.0,104.0,1.0,1.0,1.0,1.0,1.0,1.0,1.0,1.0,1.0,104.0
2021-01-26,RWE,Midlands,UNIVERSITY HOSPITALS OF LEICESTER NHS TRUST,33.0,491.0,64.0,416.0,921.0,111.0,73.0,22.0,9.0,1448.0,104.0,1.0,1.0,1.0,1.0,1.0,1.0,1.0,1.0,1.0,104.0
2021-01-27,RWE,Midlands,UNIVERSITY HOSPITALS OF LEICESTER NHS TRUST,36.0,462.0,68.0,384.0,924.0,140.0,74.0,25.0,9.0,1448.0,108.0,1.0,1.0,1.0,1.0,1.0,1.0,1.0,1.0,1.0,108.0
2021-01-28,RWE,Midlands,UNIVERSITY HOSPITALS OF LEICESTER NHS TRUST,41.0,447.0,62.0,379.0,924.0,145.0,68.0,23.0,13.0,1448.0,104.0,1.0,1.0,1.0,1.0,1.0,1.0,1.0,1.0,1.0,104.0
2021-01-29,RWE,Midlands,UNIVERSITY HOSPITALS OF LEICESTER NHS TRUST,30.0,453.0,64.0,381.0,931.0,174.0,69.0,27.0,12.0,1486.0,108.0,1.0,1.0,1.0,1.0,1.0,1.0,1.0,1.0,1.0,108.0
2021-01-30,RWE,Midlands,UNIVERSITY HOSPITALS OF LEICESTER NHS TRUST,20.0,440.0,65.0,365.0,920.0,201.0,71.0,29.0,7.0,1486.0,107.0,1.0,1.0,1.0,1.0,1.0,1.0,1.0,1.0,1.0,107.0
2021-01-31,RWE,Midlands,UNIVERSITY HOSPITALS OF LEICESTER NHS TRUST,24.0,433.0,66.0,357.0,944.0,185.0,72.0,22.0,10.0,1486.0,104.0,1.0,1.0,1.0,1.0,1.0,1.0,1.0,1.0,1.0,104.0
2021-02-01,RWE,Midlands,UNIVERSITY HOSPITALS OF LEICESTER NHS TRUST,28.0,430.0,68.0,355.0,967.0,164.0,72.0,21.0,14.0,1486.0,107.0,1.0,1.0,1.0,1.0,1.0,1.0,1.0,1.0,1.0,107.0
2021-02-02,RWE,Midlands,UNIVERSITY HOSPITALS OF LEICESTER NHS TRUST,33.0,416.0,67.0,342.0,978.0,166.0,71.0,24.0,13.0,1486.0,108.0,1.0,1.0,1.0,1.0,1.0,1.0,1.0,1.0,1.0,108.0
2021-02-03,RWE,Midlands,UNIVERSITY HOSPITALS OF LEICESTER NHS TRUST,29.0,400.0,71.0,321.0,977.0,188.0,77.0,25.0,12.0,1486.0,114.0,1.0,1.0,1.0,1.0,1.0,1.0,1.0,1.0,1.0,114.0
2021-02-04,RWE,Midlands,UNIVERSITY HOSPITALS OF LEICESTER NHS TRUST,23.0,392.0,69.0,315.0,970.0,201.0,74.0,22.0,13.0,1486.0,109.0,1.0,1.0,1.0,1.0,1.0,1.0,1.0,1.0,1.0,109.0
2021-02-05,RWE,Midlands,UNIVERSITY HOSPITALS OF LEICESTER NHS TRUST,27.0,378.0,71.0,301.0,960.0,217.0,74.0,32.0,7.0,1478.0,113.0,1.0,1.0,1.0,1.0,1.0,1.0,1.0,1.0,1.0,113.0
2021-02-06,RWE,Midlands,UNIVERSITY HOSPITALS OF LEICESTER NHS TRUST,25.0,362.0,64.0,293.0,934.0,251.0,65.0,33.0,11.0,1478.0,109.0,1.0,1.0,1.0,1.0,1.0,1.0,1.0,1.0,1.0,109.0
2021-02-07,RWE,Midlands,UNIVERSITY HOSPITALS OF LEICESTER NHS TRUST,15.0,362.0,64.0,291.0,945.0,242.0,67.0,34.0,8.0,1478.0,109.0,1.0,1.0,1.0,1.0,1.0,1.0,1.0,1.0,1.0,109.0
2021-02-08,RWE,Midlands,UNIVERSITY HOSPITALS OF LEICESTER NHS TRUST,33.0,360.0,65.0,287.0,956.0,235.0,69.0,29.0,10.0,1478.0,108.0,1.0,1.0,1.0,1.0,1.0,1.0,1.0,1.0,1.0,108.0
2021-02-09,RWE,Midlands,UNIVERSITY HOSPITALS OF LEICESTER NHS TRUST,23.0,341.0,64.0,269.0,952.0,257.0,69.0,31.0,8.0,1478.0,108.0,1.0,1.0,1.0,1.0,1.0,1.0,1.0,1.0,1.0,108.0
2021-02-10,RWE,Midlands,UNIVERSITY HOSPITALS OF LEICESTER NHS TRUST,17.0,332.0,59.0,266.0,970.0,242.0,64.0,28.0,12.0,1478.0,104.0,1.0,1.0,1.0,1.0,1.0,1.0,1.0,1.0,1.0,104.0
2021-02-11,RWE,Midlands,UNIVERSITY HOSPITALS OF LEICESTER NHS TRUST,26.0,317.0,53.0,259.0,948.0,271.0,56.0,33.0,13.0,1478.0,102.0,1.0,1.0,1.0,1.0,1.0,1.0,1.0,1.0,1.0,102.0
2021-02-12,RWE,Midlands,UNIVERSITY HOSPITALS OF LEICESTER NHS TRUST,22.0,315.0,55.0,255.0,978.0,245.0,58.0,34.0,10.0,1478.0,102.0,1.0,1.0,1.0,1.0,1.0,1.0,1.0,1.0,1.0,102.0
2021-02-13,RWE,Midlands,UNIVERSITY HOSPITALS OF LEICESTER NHS TRUST,15.0,302.0,55.0,244.0,999.0,235.0,57.0,31.0,12.0,1478.0,100.0,1.0,1.0,1.0,1.0,1.0,1.0,1.0,1.0,1.0,100.0
2021-02-14,RWE,Midlands,UNIVERSITY HOSPITALS OF LEICESTER NHS TRUST,21.0,308.0,54.0,250.0,965.0,263.0,55.0,33.0,11.0,1478.0,99.0,1.0,1.0,1.0,1.0,1.0,1.0,1.0,1.0,1.0,99.0
2021-02-15,RWE,Midlands,UNIVERSITY HOSPITALS OF LEICESTER NHS TRUST,27.0,302.0,54.0,244.0,1015.0,219.0,55.0,30.0,12.0,1478.0,97.0,1.0,1.0,1.0,1.0,1.0,1.0,1.0,1.0,1.0,97.0
2021-02-16,RWE,Midlands,UNIVERSITY HOSPITALS OF LEICESTER NHS TRUST,24.0,292.0,51.0,236.0,1031.0,197.0,54.0,33.0,13.0,1464.0,100.0,1.0,1.0,1.0,1.0,1.0,1.0,1.0,1.0,1.0,100.0
2021-02-17,RWE,Midlands,UNIVERSITY HOSPITALS OF LEICESTER NHS TRUST,23.0,284.0,49.0,228.0,1058.0,178.0,52.0,27.0,14.0,1464.0,93.0,1.0,1.0,1.0,1.0,1.0,1.0,1.0,1.0,1.0,93.0
2021-02-18,RWE,Midlands,UNIVERSITY HOSPITALS OF LEICESTER NHS TRUST,15.0,287.0,46.0,235.0,1035.0,194.0,48.0,31.0,13.0,1464.0,92.0,1.0,1.0,1.0,1.0,1.0,1.0,1.0,1.0,1.0,92.0
2021-02-19,RWE,Midlands,UNIVERSITY HOSPITALS OF LEICESTER NHS TRUST,20.0,284.0,50.0,229.0,993.0,242.0,52.0,38.0,8.0,1464.0,98.0,1.0,1.0,1.0,1.0,1.0,1.0,1.0,1.0,1.0,98.0
2021-02-20,RWE,Midlands,UNIVERSITY HOSPITALS OF LEICESTER NHS TRUST,21.0,265.0,46.0,212.0,996.0,256.0,50.0,44.0,6.0,1464.0,100.0,1.0,1.0,1.0,1.0,1.0,1.0,1.0,1.0,1.0,100.0
2021-02-21,RWE,Midlands,UNIVERSITY HOSPITALS OF LEICESTER NHS TRUST,17.0,268.0,47.0,213.0,1035.0,216.0,52.0,35.0,11.0,1464.0,98.0,1.0,1.0,1.0,1.0,1.0,1.0,1.0,1.0,1.0,98.0
2021-02-22,RWE,Midlands,UNIVERSITY HOSPITALS OF LEICESTER NHS TRUST,15.0,283.0,48.0,226.0,1059.0,179.0,54.0,31.0,10.0,1464.0,95.0,1.0,1.0,1.0,1.0,1.0,1.0,1.0,1.0,1.0,95.0
2021-02-23,RWE,Midlands,UNIVERSITY HOSPITALS OF LEICESTER NHS TRUST,19.0,271.0,49.0,213.0,1066.0,199.0,55.0,33.0,9.0,1478.0,97.0,1.0,1.0,1.0,1.0,1.0,1.0,1.0,1.0,1.0,97.0
2021-02-24,RWE,Midlands,UNIVERSITY HOSPITALS OF LEICESTER NHS TRUST,13.0,260.0,45.0,209.0,1049.0,206.0,47.0,34.0,9.0,1464.0,90.0,1.0,1.0,1.0,1.0,1.0,1.0,1.0,1.0,1.0,90.0
2021-02-25,RWE,Midlands,UNIVERSITY HOSPITALS OF LEICESTER NHS TRUST,18.0,240.0,40.0,194.0,1078.0,170.0,41.0,36.0,10.0,1442.0,87.0,1.0,1.0,1.0,1.0,1.0,1.0,1.0,1.0,1.0,87.0
2021-02-26,RWE,Midlands,UNIVERSITY HOSPITALS OF LEICESTER NHS TRUST,9.0,240.0,40.0,194.0,1081.0,167.0,41.0,47.0,7.0,1442.0,95.0,1.0,1.0,1.0,1.0,1.0,1.0,1.0,1.0,1.0,95.0
2021-02-27,RWE,Midlands,UNIVERSITY HOSPITALS OF LEICESTER NHS TRUST,18.0,226.0,35.0,186.0,1047.0,199.0,35.0,48.0,7.0,1432.0,90.0,1.0,1.0,1.0,1.0,1.0,1.0,1.0,1.0,1.0,90.0
2021-02-28,RWE,Midlands,UNIVERSITY HOSPITALS OF LEICESTER NHS TRUST,11.0,224.0,40.0,180.0,1047.0,205.0,41.0,44.0,7.0,1432.0,92.0,1.0,1.0,1.0,1.0,1.0,1.0,1.0,1.0,1.0,92.0
2021-03-01,RWE,Midlands,UNIVERSITY HOSPITALS OF LEICESTER NHS TRUST,11.0,229.0,42.0,181.0,1063.0,188.0,45.0,34.0,11.0,1432.0,90.0,1.0,1.0,1.0,1.0,1.0,1.0,1.0,1.0,1.0,90.0
2021-03-02,RWE,Midlands,UNIVERSITY HOSPITALS OF LEICESTER NHS TRUST,11.0,217.0,37.0,176.0,1102.0,154.0,38.0,35.0,14.0,1432.0,87.0,1.0,1.0,1.0,1.0,1.0,1.0,1.0,1.0,1.0,87.0
2021-03-03,RWE,Midlands,UNIVERSITY HOSPITALS OF LEICESTER NHS TRUST,8.0,199.0,32.0,162.0,1102.0,168.0,35.0,34.0,14.0,1432.0,83.0,1.0,1.0,1.0,1.0,1.0,1.0,1.0,1.0,1.0,83.0
2021-03-04,RWE,Midlands,UNIVERSITY HOSPITALS OF LEICESTER NHS TRUST,6.0,190.0,30.0,155.0,1075.0,202.0,33.0,36.0,14.0,1432.0,83.0,1.0,1.0,1.0,1.0,1.0,1.0,1.0,1.0,1.0,83.0
2021-03-05,RWE,Midlands,UNIVERSITY HOSPITALS OF LEICESTER NHS TRUST,9.0,177.0,30.0,144.0,1087.0,201.0,31.0,47.0,11.0,1432.0,89.0,1.0,1.0,1.0,1.0,1.0,1.0,1.0,1.0,1.0,89.0
2021-03-06,RWE,Midlands,UNIVERSITY HOSPITALS OF LEICESTER NHS TRUST,6.0,167.0,32.0,130.0,1054.0,248.0,34.0,47.0,10.0,1432.0,91.0,1.0,1.0,1.0,1.0,1.0,1.0,1.0,1.0,1.0,91.0
2021-03-07,RWE,Midlands,UNIVERSITY HOSPITALS OF LEICESTER NHS TRUST,6.0,167.0,31.0,131.0,1069.0,232.0,33.0,42.0,8.0,1432.0,83.0,1.0,1.0,1.0,1.0,1.0,1.0,1.0,1.0,1.0,83.0
2021-03-08,RWE,Midlands,UNIVERSITY HOSPITALS OF LEICESTER NHS TRUST,8.0,157.0,27.0,125.0,1121.0,186.0,29.0,44.0,7.0,1432.0,80.0,1.0,1.0,1.0,1.0,1.0,1.0,1.0,1.0,1.0,80.0
2021-03-09,RWE,Midlands,UNIVERSITY HOSPITALS OF LEICESTER NHS TRUST,10.0,149.0,28.0,115.0,1173.0,144.0,31.0,41.0,7.0,1432.0,79.0,1.0,1.0,1.0,1.0,1.0,1.0,1.0,1.0,1.0,79.0
2021-03-10,RWE,Midlands,UNIVERSITY HOSPITALS OF LEICESTER NHS TRUST,13.0,141.0,28.0,107.0,1175.0,124.0,31.0,41.0,12.0,1406.0,84.0,1.0,1.0,1.0,1.0,1.0,1.0,1.0,1.0,1.0,84.0
2021-03-11,RWE,Midlands,UNIVERSITY HOSPITALS OF LEICESTER NHS TRUST,8.0,143.0,27.0,111.0,1165.0,130.0,29.0,45.0,10.0,1406.0,84.0,1.0,1.0,1.0,1.0,1.0,1.0,1.0,1.0,1.0,84.0
2021-03-12,RWE,Midlands,UNIVERSITY HOSPITALS OF LEICESTER NHS TRUST,12.0,132.0,24.0,103.0,1143.0,160.0,25.0,48.0,13.0,1406.0,86.0,1.0,1.0,1.0,1.0,1.0,1.0,1.0,1.0,1.0,86.0
2021-03-13,RWE,Midlands,UNIVERSITY HOSPITALS OF LEICESTER NHS TRUST,2.0,126.0,23.0,97.0,1122.0,187.0,25.0,53.0,8.0,1406.0,86.0,1.0,1.0,1.0,1.0,1.0,1.0,1.0,1.0,1.0,86.0
2021-03-14,RWE,Midlands,UNIVERSITY HOSPITALS OF LEICESTER NHS TRUST,6.0,122.0,22.0,94.0,1125.0,187.0,25.0,46.0,12.0,1406.0,83.0,1.0,1.0,1.0,1.0,1.0,1.0,1.0,1.0,1.0,83.0
2021-03-15,RWE,Midlands,UNIVERSITY HOSPITALS OF LEICESTER NHS TRUST,9.0,118.0,19.0,94.0,1162.0,150.0,22.0,46.0,15.0,1406.0,83.0,1.0,1.0,1.0,1.0,1.0,1.0,1.0,1.0,1.0,83.0
2021-03-16,RWE,Midlands,UNIVERSITY HOSPITALS OF LEICESTER NHS TRUST,7.0,117.0,20.0,92.0,1204.0,110.0,22.0,47.0,14.0,1406.0,83.0,1.0,1.0,1.0,1.0,1.0,1.0,1.0,1.0,1.0,83.0
2021-03-17,RWE,Midlands,UNIVERSITY HOSPITALS OF LEICESTER NHS TRUST,11.0,112.0,19.0,87.0,1209.0,115.0,22.0,43.0,18.0,1411.0,83.0,1.0,1.0,1.0,1.0,1.0,1.0,1.0,1.0,1.0,83.0
2021-03-18,RWE,Midlands,UNIVERSITY HOSPITALS OF LEICESTER NHS TRUST,9.0,109.0,22.0,83.0,1194.0,129.0,23.0,40.0,20.0,1406.0,83.0,1.0,1.0,1.0,1.0,1.0,1.0,1.0,1.0,1.0,83.0
2021-03-19,RWE,Midlands,UNIVERSITY HOSPITALS OF LEICESTER NHS TRUST,4.0,103.0,20.0,78.0,1214.0,114.0,22.0,44.0,15.0,1406.0,81.0,1.0,1.0,1.0,1.0,1.0,1.0,1.0,1.0,1.0,81.0
2021-03-20,RWE,Midlands,UNIVERSITY HOSPITALS OF LEICESTER NHS TRUST,2.0,103.0,19.0,78.0,1195.0,133.0,22.0,47.0,12.0,1406.0,81.0,1.0,1.0,1.0,1.0,1.0,1.0,1.0,1.0,1.0,81.0
2021-03-21,RWE,Midlands,UNIVERSITY HOSPITALS OF LEICESTER NHS TRUST,4.0,98.0,18.0,75.0,1221.0,110.0,20.0,38.0,23.0,1406.0,81.0,1.0,1.0,1.0,1.0,1.0,1.0,1.0,1.0,1.0,81.0
2021-03-22,RWE,Midlands,UNIVERSITY HOSPITALS OF LEICESTER NHS TRUST,3.0,95.0,18.0,72.0,1236.0,98.0,20.0,34.0,27.0,1406.0,81.0,1.0,1.0,1.0,1.0,1.0,1.0,1.0,1.0,1.0,81.0
2021-03-23,RWE,Midlands,UNIVERSITY HOSPITALS OF LEICESTER NHS TRUST,5.0,92.0,18.0,70.0,1236.0,108.0,19.0,43.0,19.0,1414.0,81.0,1.0,1.0,1.0,1.0,1.0,1.0,1.0,1.0,1.0,81.0
2021-03-24,RWE,Midlands,UNIVERSITY HOSPITALS OF LEICESTER NHS TRUST,5.0,88.0,19.0,66.0,1234.0,114.0,19.0,42.0,20.0,1414.0,81.0,1.0,1.0,1.0,1.0,1.0,1.0,1.0,1.0,1.0,81.0
2021-03-25,RWE,Midlands,UNIVERSITY HOSPITALS OF LEICESTER NHS TRUST,6.0,82.0,21.0,56.0,1220.0,138.0,23.0,37.0,21.0,1414.0,81.0,1.0,1.0,1.0,1.0,1.0,1.0,1.0,1.0,1.0,81.0
2021-03-26,RWE,Midlands,UNIVERSITY HOSPITALS OF LEICESTER NHS TRUST,0.0,79.0,21.0,55.0,1229.0,130.0,21.0,38.0,22.0,1414.0,81.0,1.0,1.0,1.0,1.0,1.0,1.0,1.0,1.0,1.0,81.0
2021-03-27,RWE,Midlands,UNIVERSITY HOSPITALS OF LEICESTER NHS TRUST,3.0,68.0,19.0,47.0,1202.0,165.0,19.0,41.0,21.0,1414.0,81.0,1.0,1.0,1.0,1.0,1.0,1.0,1.0,1.0,1.0,81.0
2021-03-28,RWE,Midlands,UNIVERSITY HOSPITALS OF LEICESTER NHS TRUST,6.0,60.0,18.0,40.0,1187.0,187.0,18.0,41.0,22.0,1414.0,81.0,1.0,1.0,1.0,1.0,1.0,1.0,1.0,1.0,1.0,81.0
2021-03-29,RWE,Midlands,UNIVERSITY HOSPITALS OF LEICESTER NHS TRUST,2.0,62.0,18.0,26.0,1267.0,121.0,18.0,38.0,25.0,1414.0,81.0,1.0,1.0,1.0,1.0,1.0,1.0,1.0,1.0,1.0,81.0
2021-03-30,RWE,Midlands,UNIVERSITY HOSPITALS OF LEICESTER NHS TRUST,4.0,58.0,17.0,37.0,1263.0,114.0,18.0,45.0,18.0,1414.0,81.0,1.0,1.0,1.0,1.0,1.0,1.0,1.0,1.0,1.0,81.0
2021-03-31,RWE,Midlands,UNIVERSITY HOSPITALS OF LEICESTER NHS TRUST,6.0,57.0,16.0,37.0,1271.0,106.0,17.0,48.0,16.0,1414.0,81.0,1.0,1.0,1.0,1.0,1.0,1.0,1.0,1.0,1.0,81.0
2021-04-01,RWE,Midlands,UNIVERSITY HOSPITALS OF LEICESTER NHS TRUST,2.0,55.0,15.0,37.0,1254.0,140.0,15.0,46.0,20.0,1431.0,81.0,1.0,1.0,1.0,1.0,1.0,1.0,1.0,1.0,1.0,81.0
2021-04-02,RWE,Midlands,UNIVERSITY HOSPITALS OF LEICESTER NHS TRUST,4.0,57.0,14.0,39.0,1214.0,178.0,14.0,50.0,17.0,1431.0,81.0,1.0,1.0,1.0,1.0,1.0,1.0,1.0,1.0,1.0,81.0
2021-04-03,RWE,Midlands,UNIVERSITY HOSPITALS OF LEICESTER NHS TRUST,4.0,51.0,12.0,36.0,1208.0,187.0,12.0,46.0,23.0,1431.0,81.0,1.0,1.0,1.0,1.0,1.0,1.0,1.0,1.0,1.0,81.0
2021-04-04,RWE,Midlands,UNIVERSITY HOSPITALS OF LEICESTER NHS TRUST,2.0,48.0,10.0,33.0,1217.0,181.0,12.0,43.0,26.0,1431.0,81.0,1.0,1.0,1.0,1.0,1.0,1.0,1.0,1.0,1.0,81.0
2021-04-05,RWE,Midlands,UNIVERSITY HOSPITALS OF LEICESTER NHS TRUST,3.0,51.0,9.0,37.0,1214.0,180.0,11.0,31.0,39.0,1431.0,81.0,1.0,1.0,1.0,1.0,1.0,1.0,1.0,1.0,1.0,81.0
2021-04-06,RWE,Midlands,UNIVERSITY HOSPITALS OF LEICESTER NHS TRUST,3.0,49.0,9.0,36.0,1273.0,122.0,10.0,35.0,36.0,1431.0,81.0,1.0,1.0,1.0,1.0,1.0,1.0,1.0,1.0,1.0,81.0
2020-11-17,RX1,Midlands,NOTTINGHAM UNIVERSITY HOSPITALS NHS TRUST,27.0,314.0,37.0,274.0,774.0,201.0,37.0,38.0,21.0,1249.0,96.0,1.0,1.0,1.0,1.0,1.0,1.0,1.0,1.0,1.0,96.0
2020-11-18,RX1,Midlands,NOTTINGHAM UNIVERSITY HOSPITALS NHS TRUST,21.0,315.0,38.0,274.0,827.0,175.0,38.0,37.0,20.0,1276.0,95.0,1.0,1.0,1.0,1.0,1.0,1.0,1.0,1.0,1.0,95.0
2020-11-19,RX1,Midlands,NOTTINGHAM UNIVERSITY HOSPITALS NHS TRUST,28.0,303.0,38.0,263.0,817.0,216.0,38.0,40.0,17.0,1296.0,95.0,1.0,1.0,1.0,1.0,1.0,1.0,1.0,1.0,1.0,95.0
2020-11-20,RX1,Midlands,NOTTINGHAM UNIVERSITY HOSPITALS NHS TRUST,26.0,304.0,39.0,263.0,846.0,202.0,39.0,39.0,17.0,1311.0,95.0,1.0,1.0,1.0,1.0,1.0,1.0,1.0,1.0,1.0,95.0
2020-11-21,RX1,Midlands,NOTTINGHAM UNIVERSITY HOSPITALS NHS TRUST,21.0,297.0,36.0,257.0,823.0,213.0,36.0,38.0,19.0,1293.0,93.0,1.0,1.0,1.0,1.0,1.0,1.0,1.0,1.0,1.0,93.0
2020-11-22,RX1,Midlands,NOTTINGHAM UNIVERSITY HOSPITALS NHS TRUST,26.0,306.0,35.0,267.0,774.0,230.0,35.0,39.0,20.0,1271.0,94.0,1.0,1.0,1.0,1.0,1.0,1.0,1.0,1.0,1.0,94.0
2020-11-23,RX1,Midlands,NOTTINGHAM UNIVERSITY HOSPITALS NHS TRUST,26.0,308.0,33.0,269.0,802.0,197.0,33.0,41.0,21.0,1268.0,95.0,1.0,1.0,1.0,1.0,1.0,1.0,1.0,1.0,1.0,95.0
2020-11-24,RX1,Midlands,NOTTINGHAM UNIVERSITY HOSPITALS NHS TRUST,33.0,305.0,34.0,266.0,810.0,180.0,34.0,42.0,19.0,1256.0,95.0,1.0,1.0,1.0,1.0,1.0,1.0,1.0,1.0,1.0,95.0
2020-11-25,RX1,Midlands,NOTTINGHAM UNIVERSITY HOSPITALS NHS TRUST,36.0,317.0,36.0,278.0,773.0,178.0,36.0,42.0,17.0,1229.0,95.0,1.0,1.0,1.0,1.0,1.0,1.0,1.0,1.0,1.0,95.0
2020-11-26,RX1,Midlands,NOTTINGHAM UNIVERSITY HOSPITALS NHS TRUST,21.0,296.0,36.0,259.0,792.0,156.0,36.0,44.0,13.0,1207.0,93.0,1.0,1.0,1.0,1.0,1.0,1.0,1.0,1.0,1.0,93.0
2020-11-27,RX1,Midlands,NOTTINGHAM UNIVERSITY HOSPITALS NHS TRUST,21.0,299.0,34.0,261.0,730.0,213.0,35.0,36.0,15.0,1204.0,86.0,1.0,1.0,1.0,1.0,1.0,1.0,1.0,1.0,1.0,86.0
2020-11-28,RX1,Midlands,NOTTINGHAM UNIVERSITY HOSPITALS NHS TRUST,19.0,278.0,27.0,249.0,751.0,230.0,27.0,38.0,22.0,1230.0,87.0,1.0,1.0,1.0,1.0,1.0,1.0,1.0,1.0,1.0,87.0
2020-11-29,RX1,Midlands,NOTTINGHAM UNIVERSITY HOSPITALS NHS TRUST,16.0,289.0,26.0,260.0,738.0,232.0,26.0,34.0,26.0,1230.0,86.0,1.0,1.0,1.0,1.0,1.0,1.0,1.0,1.0,1.0,86.0
2020-11-30,RX1,Midlands,NOTTINGHAM UNIVERSITY HOSPITALS NHS TRUST,21.0,284.0,23.0,259.0,749.0,217.0,23.0,39.0,27.0,1225.0,89.0,1.0,1.0,1.0,1.0,1.0,1.0,1.0,1.0,1.0,89.0
2020-12-01,RX1,Midlands,NOTTINGHAM UNIVERSITY HOSPITALS NHS TRUST,20.0,274.0,24.0,247.0,785.0,191.0,24.0,40.0,21.0,1223.0,85.0,1.0,1.0,1.0,1.0,1.0,1.0,1.0,1.0,1.0,85.0
2020-12-02,RX1,Midlands,NOTTINGHAM UNIVERSITY HOSPITALS NHS TRUST,18.0,268.0,25.0,241.0,788.0,198.0,25.0,43.0,17.0,1227.0,85.0,1.0,1.0,1.0,1.0,1.0,1.0,1.0,1.0,1.0,85.0
2020-12-03,RX1,Midlands,NOTTINGHAM UNIVERSITY HOSPITALS NHS TRUST,16.0,259.0,22.0,235.0,807.0,191.0,22.0,43.0,17.0,1233.0,82.0,1.0,1.0,1.0,1.0,1.0,1.0,1.0,1.0,1.0,82.0
2020-12-04,RX1,Midlands,NOTTINGHAM UNIVERSITY HOSPITALS NHS TRUST,15.0,264.0,23.0,240.0,816.0,187.0,23.0,40.0,20.0,1243.0,83.0,1.0,1.0,1.0,1.0,1.0,1.0,1.0,1.0,1.0,83.0
2020-12-05,RX1,Midlands,NOTTINGHAM UNIVERSITY HOSPITALS NHS TRUST,14.0,258.0,24.0,233.0,747.0,249.0,24.0,34.0,25.0,1229.0,83.0,1.0,1.0,1.0,1.0,1.0,1.0,1.0,1.0,1.0,83.0
2020-12-06,RX1,Midlands,NOTTINGHAM UNIVERSITY HOSPITALS NHS TRUST,19.0,253.0,26.0,226.0,816.0,228.0,26.0,35.0,22.0,1270.0,83.0,1.0,1.0,1.0,1.0,1.0,1.0,1.0,1.0,1.0,83.0
2020-12-07,RX1,Midlands,NOTTINGHAM UNIVERSITY HOSPITALS NHS TRUST,19.0,260.0,27.0,231.0,834.0,203.0,27.0,39.0,17.0,1268.0,83.0,1.0,1.0,1.0,1.0,1.0,1.0,1.0,1.0,1.0,83.0
2020-12-08,RX1,Midlands,NOTTINGHAM UNIVERSITY HOSPITALS NHS TRUST,15.0,245.0,27.0,214.0,861.0,215.0,27.0,46.0,10.0,1290.0,83.0,1.0,1.0,1.0,1.0,1.0,1.0,1.0,1.0,1.0,83.0
2020-12-09,RX1,Midlands,NOTTINGHAM UNIVERSITY HOSPITALS NHS TRUST,21.0,247.0,25.0,218.0,862.0,230.0,26.0,41.0,16.0,1310.0,83.0,1.0,1.0,1.0,1.0,1.0,1.0,1.0,1.0,1.0,83.0
2020-12-10,RX1,Midlands,NOTTINGHAM UNIVERSITY HOSPITALS NHS TRUST,23.0,237.0,26.0,209.0,842.0,244.0,26.0,42.0,15.0,1295.0,83.0,1.0,1.0,1.0,1.0,1.0,1.0,1.0,1.0,1.0,83.0
2020-12-11,RX1,Midlands,NOTTINGHAM UNIVERSITY HOSPITALS NHS TRUST,14.0,224.0,27.0,196.0,864.0,223.0,27.0,41.0,15.0,1283.0,83.0,1.0,1.0,1.0,1.0,1.0,1.0,1.0,1.0,1.0,83.0
2020-12-12,RX1,Midlands,NOTTINGHAM UNIVERSITY HOSPITALS NHS TRUST,25.0,220.0,26.0,193.0,863.0,232.0,26.0,42.0,15.0,1288.0,83.0,1.0,1.0,1.0,1.0,1.0,1.0,1.0,1.0,1.0,83.0
2020-12-13,RX1,Midlands,NOTTINGHAM UNIVERSITY HOSPITALS NHS TRUST,20.0,222.0,26.0,193.0,873.0,220.0,26.0,36.0,21.0,1286.0,83.0,1.0,1.0,1.0,1.0,1.0,1.0,1.0,1.0,1.0,83.0
2020-12-14,RX1,Midlands,NOTTINGHAM UNIVERSITY HOSPITALS NHS TRUST,15.0,243.0,29.0,211.0,888.0,181.0,29.0,35.0,19.0,1280.0,83.0,1.0,1.0,1.0,1.0,1.0,1.0,1.0,1.0,1.0,83.0
2020-12-15,RX1,Midlands,NOTTINGHAM UNIVERSITY HOSPITALS NHS TRUST,28.0,236.0,27.0,206.0,938.0,175.0,27.0,40.0,16.0,1319.0,83.0,1.0,1.0,1.0,1.0,1.0,1.0,1.0,1.0,1.0,83.0
2020-12-16,RX1,Midlands,NOTTINGHAM UNIVERSITY HOSPITALS NHS TRUST,28.0,248.0,27.0,217.0,938.0,192.0,27.0,43.0,13.0,1347.0,83.0,1.0,1.0,1.0,1.0,1.0,1.0,1.0,1.0,1.0,83.0
2020-12-17,RX1,Midlands,NOTTINGHAM UNIVERSITY HOSPITALS NHS TRUST,22.0,243.0,26.0,212.0,993.0,193.0,26.0,42.0,17.0,1398.0,85.0,1.0,1.0,1.0,1.0,1.0,1.0,1.0,1.0,1.0,85.0
2020-12-18,RX1,Midlands,NOTTINGHAM UNIVERSITY HOSPITALS NHS TRUST,16.0,245.0,27.0,216.0,924.0,246.0,28.0,48.0,10.0,1386.0,86.0,1.0,1.0,1.0,1.0,1.0,1.0,1.0,1.0,1.0,86.0
2020-12-19,RX1,Midlands,NOTTINGHAM UNIVERSITY HOSPITALS NHS TRUST,17.0,244.0,27.0,216.0,980.0,182.0,27.0,40.0,20.0,1378.0,87.0,1.0,1.0,1.0,1.0,1.0,1.0,1.0,1.0,1.0,87.0
2020-12-20,RX1,Midlands,NOTTINGHAM UNIVERSITY HOSPITALS NHS TRUST,33.0,247.0,26.0,219.0,947.0,214.0,26.0,40.0,21.0,1380.0,87.0,1.0,1.0,1.0,1.0,1.0,1.0,1.0,1.0,1.0,87.0
2020-12-21,RX1,Midlands,NOTTINGHAM UNIVERSITY HOSPITALS NHS TRUST,26.0,259.0,29.0,229.0,967.0,181.0,29.0,39.0,17.0,1377.0,85.0,1.0,1.0,1.0,1.0,1.0,1.0,1.0,1.0,1.0,85.0
2020-12-22,RX1,Midlands,NOTTINGHAM UNIVERSITY HOSPITALS NHS TRUST,23.0,258.0,27.0,230.0,987.0,161.0,27.0,44.0,12.0,1378.0,83.0,1.0,1.0,1.0,1.0,1.0,1.0,1.0,1.0,1.0,83.0
2020-12-23,RX1,Midlands,NOTTINGHAM UNIVERSITY HOSPITALS NHS TRUST,14.0,264.0,29.0,233.0,951.0,190.0,29.0,45.0,9.0,1374.0,83.0,1.0,1.0,1.0,1.0,1.0,1.0,1.0,1.0,1.0,83.0
2020-12-24,RX1,Midlands,NOTTINGHAM UNIVERSITY HOSPITALS NHS TRUST,10.0,268.0,32.0,234.0,892.0,244.0,32.0,42.0,11.0,1370.0,85.0,1.0,1.0,1.0,1.0,1.0,1.0,1.0,1.0,1.0,85.0
2020-12-25,RX1,Midlands,NOTTINGHAM UNIVERSITY HOSPITALS NHS TRUST,19.0,234.0,29.0,203.0,772.0,363.0,29.0,38.0,16.0,1338.0,83.0,1.0,1.0,1.0,1.0,1.0,1.0,1.0,1.0,1.0,83.0
2020-12-26,RX1,Midlands,NOTTINGHAM UNIVERSITY HOSPITALS NHS TRUST,33.0,233.0,29.0,203.0,815.0,325.0,29.0,37.0,17.0,1343.0,83.0,1.0,1.0,1.0,1.0,1.0,1.0,1.0,1.0,1.0,83.0
2020-12-27,RX1,Midlands,NOTTINGHAM UNIVERSITY HOSPITALS NHS TRUST,28.0,249.0,29.0,219.0,879.0,235.0,29.0,33.0,19.0,1333.0,81.0,1.0,1.0,1.0,1.0,1.0,1.0,1.0,1.0,1.0,81.0
2020-12-28,RX1,Midlands,NOTTINGHAM UNIVERSITY HOSPITALS NHS TRUST,33.0,273.0,31.0,239.0,903.0,207.0,31.0,32.0,20.0,1349.0,83.0,1.0,1.0,1.0,1.0,1.0,1.0,1.0,1.0,1.0,83.0
2020-12-29,RX1,Midlands,NOTTINGHAM UNIVERSITY HOSPITALS NHS TRUST,38.0,283.0,31.0,251.0,923.0,185.0,31.0,42.0,16.0,1359.0,89.0,1.0,1.0,1.0,1.0,1.0,1.0,1.0,1.0,1.0,89.0
2020-12-30,RX1,Midlands,NOTTINGHAM UNIVERSITY HOSPITALS NHS TRUST,26.0,296.0,29.0,266.0,945.0,165.0,29.0,42.0,12.0,1376.0,83.0,1.0,1.0,1.0,1.0,1.0,1.0,1.0,1.0,1.0,83.0
2020-12-31,RX1,Midlands,NOTTINGHAM UNIVERSITY HOSPITALS NHS TRUST,29.0,292.0,25.0,266.0,942.0,158.0,25.0,45.0,17.0,1366.0,87.0,1.0,1.0,1.0,1.0,1.0,1.0,1.0,1.0,1.0,87.0
2021-01-01,RX1,Midlands,NOTTINGHAM UNIVERSITY HOSPITALS NHS TRUST,31.0,278.0,24.0,253.0,888.0,244.0,24.0,46.0,14.0,1385.0,84.0,1.0,1.0,1.0,1.0,1.0,1.0,1.0,1.0,1.0,84.0
2021-01-02,RX1,Midlands,NOTTINGHAM UNIVERSITY HOSPITALS NHS TRUST,34.0,285.0,23.0,262.0,930.0,200.0,23.0,47.0,13.0,1392.0,83.0,1.0,1.0,1.0,1.0,1.0,1.0,1.0,1.0,1.0,83.0
2021-01-03,RX1,Midlands,NOTTINGHAM UNIVERSITY HOSPITALS NHS TRUST,25.0,291.0,24.0,266.0,928.0,196.0,24.0,45.0,17.0,1390.0,86.0,1.0,1.0,1.0,1.0,1.0,1.0,1.0,1.0,1.0,86.0
2021-01-04,RX1,Midlands,NOTTINGHAM UNIVERSITY HOSPITALS NHS TRUST,29.0,306.0,24.0,281.0,944.0,157.0,24.0,46.0,16.0,1382.0,86.0,1.0,1.0,1.0,1.0,1.0,1.0,1.0,1.0,1.0,86.0
2021-01-05,RX1,Midlands,NOTTINGHAM UNIVERSITY HOSPITALS NHS TRUST,37.0,296.0,23.0,270.0,986.0,141.0,23.0,45.0,14.0,1397.0,82.0,1.0,1.0,1.0,1.0,1.0,1.0,1.0,1.0,1.0,82.0
2021-01-06,RX1,Midlands,NOTTINGHAM UNIVERSITY HOSPITALS NHS TRUST,41.0,313.0,25.0,287.0,978.0,146.0,25.0,44.0,13.0,1411.0,82.0,1.0,1.0,1.0,1.0,1.0,1.0,1.0,1.0,1.0,82.0
2021-01-07,RX1,Midlands,NOTTINGHAM UNIVERSITY HOSPITALS NHS TRUST,38.0,323.0,28.0,293.0,943.0,158.0,29.0,40.0,13.0,1394.0,82.0,1.0,1.0,1.0,1.0,1.0,1.0,1.0,1.0,1.0,82.0
2021-01-08,RX1,Midlands,NOTTINGHAM UNIVERSITY HOSPITALS NHS TRUST,36.0,326.0,29.0,297.0,965.0,133.0,29.0,49.0,8.0,1395.0,86.0,1.0,1.0,1.0,1.0,1.0,1.0,1.0,1.0,1.0,86.0
2021-01-09,RX1,Midlands,NOTTINGHAM UNIVERSITY HOSPITALS NHS TRUST,37.0,326.0,29.0,297.0,904.0,192.0,29.0,44.0,13.0,1393.0,86.0,1.0,1.0,1.0,1.0,1.0,1.0,1.0,1.0,1.0,86.0
2021-01-10,RX1,Midlands,NOTTINGHAM UNIVERSITY HOSPITALS NHS TRUST,39.0,338.0,29.0,309.0,903.0,189.0,29.0,43.0,14.0,1401.0,86.0,1.0,1.0,1.0,1.0,1.0,1.0,1.0,1.0,1.0,86.0
2021-01-11,RX1,Midlands,NOTTINGHAM UNIVERSITY HOSPITALS NHS TRUST,40.0,363.0,33.0,329.0,925.0,163.0,33.0,38.0,17.0,1417.0,88.0,1.0,1.0,1.0,1.0,1.0,1.0,1.0,1.0,1.0,88.0
2021-01-12,RX1,Midlands,NOTTINGHAM UNIVERSITY HOSPITALS NHS TRUST,45.0,377.0,37.0,338.0,936.0,137.0,37.0,40.0,11.0,1411.0,88.0,1.0,1.0,1.0,1.0,1.0,1.0,1.0,1.0,1.0,88.0
2021-01-13,RX1,Midlands,NOTTINGHAM UNIVERSITY HOSPITALS NHS TRUST,39.0,392.0,38.0,348.0,917.0,149.0,38.0,42.0,12.0,1414.0,92.0,1.0,1.0,1.0,1.0,1.0,1.0,1.0,1.0,1.0,92.0
2021-01-14,RX1,Midlands,NOTTINGHAM UNIVERSITY HOSPITALS NHS TRUST,39.0,379.0,37.0,340.0,890.0,171.0,37.0,44.0,13.0,1401.0,94.0,1.0,1.0,1.0,1.0,1.0,1.0,1.0,1.0,1.0,94.0
2021-01-15,RX1,Midlands,NOTTINGHAM UNIVERSITY HOSPITALS NHS TRUST,39.0,372.0,38.0,329.0,901.0,183.0,38.0,36.0,20.0,1413.0,94.0,1.0,1.0,1.0,1.0,1.0,1.0,1.0,1.0,1.0,94.0
2021-01-16,RX1,Midlands,NOTTINGHAM UNIVERSITY HOSPITALS NHS TRUST,68.0,389.0,44.0,340.0,840.0,224.0,44.0,33.0,17.0,1404.0,94.0,1.0,1.0,1.0,1.0,1.0,1.0,1.0,1.0,1.0,94.0
2021-01-17,RX1,Midlands,NOTTINGHAM UNIVERSITY HOSPITALS NHS TRUST,50.0,393.0,44.0,345.0,849.0,214.0,44.0,30.0,20.0,1408.0,94.0,1.0,1.0,1.0,1.0,1.0,1.0,1.0,1.0,1.0,94.0
2021-01-18,RX1,Midlands,NOTTINGHAM UNIVERSITY HOSPITALS NHS TRUST,55.0,429.0,43.0,381.0,824.0,185.0,43.0,32.0,22.0,1390.0,97.0,1.0,1.0,1.0,1.0,1.0,1.0,1.0,1.0,1.0,97.0
2021-01-19,RX1,Midlands,NOTTINGHAM UNIVERSITY HOSPITALS NHS TRUST,55.0,441.0,43.0,391.0,860.0,132.0,43.0,33.0,21.0,1383.0,97.0,1.0,1.0,1.0,1.0,1.0,1.0,1.0,1.0,1.0,97.0
2021-01-20,RX1,Midlands,NOTTINGHAM UNIVERSITY HOSPITALS NHS TRUST,46.0,440.0,46.0,387.0,851.0,168.0,46.0,35.0,16.0,1406.0,97.0,1.0,1.0,1.0,1.0,1.0,1.0,1.0,1.0,1.0,97.0
2021-01-21,RX1,Midlands,NOTTINGHAM UNIVERSITY HOSPITALS NHS TRUST,46.0,450.0,50.0,392.0,870.0,141.0,50.0,35.0,14.0,1403.0,99.0,1.0,1.0,1.0,1.0,1.0,1.0,1.0,1.0,1.0,99.0
2021-01-22,RX1,Midlands,NOTTINGHAM UNIVERSITY HOSPITALS NHS TRUST,41.0,464.0,58.0,395.0,874.0,160.0,58.0,37.0,10.0,1429.0,105.0,1.0,1.0,1.0,1.0,1.0,1.0,1.0,1.0,1.0,105.0
2021-01-23,RX1,Midlands,NOTTINGHAM UNIVERSITY HOSPITALS NHS TRUST,36.0,464.0,57.0,394.0,846.0,172.0,57.0,36.0,12.0,1412.0,105.0,1.0,1.0,1.0,1.0,1.0,1.0,1.0,1.0,1.0,105.0
2021-01-24,RX1,Midlands,NOTTINGHAM UNIVERSITY HOSPITALS NHS TRUST,33.0,471.0,53.0,407.0,834.0,181.0,53.0,30.0,24.0,1422.0,107.0,1.0,1.0,1.0,1.0,1.0,1.0,1.0,1.0,1.0,107.0
2021-01-25,RX1,Midlands,NOTTINGHAM UNIVERSITY HOSPITALS NHS TRUST,40.0,485.0,55.0,418.0,834.0,169.0,55.0,29.0,14.0,1421.0,98.0,1.0,1.0,1.0,1.0,1.0,1.0,1.0,1.0,1.0,98.0
2021-01-26,RX1,Midlands,NOTTINGHAM UNIVERSITY HOSPITALS NHS TRUST,47.0,473.0,60.0,402.0,841.0,174.0,60.0,31.0,10.0,1417.0,101.0,1.0,1.0,1.0,1.0,1.0,1.0,1.0,1.0,1.0,101.0
2021-01-27,RX1,Midlands,NOTTINGHAM UNIVERSITY HOSPITALS NHS TRUST,34.0,455.0,61.0,383.0,841.0,191.0,61.0,29.0,14.0,1415.0,104.0,1.0,1.0,1.0,1.0,1.0,1.0,1.0,1.0,1.0,104.0
2021-01-28,RX1,Midlands,NOTTINGHAM UNIVERSITY HOSPITALS NHS TRUST,41.0,450.0,62.0,378.0,826.0,217.0,62.0,32.0,8.0,1421.0,102.0,1.0,1.0,1.0,1.0,1.0,1.0,1.0,1.0,1.0,102.0
2021-01-29,RX1,Midlands,NOTTINGHAM UNIVERSITY HOSPITALS NHS TRUST,40.0,430.0,59.0,362.0,845.0,209.0,59.0,37.0,8.0,1416.0,104.0,1.0,1.0,1.0,1.0,1.0,1.0,1.0,1.0,1.0,104.0
2021-01-30,RX1,Midlands,NOTTINGHAM UNIVERSITY HOSPITALS NHS TRUST,31.0,434.0,56.0,368.0,792.0,246.0,56.0,38.0,16.0,1406.0,110.0,1.0,1.0,1.0,1.0,1.0,1.0,1.0,1.0,1.0,110.0
2021-01-31,RX1,Midlands,NOTTINGHAM UNIVERSITY HOSPITALS NHS TRUST,23.0,440.0,50.0,380.0,787.0,222.0,50.0,35.0,25.0,1389.0,110.0,1.0,1.0,1.0,1.0,1.0,1.0,1.0,1.0,1.0,110.0
2021-02-01,RX1,Midlands,NOTTINGHAM UNIVERSITY HOSPITALS NHS TRUST,37.0,454.0,59.0,382.0,816.0,200.0,59.0,30.0,13.0,1398.0,102.0,1.0,1.0,1.0,1.0,1.0,1.0,1.0,1.0,1.0,102.0
2021-02-02,RX1,Midlands,NOTTINGHAM UNIVERSITY HOSPITALS NHS TRUST,37.0,441.0,55.0,376.0,837.0,198.0,55.0,36.0,7.0,1411.0,98.0,1.0,1.0,1.0,1.0,1.0,1.0,1.0,1.0,1.0,98.0
2021-02-03,RX1,Midlands,NOTTINGHAM UNIVERSITY HOSPITALS NHS TRUST,33.0,425.0,55.0,360.0,837.0,204.0,55.0,31.0,10.0,1401.0,96.0,1.0,1.0,1.0,1.0,1.0,1.0,1.0,1.0,1.0,96.0
2021-02-04,RX1,Midlands,NOTTINGHAM UNIVERSITY HOSPITALS NHS TRUST,30.0,420.0,58.0,355.0,842.0,172.0,58.0,32.0,9.0,1369.0,99.0,1.0,1.0,1.0,1.0,1.0,1.0,1.0,1.0,1.0,99.0
2021-02-05,RX1,Midlands,NOTTINGHAM UNIVERSITY HOSPITALS NHS TRUST,39.0,422.0,58.0,356.0,829.0,184.0,58.0,32.0,12.0,1369.0,102.0,1.0,1.0,1.0,1.0,1.0,1.0,1.0,1.0,1.0,102.0
2021-02-06,RX1,Midlands,NOTTINGHAM UNIVERSITY HOSPITALS NHS TRUST,40.0,412.0,59.0,346.0,856.0,196.0,59.0,26.0,19.0,1398.0,104.0,1.0,1.0,1.0,1.0,1.0,1.0,1.0,1.0,1.0,104.0
2021-02-07,RX1,Midlands,NOTTINGHAM UNIVERSITY HOSPITALS NHS TRUST,30.0,426.0,59.0,359.0,861.0,176.0,59.0,30.0,16.0,1396.0,105.0,1.0,1.0,1.0,1.0,1.0,1.0,1.0,1.0,1.0,105.0
2021-02-08,RX1,Midlands,NOTTINGHAM UNIVERSITY HOSPITALS NHS TRUST,43.0,452.0,59.0,386.0,860.0,150.0,59.0,33.0,15.0,1396.0,107.0,1.0,1.0,1.0,1.0,1.0,1.0,1.0,1.0,1.0,107.0
2021-02-09,RX1,Midlands,NOTTINGHAM UNIVERSITY HOSPITALS NHS TRUST,35.0,434.0,58.0,369.0,874.0,154.0,58.0,33.0,16.0,1397.0,107.0,1.0,1.0,1.0,1.0,1.0,1.0,1.0,1.0,1.0,107.0
2021-02-10,RX1,Midlands,NOTTINGHAM UNIVERSITY HOSPITALS NHS TRUST,26.0,432.0,55.0,371.0,858.0,172.0,55.0,32.0,18.0,1401.0,105.0,1.0,1.0,1.0,1.0,1.0,1.0,1.0,1.0,1.0,105.0
2021-02-11,RX1,Midlands,NOTTINGHAM UNIVERSITY HOSPITALS NHS TRUST,21.0,418.0,50.0,360.0,852.0,188.0,50.0,35.0,20.0,1400.0,105.0,1.0,1.0,1.0,1.0,1.0,1.0,1.0,1.0,1.0,105.0
2021-02-12,RX1,Midlands,NOTTINGHAM UNIVERSITY HOSPITALS NHS TRUST,22.0,407.0,48.0,351.0,822.0,218.0,48.0,38.0,19.0,1391.0,105.0,1.0,1.0,1.0,1.0,1.0,1.0,1.0,1.0,1.0,105.0
2021-02-13,RX1,Midlands,NOTTINGHAM UNIVERSITY HOSPITALS NHS TRUST,17.0,369.0,39.0,321.0,872.0,201.0,39.0,33.0,27.0,1394.0,99.0,1.0,1.0,1.0,1.0,1.0,1.0,1.0,1.0,1.0,99.0
2021-02-14,RX1,Midlands,NOTTINGHAM UNIVERSITY HOSPITALS NHS TRUST,26.0,370.0,37.0,325.0,860.0,210.0,37.0,32.0,30.0,1395.0,99.0,1.0,1.0,1.0,1.0,1.0,1.0,1.0,1.0,1.0,99.0
2021-02-15,RX1,Midlands,NOTTINGHAM UNIVERSITY HOSPITALS NHS TRUST,15.0,367.0,36.0,324.0,881.0,181.0,36.0,33.0,32.0,1386.0,101.0,1.0,1.0,1.0,1.0,1.0,1.0,1.0,1.0,1.0,101.0
2021-02-16,RX1,Midlands,NOTTINGHAM UNIVERSITY HOSPITALS NHS TRUST,28.0,360.0,36.0,317.0,914.0,123.0,36.0,35.0,17.0,1354.0,88.0,1.0,1.0,1.0,1.0,1.0,1.0,1.0,1.0,1.0,88.0
2021-02-17,RX1,Midlands,NOTTINGHAM UNIVERSITY HOSPITALS NHS TRUST,29.0,330.0,33.0,290.0,894.0,155.0,33.0,40.0,17.0,1339.0,90.0,1.0,1.0,1.0,1.0,1.0,1.0,1.0,1.0,1.0,90.0
2021-02-18,RX1,Midlands,NOTTINGHAM UNIVERSITY HOSPITALS NHS TRUST,27.0,332.0,35.0,290.0,916.0,141.0,35.0,44.0,11.0,1347.0,90.0,1.0,1.0,1.0,1.0,1.0,1.0,1.0,1.0,1.0,90.0
2021-02-19,RX1,Midlands,NOTTINGHAM UNIVERSITY HOSPITALS NHS TRUST,14.0,325.0,35.0,283.0,925.0,173.0,35.0,43.0,11.0,1381.0,89.0,1.0,1.0,1.0,1.0,1.0,1.0,1.0,1.0,1.0,89.0
2021-02-20,RX1,Midlands,NOTTINGHAM UNIVERSITY HOSPITALS NHS TRUST,17.0,328.0,36.0,283.0,909.0,178.0,36.0,42.0,11.0,1370.0,89.0,1.0,1.0,1.0,1.0,1.0,1.0,1.0,1.0,1.0,89.0
2021-02-21,RX1,Midlands,NOTTINGHAM UNIVERSITY HOSPITALS NHS TRUST,16.0,323.0,32.0,284.0,910.0,183.0,32.0,44.0,14.0,1377.0,90.0,1.0,1.0,1.0,1.0,1.0,1.0,1.0,1.0,1.0,90.0
2021-02-22,RX1,Midlands,NOTTINGHAM UNIVERSITY HOSPITALS NHS TRUST,19.0,329.0,35.0,286.0,930.0,154.0,36.0,43.0,11.0,1370.0,90.0,1.0,1.0,1.0,1.0,1.0,1.0,1.0,1.0,1.0,90.0
2021-02-23,RX1,Midlands,NOTTINGHAM UNIVERSITY HOSPITALS NHS TRUST,15.0,323.0,38.0,278.0,966.0,140.0,38.0,40.0,12.0,1384.0,90.0,1.0,1.0,1.0,1.0,1.0,1.0,1.0,1.0,1.0,90.0
2021-02-24,RX1,Midlands,NOTTINGHAM UNIVERSITY HOSPITALS NHS TRUST,21.0,307.0,36.0,264.0,965.0,154.0,36.0,42.0,12.0,1383.0,90.0,1.0,1.0,1.0,1.0,1.0,1.0,1.0,1.0,1.0,90.0
2021-02-25,RX1,Midlands,NOTTINGHAM UNIVERSITY HOSPITALS NHS TRUST,19.0,307.0,35.0,265.0,949.0,170.0,35.0,43.0,12.0,1384.0,90.0,1.0,1.0,1.0,1.0,1.0,1.0,1.0,1.0,1.0,90.0
2021-02-26,RX1,Midlands,NOTTINGHAM UNIVERSITY HOSPITALS NHS TRUST,17.0,299.0,35.0,259.0,927.0,194.0,35.0,43.0,12.0,1380.0,90.0,1.0,1.0,1.0,1.0,1.0,1.0,1.0,1.0,1.0,90.0
2021-02-27,RX1,Midlands,NOTTINGHAM UNIVERSITY HOSPITALS NHS TRUST,14.0,282.0,37.0,240.0,891.0,227.0,37.0,35.0,18.0,1358.0,90.0,1.0,1.0,1.0,1.0,1.0,1.0,1.0,1.0,1.0,90.0
2021-02-28,RX1,Midlands,NOTTINGHAM UNIVERSITY HOSPITALS NHS TRUST,9.0,289.0,37.0,245.0,911.0,196.0,37.0,33.0,22.0,1352.0,92.0,1.0,1.0,1.0,1.0,1.0,1.0,1.0,1.0,1.0,92.0
2021-03-01,RX1,Midlands,NOTTINGHAM UNIVERSITY HOSPITALS NHS TRUST,11.0,286.0,36.0,240.0,942.0,180.0,37.0,33.0,23.0,1362.0,93.0,1.0,1.0,1.0,1.0,1.0,1.0,1.0,1.0,1.0,93.0
2021-03-02,RX1,Midlands,NOTTINGHAM UNIVERSITY HOSPITALS NHS TRUST,11.0,281.0,36.0,241.0,969.0,158.0,36.0,38.0,18.0,1368.0,92.0,1.0,1.0,1.0,1.0,1.0,1.0,1.0,1.0,1.0,92.0
2021-03-03,RX1,Midlands,NOTTINGHAM UNIVERSITY HOSPITALS NHS TRUST,15.0,255.0,37.0,214.0,969.0,190.0,37.0,41.0,14.0,1373.0,92.0,1.0,1.0,1.0,1.0,1.0,1.0,1.0,1.0,1.0,92.0
2021-03-04,RX1,Midlands,NOTTINGHAM UNIVERSITY HOSPITALS NHS TRUST,10.0,240.0,35.0,203.0,964.0,190.0,35.0,39.0,16.0,1357.0,90.0,1.0,1.0,1.0,1.0,1.0,1.0,1.0,1.0,1.0,90.0
2021-03-05,RX1,Midlands,NOTTINGHAM UNIVERSITY HOSPITALS NHS TRUST,4.0,234.0,34.0,196.0,945.0,227.0,34.0,39.0,20.0,1368.0,93.0,1.0,1.0,1.0,1.0,1.0,1.0,1.0,1.0,1.0,93.0
2021-03-06,RX1,Midlands,NOTTINGHAM UNIVERSITY HOSPITALS NHS TRUST,5.0,215.0,31.0,180.0,916.0,247.0,31.0,40.0,20.0,1343.0,91.0,1.0,1.0,1.0,1.0,1.0,1.0,1.0,1.0,1.0,91.0
2021-03-07,RX1,Midlands,NOTTINGHAM UNIVERSITY HOSPITALS NHS TRUST,3.0,206.0,31.0,172.0,899.0,292.0,31.0,40.0,20.0,1363.0,91.0,1.0,1.0,1.0,1.0,1.0,1.0,1.0,1.0,1.0,91.0
2021-03-08,RX1,Midlands,NOTTINGHAM UNIVERSITY HOSPITALS NHS TRUST,2.0,207.0,30.0,173.0,910.0,281.0,30.0,38.0,22.0,1364.0,90.0,1.0,1.0,1.0,1.0,1.0,1.0,1.0,1.0,1.0,90.0
2021-03-09,RX1,Midlands,NOTTINGHAM UNIVERSITY HOSPITALS NHS TRUST,8.0,198.0,27.0,167.0,958.0,243.0,27.0,40.0,23.0,1368.0,90.0,1.0,1.0,1.0,1.0,1.0,1.0,1.0,1.0,1.0,90.0
2021-03-10,RX1,Midlands,NOTTINGHAM UNIVERSITY HOSPITALS NHS TRUST,10.0,184.0,26.0,155.0,980.0,198.0,26.0,37.0,27.0,1333.0,90.0,1.0,1.0,1.0,1.0,1.0,1.0,1.0,1.0,1.0,90.0
2021-03-11,RX1,Midlands,NOTTINGHAM UNIVERSITY HOSPITALS NHS TRUST,11.0,176.0,25.0,149.0,984.0,223.0,25.0,47.0,20.0,1356.0,92.0,1.0,1.0,1.0,1.0,1.0,1.0,1.0,1.0,1.0,92.0
2021-03-12,RX1,Midlands,NOTTINGHAM UNIVERSITY HOSPITALS NHS TRUST,6.0,164.0,25.0,134.0,987.0,232.0,25.0,43.0,26.0,1353.0,94.0,1.0,1.0,1.0,1.0,1.0,1.0,1.0,1.0,1.0,94.0
2021-03-13,RX1,Midlands,NOTTINGHAM UNIVERSITY HOSPITALS NHS TRUST,6.0,161.0,25.0,130.0,991.0,228.0,25.0,46.0,23.0,1349.0,94.0,1.0,1.0,1.0,1.0,1.0,1.0,1.0,1.0,1.0,94.0
2021-03-14,RX1,Midlands,NOTTINGHAM UNIVERSITY HOSPITALS NHS TRUST,5.0,163.0,23.0,135.0,1002.0,217.0,23.0,48.0,23.0,1354.0,94.0,1.0,1.0,1.0,1.0,1.0,1.0,1.0,1.0,1.0,94.0
2021-03-15,RX1,Midlands,NOTTINGHAM UNIVERSITY HOSPITALS NHS TRUST,10.0,162.0,24.0,135.0,1036.0,201.0,24.0,43.0,29.0,1372.0,96.0,1.0,1.0,1.0,1.0,1.0,1.0,1.0,1.0,1.0,96.0
2021-03-16,RX1,Midlands,NOTTINGHAM UNIVERSITY HOSPITALS NHS TRUST,8.0,153.0,24.0,127.0,1087.0,165.0,24.0,45.0,25.0,1379.0,94.0,1.0,1.0,1.0,1.0,1.0,1.0,1.0,1.0,1.0,94.0
2021-03-17,RX1,Midlands,NOTTINGHAM UNIVERSITY HOSPITALS NHS TRUST,7.0,156.0,22.0,131.0,1063.0,177.0,22.0,42.0,30.0,1371.0,94.0,1.0,1.0,1.0,1.0,1.0,1.0,1.0,1.0,1.0,94.0
2021-03-18,RX1,Midlands,NOTTINGHAM UNIVERSITY HOSPITALS NHS TRUST,12.0,138.0,18.0,115.0,1047.0,200.0,18.0,47.0,29.0,1362.0,94.0,1.0,1.0,1.0,1.0,1.0,1.0,1.0,1.0,1.0,94.0
2021-03-19,RX1,Midlands,NOTTINGHAM UNIVERSITY HOSPITALS NHS TRUST,4.0,151.0,19.0,127.0,1027.0,216.0,19.0,46.0,23.0,1370.0,88.0,1.0,1.0,1.0,1.0,1.0,1.0,1.0,1.0,1.0,88.0
2021-03-20,RX1,Midlands,NOTTINGHAM UNIVERSITY HOSPITALS NHS TRUST,5.0,136.0,19.0,112.0,1026.0,246.0,19.0,49.0,20.0,1384.0,88.0,1.0,1.0,1.0,1.0,1.0,1.0,1.0,1.0,1.0,88.0
2021-03-21,RX1,Midlands,NOTTINGHAM UNIVERSITY HOSPITALS NHS TRUST,5.0,135.0,17.0,115.0,1009.0,252.0,17.0,49.0,24.0,1376.0,90.0,1.0,1.0,1.0,1.0,1.0,1.0,1.0,1.0,1.0,90.0
2021-03-22,RX1,Midlands,NOTTINGHAM UNIVERSITY HOSPITALS NHS TRUST,8.0,135.0,15.0,116.0,1045.0,215.0,15.0,48.0,33.0,1376.0,96.0,1.0,1.0,1.0,1.0,1.0,1.0,1.0,1.0,1.0,96.0
2021-03-23,RX1,Midlands,NOTTINGHAM UNIVERSITY HOSPITALS NHS TRUST,4.0,128.0,14.0,109.0,1112.0,182.0,14.0,45.0,31.0,1403.0,90.0,1.0,1.0,1.0,1.0,1.0,1.0,1.0,1.0,1.0,90.0
2021-03-24,RX1,Midlands,NOTTINGHAM UNIVERSITY HOSPITALS NHS TRUST,7.0,110.0,13.0,95.0,1128.0,197.0,13.0,46.0,31.0,1420.0,90.0,1.0,1.0,1.0,1.0,1.0,1.0,1.0,1.0,1.0,90.0
2021-03-25,RX1,Midlands,NOTTINGHAM UNIVERSITY HOSPITALS NHS TRUST,6.0,97.0,10.0,85.0,1086.0,238.0,10.0,45.0,17.0,1409.0,72.0,1.0,1.0,1.0,1.0,1.0,1.0,1.0,1.0,1.0,72.0
2021-03-26,RX1,Midlands,NOTTINGHAM UNIVERSITY HOSPITALS NHS TRUST,4.0,97.0,10.0,86.0,1092.0,236.0,10.0,43.0,12.0,1414.0,65.0,1.0,1.0,1.0,1.0,1.0,1.0,1.0,1.0,1.0,65.0
2021-03-27,RX1,Midlands,NOTTINGHAM UNIVERSITY HOSPITALS NHS TRUST,5.0,96.0,10.0,84.0,1086.0,246.0,10.0,51.0,18.0,1416.0,79.0,1.0,1.0,1.0,1.0,1.0,1.0,1.0,1.0,1.0,79.0
2021-03-28,RX1,Midlands,NOTTINGHAM UNIVERSITY HOSPITALS NHS TRUST,6.0,91.0,10.0,79.0,1066.0,266.0,10.0,45.0,22.0,1411.0,77.0,1.0,1.0,1.0,1.0,1.0,1.0,1.0,1.0,1.0,77.0
2021-03-29,RX1,Midlands,NOTTINGHAM UNIVERSITY HOSPITALS NHS TRUST,5.0,91.0,9.0,81.0,1085.0,254.0,9.0,46.0,20.0,1420.0,75.0,1.0,1.0,1.0,1.0,1.0,1.0,1.0,1.0,1.0,75.0
2021-03-30,RX1,Midlands,NOTTINGHAM UNIVERSITY HOSPITALS NHS TRUST,6.0,86.0,10.0,76.0,1099.0,264.0,10.0,50.0,17.0,1439.0,77.0,1.0,1.0,1.0,1.0,1.0,1.0,1.0,1.0,1.0,77.0
2021-03-31,RX1,Midlands,NOTTINGHAM UNIVERSITY HOSPITALS NHS TRUST,8.0,87.0,10.0,77.0,1112.0,237.0,10.0,54.0,13.0,1426.0,77.0,1.0,1.0,1.0,1.0,1.0,1.0,1.0,1.0,1.0,77.0
2021-04-01,RX1,Midlands,NOTTINGHAM UNIVERSITY HOSPITALS NHS TRUST,9.0,89.0,9.0,79.0,1142.0,206.0,9.0,49.0,19.0,1427.0,77.0,1.0,1.0,1.0,1.0,1.0,1.0,1.0,1.0,1.0,77.0
2021-04-02,RX1,Midlands,NOTTINGHAM UNIVERSITY HOSPITALS NHS TRUST,6.0,84.0,9.0,74.0,1090.0,253.0,9.0,50.0,18.0,1417.0,77.0,1.0,1.0,1.0,1.0,1.0,1.0,1.0,1.0,1.0,77.0
2021-04-03,RX1,Midlands,NOTTINGHAM UNIVERSITY HOSPITALS NHS TRUST,4.0,74.0,4.0,69.0,1053.0,306.0,4.0,51.0,22.0,1428.0,77.0,1.0,1.0,1.0,1.0,1.0,1.0,1.0,1.0,1.0,77.0
2021-04-04,RX1,Midlands,NOTTINGHAM UNIVERSITY HOSPITALS NHS TRUST,8.0,78.0,5.0,72.0,1063.0,292.0,5.0,48.0,22.0,1427.0,75.0,1.0,1.0,1.0,1.0,1.0,1.0,1.0,1.0,1.0,75.0
2021-04-05,RX1,Midlands,NOTTINGHAM UNIVERSITY HOSPITALS NHS TRUST,8.0,76.0,3.0,71.0,1101.0,258.0,4.0,50.0,24.0,1430.0,78.0,1.0,1.0,1.0,1.0,1.0,1.0,1.0,1.0,1.0,78.0
2021-04-06,RX1,Midlands,NOTTINGHAM UNIVERSITY HOSPITALS NHS TRUST,9.0,79.0,4.0,75.0,1139.0,222.0,3.0,50.0,24.0,1436.0,77.0,1.0,1.0,1.0,1.0,1.0,1.0,1.0,1.0,1.0,77.0
2020-11-17,RYJ,London,IMPERIAL COLLEGE HEALTHCARE NHS TRUST,5.0,93.0,25.0,67.0,751.0,198.0,24.0,63.0,11.0,1016.0,98.0,1.0,1.0,1.0,1.0,1.0,1.0,1.0,1.0,1.0,98.0
2020-11-18,RYJ,London,IMPERIAL COLLEGE HEALTHCARE NHS TRUST,9.0,85.0,22.0,62.0,741.0,214.0,21.0,69.0,7.0,1017.0,97.0,1.0,1.0,1.0,1.0,1.0,1.0,1.0,1.0,1.0,97.0
2020-11-19,RYJ,London,IMPERIAL COLLEGE HEALTHCARE NHS TRUST,10.0,86.0,27.0,58.0,731.0,227.0,26.0,65.0,7.0,1016.0,98.0,1.0,1.0,1.0,1.0,1.0,1.0,1.0,1.0,1.0,98.0
2020-11-20,RYJ,London,IMPERIAL COLLEGE HEALTHCARE NHS TRUST,5.0,87.0,28.0,58.0,716.0,238.0,27.0,62.0,13.0,1012.0,102.0,1.0,1.0,1.0,1.0,1.0,1.0,1.0,1.0,1.0,102.0
2020-11-21,RYJ,London,IMPERIAL COLLEGE HEALTHCARE NHS TRUST,5.0,87.0,40.0,46.0,704.0,262.0,39.0,48.0,15.0,1012.0,102.0,1.0,1.0,1.0,1.0,1.0,1.0,1.0,1.0,1.0,102.0
2020-11-22,RYJ,London,IMPERIAL COLLEGE HEALTHCARE NHS TRUST,5.0,87.0,30.0,56.0,673.0,283.0,29.0,54.0,19.0,1012.0,102.0,1.0,1.0,1.0,1.0,1.0,1.0,1.0,1.0,1.0,102.0
2020-11-23,RYJ,London,IMPERIAL COLLEGE HEALTHCARE NHS TRUST,4.0,87.0,32.0,54.0,690.0,268.0,31.0,54.0,15.0,1012.0,100.0,1.0,1.0,1.0,1.0,1.0,1.0,1.0,1.0,1.0,100.0
2020-11-24,RYJ,London,IMPERIAL COLLEGE HEALTHCARE NHS TRUST,3.0,87.0,31.0,55.0,688.0,269.0,31.0,60.0,9.0,1012.0,100.0,1.0,1.0,1.0,1.0,1.0,1.0,1.0,1.0,1.0,100.0
2020-11-25,RYJ,London,IMPERIAL COLLEGE HEALTHCARE NHS TRUST,3.0,81.0,28.0,52.0,700.0,260.0,28.0,62.0,12.0,1012.0,102.0,1.0,1.0,1.0,1.0,1.0,1.0,1.0,1.0,1.0,102.0
2020-11-26,RYJ,London,IMPERIAL COLLEGE HEALTHCARE NHS TRUST,5.0,84.0,27.0,56.0,718.0,238.0,27.0,59.0,16.0,1012.0,102.0,1.0,1.0,1.0,1.0,1.0,1.0,1.0,1.0,1.0,102.0
2020-11-27,RYJ,London,IMPERIAL COLLEGE HEALTHCARE NHS TRUST,6.0,80.0,35.0,44.0,724.0,244.0,35.0,53.0,14.0,1012.0,102.0,1.0,1.0,1.0,1.0,1.0,1.0,1.0,1.0,1.0,102.0
2020-11-28,RYJ,London,IMPERIAL COLLEGE HEALTHCARE NHS TRUST,5.0,84.0,29.0,54.0,694.0,264.0,29.0,60.0,13.0,1012.0,102.0,1.0,1.0,1.0,1.0,1.0,1.0,1.0,1.0,1.0,102.0
2020-11-29,RYJ,London,IMPERIAL COLLEGE HEALTHCARE NHS TRUST,3.0,91.0,30.0,60.0,683.0,269.0,30.0,58.0,14.0,1012.0,102.0,1.0,1.0,1.0,1.0,1.0,1.0,1.0,1.0,1.0,102.0
2020-11-30,RYJ,London,IMPERIAL COLLEGE HEALTHCARE NHS TRUST,9.0,91.0,30.0,60.0,707.0,246.0,29.0,62.0,11.0,1013.0,102.0,1.0,1.0,1.0,1.0,1.0,1.0,1.0,1.0,1.0,102.0
2020-12-01,RYJ,London,IMPERIAL COLLEGE HEALTHCARE NHS TRUST,8.0,96.0,32.0,63.0,700.0,250.0,31.0,60.0,7.0,1013.0,98.0,1.0,1.0,1.0,1.0,1.0,1.0,1.0,1.0,1.0,98.0
2020-12-02,RYJ,London,IMPERIAL COLLEGE HEALTHCARE NHS TRUST,5.0,92.0,30.0,61.0,713.0,239.0,30.0,63.0,9.0,1013.0,102.0,1.0,1.0,1.0,1.0,1.0,1.0,1.0,1.0,1.0,102.0
2020-12-03,RYJ,London,IMPERIAL COLLEGE HEALTHCARE NHS TRUST,4.0,89.0,31.0,57.0,757.0,199.0,31.0,63.0,7.0,1013.0,101.0,1.0,1.0,1.0,1.0,1.0,1.0,1.0,1.0,1.0,101.0
2020-12-04,RYJ,London,IMPERIAL COLLEGE HEALTHCARE NHS TRUST,8.0,89.0,29.0,59.0,786.0,168.0,28.0,64.0,1.0,1013.0,93.0,1.0,1.0,1.0,1.0,1.0,1.0,1.0,1.0,1.0,93.0
2020-12-05,RYJ,London,IMPERIAL COLLEGE HEALTHCARE NHS TRUST,9.0,88.0,26.0,61.0,737.0,215.0,25.0,59.0,7.0,1013.0,91.0,1.0,1.0,1.0,1.0,1.0,1.0,1.0,1.0,1.0,91.0
2020-12-06,RYJ,London,IMPERIAL COLLEGE HEALTHCARE NHS TRUST,4.0,91.0,25.0,65.0,721.0,227.0,25.0,59.0,7.0,1013.0,91.0,1.0,1.0,1.0,1.0,1.0,1.0,1.0,1.0,1.0,91.0
2020-12-07,RYJ,London,IMPERIAL COLLEGE HEALTHCARE NHS TRUST,5.0,89.0,26.0,62.0,712.0,239.0,25.0,56.0,13.0,1013.0,94.0,1.0,1.0,1.0,1.0,1.0,1.0,1.0,1.0,1.0,94.0
2020-12-08,RYJ,London,IMPERIAL COLLEGE HEALTHCARE NHS TRUST,7.0,89.0,25.0,63.0,751.0,199.0,24.0,69.0,3.0,1013.0,96.0,1.0,1.0,1.0,1.0,1.0,1.0,1.0,1.0,1.0,96.0
2020-12-09,RYJ,London,IMPERIAL COLLEGE HEALTHCARE NHS TRUST,11.0,85.0,23.0,61.0,773.0,179.0,23.0,66.0,5.0,1013.0,94.0,1.0,1.0,1.0,1.0,1.0,1.0,1.0,1.0,1.0,94.0
2020-12-10,RYJ,London,IMPERIAL COLLEGE HEALTHCARE NHS TRUST,8.0,89.0,28.0,60.0,775.0,178.0,28.0,60.0,5.0,1013.0,93.0,1.0,1.0,1.0,1.0,1.0,1.0,1.0,1.0,1.0,93.0
2020-12-11,RYJ,London,IMPERIAL COLLEGE HEALTHCARE NHS TRUST,9.0,94.0,24.0,68.0,767.0,178.0,24.0,63.0,7.0,1013.0,94.0,1.0,1.0,1.0,1.0,1.0,1.0,1.0,1.0,1.0,94.0
2020-12-12,RYJ,London,IMPERIAL COLLEGE HEALTHCARE NHS TRUST,12.0,96.0,25.0,70.0,720.0,227.0,25.0,64.0,4.0,1017.0,93.0,1.0,1.0,1.0,1.0,1.0,1.0,1.0,1.0,1.0,93.0
2020-12-13,RYJ,London,IMPERIAL COLLEGE HEALTHCARE NHS TRUST,15.0,101.0,23.0,78.0,726.0,213.0,23.0,61.0,8.0,1017.0,92.0,1.0,1.0,1.0,1.0,1.0,1.0,1.0,1.0,1.0,92.0
2020-12-14,RYJ,London,IMPERIAL COLLEGE HEALTHCARE NHS TRUST,9.0,111.0,25.0,86.0,741.0,190.0,25.0,61.0,8.0,1017.0,94.0,1.0,1.0,1.0,1.0,1.0,1.0,1.0,1.0,1.0,94.0
2020-12-15,RYJ,London,IMPERIAL COLLEGE HEALTHCARE NHS TRUST,15.0,113.0,26.0,87.0,764.0,170.0,26.0,62.0,6.0,1021.0,94.0,1.0,1.0,1.0,1.0,1.0,1.0,1.0,1.0,1.0,94.0
2020-12-16,RYJ,London,IMPERIAL COLLEGE HEALTHCARE NHS TRUST,13.0,119.0,26.0,93.0,726.0,202.0,26.0,63.0,2.0,1021.0,91.0,1.0,1.0,1.0,1.0,1.0,1.0,1.0,1.0,1.0,91.0
2020-12-17,RYJ,London,IMPERIAL COLLEGE HEALTHCARE NHS TRUST,10.0,116.0,26.0,90.0,718.0,169.0,26.0,60.0,7.0,977.0,93.0,1.0,1.0,1.0,1.0,1.0,1.0,1.0,1.0,1.0,93.0
2020-12-18,RYJ,London,IMPERIAL COLLEGE HEALTHCARE NHS TRUST,30.0,113.0,29.0,84.0,736.0,157.0,29.0,65.0,3.0,977.0,97.0,1.0,1.0,1.0,1.0,1.0,1.0,1.0,1.0,1.0,97.0
2020-12-19,RYJ,London,IMPERIAL COLLEGE HEALTHCARE NHS TRUST,25.0,123.0,28.0,95.0,668.0,208.0,28.0,59.0,7.0,971.0,94.0,1.0,1.0,1.0,1.0,1.0,1.0,1.0,1.0,1.0,94.0
2020-12-20,RYJ,London,IMPERIAL COLLEGE HEALTHCARE NHS TRUST,18.0,135.0,31.0,103.0,655.0,214.0,30.0,59.0,8.0,972.0,97.0,1.0,1.0,1.0,1.0,1.0,1.0,1.0,1.0,1.0,97.0
2020-12-21,RYJ,London,IMPERIAL COLLEGE HEALTHCARE NHS TRUST,22.0,151.0,33.0,116.0,679.0,177.0,32.0,54.0,7.0,972.0,93.0,1.0,1.0,1.0,1.0,1.0,1.0,1.0,1.0,1.0,93.0
2020-12-22,RYJ,London,IMPERIAL COLLEGE HEALTHCARE NHS TRUST,24.0,153.0,30.0,122.0,689.0,158.0,29.0,53.0,6.0,969.0,88.0,1.0,1.0,1.0,1.0,1.0,1.0,1.0,1.0,1.0,88.0
2020-12-23,RYJ,London,IMPERIAL COLLEGE HEALTHCARE NHS TRUST,21.0,169.0,35.0,133.0,671.0,169.0,34.0,52.0,7.0,973.0,93.0,1.0,1.0,1.0,1.0,1.0,1.0,1.0,1.0,1.0,93.0
2020-12-24,RYJ,London,IMPERIAL COLLEGE HEALTHCARE NHS TRUST,31.0,172.0,44.0,125.0,634.0,212.0,43.0,51.0,7.0,971.0,101.0,1.0,1.0,1.0,1.0,1.0,1.0,1.0,1.0,1.0,101.0
2020-12-25,RYJ,London,IMPERIAL COLLEGE HEALTHCARE NHS TRUST,30.0,175.0,43.0,129.0,539.0,303.0,41.0,39.0,13.0,971.0,93.0,1.0,1.0,1.0,1.0,1.0,1.0,1.0,1.0,1.0,93.0
2020-12-26,RYJ,London,IMPERIAL COLLEGE HEALTHCARE NHS TRUST,33.0,195.0,47.0,146.0,532.0,293.0,45.0,36.0,12.0,971.0,93.0,1.0,1.0,1.0,1.0,1.0,1.0,1.0,1.0,1.0,93.0
2020-12-27,RYJ,London,IMPERIAL COLLEGE HEALTHCARE NHS TRUST,42.0,214.0,46.0,164.0,539.0,265.0,46.0,36.0,5.0,968.0,87.0,1.0,1.0,1.0,1.0,1.0,1.0,1.0,1.0,1.0,87.0
2020-12-28,RYJ,London,IMPERIAL COLLEGE HEALTHCARE NHS TRUST,32.0,239.0,56.0,180.0,552.0,241.0,55.0,34.0,6.0,973.0,95.0,1.0,1.0,1.0,1.0,1.0,1.0,1.0,1.0,1.0,95.0
2020-12-29,RYJ,London,IMPERIAL COLLEGE HEALTHCARE NHS TRUST,34.0,256.0,58.0,196.0,570.0,205.0,57.0,38.0,4.0,971.0,99.0,1.0,1.0,1.0,1.0,1.0,1.0,1.0,1.0,1.0,99.0
2020-12-30,RYJ,London,IMPERIAL COLLEGE HEALTHCARE NHS TRUST,31.0,266.0,58.0,206.0,594.0,174.0,57.0,40.0,4.0,974.0,101.0,1.0,1.0,1.0,1.0,1.0,1.0,1.0,1.0,1.0,101.0
2020-12-31,RYJ,London,IMPERIAL COLLEGE HEALTHCARE NHS TRUST,28.0,277.0,60.0,216.0,552.0,205.0,59.0,38.0,3.0,973.0,100.0,1.0,1.0,1.0,1.0,1.0,1.0,1.0,1.0,1.0,100.0
2021-01-01,RYJ,London,IMPERIAL COLLEGE HEALTHCARE NHS TRUST,29.0,264.0,60.0,203.0,522.0,241.0,59.0,37.0,8.0,966.0,104.0,1.0,1.0,1.0,1.0,1.0,1.0,1.0,1.0,1.0,104.0
2021-01-02,RYJ,London,IMPERIAL COLLEGE HEALTHCARE NHS TRUST,39.0,275.0,60.0,214.0,528.0,225.0,59.0,40.0,7.0,967.0,106.0,1.0,1.0,1.0,1.0,1.0,1.0,1.0,1.0,1.0,106.0
2021-01-03,RYJ,London,IMPERIAL COLLEGE HEALTHCARE NHS TRUST,26.0,295.0,63.0,231.0,508.0,228.0,62.0,36.0,8.0,967.0,106.0,1.0,1.0,1.0,1.0,1.0,1.0,1.0,1.0,1.0,106.0
2021-01-04,RYJ,London,IMPERIAL COLLEGE HEALTHCARE NHS TRUST,40.0,309.0,68.0,240.0,535.0,208.0,66.0,36.0,13.0,983.0,115.0,1.0,1.0,1.0,1.0,1.0,1.0,1.0,1.0,1.0,115.0
2021-01-05,RYJ,London,IMPERIAL COLLEGE HEALTHCARE NHS TRUST,57.0,308.0,67.0,241.0,475.0,269.0,65.0,40.0,17.0,985.0,122.0,1.0,1.0,1.0,1.0,1.0,1.0,1.0,1.0,1.0,122.0
2021-01-06,RYJ,London,IMPERIAL COLLEGE HEALTHCARE NHS TRUST,61.0,322.0,74.0,246.0,478.0,265.0,73.0,32.0,17.0,989.0,122.0,1.0,1.0,1.0,1.0,1.0,1.0,1.0,1.0,1.0,122.0
2021-01-07,RYJ,London,IMPERIAL COLLEGE HEALTHCARE NHS TRUST,41.0,358.0,85.0,271.0,460.0,266.0,80.0,30.0,12.0,997.0,122.0,1.0,1.0,1.0,1.0,1.0,1.0,1.0,1.0,1.0,122.0
2021-01-08,RYJ,London,IMPERIAL COLLEGE HEALTHCARE NHS TRUST,43.0,362.0,89.0,270.0,488.0,236.0,89.0,22.0,13.0,994.0,124.0,1.0,1.0,1.0,1.0,1.0,1.0,1.0,1.0,1.0,124.0
2021-01-09,RYJ,London,IMPERIAL COLLEGE HEALTHCARE NHS TRUST,33.0,370.0,86.0,277.0,448.0,269.0,86.0,28.0,9.0,994.0,123.0,1.0,1.0,1.0,1.0,1.0,1.0,1.0,1.0,1.0,123.0
2021-01-10,RYJ,London,IMPERIAL COLLEGE HEALTHCARE NHS TRUST,38.0,384.0,89.0,293.0,436.0,265.0,89.0,27.0,8.0,994.0,124.0,1.0,1.0,1.0,1.0,1.0,1.0,1.0,1.0,1.0,124.0
2021-01-11,RYJ,London,IMPERIAL COLLEGE HEALTHCARE NHS TRUST,43.0,401.0,95.0,298.0,421.0,277.0,95.0,25.0,4.0,996.0,124.0,1.0,1.0,1.0,1.0,1.0,1.0,1.0,1.0,1.0,124.0
2021-01-12,RYJ,London,IMPERIAL COLLEGE HEALTHCARE NHS TRUST,46.0,387.0,95.0,291.0,429.0,262.0,95.0,26.0,2.0,982.0,123.0,1.0,1.0,1.0,1.0,1.0,1.0,1.0,1.0,1.0,123.0
2021-01-13,RYJ,London,IMPERIAL COLLEGE HEALTHCARE NHS TRUST,37.0,424.0,96.0,326.0,447.0,243.0,96.0,29.0,5.0,1016.0,130.0,1.0,1.0,1.0,1.0,1.0,1.0,1.0,1.0,1.0,130.0
2021-01-14,RYJ,London,IMPERIAL COLLEGE HEALTHCARE NHS TRUST,34.0,420.0,99.0,320.0,466.0,161.0,99.0,31.0,3.0,947.0,133.0,1.0,1.0,1.0,1.0,1.0,1.0,1.0,1.0,1.0,133.0
2021-01-15,RYJ,London,IMPERIAL COLLEGE HEALTHCARE NHS TRUST,52.0,435.0,106.0,328.0,404.0,215.0,106.0,29.0,2.0,947.0,137.0,1.0,1.0,1.0,1.0,1.0,1.0,1.0,1.0,1.0,137.0
2021-01-16,RYJ,London,IMPERIAL COLLEGE HEALTHCARE NHS TRUST,50.0,426.0,115.0,309.0,428.0,181.0,115.0,22.0,0.0,918.0,137.0,1.0,1.0,1.0,1.0,1.0,1.0,1.0,1.0,1.0,137.0
2021-01-17,RYJ,London,IMPERIAL COLLEGE HEALTHCARE NHS TRUST,52.0,446.0,108.0,336.0,419.0,163.0,108.0,27.0,4.0,918.0,139.0,1.0,1.0,1.0,1.0,1.0,1.0,1.0,1.0,1.0,139.0
2021-01-18,RYJ,London,IMPERIAL COLLEGE HEALTHCARE NHS TRUST,47.0,465.0,112.0,352.0,418.0,148.0,112.0,25.0,6.0,918.0,143.0,1.0,1.0,1.0,1.0,1.0,1.0,1.0,1.0,1.0,143.0
2021-01-19,RYJ,London,IMPERIAL COLLEGE HEALTHCARE NHS TRUST,54.0,486.0,114.0,372.0,449.0,105.0,114.0,24.0,7.0,926.0,145.0,1.0,1.0,1.0,1.0,1.0,1.0,1.0,1.0,1.0,145.0
2021-01-20,RYJ,London,IMPERIAL COLLEGE HEALTHCARE NHS TRUST,31.0,492.0,113.0,379.0,431.0,138.0,113.0,23.0,9.0,948.0,145.0,1.0,1.0,1.0,1.0,1.0,1.0,1.0,1.0,1.0,145.0
2021-01-21,RYJ,London,IMPERIAL COLLEGE HEALTHCARE NHS TRUST,30.0,487.0,113.0,374.0,437.0,146.0,113.0,24.0,7.0,957.0,144.0,1.0,1.0,1.0,1.0,1.0,1.0,1.0,1.0,1.0,144.0
2021-01-22,RYJ,London,IMPERIAL COLLEGE HEALTHCARE NHS TRUST,38.0,485.0,113.0,372.0,436.0,126.0,113.0,26.0,10.0,934.0,149.0,1.0,1.0,1.0,1.0,1.0,1.0,1.0,1.0,1.0,149.0
2021-01-23,RYJ,London,IMPERIAL COLLEGE HEALTHCARE NHS TRUST,28.0,470.0,114.0,356.0,436.0,153.0,114.0,27.0,3.0,945.0,144.0,1.0,1.0,1.0,1.0,1.0,1.0,1.0,1.0,1.0,144.0
2021-01-24,RYJ,London,IMPERIAL COLLEGE HEALTHCARE NHS TRUST,30.0,469.0,119.0,349.0,424.0,172.0,119.0,19.0,8.0,945.0,146.0,1.0,1.0,1.0,1.0,1.0,1.0,1.0,1.0,1.0,146.0
2021-01-25,RYJ,London,IMPERIAL COLLEGE HEALTHCARE NHS TRUST,28.0,476.0,123.0,353.0,432.0,160.0,123.0,13.0,16.0,945.0,152.0,1.0,1.0,1.0,1.0,1.0,1.0,1.0,1.0,1.0,152.0
2021-01-26,RYJ,London,IMPERIAL COLLEGE HEALTHCARE NHS TRUST,22.0,458.0,112.0,345.0,423.0,182.0,112.0,24.0,15.0,950.0,151.0,1.0,1.0,1.0,1.0,1.0,1.0,1.0,1.0,1.0,151.0
2021-01-27,RYJ,London,IMPERIAL COLLEGE HEALTHCARE NHS TRUST,20.0,449.0,111.0,337.0,435.0,177.0,111.0,30.0,9.0,949.0,150.0,1.0,1.0,1.0,1.0,1.0,1.0,1.0,1.0,1.0,150.0
2021-01-28,RYJ,London,IMPERIAL COLLEGE HEALTHCARE NHS TRUST,24.0,442.0,121.0,321.0,411.0,214.0,121.0,21.0,7.0,946.0,149.0,1.0,1.0,1.0,1.0,1.0,1.0,1.0,1.0,1.0,149.0
2021-01-29,RYJ,London,IMPERIAL COLLEGE HEALTHCARE NHS TRUST,20.0,433.0,127.0,305.0,402.0,235.0,127.0,15.0,5.0,942.0,147.0,1.0,1.0,1.0,1.0,1.0,1.0,1.0,1.0,1.0,147.0
2021-01-30,RYJ,London,IMPERIAL COLLEGE HEALTHCARE NHS TRUST,19.0,416.0,127.0,287.0,393.0,237.0,127.0,14.0,7.0,917.0,148.0,1.0,1.0,1.0,1.0,1.0,1.0,1.0,1.0,1.0,148.0
2021-01-31,RYJ,London,IMPERIAL COLLEGE HEALTHCARE NHS TRUST,22.0,402.0,114.0,287.0,391.0,239.0,114.0,25.0,11.0,917.0,150.0,1.0,1.0,1.0,1.0,1.0,1.0,1.0,1.0,1.0,150.0
2021-02-01,RYJ,London,IMPERIAL COLLEGE HEALTHCARE NHS TRUST,25.0,411.0,115.0,294.0,419.0,204.0,115.0,26.0,7.0,917.0,148.0,1.0,1.0,1.0,1.0,1.0,1.0,1.0,1.0,1.0,148.0
2021-02-02,RYJ,London,IMPERIAL COLLEGE HEALTHCARE NHS TRUST,26.0,410.0,116.0,292.0,444.0,197.0,116.0,28.0,4.0,933.0,148.0,1.0,1.0,1.0,1.0,1.0,1.0,1.0,1.0,1.0,148.0
2021-02-03,RYJ,London,IMPERIAL COLLEGE HEALTHCARE NHS TRUST,14.0,397.0,117.0,280.0,475.0,197.0,117.0,27.0,3.0,952.0,147.0,1.0,1.0,1.0,1.0,1.0,1.0,1.0,1.0,1.0,147.0
2021-02-04,RYJ,London,IMPERIAL COLLEGE HEALTHCARE NHS TRUST,17.0,379.0,112.0,267.0,484.0,208.0,112.0,29.0,6.0,959.0,147.0,1.0,1.0,1.0,1.0,1.0,1.0,1.0,1.0,1.0,147.0
2021-02-05,RYJ,London,IMPERIAL COLLEGE HEALTHCARE NHS TRUST,12.0,377.0,116.0,261.0,480.0,191.0,116.0,25.0,4.0,932.0,145.0,1.0,1.0,1.0,1.0,1.0,1.0,1.0,1.0,1.0,145.0
2021-02-06,RYJ,London,IMPERIAL COLLEGE HEALTHCARE NHS TRUST,8.0,339.0,108.0,231.0,484.0,210.0,108.0,34.0,8.0,925.0,150.0,1.0,1.0,1.0,1.0,1.0,1.0,1.0,1.0,1.0,150.0
2021-02-07,RYJ,London,IMPERIAL COLLEGE HEALTHCARE NHS TRUST,15.0,339.0,106.0,233.0,496.0,194.0,106.0,37.0,6.0,923.0,149.0,1.0,1.0,1.0,1.0,1.0,1.0,1.0,1.0,1.0,149.0
2021-02-08,RYJ,London,IMPERIAL COLLEGE HEALTHCARE NHS TRUST,9.0,334.0,102.0,232.0,512.0,180.0,102.0,35.0,4.0,924.0,141.0,1.0,1.0,1.0,1.0,1.0,1.0,1.0,1.0,1.0,141.0
2021-02-09,RYJ,London,IMPERIAL COLLEGE HEALTHCARE NHS TRUST,12.0,333.0,99.0,234.0,531.0,167.0,99.0,38.0,8.0,932.0,145.0,1.0,1.0,1.0,1.0,1.0,1.0,1.0,1.0,1.0,145.0
2021-02-10,RYJ,London,IMPERIAL COLLEGE HEALTHCARE NHS TRUST,11.0,322.0,97.0,225.0,532.0,175.0,97.0,43.0,6.0,932.0,146.0,1.0,1.0,1.0,1.0,1.0,1.0,1.0,1.0,1.0,146.0
2021-02-11,RYJ,London,IMPERIAL COLLEGE HEALTHCARE NHS TRUST,10.0,297.0,91.0,206.0,519.0,207.0,91.0,47.0,7.0,932.0,145.0,1.0,1.0,1.0,1.0,1.0,1.0,1.0,1.0,1.0,145.0
2021-02-12,RYJ,London,IMPERIAL COLLEGE HEALTHCARE NHS TRUST,7.0,288.0,93.0,195.0,522.0,213.0,93.0,48.0,5.0,930.0,146.0,1.0,1.0,1.0,1.0,1.0,1.0,1.0,1.0,1.0,146.0
2021-02-13,RYJ,London,IMPERIAL COLLEGE HEALTHCARE NHS TRUST,8.0,272.0,93.0,179.0,496.0,253.0,93.0,46.0,7.0,928.0,146.0,1.0,1.0,1.0,1.0,1.0,1.0,1.0,1.0,1.0,146.0
2021-02-14,RYJ,London,IMPERIAL COLLEGE HEALTHCARE NHS TRUST,5.0,276.0,93.0,183.0,507.0,242.0,93.0,44.0,7.0,932.0,144.0,1.0,1.0,1.0,1.0,1.0,1.0,1.0,1.0,1.0,144.0
2021-02-15,RYJ,London,IMPERIAL COLLEGE HEALTHCARE NHS TRUST,6.0,273.0,94.0,179.0,531.0,227.0,94.0,42.0,7.0,937.0,143.0,1.0,1.0,1.0,1.0,1.0,1.0,1.0,1.0,1.0,143.0
2021-02-16,RYJ,London,IMPERIAL COLLEGE HEALTHCARE NHS TRUST,8.0,265.0,95.0,170.0,537.0,226.0,95.0,45.0,7.0,933.0,147.0,1.0,1.0,1.0,1.0,1.0,1.0,1.0,1.0,1.0,147.0
2021-02-17,RYJ,London,IMPERIAL COLLEGE HEALTHCARE NHS TRUST,3.0,245.0,89.0,156.0,528.0,238.0,89.0,44.0,4.0,922.0,137.0,1.0,1.0,1.0,1.0,1.0,1.0,1.0,1.0,1.0,137.0
2021-02-18,RYJ,London,IMPERIAL COLLEGE HEALTHCARE NHS TRUST,10.0,245.0,99.0,146.0,528.0,256.0,99.0,34.0,12.0,930.0,145.0,1.0,1.0,1.0,1.0,1.0,1.0,1.0,1.0,1.0,145.0
2021-02-19,RYJ,London,IMPERIAL COLLEGE HEALTHCARE NHS TRUST,3.0,236.0,95.0,140.0,536.0,252.0,95.0,34.0,18.0,928.0,147.0,1.0,1.0,1.0,1.0,1.0,1.0,1.0,1.0,1.0,147.0
2021-02-20,RYJ,London,IMPERIAL COLLEGE HEALTHCARE NHS TRUST,3.0,225.0,87.0,137.0,532.0,262.0,87.0,42.0,7.0,931.0,136.0,1.0,1.0,1.0,1.0,1.0,1.0,1.0,1.0,1.0,136.0
2021-02-21,RYJ,London,IMPERIAL COLLEGE HEALTHCARE NHS TRUST,7.0,220.0,86.0,134.0,521.0,277.0,86.0,41.0,6.0,932.0,133.0,1.0,1.0,1.0,1.0,1.0,1.0,1.0,1.0,1.0,133.0
2021-02-22,RYJ,London,IMPERIAL COLLEGE HEALTHCARE NHS TRUST,10.0,219.0,82.0,137.0,547.0,248.0,82.0,42.0,17.0,932.0,141.0,1.0,1.0,1.0,1.0,1.0,1.0,1.0,1.0,1.0,141.0
2021-02-23,RYJ,London,IMPERIAL COLLEGE HEALTHCARE NHS TRUST,5.0,211.0,79.0,132.0,570.0,242.0,79.0,41.0,11.0,944.0,131.0,1.0,1.0,1.0,1.0,1.0,1.0,1.0,1.0,1.0,131.0
2021-02-24,RYJ,London,IMPERIAL COLLEGE HEALTHCARE NHS TRUST,4.0,206.0,77.0,129.0,574.0,249.0,77.0,47.0,12.0,952.0,136.0,1.0,1.0,1.0,1.0,1.0,1.0,1.0,1.0,1.0,136.0
2021-02-25,RYJ,London,IMPERIAL COLLEGE HEALTHCARE NHS TRUST,6.0,196.0,76.0,119.0,571.0,250.0,76.0,45.0,13.0,940.0,134.0,1.0,1.0,1.0,1.0,1.0,1.0,1.0,1.0,1.0,134.0
2021-02-26,RYJ,London,IMPERIAL COLLEGE HEALTHCARE NHS TRUST,7.0,186.0,69.0,117.0,549.0,271.0,69.0,44.0,11.0,937.0,124.0,1.0,1.0,1.0,1.0,1.0,1.0,1.0,1.0,1.0,124.0
2021-02-27,RYJ,London,IMPERIAL COLLEGE HEALTHCARE NHS TRUST,2.0,179.0,64.0,115.0,525.0,359.0,64.0,48.0,12.0,999.0,124.0,1.0,1.0,1.0,1.0,1.0,1.0,1.0,1.0,1.0,124.0
2021-02-28,RYJ,London,IMPERIAL COLLEGE HEALTHCARE NHS TRUST,5.0,181.0,65.0,116.0,537.0,289.0,65.0,43.0,12.0,942.0,120.0,1.0,1.0,1.0,1.0,1.0,1.0,1.0,1.0,1.0,120.0
2021-03-01,RYJ,London,IMPERIAL COLLEGE HEALTHCARE NHS TRUST,6.0,177.0,64.0,113.0,556.0,275.0,63.0,42.0,9.0,944.0,114.0,1.0,1.0,1.0,1.0,1.0,1.0,1.0,1.0,1.0,114.0
2021-03-02,RYJ,London,IMPERIAL COLLEGE HEALTHCARE NHS TRUST,5.0,167.0,57.0,109.0,566.0,268.0,57.0,49.0,12.0,943.0,118.0,1.0,1.0,1.0,1.0,1.0,1.0,1.0,1.0,1.0,118.0
2021-03-03,RYJ,London,IMPERIAL COLLEGE HEALTHCARE NHS TRUST,6.0,167.0,59.0,107.0,576.0,243.0,59.0,47.0,20.0,926.0,126.0,1.0,1.0,1.0,1.0,1.0,1.0,1.0,1.0,1.0,126.0
2021-03-04,RYJ,London,IMPERIAL COLLEGE HEALTHCARE NHS TRUST,3.0,177.0,58.0,119.0,572.0,233.0,58.0,53.0,23.0,924.0,134.0,1.0,1.0,1.0,1.0,1.0,1.0,1.0,1.0,1.0,134.0
2021-03-05,RYJ,London,IMPERIAL COLLEGE HEALTHCARE NHS TRUST,2.0,150.0,58.0,92.0,563.0,263.0,58.0,49.0,6.0,918.0,113.0,1.0,1.0,1.0,1.0,1.0,1.0,1.0,1.0,1.0,113.0
2021-03-06,RYJ,London,IMPERIAL COLLEGE HEALTHCARE NHS TRUST,0.0,136.0,55.0,81.0,557.0,286.0,55.0,49.0,12.0,924.0,116.0,1.0,1.0,1.0,1.0,1.0,1.0,1.0,1.0,1.0,116.0
2021-03-07,RYJ,London,IMPERIAL COLLEGE HEALTHCARE NHS TRUST,3.0,128.0,50.0,76.0,554.0,290.0,50.0,44.0,13.0,920.0,107.0,1.0,1.0,1.0,1.0,1.0,1.0,1.0,1.0,1.0,107.0
2021-03-08,RYJ,London,IMPERIAL COLLEGE HEALTHCARE NHS TRUST,2.0,127.0,53.0,72.0,567.0,283.0,53.0,47.0,9.0,922.0,109.0,1.0,1.0,1.0,1.0,1.0,1.0,1.0,1.0,1.0,109.0
2021-03-09,RYJ,London,IMPERIAL COLLEGE HEALTHCARE NHS TRUST,2.0,120.0,50.0,69.0,615.0,235.0,49.0,51.0,10.0,919.0,110.0,1.0,1.0,1.0,1.0,1.0,1.0,1.0,1.0,1.0,110.0
2021-03-10,RYJ,London,IMPERIAL COLLEGE HEALTHCARE NHS TRUST,0.0,117.0,46.0,69.0,637.0,206.0,45.0,58.0,6.0,912.0,109.0,1.0,1.0,1.0,1.0,1.0,1.0,1.0,1.0,1.0,109.0
2021-03-11,RYJ,London,IMPERIAL COLLEGE HEALTHCARE NHS TRUST,1.0,107.0,42.0,62.0,647.0,195.0,42.0,61.0,18.0,904.0,121.0,1.0,1.0,1.0,1.0,1.0,1.0,1.0,1.0,1.0,121.0
2021-03-12,RYJ,London,IMPERIAL COLLEGE HEALTHCARE NHS TRUST,3.0,105.0,38.0,61.0,662.0,181.0,38.0,60.0,26.0,904.0,124.0,1.0,1.0,1.0,1.0,1.0,1.0,1.0,1.0,1.0,124.0
2021-03-13,RYJ,London,IMPERIAL COLLEGE HEALTHCARE NHS TRUST,1.0,102.0,42.0,54.0,618.0,243.0,42.0,53.0,8.0,915.0,103.0,1.0,1.0,1.0,1.0,1.0,1.0,1.0,1.0,1.0,103.0
2021-03-14,RYJ,London,IMPERIAL COLLEGE HEALTHCARE NHS TRUST,1.0,96.0,41.0,50.0,604.0,269.0,41.0,50.0,6.0,923.0,97.0,1.0,1.0,1.0,1.0,1.0,1.0,1.0,1.0,1.0,97.0
2021-03-15,RYJ,London,IMPERIAL COLLEGE HEALTHCARE NHS TRUST,2.0,96.0,39.0,53.0,634.0,239.0,39.0,49.0,8.0,926.0,96.0,1.0,1.0,1.0,1.0,1.0,1.0,1.0,1.0,1.0,96.0
2021-03-16,RYJ,London,IMPERIAL COLLEGE HEALTHCARE NHS TRUST,1.0,96.0,38.0,55.0,671.0,190.0,38.0,55.0,8.0,916.0,101.0,1.0,1.0,1.0,1.0,1.0,1.0,1.0,1.0,1.0,101.0
2021-03-17,RYJ,London,IMPERIAL COLLEGE HEALTHCARE NHS TRUST,1.0,94.0,36.0,56.0,696.0,172.0,36.0,58.0,8.0,924.0,102.0,1.0,1.0,1.0,1.0,1.0,1.0,1.0,1.0,1.0,102.0
2021-03-18,RYJ,London,IMPERIAL COLLEGE HEALTHCARE NHS TRUST,4.0,81.0,27.0,53.0,691.0,176.0,27.0,65.0,8.0,920.0,100.0,1.0,1.0,1.0,1.0,1.0,1.0,1.0,1.0,1.0,100.0
2021-03-19,RYJ,London,IMPERIAL COLLEGE HEALTHCARE NHS TRUST,1.0,77.0,22.0,55.0,670.0,185.0,22.0,72.0,6.0,910.0,100.0,1.0,1.0,1.0,1.0,1.0,1.0,1.0,1.0,1.0,100.0
2021-03-20,RYJ,London,IMPERIAL COLLEGE HEALTHCARE NHS TRUST,2.0,72.0,22.0,50.0,657.0,225.0,22.0,68.0,6.0,932.0,96.0,1.0,1.0,1.0,1.0,1.0,1.0,1.0,1.0,1.0,96.0
2021-03-21,RYJ,London,IMPERIAL COLLEGE HEALTHCARE NHS TRUST,2.0,73.0,25.0,48.0,640.0,186.0,25.0,61.0,7.0,874.0,93.0,1.0,1.0,1.0,1.0,1.0,1.0,1.0,1.0,1.0,93.0
2021-03-22,RYJ,London,IMPERIAL COLLEGE HEALTHCARE NHS TRUST,1.0,77.0,24.0,52.0,661.0,226.0,24.0,55.0,7.0,939.0,86.0,1.0,1.0,1.0,1.0,1.0,1.0,1.0,1.0,1.0,86.0
2021-03-23,RYJ,London,IMPERIAL COLLEGE HEALTHCARE NHS TRUST,2.0,70.0,24.0,46.0,691.0,209.0,24.0,60.0,6.0,946.0,90.0,1.0,1.0,1.0,1.0,1.0,1.0,1.0,1.0,1.0,90.0
2021-03-24,RYJ,London,IMPERIAL COLLEGE HEALTHCARE NHS TRUST,3.0,66.0,20.0,45.0,700.0,191.0,20.0,68.0,24.0,936.0,112.0,1.0,1.0,1.0,1.0,1.0,1.0,1.0,1.0,1.0,112.0
2021-03-25,RYJ,London,IMPERIAL COLLEGE HEALTHCARE NHS TRUST,2.0,59.0,13.0,45.0,708.0,185.0,13.0,69.0,22.0,938.0,104.0,1.0,1.0,1.0,1.0,1.0,1.0,1.0,1.0,1.0,104.0
2021-03-26,RYJ,London,IMPERIAL COLLEGE HEALTHCARE NHS TRUST,2.0,56.0,10.0,45.0,669.0,226.0,10.0,76.0,6.0,940.0,92.0,1.0,1.0,1.0,1.0,1.0,1.0,1.0,1.0,1.0,92.0
2021-03-27,RYJ,London,IMPERIAL COLLEGE HEALTHCARE NHS TRUST,0.0,58.0,11.0,46.0,630.0,274.0,11.0,80.0,4.0,950.0,95.0,1.0,1.0,1.0,1.0,1.0,1.0,1.0,1.0,1.0,95.0
2021-03-28,RYJ,London,IMPERIAL COLLEGE HEALTHCARE NHS TRUST,0.0,55.0,11.0,43.0,615.0,295.0,11.0,78.0,9.0,953.0,98.0,1.0,1.0,1.0,1.0,1.0,1.0,1.0,1.0,1.0,98.0
2021-03-29,RYJ,London,IMPERIAL COLLEGE HEALTHCARE NHS TRUST,1.0,53.0,9.0,43.0,649.0,263.0,9.0,71.0,8.0,955.0,88.0,1.0,1.0,1.0,1.0,1.0,1.0,1.0,1.0,1.0,88.0
2021-03-30,RYJ,London,IMPERIAL COLLEGE HEALTHCARE NHS TRUST,1.0,56.0,8.0,47.0,695.0,210.0,8.0,68.0,9.0,952.0,85.0,1.0,1.0,1.0,1.0,1.0,1.0,1.0,1.0,1.0,85.0
2021-03-31,RYJ,London,IMPERIAL COLLEGE HEALTHCARE NHS TRUST,2.0,58.0,10.0,47.0,710.0,199.0,10.0,68.0,6.0,956.0,84.0,1.0,1.0,1.0,1.0,1.0,1.0,1.0,1.0,1.0,84.0
2021-04-01,RYJ,London,IMPERIAL COLLEGE HEALTHCARE NHS TRUST,1.0,58.0,10.0,47.0,696.0,197.0,10.0,73.0,14.0,940.0,97.0,1.0,1.0,1.0,1.0,1.0,1.0,1.0,1.0,1.0,97.0
2021-04-02,RYJ,London,IMPERIAL COLLEGE HEALTHCARE NHS TRUST,3.0,58.0,11.0,46.0,656.0,242.0,11.0,75.0,19.0,944.0,105.0,1.0,1.0,1.0,1.0,1.0,1.0,1.0,1.0,1.0,105.0
2021-04-03,RYJ,London,IMPERIAL COLLEGE HEALTHCARE NHS TRUST,2.0,56.0,8.0,47.0,617.0,277.0,8.0,75.0,7.0,941.0,90.0,1.0,1.0,1.0,1.0,1.0,1.0,1.0,1.0,1.0,90.0
2021-04-04,RYJ,London,IMPERIAL COLLEGE HEALTHCARE NHS TRUST,0.0,64.0,11.0,52.0,635.0,256.0,11.0,67.0,7.0,943.0,85.0,1.0,1.0,1.0,1.0,1.0,1.0,1.0,1.0,1.0,85.0
2021-04-05,RYJ,London,IMPERIAL COLLEGE HEALTHCARE NHS TRUST,2.0,62.0,10.0,51.0,624.0,261.0,10.0,64.0,7.0,936.0,81.0,1.0,1.0,1.0,1.0,1.0,1.0,1.0,1.0,1.0,81.0
2021-04-06,RYJ,London,IMPERIAL COLLEGE HEALTHCARE NHS TRUST,2.0,64.0,10.0,54.0,646.0,244.0,10.0,61.0,7.0,944.0,78.0,1.0,1.0,1.0,1.0,1.0,1.0,1.0,1.0,1.0,78.0
