hospital_pk,state,ccn,hospital_name,address,city,zip,hospital_subtype,fips_code,geocoded_hospital_address,hhs_ids,publication_date,collection_week,is_metro_micro,total_beds_7_day_sum,all_adult_hospital_beds_7_day_sum,all_adult_hospital_inpatient_beds_7_day_sum,inpatient_beds_used_7_day_sum,all_adult_hospital_inpatient_bed_occupied_7_day_sum,total_adult_patients_hosp_confirmed_suspected_covid_7d_sum,total_adult_patients_hospitalized_confirmed_covid_7_day_sum,total_pediatric_patients_hosp_confirmed_suspected_covid_7d_sum,total_pediatric_patients_hospitalized_confirmed_covid_7_day_sum,inpatient_beds_7_day_sum,total_icu_beds_7_day_sum,total_staffed_adult_icu_beds_7_day_sum,icu_beds_used_7_day_sum,staffed_adult_icu_bed_occupancy_7_day_sum,staffed_icu_adult_patients_confirmed_suspected_covid_7d_sum,staffed_icu_adult_patients_confirmed_covid_7_day_sum,total_patients_hospitalized_confirmed_influenza_7_day_sum,icu_patients_confirmed_influenza_7_day_sum,total_patients_hosp_confirmed_influenza_and_covid_7d_sum,total_beds_7_day_coverage,all_adult_hospital_beds_7_day_coverage,all_adult_hospital_inpatient_beds_7_day_coverage,inpatient_beds_used_7_day_coverage,all_adult_hospital_inpatient_bed_occupied_7_day_coverage,total_adult_patients_hosp_confirmed_suspected_covid_7d_cov,total_adult_patients_hospitalized_confirmed_covid_7_day_coverage,total_pediatric_patients_hosp_confirmed_suspected_covid_7d_cov,total_pediatric_patients_hosp_confirmed_covid_7d_cov,inpatient_beds_7_day_coverage,total_icu_beds_7_day_coverage,total_staffed_adult_icu_beds_7_day_coverage,icu_beds_used_7_day_coverage,staffed_adult_icu_bed_occupancy_7_day_coverage,staffed_icu_adult_patients_confirmed_suspected_covid_7d_cov,staffed_icu_adult_patients_confirmed_covid_7_day_coverage,total_patients_hospitalized_confirmed_influenza_7_day_coverage,icu_patients_confirmed_influenza_7_day_coverage,total_patients_hosp_confirmed_influenza_and_covid_7d_cov,previous_day_admission_adult_covid_confirmed_7_day_sum,previous_day_admission_adult_covid_confirmed_18_19_7_day_sum,previous_day_admission_adult_covid_confirmed_20_29_7_day_sum,previous_day_admission_adult_covid_confirmed_30_39_7_day_sum,previous_day_admission_adult_covid_confirmed_40_49_7_day_sum,previous_day_admission_adult_covid_confirmed_50_59_7_day_sum,previous_day_admission_adult_covid_confirmed_60_69_7_day_sum,previous_day_admission_adult_covid_confirmed_70_79_7_day_sum,previous_day_admission_adult_covid_confirmed_80plus_7_day_sum,previous_day_admission_adult_covid_confirmed_unknown_7_day_sum,previous_day_admission_pediatric_covid_confirmed_7_day_sum,previous_day_covid_ed_visits_7_day_sum,previous_day_admission_adult_covid_suspected_7_day_sum,previous_day_admission_adult_covid_suspected_18_19_7_day_sum,previous_day_admission_adult_covid_suspected_20_29_7_day_sum,previous_day_admission_adult_covid_suspected_30_39_7_day_sum,previous_day_admission_adult_covid_suspected_40_49_7_day_sum,previous_day_admission_adult_covid_suspected_50_59_7_day_sum,previous_day_admission_adult_covid_suspected_60_69_7_day_sum,previous_day_admission_adult_covid_suspected_70_79_7_day_sum,previous_day_admission_adult_covid_suspected_80plus_7_day_sum,previous_day_admission_adult_covid_suspected_unknown_7_day_sum,previous_day_admission_pediatric_covid_suspected_7_day_sum,previous_day_total_ed_visits_7_day_sum,previous_day_admission_influenza_confirmed_7_day_sum,is_corrected,previous_day_admission_adult_covid_confirmed_7_day_coverage,previous_day_admission_adult_covid_suspected_7_day_coverage,previous_day_admission_pediatric_covid_confirmed_7_day_coverage,previous_day_admission_pediatric_covid_suspected_7_day_coverage,previous_week_patients_covid_vaccinated_doses_all_7_day,previous_week_patients_covid_vaccinated_doses_all_7_day_sum,previous_week_patients_covid_vaccinated_doses_one_7_day,previous_week_patients_covid_vaccinated_doses_one_7_day_sum,previous_week_personnel_covid_vaccd_doses_administered_7_day,previous_week_personnel_covid_vaccd_doses_administered_7_day_sum,total_personnel_covid_vaccinated_doses_all_7_day,total_personnel_covid_vaccinated_doses_all_7_day_sum,total_personnel_covid_vaccinated_doses_none_7_day,total_personnel_covid_vaccinated_doses_none_7_day_sum,total_personnel_covid_vaccinated_doses_one_7_day,total_personnel_covid_vaccinated_doses_one_7_day_sum,total_beds_7_day_avg,all_adult_hospital_beds_7_day_avg,all_adult_hospital_inpatient_beds_7_day_avg,inpatient_beds_used_7_day_avg,all_adult_hospital_inpatient_bed_occupied_7_day_avg,total_adult_patients_hosp_confirmed_suspected_covid_7d_avg,total_adult_patients_hospitalized_confirmed_covid_7_day_avg,total_pediatric_patients_hosp_confirmed_suspected_covid_7d_avg,total_pediatric_patients_hospitalized_confirmed_covid_7_day_avg,inpatient_beds_7_day_avg,total_icu_beds_7_day_avg,total_staffed_adult_icu_beds_7_day_avg,icu_beds_used_7_day_avg,staffed_adult_icu_bed_occupancy_7_day_avg,staffed_icu_adult_patients_confirmed_suspected_covid_7d_avg,staffed_icu_adult_patients_confirmed_covid_7_day_avg,total_patients_hospitalized_confirmed_influenza_7_day_avg,icu_patients_confirmed_influenza_7_day_avg,total_patients_hosp_confirmed_influenza_and_covid_7d_avg
050025,CA,050025,UC SAN DIEGO HEALTH HILLCREST - HILLCREST MED CTR,200 WEST ARBOR DRIVE,SAN DIEGO,92103,Short Term,06073,POINT (-117.165844 32.754258),"[C050025-A, C050025-B]",20230623,20201106,1,6594,5649,4669,4336,4016,242,225,-999999,0,5614,1274,791.0,868.0,666.0,83,80.0,0.0,0.0,0.0,7,7,7,7,7,7,7,7,7,7,7,7,7,7,7,7,7,7,7,10,-999999,-999999,-999999,0,-999999,-999999,-999999,0,0.0,0,383,13,0,-999999,0,-999999,-999999,5,-999999,0,0.0,0,1347,0.0,0,7,7,7,7,,,,,,,,,,,,,942.0,807.0,667.0,619.4,573.7,34.6,32.1,-999999.0,0.0,802.0,182.0,113.0,124.0,95.1,11.9,11.4,0.0,0.0,0.0
050262,CA,050262,RONALD REAGAN UCLA MEDICAL CENTER,757 WESTWOOD PLAZA,LOS ANGELES,90095,Short Term,06037,POINT (-118.44562 34.06617),[C050262-A],20230623,20201106,1,3199,2723,2492,2764,2391,216,120,-999999,0,2968,1085,763.0,998.0,713.0,70,66.0,0.0,0.0,0.0,7,7,7,7,7,7,7,7,7,7,7,7,7,7,7,7,7,7,7,0,0,0,0,0,0,0,0,0,0.0,0,123,0,0,0,0,0,0,0,0,0,0.0,0,766,0.0,0,7,7,7,7,,,,,,,,,,,,,457.0,389.0,356.0,394.9,341.6,30.9,17.1,-999999.0,0.0,424.0,155.0,109.0,142.6,101.9,10.0,9.4,0.0,0.0,0.0
050373,CA,050373,LAC+USC MEDICAL CENTER,"1200 N STATE ST, ROOM C2K100",LOS ANGELES,90033,Short Term,06037,POINT (-118.208376 34.057996),[C050373-A],20230623,20201106,1,4442,4170,4170,3496,3353,272,233,11,-999999,4442,909,735.0,707.0,600.0,109,94.0,0.0,0.0,0.0,7,7,7,7,7,7,7,7,7,7,7,7,7,7,7,7,7,7,7,34,0,4,-999999,8,5,6,7,-999999,0.0,0,140,15,0,-999999,-999999,0,-999999,4,-999999,-999999,0.0,0,2278,0.0,0,7,7,7,7,,,,,,,,,,,,,634.6,595.7,595.7,499.4,479.0,38.9,33.3,-999999.0,-999999.0,634.6,129.9,105.0,101.0,85.7,15.6,13.4,0.0,0.0,0.0
050441,CA,050441,STANFORD HEALTH CARE,300 PASTEUR DRIVE,STANFORD,94305,Short Term,06085,POINT (-122.175944 37.433018),[C050441-A],20230623,20201106,1,4418,4316,4242,3775,3775,90,73,0,0,4242,693,693.0,505.0,505.0,24,22.0,0.0,0.0,0.0,7,7,7,7,7,7,7,7,7,7,7,7,7,7,7,7,2,2,2,15,0,0,6,-999999,-999999,6,0,0,0.0,0,145,171,-999999,5,11,16,35,30,41,31,0.0,0,1682,0.0,0,7,7,7,7,,,,,,,,,,,,,631.1,616.6,606.0,539.3,539.3,12.9,10.4,0.0,0.0,606.0,99.0,99.0,72.1,72.1,-999999.0,-999999.0,0.0,0.0,0.0
050454,CA,050454,UCSF MEDICAL CENTER,"505 PARNASSUS AVE, BOX 0296",SAN FRANCISCO,94143,Short Term,06075,POINT (-122.457544 37.762452),"[C050454-C, C050454-B, C050454-D, C050454-A]",20230623,20201106,1,4832,3550,3549,4574,3505,94,84,-999999,0,4830,1284,714.0,1005.0,518.0,30,28.0,,,,7,7,7,7,7,7,7,7,7,7,7,7,7,7,7,7,0,0,0,-999999,0,-999999,0,0,0,0,0,0,0.0,0,196,0,0,0,0,0,0,0,0,0,0.0,0,814,,0,7,7,7,7,,,,,,,,,,,,,690.3,507.1,507.0,653.4,500.7,13.4,12.0,-999999.0,0.0,690.0,183.4,102.0,143.6,74.0,4.3,4.0,,,
050625,CA,050625,CEDARS-SINAI MEDICAL CENTER,8700 BEVERLY BLVD,LOS ANGELES,90048,Short Term,06037,POINT (-118.380122 34.075496),[C050625-A],20230623,20201106,1,6489,6195,6195,5739,5506,238,171,0,0,6489,1155,756.0,858.0,675.0,64,48.0,0.0,0.0,0.0,7,7,7,7,7,7,7,7,7,7,7,7,7,7,7,7,7,7,7,25,0,-999999,-999999,-999999,7,7,-999999,4,0.0,0,70,31,0,0,-999999,-999999,6,4,5,12,0.0,0,1554,0.0,0,7,7,7,7,,,,,,,,,,,,,927.0,885.0,885.0,819.9,786.6,34.0,24.4,0.0,0.0,927.0,165.0,108.0,122.6,96.4,9.1,6.9,0.0,0.0,0.0
330005,NY,330005,KALEIDA HEALTH,100 HIGH STREET,BUFFALO,14210,Short Term,36029,POINT (-78.865984 42.900906),"[C330005-B, C330005-A]",20230623,20201106,1,6853,6853,6328,4619,4619,397,224,0,0,6328,1505,1505.0,624.0,624.0,94,64.0,-999999.0,0.0,0.0,7,7,7,7,7,7,7,7,7,7,7,7,7,7,7,7,7,7,7,46,-999999,4,0,-999999,8,12,9,10,0.0,0,161,89,0,-999999,4,-999999,9,24,22,25,-999999.0,0,1902,-999999.0,0,7,7,7,7,,,,,,,,,,,,,979.0,979.0,904.0,659.9,659.9,56.7,32.0,0.0,0.0,904.0,215.0,215.0,89.1,89.1,13.4,9.1,-999999.0,0.0,0.0
330024,NY,330024,MOUNT SINAI HOSPITAL,ONE GUSTAVE L LEVY PLACE,NEW YORK,10029,Short Term,36061,POINT (-73.953392 40.790390),"[C330024-B, C330024-A]",20230623,20201106,1,11585,10647,9030,9186,8505,637,397,19,-999999,9940,1869,1722.0,1793.0,1682.0,115,107.0,0.0,0.0,0.0,7,7,7,7,7,7,7,7,7,7,7,7,7,7,7,7,7,7,7,45,0,-999999,4,-999999,10,5,18,4,0.0,0,757,24,0,-999999,0,4,6,-999999,6,4,0.0,-999999,3745,0.0,0,7,7,7,7,,,,,,,,,,,,,1655.0,1521.0,1290.0,1312.3,1215.0,91.0,56.7,-999999.0,-999999.0,1420.0,267.0,246.0,256.1,240.3,16.4,15.3,0.0,0.0,0.0
330059,NY,330059,MONTEFIORE MEDICAL CENTER,111 EAST 210TH STREET,BRONX,10467,Short Term,36005,POINT (-73.879897 40.879872),"[C330059-C, C330059-B, C330059-A, C330059-D]",20230623,20201106,1,10955,9604,9604,8556,7734,350,350,24,24,10955,1456,875.0,1083.0,686.0,81,81.0,0.0,0.0,0.0,7,7,7,7,7,7,7,7,7,7,7,7,7,7,7,7,7,7,7,60,0,4,7,6,7,9,14,11,-999999.0,-999999,1733,0,0,0,0,0,0,0,0,0,0.0,0,3890,0.0,0,7,7,7,7,,,,,,,,,,,,,1565.0,1372.0,1372.0,1222.3,1104.9,50.0,50.0,-999999.0,-999999.0,1565.0,208.0,125.0,154.7,98.0,11.6,11.6,0.0,0.0,0.0
330101,NY,330101,NEW YORK-PRESBYTERIAN HOSPITAL,525 EAST 68TH STREET,NEW YORK,10065,Short Term,36061,POINT (-73.954509 40.764355),"[C330101-A, C330101-H, C330101-D, C330101-F, C330101-G, C330101-C, C330101-E]",20230623,20201106,1,22947,18286,15580,16423,13462,1344,433,59,10,19815,3602,1922.0,2864.0,1683.0,216,98.0,,,,7,7,7,7,7,7,7,7,7,7,7,7,7,7,7,7,0,0,0,50,-999999,-999999,13,5,-999999,9,5,10,0.0,4,755,486,-999999,27,46,51,79,89,95,97,0.0,23,5853,,0,7,7,7,7,,,,,,,,,,,,,3278.1,2612.3,2225.7,2346.1,1923.1,192.0,61.9,8.4,-999999.0,2830.7,514.6,274.6,409.1,240.4,30.9,14.0,,,
330214,NY,330214,NYU LANGONE HOSPITALS,550 FIRST AVENUE,NEW YORK,10016,Short Term,36061,POINT (-73.974303 40.742311),"[C330214-B, C330214-A, C330214-C, C330214-D]",20230623,20201106,1,15350,12816,10622,10530,8927,458,393,14,-999999,13030,2730,1785.0,2205.0,1433.0,66,61.0,0.0,0.0,0.0,7,7,7,7,7,7,7,7,7,7,7,7,7,7,7,7,3,3,3,58,-999999,9,6,-999999,10,7,9,13,0.0,-999999,2481,44,0,-999999,4,5,9,8,9,8,0.0,5,4280,0.0,0,7,7,7,7,,,,,,,,,,,,,2192.9,1830.9,1517.4,1504.3,1275.3,65.4,56.1,-999999.0,-999999.0,1861.4,390.0,255.0,315.0,204.7,9.4,8.7,0.0,0.0,0.0
330285,NY,330285,STRONG MEMORIAL HOSPITAL,601 ELMWOOD AVE,ROCHESTER,14642,Short Term,36055,POINT (-77.623587 43.122832),[C330285-A],20230623,20201106,1,9156,7938,7133,5901,4827,189,141,10,4,8218,1400,1260.0,904.0,754.0,49,41.0,0.0,0.0,0.0,7,7,7,7,7,7,7,7,7,7,7,7,7,7,7,7,7,7,7,18,0,-999999,-999999,0,-999999,4,-999999,-999999,0.0,-999999,19,40,-999999,4,6,-999999,7,6,11,-999999,0.0,6,2125,0.0,0,7,7,7,7,,,,,,,,,,,,,1308.0,1134.0,1019.0,843.0,689.6,27.0,20.1,-999999.0,-999999.0,1174.0,200.0,180.0,129.1,107.7,7.0,5.9,0.0,0.0,0.0
050025,CA,050025,UC SAN DIEGO HEALTH HILLCREST - HILLCREST MED CTR,200 WEST ARBOR DRIVE,SAN DIEGO,92103,Short Term,06073,POINT (-117.165844 32.754258),"[C050025-A, C050025-B]",20240308,20201108,1,6594,5649,4669,4278,3972,235,213,0,0,5614,1274,791.0,860.0,667.0,86,83.0,0.0,0.0,0.0,7,7,7,7,7,7,7,7,7,7,7,7,7,7,7,7,7,7,7,8,-999999,0,-999999,0,0,-999999,-999999,-999999,0.0,0,429,17,0,-999999,-999999,-999999,5,4,-999999,-999999,0.0,0,1355,0.0,0,7,7,7,7,,,,,,,,,,,,,942.0,807.0,667.0,611.1,567.4,33.6,30.4,0.0,0.0,802.0,182.0,113.0,122.9,95.3,12.3,11.9,0.0,0.0,0.0
050262,CA,050262,RONALD REAGAN UCLA MEDICAL CENTER,757 WESTWOOD PLAZA,LOS ANGELES,90095,Short Term,06037,POINT (-118.446328 34.066455),[C050262-A],20240308,20201108,1,3199,2723,2492,2767,2383,229,122,4,0,2968,1085,763.0,980.0,706.0,75,67.0,0.0,0.0,0.0,7,7,7,7,7,7,7,7,7,7,7,7,7,7,7,7,7,7,7,0,0,0,0,0,0,0,0,0,0.0,0,129,0,0,0,0,0,0,0,0,0,0.0,0,760,0.0,0,7,7,7,7,,,,,,,,,,,,,457.0,389.0,356.0,395.3,340.4,32.7,17.4,-999999.0,0.0,424.0,155.0,109.0,140.0,100.9,10.7,9.6,0.0,0.0,0.0
050373,CA,050373,LOS ANGELES GENERAL MEDICAL CENTER,"2051 MARENGO ST, ROOM C2K100",LOS ANGELES,90033,Short Term,06037,POINT (-118.206478 34.056278),[C050373-A],20240308,20201108,1,4496,4233,4233,3528,3389,281,230,10,-999999,4496,906,737.0,707.0,604.0,117,101.0,0.0,0.0,0.0,7,7,7,7,7,7,7,7,7,7,7,7,7,7,7,7,7,7,7,40,0,5,6,7,8,6,7,-999999,0.0,0,132,13,0,0,-999999,0,4,-999999,-999999,-999999,0.0,0,2286,0.0,0,7,7,7,7,,,,,,,,,,,,,642.3,604.7,604.7,504.0,484.1,40.1,32.9,-999999.0,-999999.0,642.3,129.4,105.3,101.0,86.3,16.7,14.4,0.0,0.0,0.0
050441,CA,050441,STANFORD HEALTH CARE,300 PASTEUR DRIVE,STANFORD,94305,Short Term,06085,POINT (-122.175944 37.433018),[C050441-A],20240308,20201108,1,4473,4354,4242,3897,3897,105,88,0,0,4242,693,693.0,528.0,528.0,27,22.0,0.0,0.0,0.0,7,7,7,7,7,7,7,7,7,7,7,7,7,7,7,7,4,4,4,20,0,-999999,6,-999999,-999999,4,-999999,-999999,0.0,0,139,205,-999999,9,16,19,38,42,41,38,0.0,-999999,1626,0.0,0,7,7,7,7,,,,,,,,,,,,,639.0,622.0,606.0,556.7,556.7,15.0,12.6,0.0,0.0,606.0,99.0,99.0,75.4,75.4,-999999.0,-999999.0,0.0,0.0,0.0
050454,CA,050454,UCSF MEDICAL CENTER,"505 PARNASSUS AVE, BOX 0296",SAN FRANCISCO,94143,Short Term,06075,POINT (-122.457544 37.762452),"[C050454-C, C050454-B, C050454-D, C050454-A]",20240308,20201108,1,4823,3552,3551,4514,3482,96,85,5,-999999,4822,1287,714.0,989.0,508.0,28,28.0,,,,7,7,7,7,7,7,7,7,7,7,7,7,7,7,7,7,0,0,0,-999999,0,-999999,0,0,0,0,0,0,0.0,-999999,190,0,0,0,0,0,0,0,0,0,0.0,0,813,,0,7,7,7,7,,,,,,,,,,,,,689.0,507.4,507.3,644.9,497.4,13.7,12.1,-999999.0,-999999.0,688.9,183.9,102.0,141.3,72.6,4.0,4.0,,,
050625,CA,050625,CEDARS-SINAI MEDICAL CENTER,8700 BEVERLY BLVD,LOS ANGELES,90048,Short Term,06037,POINT (-118.380016 34.076549),[C050625-A],20240308,20201108,1,6489,6195,6195,5812,5576,263,199,0,0,6489,1155,756.0,866.0,684.0,67,49.0,0.0,0.0,0.0,7,7,7,7,7,7,7,7,7,7,7,7,7,7,7,7,7,7,7,25,0,-999999,4,-999999,4,7,5,-999999,0.0,0,73,26,0,0,0,-999999,-999999,6,7,9,0.0,0,1501,0.0,0,7,7,7,7,,,,,,,,,,,,,927.0,885.0,885.0,830.3,796.6,37.6,28.4,0.0,0.0,927.0,165.0,108.0,123.7,97.7,9.6,7.0,0.0,0.0,0.0
330005,NY,330005,KALEIDA HEALTH,100 HIGH STREET,BUFFALO,14210,Short Term,36029,POINT (-78.865984 42.900906),"[C330005-C, C330005-B, C330005-A]",20240308,20201108,1,6853,6853,6328,4662,4662,447,262,0,0,6328,1505,1505.0,636.0,636.0,100,68.0,-999999.0,0.0,0.0,7,7,7,7,7,7,7,7,7,7,7,7,7,7,7,7,7,7,7,46,-999999,5,-999999,-999999,7,10,9,11,0.0,0,186,102,0,-999999,-999999,-999999,11,31,20,31,0.0,0,1833,-999999.0,0,7,7,7,7,,,,,,,,,,,,,979.0,979.0,904.0,666.0,666.0,63.9,37.4,0.0,0.0,904.0,215.0,215.0,90.9,90.9,14.3,9.7,-999999.0,0.0,0.0
330024,NY,330024,MOUNT SINAI HOSPITAL,ONE GUSTAVE L LEVY PLACE,NEW YORK,10029,Short Term,36061,POINT (-73.953392 40.790390),"[C330024-B, C330024-A]",20240308,20201108,1,11585,10647,9030,9221,8527,659,420,28,0,9940,1869,1722.0,1787.0,1672.0,119,106.0,0.0,0.0,0.0,7,7,7,7,7,7,7,7,7,7,7,7,7,7,7,7,7,7,7,43,0,-999999,6,-999999,13,-999999,14,4,0.0,0,809,25,0,-999999,-999999,4,9,-999999,4,4,0.0,-999999,3733,0.0,0,7,7,7,7,,,,,,,,,,,,,1655.0,1521.0,1290.0,1317.3,1218.1,94.1,60.0,4.0,0.0,1420.0,267.0,246.0,255.3,238.9,17.0,15.1,0.0,0.0,0.0
330059,NY,330059,MONTEFIORE MEDICAL CENTER,111 EAST 210TH STREET,BRONX,10467,Short Term,36005,POINT (-73.879896 40.879872),"[C330059-C, C330059-B, C330059-A, C330059-D]",20240308,20201108,1,10955,9604,9604,8507,7700,389,389,22,22,10955,1456,875.0,1065.0,683.0,86,86.0,0.0,0.0,0.0,7,7,7,7,7,7,7,7,7,7,7,7,7,7,7,7,7,7,7,62,0,5,4,8,10,10,13,9,-999999.0,-999999,1816,0,0,0,0,0,0,0,0,0,0.0,0,4398,0.0,0,7,7,7,7,,,,,,,,,,,,,1565.0,1372.0,1372.0,1215.3,1100.0,55.6,55.6,-999999.0,-999999.0,1565.0,208.0,125.0,152.1,97.6,12.3,12.3,0.0,0.0,0.0
330101,NY,330101,NEW YORK-PRESBYTERIAN HOSPITAL,525 EAST 68TH STREET,NEW YORK,10065,Short Term,36061,POINT (-73.954509 40.764355),"[C330101-A, C330101-H, C330101-D, C330101-F, C330101-G, C330101-C, C330101-E]",20240308,20201108,1,22927,18266,15524,16481,13505,1442,477,69,18,19759,3586,1906.0,2865.0,1686.0,232,103.0,,,,7,7,7,7,7,7,7,7,7,7,7,7,7,7,7,7,0,0,0,44,-999999,-999999,8,-999999,-999999,8,6,13,0.0,7,816,500,-999999,29,41,49,87,99,95,99,0.0,23,5761,,0,7,7,7,7,,,,,,,,,,,,,3275.3,2609.4,2217.7,2354.4,1929.3,206.0,68.1,9.9,-999999.0,2822.7,512.3,272.3,409.3,240.9,33.1,14.7,,,
330214,NY,330214,NYU LANGONE HOSPITALS,550 FIRST AVENUE,NEW YORK,10016,Short Term,36061,POINT (-73.974303 40.742311),"[C330214-B, C330214-A, C330214-C, C330214-D]",20240308,20201108,1,15350,12816,10622,10434,8868,441,380,9,0,13030,2730,1785.0,2176.0,1406.0,66,62.0,0.0,0.0,0.0,7,7,7,7,7,7,7,7,7,7,7,7,7,7,7,7,3,3,3,62,-999999,8,8,-999999,12,10,9,12,0.0,0,2260,41,0,-999999,-999999,7,8,10,5,7,0.0,4,4221,0.0,0,7,7,7,7,,,,,,,,,,,,,2192.9,1830.9,1517.4,1490.6,1266.9,63.0,54.3,-999999.0,0.0,1861.4,390.0,255.0,310.9,200.9,9.4,8.9,0.0,0.0,0.0
330285,NY,330285,STRONG MEMORIAL HOSPITAL,601 ELMWOOD AVE,ROCHESTER,14642,Short Term,36055,POINT (-77.623587 43.122832),[C330285-A],20240308,20201108,1,9156,7938,7133,5967,4901,231,178,7,-999999,8218,1400,1260.0,928.0,778.0,54,47.0,0.0,0.0,0.0,7,7,7,7,7,7,7,7,7,7,7,7,7,7,7,7,7,7,7,23,0,-999999,-999999,-999999,4,-999999,-999999,7,0.0,-999999,19,45,-999999,6,7,-999999,8,8,12,-999999,0.0,4,2101,0.0,0,7,7,7,7,,,,,,,,,,,,,1308.0,1134.0,1019.0,852.4,700.1,33.0,25.4,-999999.0,-999999.0,1174.0,200.0,180.0,132.6,111.1,7.7,6.7,0.0,0.0,0.0
050025,CA,050025,UC SAN DIEGO HEALTH HILLCREST - HILLCREST MED CTR,200 WEST ARBOR DRIVE,SAN DIEGO,92103,Short Term,06073,POINT (-117.165844 32.754258),"[C050025-A, C050025-B]",20230623,20201113,1,6594,5649,4669,4324,4025,270,244,0,0,5614,1274,791.0,864.0,679.0,99,94.0,0.0,0.0,0.0,7,7,7,7,7,7,7,7,7,7,7,7,7,7,7,7,7,7,7,18,0,0,-999999,-999999,-999999,8,-999999,-999999,0.0,0,483,15,0,-999999,-999999,-999999,6,-999999,-999999,-999999,0.0,0,1395,0.0,0,7,7,7,7,,,,,,,,,,,,,942.0,807.0,667.0,617.7,575.0,38.6,34.9,0.0,0.0,802.0,182.0,113.0,123.4,97.0,14.1,13.4,0.0,0.0,0.0
050262,CA,050262,RONALD REAGAN UCLA MEDICAL CENTER,757 WESTWOOD PLAZA,LOS ANGELES,90095,Short Term,06037,POINT (-118.44562 34.06617),[C050262-A],20230623,20201113,1,2742,2334,2136,2373,2063,186,107,10,0,2544,930,654.0,819.0,616.0,80,71.0,0.0,0.0,0.0,6,6,6,6,6,6,6,6,6,6,6,6,6,6,6,6,6,6,6,0,0,0,0,0,0,0,0,0,0.0,0,126,0,0,0,0,0,0,0,0,0,0.0,0,710,0.0,0,6,6,6,6,,,,,,,,,,,,,457.0,389.0,356.0,395.5,343.8,31.0,17.8,-999999.0,0.0,424.0,155.0,109.0,136.5,102.7,13.3,11.8,0.0,0.0,0.0
050373,CA,050373,LAC+USC MEDICAL CENTER,"1200 N STATE ST, ROOM C2K100",LOS ANGELES,90033,Short Term,06037,POINT (-118.208376 34.057996),[C050373-A],20230623,20201113,1,4535,4269,4269,3634,3488,328,283,5,-999999,4535,897,735.0,714.0,614.0,124,114.0,0.0,0.0,0.0,7,7,7,7,7,7,7,7,7,7,7,7,7,7,7,7,7,7,7,47,0,7,5,7,10,12,5,-999999,0.0,0,140,8,-999999,0,0,-999999,4,-999999,0,0,0.0,-999999,2413,0.0,0,7,7,7,7,,,,,,,,,,,,,647.9,609.9,609.9,519.1,498.3,46.9,40.4,-999999.0,-999999.0,647.9,128.1,105.0,102.0,87.7,17.7,16.3,0.0,0.0,0.0
050441,CA,050441,STANFORD HEALTH CARE,300 PASTEUR DRIVE,STANFORD,94305,Short Term,06085,POINT (-122.175944 37.433018),[C050441-A],20230623,20201113,1,4474,4355,4242,4043,4043,111,102,0,0,4242,693,693.0,557.0,557.0,21,17.0,4.0,0.0,0.0,7,7,7,7,7,7,7,7,7,7,7,7,7,7,7,7,7,7,7,20,0,-999999,-999999,4,4,-999999,-999999,7,0.0,0,130,225,0,11,22,19,39,43,42,49,0.0,-999999,1756,0.0,0,7,7,7,7,,,,,,,,,,,,,639.1,622.1,606.0,577.6,577.6,15.9,14.6,0.0,0.0,606.0,99.0,99.0,79.6,79.6,-999999.0,-999999.0,-999999.0,0.0,0.0
050454,CA,050454,UCSF MEDICAL CENTER,"505 PARNASSUS AVE, BOX 0296",SAN FRANCISCO,94143,Short Term,06075,POINT (-122.457544 37.762452),"[C050454-C, C050454-B, C050454-D, C050454-A]",20230623,20201113,1,4839,3563,3563,4466,3416,88,78,9,8,4839,1304,714.0,1000.0,506.0,21,16.0,,,,7,7,7,7,7,7,7,7,7,7,7,7,7,7,7,7,0,0,0,-999999,0,-999999,0,0,0,0,0,0,0.0,-999999,192,0,0,0,0,0,0,0,0,0,0.0,0,842,,0,7,7,7,7,,,,,,,,,,,,,691.3,509.0,509.0,638.0,488.0,12.6,11.1,-999999.0,-999999.0,691.3,186.3,102.0,142.9,72.3,-999999.0,-999999.0,,,
050625,CA,050625,CEDARS-SINAI MEDICAL CENTER,8700 BEVERLY BLVD,LOS ANGELES,90048,Short Term,06037,POINT (-118.380122 34.075496),[C050625-A],20230623,20201113,1,6455,6159,6161,6003,5781,356,264,0,0,6455,1155,756.0,889.0,690.0,94,68.0,0.0,0.0,0.0,7,7,7,7,7,7,7,7,7,7,7,7,7,7,7,7,7,7,7,25,0,-999999,4,-999999,5,4,5,-999999,0.0,0,87,27,0,0,4,0,-999999,5,7,8,0.0,0,1441,0.0,0,7,7,7,7,,,,,,,,,,,,,922.1,879.9,880.1,857.6,825.9,50.9,37.7,0.0,0.0,922.1,165.0,108.0,127.0,98.6,13.4,9.7,0.0,0.0,0.0
330005,NY,330005,KALEIDA HEALTH,100 HIGH STREET,BUFFALO,14210,Short Term,36029,POINT (-78.865984 42.900906),"[C330005-B, C330005-A]",20230623,20201113,1,6853,6853,6328,4656,4655,609,412,0,0,6328,1505,1505.0,626.0,626.0,155,112.0,6.0,-999999.0,0.0,7,7,7,7,7,7,7,7,7,7,7,7,7,7,7,7,7,7,7,55,-999999,-999999,-999999,-999999,7,8,13,17,0.0,0,253,122,0,5,9,5,13,34,23,33,0.0,0,1763,0.0,0,7,7,7,7,,,,,,,,,,,,,979.0,979.0,904.0,665.1,665.0,87.0,58.9,0.0,0.0,904.0,215.0,215.0,89.4,89.4,22.1,16.0,-999999.0,-999999.0,0.0
330024,NY,330024,MOUNT SINAI HOSPITAL,ONE GUSTAVE L LEVY PLACE,NEW YORK,10029,Short Term,36061,POINT (-73.953392 40.790390),"[C330024-B, C330024-A]",20230623,20201113,1,11585,10647,9030,9329,8643,706,457,33,0,9940,1869,1722.0,1747.0,1652.0,125,106.0,0.0,0.0,0.0,7,7,7,7,7,7,7,7,7,7,7,7,7,7,7,7,7,7,7,50,0,-999999,4,-999999,11,9,13,11,0.0,0,867,16,0,-999999,4,0,4,-999999,4,0,0.0,-999999,3590,0.0,0,7,7,7,7,,,,,,,,,,,,,1655.0,1521.0,1290.0,1332.7,1234.7,100.9,65.3,4.7,0.0,1420.0,267.0,246.0,249.6,236.0,17.9,15.1,0.0,0.0,0.0
330059,NY,330059,MONTEFIORE MEDICAL CENTER,111 EAST 210TH STREET,BRONX,10467,Short Term,36005,POINT (-73.879897 40.879872),"[C330059-C, C330059-B, C330059-A, C330059-D]",20230623,20201113,1,10955,9604,9604,8464,7708,434,434,26,26,10955,1456,875.0,1080.0,716.0,82,82.0,0.0,0.0,0.0,7,7,7,7,7,7,7,7,7,7,7,7,7,7,7,7,7,7,7,74,-999999,6,7,12,12,13,10,9,-999999.0,-999999,1708,0,0,0,0,0,0,0,0,0,0.0,0,4184,0.0,0,7,7,7,7,,,,,,,,,,,,,1565.0,1372.0,1372.0,1209.1,1101.1,62.0,62.0,-999999.0,-999999.0,1565.0,208.0,125.0,154.3,102.3,11.7,11.7,0.0,0.0,0.0
330101,NY,330101,NEW YORK-PRESBYTERIAN HOSPITAL,525 EAST 68TH STREET,NEW YORK,10065,Short Term,36061,POINT (-73.954509 40.764355),"[C330101-A, C330101-H, C330101-D, C330101-F, C330101-G, C330101-C, C330101-E]",20230623,20201113,1,22684,18100,15322,16504,13580,1634,637,65,19,19480,3561,1890.0,2797.0,1632.0,226,113.0,,,,7,7,7,7,7,7,7,7,7,7,7,7,7,7,7,7,0,0,0,60,-999999,4,5,4,14,8,7,17,0.0,5,832,472,-999999,34,41,51,68,93,82,102,0.0,14,5501,,0,7,7,7,7,,,,,,,,,,,,,3240.6,2585.7,2188.9,2357.7,1940.0,233.4,91.0,9.3,-999999.0,2782.9,508.7,270.0,399.6,233.1,32.3,16.1,,,
330214,NY,330214,NYU LANGONE HOSPITALS,550 FIRST AVENUE,NEW YORK,10016,Short Term,36061,POINT (-73.974303 40.742311),"[C330214-B, C330214-A, C330214-C, C330214-D]",20230623,20201113,1,15340,12806,10612,10287,8725,483,430,11,5,13020,2730,1785.0,2152.0,1373.0,82,76.0,0.0,0.0,0.0,7,7,7,7,7,7,7,7,7,7,7,7,7,7,7,7,1,1,1,73,0,5,14,6,13,16,10,9,,-999999,2203,30,0,-999999,-999999,-999999,5,7,6,5,,-999999,4032,0.0,0,7,7,7,7,,,,,,,,,,,,,2191.4,1829.4,1516.0,1469.6,1246.4,69.0,61.4,-999999.0,-999999.0,1860.0,390.0,255.0,307.4,196.1,11.7,10.9,0.0,0.0,0.0
330285,NY,330285,STRONG MEMORIAL HOSPITAL,601 ELMWOOD AVE,ROCHESTER,14642,Short Term,36055,POINT (-77.623587 43.122832),[C330285-A],20230623,20201113,1,9156,7938,7133,5965,4933,366,325,17,5,8218,1400,1260.0,911.0,761.0,70,68.0,0.0,0.0,0.0,7,7,7,7,7,7,7,7,7,7,7,7,7,7,7,7,7,7,7,28,-999999,-999999,-999999,-999999,7,5,4,6,0.0,-999999,30,37,0,6,-999999,-999999,7,10,4,6,0.0,9,1834,0.0,0,7,7,7,7,,,,,,,,,,,,,1308.0,1134.0,1019.0,852.1,704.7,52.3,46.4,-999999.0,-999999.0,1174.0,200.0,180.0,130.1,108.7,10.0,9.7,0.0,0.0,0.0
050025,CA,050025,UC SAN DIEGO HEALTH HILLCREST - HILLCREST MED CTR,200 WEST ARBOR DRIVE,SAN DIEGO,92103,Short Term,06073,POINT (-117.165844 32.754258),"[C050025-A, C050025-B]",20240308,20201115,1,6594,5649,4669,4372,4058,314,288,0,0,5614,1274,791.0,878.0,694.0,105,98.0,0.0,0.0,0.0,7,7,7,7,7,7,7,7,7,7,7,7,7,7,7,7,7,7,7,17,0,0,-999999,-999999,-999999,8,-999999,-999999,0.0,0,451,14,0,-999999,-999999,-999999,5,-999999,0,-999999,0.0,0,1469,0.0,0,7,7,7,7,,,,,,,,,,,,,942.0,807.0,667.0,624.6,579.7,44.9,41.1,0.0,0.0,802.0,182.0,113.0,125.4,99.1,15.0,14.0,0.0,0.0,0.0
050262,CA,050262,RONALD REAGAN UCLA MEDICAL CENTER,757 WESTWOOD PLAZA,LOS ANGELES,90095,Short Term,06037,POINT (-118.446328 34.066455),[C050262-A],20240308,20201115,1,2742,2334,2136,2369,2063,185,115,13,-999999,2544,930,654.0,809.0,618.0,84,77.0,0.0,0.0,0.0,6,6,6,6,6,6,6,6,6,6,6,6,6,6,6,6,6,6,6,0,0,0,0,0,0,0,0,0,0.0,0,127,0,0,0,0,0,0,0,0,0,0.0,0,714,0.0,0,6,6,6,6,,,,,,,,,,,,,457.0,389.0,356.0,394.8,343.8,30.8,19.2,-999999.0,-999999.0,424.0,155.0,109.0,134.8,103.0,14.0,12.8,0.0,0.0,0.0
050373,CA,050373,LOS ANGELES GENERAL MEDICAL CENTER,"2051 MARENGO ST, ROOM C2K100",LOS ANGELES,90033,Short Term,06037,POINT (-118.206478 34.056278),[C050373-A],20240308,20201115,1,3884,3653,3653,3115,2991,290,255,4,0,3884,774,633.0,626.0,541.0,114,106.0,0.0,0.0,0.0,6,6,6,6,6,6,6,6,6,6,6,6,6,6,6,6,6,6,6,36,0,7,-999999,4,7,10,4,-999999,0.0,0,116,10,-999999,0,-999999,-999999,-999999,-999999,-999999,0,0.0,-999999,2042,0.0,0,6,6,6,6,,,,,,,,,,,,,647.3,608.8,608.8,519.2,498.5,48.3,42.5,-999999.0,0.0,647.3,129.0,105.5,104.3,90.2,19.0,17.7,0.0,0.0,0.0
050441,CA,050441,STANFORD HEALTH CARE,300 PASTEUR DRIVE,STANFORD,94305,Short Term,06085,POINT (-122.175944 37.433018),[C050441-A],20240308,20201115,1,4441,4322,4242,3983,3983,100,96,0,0,4242,693,693.0,552.0,552.0,16,15.0,6.0,0.0,0.0,7,7,7,7,7,7,7,7,7,7,7,7,7,7,7,7,7,7,7,17,0,0,-999999,5,5,-999999,-999999,4,0.0,0,161,234,-999999,12,27,22,44,40,44,44,0.0,0,1963,0.0,0,7,7,7,7,,,,,,,,,,,,,634.4,617.4,606.0,569.0,569.0,14.3,13.7,0.0,0.0,606.0,99.0,99.0,78.9,78.9,-999999.0,-999999.0,-999999.0,0.0,0.0
050454,CA,050454,UCSF MEDICAL CENTER,"505 PARNASSUS AVE, BOX 0296",SAN FRANCISCO,94143,Short Term,06075,POINT (-122.457544 37.762452),"[C050454-C, C050454-B, C050454-D, C050454-A]",20240308,20201115,1,4771,3518,3518,4452,3393,99,87,9,9,4771,1312,714.0,1003.0,502.0,23,13.0,0.0,0.0,0.0,7,7,7,7,7,7,7,7,7,7,7,7,7,7,7,7,1,1,1,-999999,0,-999999,0,0,0,0,0,0,0.0,-999999,203,0,0,0,0,0,0,0,0,0,0.0,0,867,0.0,0,7,7,7,7,,,,,,,,,,,,,681.6,502.6,502.6,636.0,484.7,14.1,12.4,-999999.0,-999999.0,681.6,187.4,102.0,143.3,71.7,-999999.0,-999999.0,0.0,0.0,0.0
050625,CA,050625,CEDARS-SINAI MEDICAL CENTER,8700 BEVERLY BLVD,LOS ANGELES,90048,Short Term,06037,POINT (-118.380016 34.076549),[C050625-A],20240308,20201115,1,6391,6093,6097,5995,5823,383,279,0,0,6391,1155,756.0,894.0,693.0,100,72.0,0.0,0.0,0.0,7,7,7,7,7,7,7,7,7,7,7,7,7,7,7,7,7,7,7,25,0,4,4,5,6,-999999,-999999,-999999,0.0,0,64,27,-999999,0,5,-999999,-999999,4,6,6,0.0,0,1246,0.0,0,7,7,7,7,,,,,,,,,,,,,913.0,870.4,871.0,856.4,831.9,54.7,39.9,0.0,0.0,913.0,165.0,108.0,127.7,99.0,14.3,10.3,0.0,0.0,0.0
330005,NY,330005,KALEIDA HEALTH,100 HIGH STREET,BUFFALO,14210,Short Term,36029,POINT (-78.865984 42.900906),"[C330005-C, C330005-B, C330005-A]",20240308,20201115,1,6853,6853,6328,4731,4730,706,496,0,0,6328,1505,1505.0,626.0,626.0,171,116.0,6.0,-999999.0,0.0,7,7,7,7,7,7,7,7,7,7,7,7,7,7,7,7,7,7,7,59,0,-999999,-999999,4,11,9,13,18,0.0,0,284,128,0,-999999,12,6,12,35,24,37,0.0,0,1796,-999999.0,0,7,7,7,7,,,,,,,,,,,,,979.0,979.0,904.0,675.9,675.7,100.9,70.9,0.0,0.0,904.0,215.0,215.0,89.4,89.4,24.4,16.6,-999999.0,-999999.0,0.0
330024,NY,330024,MOUNT SINAI HOSPITAL,ONE GUSTAVE L LEVY PLACE,NEW YORK,10029,Short Term,36061,POINT (-73.953392 40.790390),"[C330024-B, C330024-A]",20240308,20201115,1,11585,10647,9030,9388,8713,732,468,28,0,9940,1869,1722.0,1755.0,1654.0,130,110.0,0.0,0.0,0.0,7,7,7,7,7,7,7,7,7,7,7,7,7,7,7,7,7,7,7,56,0,-999999,-999999,-999999,14,14,13,10,0.0,0,815,27,0,-999999,5,-999999,-999999,4,8,-999999,0.0,4,3553,0.0,0,7,7,7,7,,,,,,,,,,,,,1655.0,1521.0,1290.0,1341.1,1244.7,104.6,66.9,4.0,0.0,1420.0,267.0,246.0,250.7,236.3,18.6,15.7,0.0,0.0,0.0
330059,NY,330059,MONTEFIORE MEDICAL CENTER,111 EAST 210TH STREET,BRONX,10467,Short Term,36005,POINT (-73.879896 40.879872),"[C330059-C, C330059-B, C330059-A, C330059-D]",20240308,20201115,1,10955,9604,9604,8375,7619,423,423,30,30,10955,1456,875.0,1073.0,704.0,78,78.0,0.0,0.0,0.0,7,7,7,7,7,7,7,7,7,7,7,7,7,7,7,7,7,7,7,72,-999999,6,8,11,13,13,8,9,-999999.0,-999999,1676,0,0,0,0,0,0,0,0,0,0.0,0,3929,0.0,0,7,7,7,7,,,,,,,,,,,,,1565.0,1372.0,1372.0,1196.4,1088.4,60.4,60.4,4.3,4.3,1565.0,208.0,125.0,153.3,100.6,11.1,11.1,0.0,0.0,0.0
330101,NY,330101,NEW YORK-PRESBYTERIAN HOSPITAL,525 EAST 68TH STREET,NEW YORK,10065,Short Term,36061,POINT (-73.954509 40.764355),"[C330101-A, C330101-H, C330101-D, C330101-F, C330101-G, C330101-C, C330101-E]",20240308,20201115,1,22608,18053,15270,16325,13430,1678,714,63,14,19388,3555,1890.0,2803.0,1622.0,216,107.0,,,,7,7,7,7,7,7,7,7,7,7,7,7,7,7,7,7,0,0,0,63,-999999,-999999,5,4,15,12,12,12,0.0,-999999,767,435,-999999,28,36,43,62,84,83,97,0.0,15,5500,,0,7,7,7,7,,,,,,,,,,,,,3229.7,2579.0,2181.4,2332.1,1918.6,239.7,102.0,9.0,-999999.0,2769.7,507.9,270.0,400.4,231.7,30.9,15.3,,,
330214,NY,330214,NYU LANGONE HOSPITALS,550 FIRST AVENUE,NEW YORK,10016,Short Term,36061,POINT (-73.974303 40.742311),"[C330214-B, C330214-A, C330214-C, C330214-D]",20240308,20201115,1,15337,12803,10609,10140,8617,520,474,16,8,13017,2730,1785.0,2139.0,1365.0,87,80.0,,,,7,7,7,7,7,7,7,7,7,7,7,7,7,7,7,7,0,0,0,76,0,-999999,10,7,12,15,11,18,,4,2373,23,0,-999999,-999999,-999999,-999999,-999999,7,7,,5,9941,,0,7,7,7,7,,,,,,,,,,,,,2191.0,1829.0,1515.6,1448.6,1231.0,74.3,67.7,-999999.0,-999999.0,1859.6,390.0,255.0,305.6,195.0,12.4,11.4,,,
330285,NY,330285,STRONG MEMORIAL HOSPITAL,601 ELMWOOD AVE,ROCHESTER,14642,Short Term,36055,POINT (-77.623587 43.122832),[C330285-A],20240308,20201115,1,8730,7520,6721,5993,4948,426,380,22,10,7792,1302,1146.0,885.0,737.0,80,79.0,0.0,0.0,0.0,7,7,7,7,7,7,7,7,7,7,7,7,7,7,7,7,7,7,7,34,-999999,-999999,-999999,0,8,8,8,4,0.0,4,50,35,0,-999999,-999999,4,4,9,4,9,0.0,8,1851,0.0,0,7,7,7,7,,,,,,,,,,,,,1247.1,1074.3,960.1,856.1,706.9,60.9,54.3,-999999.0,-999999.0,1113.1,186.0,163.7,126.4,105.3,11.4,11.3,0.0,0.0,0.0
050025,CA,050025,UC SAN DIEGO HEALTH HILLCREST - HILLCREST MED CTR,200 WEST ARBOR DRIVE,SAN DIEGO,92103,Short Term,06073,POINT (-117.165844 32.754258),"[C050025-A, C050025-B]",20230623,20201120,1,6594,5649,4669,4342,4043,370,348,-999999,0,5608,1274,791.0,856.0,689.0,131,121.0,0.0,0.0,0.0,7,7,7,7,7,7,7,7,7,7,7,7,7,7,7,7,7,7,7,13,0,-999999,-999999,-999999,-999999,-999999,-999999,0,0.0,0,390,15,0,-999999,-999999,-999999,4,-999999,-999999,-999999,0.0,-999999,1421,0.0,0,7,7,7,7,,,,,,,,,,,,,942.0,807.0,667.0,620.3,577.6,52.9,49.7,-999999.0,0.0,801.1,182.0,113.0,122.3,98.4,18.7,17.3,0.0,0.0,0.0
050262,CA,050262,RONALD REAGAN UCLA MEDICAL CENTER,757 WESTWOOD PLAZA,LOS ANGELES,90095,Short Term,06037,POINT (-118.44562 34.06617),[C050262-A],20230623,20201120,1,3199,2723,2492,2740,2407,271,180,11,-999999,2968,1085,763.0,946.0,728.0,114,90.0,0.0,0.0,0.0,7,7,7,7,7,7,7,7,7,7,7,7,7,7,7,7,7,7,7,0,0,0,0,0,0,0,0,0,0.0,0,158,0,0,0,0,0,0,0,0,0,0.0,0,827,0.0,0,7,7,7,7,,,,,,,,,,,,,457.0,389.0,356.0,391.4,343.9,38.7,25.7,-999999.0,-999999.0,424.0,155.0,109.0,135.1,104.0,16.3,12.9,0.0,0.0,0.0
050373,CA,050373,LAC+USC MEDICAL CENTER,"1200 N STATE ST, ROOM C2K100",LOS ANGELES,90033,Short Term,06037,POINT (-118.208376 34.057996),[C050373-A],20230623,20201120,1,3881,3641,3641,3011,2876,331,306,7,4,3881,798,644.0,652.0,550.0,126,123.0,0.0,0.0,0.0,6,6,6,6,6,6,6,6,6,6,6,6,6,6,6,6,6,6,6,53,-999999,6,9,8,11,13,-999999,-999999,0.0,-999999,143,8,0,-999999,-999999,-999999,-999999,0,-999999,0,0.0,0,1848,0.0,0,6,6,6,6,,,,,,,,,,,,,646.8,606.8,606.8,501.8,479.3,55.2,51.0,-999999.0,-999999.0,646.8,133.0,107.3,108.7,91.7,21.0,20.5,0.0,0.0,0.0
050441,CA,050441,STANFORD HEALTH CARE,300 PASTEUR DRIVE,STANFORD,94305,Short Term,06085,POINT (-122.175944 37.433018),[C050441-A],20230623,20201120,1,4420,4301,4230,3891,3891,128,119,0,0,4230,693,693.0,572.0,572.0,35,30.0,-999999.0,0.0,0.0,7,7,7,7,7,7,7,7,7,7,7,7,7,7,7,7,7,7,7,30,0,-999999,-999999,9,10,-999999,-999999,-999999,0.0,0,246,265,-999999,15,42,27,39,44,51,46,0.0,0,2620,-999999.0,0,7,7,7,7,,,,,,,,,,,,,631.4,614.4,604.3,555.9,555.9,18.3,17.0,0.0,0.0,604.3,99.0,99.0,81.7,81.7,5.0,4.3,-999999.0,0.0,0.0
050454,CA,050454,UCSF MEDICAL CENTER,"505 PARNASSUS AVE, BOX 0296",SAN FRANCISCO,94143,Short Term,06075,POINT (-122.457544 37.762452),"[C050454-C, C050454-B, C050454-D, C050454-A]",20230623,20201120,1,4643,3405,3405,4305,3296,107,97,7,4,4643,1317,714.0,999.0,510.0,33,26.0,0.0,0.0,0.0,7,7,7,7,7,7,7,7,7,7,7,7,7,7,7,7,2,2,2,0,0,0,0,0,0,0,0,0,0.0,-999999,213,0,0,0,0,0,0,0,0,0,0.0,0,863,0.0,0,7,7,7,7,,,,,,,,,,,,,663.3,486.4,486.4,615.0,470.9,15.3,13.9,-999999.0,-999999.0,663.3,188.1,102.0,142.7,72.9,4.7,-999999.0,0.0,0.0,0.0
050625,CA,050625,CEDARS-SINAI MEDICAL CENTER,8700 BEVERLY BLVD,LOS ANGELES,90048,Short Term,06037,POINT (-118.380122 34.075496),[C050625-A],20230623,20201120,1,6089,5793,5795,5711,5637,451,354,0,0,6089,1148,756.0,866.0,698.0,102,81.0,0.0,0.0,0.0,7,7,7,7,7,7,7,7,7,7,7,7,7,7,7,7,7,7,7,45,0,5,4,6,7,7,8,8,0.0,0,104,41,-999999,-999999,6,-999999,5,11,9,5,0.0,0,1309,0.0,0,7,7,7,7,,,,,,,,,,,,,869.9,827.6,827.9,815.9,805.3,64.4,50.6,0.0,0.0,869.9,164.0,108.0,123.7,99.7,14.6,11.6,0.0,0.0,0.0
330005,NY,330005,KALEIDA HEALTH,100 HIGH STREET,BUFFALO,14210,Short Term,36029,POINT (-78.865984 42.900906),"[C330005-B, C330005-A]",20230623,20201120,1,6853,6853,6328,4702,4702,983,827,0,0,6328,1505,1505.0,654.0,654.0,198,163.0,7.0,6.0,-999999.0,7,7,7,7,7,7,7,7,7,7,7,7,7,7,7,7,7,7,7,109,0,-999999,9,6,11,16,23,41,0.0,0,318,121,0,-999999,6,8,16,31,21,37,0.0,0,1740,-999999.0,0,7,7,7,7,,,,,,,,,,,,,979.0,979.0,904.0,671.7,671.7,140.4,118.1,0.0,0.0,904.0,215.0,215.0,93.4,93.4,28.3,23.3,-999999.0,-999999.0,-999999.0
330024,NY,330024,MOUNT SINAI HOSPITAL,ONE GUSTAVE L LEVY PLACE,NEW YORK,10029,Short Term,36061,POINT (-73.953392 40.790390),"[C330024-B, C330024-A]",20230623,20201120,1,11585,10647,9030,9211,8498,733,509,16,0,9940,1869,1722.0,1760.0,1642.0,129,106.0,0.0,0.0,0.0,7,7,7,7,7,7,7,7,7,7,7,7,7,7,7,7,7,7,7,53,0,-999999,-999999,4,16,14,7,6,0.0,0,807,25,0,-999999,-999999,4,4,5,6,-999999,0.0,6,3748,0.0,0,7,7,7,7,,,,,,,,,,,,,1655.0,1521.0,1290.0,1315.9,1214.0,104.7,72.7,-999999.0,0.0,1420.0,267.0,246.0,251.4,234.6,18.4,15.1,0.0,0.0,0.0
330059,NY,330059,MONTEFIORE MEDICAL CENTER,111 EAST 210TH STREET,BRONX,10467,Short Term,36005,POINT (-73.879897 40.879872),"[C330059-C, C330059-B, C330059-A, C330059-D]",20230623,20201120,1,10955,9604,9604,8065,7352,422,422,31,31,10955,1456,875.0,1050.0,689.0,87,87.0,-999999.0,-999999.0,-999999.0,7,7,7,7,7,7,7,7,7,7,7,7,7,7,7,7,7,7,7,71,-999999,5,-999999,7,10,18,10,14,-999999.0,4,1705,0,0,0,0,0,0,0,0,0,0.0,0,3700,-999999.0,0,7,7,7,7,,,,,,,,,,,,,1565.0,1372.0,1372.0,1152.1,1050.3,60.3,60.3,4.4,4.4,1565.0,208.0,125.0,150.0,98.4,12.4,12.4,-999999.0,-999999.0,-999999.0
330101,NY,330101,NEW YORK-PRESBYTERIAN HOSPITAL,525 EAST 68TH STREET,NEW YORK,10065,Short Term,36061,POINT (-73.954509 40.764355),"[C330101-A, C330101-H, C330101-D, C330101-F, C330101-G, C330101-C, C330101-E]",20230623,20201120,1,21879,17391,15262,15828,12999,1802,876,77,23,19522,3549,1890.0,2845.0,1668.0,260,134.0,,,,7,7,7,7,7,7,7,7,7,7,7,7,7,7,7,7,0,0,0,82,-999999,-999999,7,8,8,21,22,13,0.0,-999999,864,445,-999999,24,39,37,64,86,100,93,0.0,19,5599,,0,7,7,7,7,,,,,,,,,,,,,3125.6,2484.4,2180.3,2261.1,1857.0,257.4,125.1,11.0,-999999.0,2788.9,507.0,270.0,406.4,238.3,37.1,19.1,,,
330214,NY,330214,NYU LANGONE HOSPITALS,550 FIRST AVENUE,NEW YORK,10016,Short Term,36061,POINT (-73.974303 40.742311),"[C330214-B, C330214-A, C330214-C, C330214-D]",20230623,20201120,1,15326,12792,10598,9599,8254,617,552,14,8,13006,2730,1785.0,2019.0,1277.0,114,102.0,,,,7,7,7,7,7,7,7,7,7,7,7,7,7,7,7,7,0,0,0,81,0,4,7,7,13,19,11,20,,-999999,2504,37,0,-999999,0,-999999,4,10,6,13,,4,9964,,0,7,7,7,7,,,,,,,,,,,,,2189.4,1827.4,1514.0,1371.3,1179.1,88.1,78.9,-999999.0,-999999.0,1858.0,390.0,255.0,288.4,182.4,16.3,14.6,,,
330285,NY,330285,STRONG MEMORIAL HOSPITAL,601 ELMWOOD AVE,ROCHESTER,14642,Short Term,36055,POINT (-77.623587 43.122832),[C330285-A],20230623,20201120,1,7665,6475,5691,6020,4985,571,507,19,13,6727,1057,861.0,835.0,701.0,129,129.0,0.0,0.0,0.0,7,7,7,7,7,7,7,7,7,7,7,7,7,7,7,7,7,7,7,56,-999999,-999999,4,-999999,10,15,16,6,0.0,-999999,84,36,0,-999999,7,4,6,6,5,7,0.0,5,1863,0.0,0,7,7,7,7,,,,,,,,,,,,,1095.0,925.0,813.0,860.0,712.1,81.6,72.4,-999999.0,-999999.0,961.0,151.0,123.0,119.3,100.1,18.4,18.4,0.0,0.0,0.0
050025,CA,050025,UC SAN DIEGO HEALTH HILLCREST - HILLCREST MED CTR,200 WEST ARBOR DRIVE,SAN DIEGO,92103,Short Term,06073,POINT (-117.165844 32.754258),"[C050025-A, C050025-B]",20240308,20201122,1,6594,5649,4669,4241,3951,365,344,-999999,0,5608,1274,791.0,832.0,656.0,133,126.0,0.0,0.0,0.0,7,7,7,7,7,7,7,7,7,7,7,7,7,7,7,7,7,7,7,15,0,-999999,-999999,-999999,-999999,-999999,-999999,-999999,0.0,0,365,14,0,-999999,-999999,-999999,-999999,0,-999999,-999999,0.0,-999999,1299,0.0,0,7,7,7,7,,,,,,,,,,,,,942.0,807.0,667.0,605.9,564.4,52.1,49.1,-999999.0,0.0,801.1,182.0,113.0,118.9,93.7,19.0,18.0,0.0,0.0,0.0
050262,CA,050262,RONALD REAGAN UCLA MEDICAL CENTER,757 WESTWOOD PLAZA,LOS ANGELES,90095,Short Term,06037,POINT (-118.446328 34.066455),[C050262-A],20240308,20201122,1,3199,2723,2492,2718,2407,287,193,10,0,2968,1085,763.0,944.0,734.0,116,87.0,0.0,0.0,0.0,7,7,7,7,7,7,7,7,7,7,7,7,7,7,7,7,7,7,7,0,0,0,0,0,0,0,0,0,0.0,0,152,0,0,0,0,0,0,0,0,0,0.0,0,808,0.0,0,7,7,7,7,,,,,,,,,,,,,457.0,389.0,356.0,388.3,343.9,41.0,27.6,-999999.0,0.0,424.0,155.0,109.0,134.9,104.9,16.6,12.4,0.0,0.0,0.0
050373,CA,050373,LOS ANGELES GENERAL MEDICAL CENTER,"2051 MARENGO ST, ROOM C2K100",LOS ANGELES,90033,Short Term,06037,POINT (-118.206478 34.056278),[C050373-A],20240308,20201122,1,4499,4211,4211,3481,3312,418,388,11,8,4499,918,738.0,741.0,617.0,149,143.0,0.0,0.0,0.0,7,7,7,7,7,7,7,7,7,7,7,7,7,7,7,7,7,7,7,67,-999999,4,12,12,12,17,5,-999999,0.0,-999999,181,7,0,-999999,-999999,-999999,-999999,-999999,-999999,0,0.0,0,2028,0.0,0,7,7,7,7,,,,,,,,,,,,,642.7,601.6,601.6,497.3,473.1,59.7,55.4,-999999.0,-999999.0,642.7,131.1,105.4,105.9,88.1,21.3,20.4,0.0,0.0,0.0
050441,CA,050441,STANFORD HEALTH CARE,300 PASTEUR DRIVE,STANFORD,94305,Short Term,06085,POINT (-122.175944 37.433018),[C050441-A],20240308,20201122,1,4408,4289,4224,3798,3798,155,135,0,0,4224,693,693.0,567.0,567.0,47,40.0,-999999.0,0.0,0.0,7,7,7,7,7,7,7,7,7,7,7,7,7,7,7,7,7,7,7,39,0,5,-999999,9,10,5,5,4,0.0,0,271,192,0,11,38,21,30,35,48,47,0.0,0,2636,-999999.0,0,7,7,7,6,,,,,,,,,,,,,629.7,612.7,603.4,542.6,542.6,22.1,19.3,0.0,0.0,603.4,99.0,99.0,81.0,81.0,6.7,5.7,-999999.0,0.0,0.0
050454,CA,050454,UCSF MEDICAL CENTER,"505 PARNASSUS AVE, BOX 0296",SAN FRANCISCO,94143,Short Term,06075,POINT (-122.457544 37.762452),"[C050454-C, C050454-B, C050454-D, C050454-A]",20240308,20201122,1,4532,3266,3266,4112,3136,113,105,8,5,4532,1315,714.0,1007.0,517.0,42,40.0,0.0,0.0,0.0,7,7,7,7,7,7,7,7,7,7,7,7,7,7,7,7,1,1,1,0,0,0,0,0,0,0,0,0,0.0,-999999,215,0,0,0,0,0,0,0,0,0,0.0,0,838,0.0,0,7,7,7,7,,,,,,,,,,,,,647.4,466.6,466.6,587.4,448.0,16.1,15.0,-999999.0,-999999.0,647.4,187.9,102.0,143.9,73.9,6.0,5.7,0.0,0.0,0.0
050625,CA,050625,CEDARS-SINAI MEDICAL CENTER,8700 BEVERLY BLVD,LOS ANGELES,90048,Short Term,06037,POINT (-118.380016 34.076549),[C050625-A],20240308,20201122,1,5987,5693,5693,5507,5430,513,425,-999999,-999999,5987,1148,756.0,840.0,689.0,113,97.0,0.0,0.0,0.0,7,7,7,7,7,7,7,7,7,7,7,7,7,7,7,7,7,7,7,59,0,-999999,-999999,4,12,11,14,13,0.0,-999999,148,40,0,-999999,6,-999999,6,10,7,6,0.0,0,1501,0.0,0,7,7,7,7,,,,,,,,,,,,,855.3,813.3,813.3,786.7,775.7,73.3,60.7,-999999.0,-999999.0,855.3,164.0,108.0,120.0,98.4,16.1,13.9,0.0,0.0,0.0
330005,NY,330005,KALEIDA HEALTH,100 HIGH STREET,BUFFALO,14210,Short Term,36029,POINT (-78.865984 42.900906),"[C330005-C, C330005-B, C330005-A]",20240308,20201122,1,6853,6853,6328,4623,4623,1062,958,0,0,6328,1505,1505.0,648.0,648.0,210,192.0,9.0,4.0,-999999.0,7,7,7,7,7,7,7,7,7,7,7,7,7,7,7,7,7,7,7,125,0,-999999,10,6,13,15,27,51,0.0,0,303,110,0,-999999,-999999,9,21,20,25,31,0.0,0,1666,-999999.0,0,7,7,7,7,,,,,,,,,,,,,979.0,979.0,904.0,660.4,660.4,151.7,136.9,0.0,0.0,904.0,215.0,215.0,92.6,92.6,30.0,27.4,-999999.0,-999999.0,-999999.0
330024,NY,330024,MOUNT SINAI HOSPITAL,ONE GUSTAVE L LEVY PLACE,NEW YORK,10029,Short Term,36061,POINT (-73.953392 40.790390),"[C330024-B, C330024-A]",20240308,20201122,1,11585,10647,9030,9081,8379,733,530,14,0,9940,1869,1722.0,1734.0,1639.0,124,105.0,0.0,0.0,0.0,7,7,7,7,7,7,7,7,7,7,7,7,7,7,7,7,7,7,7,57,0,4,4,7,14,11,9,7,-999999.0,0,852,12,0,-999999,-999999,-999999,-999999,-999999,-999999,-999999,0.0,4,3744,0.0,0,7,7,7,7,,,,,,,,,,,,,1655.0,1521.0,1290.0,1297.3,1197.0,104.7,75.7,-999999.0,0.0,1420.0,267.0,246.0,247.7,234.1,17.7,15.0,0.0,0.0,0.0
330059,NY,330059,MONTEFIORE MEDICAL CENTER,111 EAST 210TH STREET,BRONX,10467,Short Term,36005,POINT (-73.879896 40.879872),"[C330059-C, C330059-B, C330059-A, C330059-D]",20240308,20201122,1,10761,9296,9296,7756,7032,433,433,37,37,10761,1435,850.0,1031.0,677.0,86,86.0,-999999.0,-999999.0,-999999.0,7,7,7,7,7,7,7,7,7,7,7,7,7,7,7,7,7,7,7,79,-999999,5,4,7,14,20,11,14,-999999.0,-999999,1641,0,0,0,0,0,0,0,0,0,0.0,0,3812,-999999.0,0,7,7,7,7,,,,,,,,,,,,,1537.3,1328.0,1328.0,1108.0,1004.6,61.9,61.9,5.3,5.3,1537.3,205.0,121.4,147.3,96.7,12.3,12.3,-999999.0,-999999.0,-999999.0
330101,NY,330101,NEW YORK-PRESBYTERIAN HOSPITAL,525 EAST 68TH STREET,NEW YORK,10065,Short Term,36061,POINT (-73.954509 40.764355),"[C330101-A, C330101-H, C330101-D, C330101-F, C330101-G, C330101-C, C330101-E]",20240308,20201122,1,21769,17303,15278,15312,12619,1785,928,79,28,19604,3549,1890.0,2781.0,1647.0,281,157.0,,,,7,7,7,7,7,7,7,7,7,7,7,7,7,7,7,7,0,0,0,87,-999999,4,8,9,9,17,23,16,0.0,-999999,858,407,-999999,27,36,34,62,68,98,81,0.0,18,5484,,0,7,7,7,7,,,,,,,,,,,,,3109.9,2471.9,2182.6,2187.4,1802.7,255.0,132.6,11.3,4.0,2800.6,507.0,270.0,397.3,235.3,40.1,22.4,,,
330214,NY,330214,NYU LANGONE HOSPITALS,550 FIRST AVENUE,NEW YORK,10016,Short Term,36061,POINT (-73.974303 40.742311),"[C330214-B, C330214-A, C330214-C, C330214-D]",20240308,20201122,1,15258,12724,10569,9248,7972,663,589,12,5,12977,2730,1785.0,1918.0,1205.0,132,116.0,0.0,0.0,0.0,7,7,7,7,7,7,7,7,7,7,7,7,7,7,7,7,1,1,1,89,0,6,10,8,16,23,8,18,0.0,-999999,2474,43,0,-999999,0,-999999,6,10,9,14,0.0,4,4005,0.0,0,7,7,7,7,,,,,,,,,,,,,2179.7,1817.7,1509.9,1321.1,1138.9,94.7,84.1,-999999.0,-999999.0,1853.9,390.0,255.0,274.0,172.1,18.9,16.6,0.0,0.0,0.0
330285,NY,330285,STRONG MEMORIAL HOSPITAL,601 ELMWOOD AVE,ROCHESTER,14642,Short Term,36055,POINT (-77.623587 43.122832),[C330285-A],20240308,20201122,1,7665,6475,5691,5887,4896,616,562,17,10,6727,1057,861.0,829.0,703.0,156,155.0,0.0,0.0,0.0,7,7,7,7,7,7,7,7,7,7,7,7,7,7,7,7,7,7,7,56,-999999,-999999,4,-999999,9,16,15,8,0.0,0,74,35,0,-999999,6,-999999,8,6,6,5,0.0,6,1619,0.0,0,7,7,7,7,,,,,,,,,,,,,1095.0,925.0,813.0,841.0,699.4,88.0,80.3,-999999.0,-999999.0,961.0,151.0,123.0,118.4,100.4,22.3,22.1,0.0,0.0,0.0
050025,CA,050025,UC SAN DIEGO HEALTH HILLCREST - HILLCREST MED CTR,200 WEST ARBOR DRIVE,SAN DIEGO,92103,Short Term,06073,POINT (-117.165844 32.754258),"[C050025-A, C050025-B]",20230623,20201127,1,6591,5651,4671,4288,3972,375,359,-999999,-999999,5611,1297,791.0,854.0,647.0,135,133.0,0.0,0.0,0.0,7,7,7,7,7,7,7,7,7,7,7,7,7,7,7,7,7,7,7,16,0,-999999,-999999,-999999,-999999,6,-999999,-999999,0.0,0,393,9,0,0,0,4,-999999,0,-999999,-999999,0.0,0,1349,0.0,0,7,7,7,7,,,,,,,,,,,,,941.6,807.3,667.3,612.6,567.4,53.6,51.3,-999999.0,-999999.0,801.6,185.3,113.0,122.0,92.4,19.3,19.0,0.0,0.0,0.0
050262,CA,050262,RONALD REAGAN UCLA MEDICAL CENTER,757 WESTWOOD PLAZA,LOS ANGELES,90095,Short Term,06037,POINT (-118.44562 34.06617),[C050262-A],20230623,20201127,1,2742,2334,2136,2301,2034,253,183,10,-999999,2544,930,654.0,788.0,621.0,82,73.0,0.0,0.0,0.0,6,6,6,6,6,6,6,6,6,6,6,6,6,6,6,6,6,6,6,10,-999999,0,-999999,0,-999999,4,0,-999999,0.0,-999999,149,0,0,0,0,0,0,0,0,0,0.0,0,696,0.0,0,6,6,6,6,,,,,,,,,,,,,457.0,389.0,356.0,383.5,339.0,42.2,30.5,-999999.0,-999999.0,424.0,155.0,109.0,131.3,103.5,13.7,12.2,0.0,0.0,0.0
050373,CA,050373,LAC+USC MEDICAL CENTER,"1200 N STATE ST, ROOM C2K100",LOS ANGELES,90033,Short Term,06037,POINT (-118.208376 34.057996),[C050373-A],20230623,20201127,1,4499,4194,4194,3596,3388,492,465,18,14,4499,893,714.0,736.0,592.0,162,155.0,0.0,0.0,0.0,7,7,7,7,7,7,7,7,7,7,7,7,7,7,7,7,7,7,7,68,0,4,9,12,11,16,10,6,0.0,4,218,5,0,-999999,0,0,-999999,-999999,-999999,-999999,0.0,0,2264,0.0,0,7,7,7,7,,,,,,,,,,,,,642.7,599.1,599.1,513.7,484.0,70.3,66.4,-999999.0,-999999.0,642.7,127.6,102.0,105.1,84.6,23.1,22.1,0.0,0.0,0.0
050441,CA,050441,STANFORD HEALTH CARE,300 PASTEUR DRIVE,STANFORD,94305,Short Term,06085,POINT (-122.175944 37.433018),[C050441-A],20230623,20201127,1,4423,4304,4221,3897,3897,178,153,0,0,4233,693,693.0,592.0,592.0,59,57.0,-999999.0,0.0,-999999.0,7,7,7,7,7,7,7,7,7,7,7,7,7,7,7,7,7,7,7,38,0,5,-999999,7,7,8,5,-999999,0.0,0,366,188,0,14,40,34,36,40,47,55,0.0,-999999,6690,-999999.0,0,7,7,7,6,,,,,,,,,,,,,631.9,614.9,603.0,556.7,556.7,25.4,21.9,0.0,0.0,604.7,99.0,99.0,84.6,84.6,8.4,8.1,-999999.0,0.0,-999999.0
050454,CA,050454,UCSF MEDICAL CENTER,"505 PARNASSUS AVE, BOX 0296",SAN FRANCISCO,94143,Short Term,06075,POINT (-122.457544 37.762452),"[C050454-C, C050454-B, C050454-D, C050454-A]",20230623,20201127,1,4432,3180,3180,3962,3022,176,170,11,9,4432,1334,714.0,1032.0,519.0,74,73.0,,,,7,7,7,7,7,7,7,7,7,7,7,7,7,7,7,7,0,0,0,-999999,0,-999999,0,0,0,0,0,0,0.0,-999999,233,0,0,0,0,0,0,0,0,0,0.0,0,900,,0,7,7,7,7,,,,,,,,,,,,,633.1,454.3,454.3,566.0,431.7,25.1,24.3,-999999.0,-999999.0,633.1,190.6,102.0,147.4,74.1,10.6,10.4,,,
050625,CA,050625,CEDARS-SINAI MEDICAL CENTER,8700 BEVERLY BLVD,LOS ANGELES,90048,Short Term,06037,POINT (-118.380122 34.075496),[C050625-A],20230623,20201127,1,6017,5723,5723,5470,5410,653,567,4,4,6017,1155,756.0,827.0,683.0,138,125.0,0.0,0.0,0.0,7,7,7,7,7,7,7,7,7,7,7,7,7,7,7,7,7,7,7,58,0,-999999,4,7,10,10,13,12,0.0,-999999,162,30,0,-999999,-999999,4,4,7,4,7,0.0,0,1538,0.0,0,7,7,7,7,,,,,,,,,,,,,859.6,817.6,817.6,781.4,772.9,93.3,81.0,-999999.0,-999999.0,859.6,165.0,108.0,118.1,97.6,19.7,17.9,0.0,0.0,0.0
330005,NY,330005,KALEIDA HEALTH,100 HIGH STREET,BUFFALO,14210,Short Term,36029,POINT (-78.865984 42.900906),"[C330005-B, C330005-A]",20230623,20201127,1,6853,6853,6328,4820,4820,1246,1187,0,0,6328,1505,1505.0,639.0,639.0,213,195.0,10.0,0.0,7.0,7,7,7,7,7,7,7,7,7,7,7,7,7,7,7,7,7,7,7,114,0,-999999,6,6,12,21,32,36,0.0,0,286,148,0,-999999,4,13,20,33,36,39,0.0,0,1687,7.0,0,7,7,7,7,,,,,,,,,,,,,979.0,979.0,904.0,688.6,688.6,178.0,169.6,0.0,0.0,904.0,215.0,215.0,91.3,91.3,30.4,27.9,-999999.0,0.0,-999999.0
330024,NY,330024,MOUNT SINAI HOSPITAL,ONE GUSTAVE L LEVY PLACE,NEW YORK,10029,Short Term,36061,POINT (-73.953392 40.790390),"[C330024-B, C330024-A]",20230623,20201127,1,11585,10647,9030,9024,8404,945,613,13,0,9940,1869,1722.0,1733.0,1644.0,145,135.0,0.0,0.0,0.0,7,7,7,7,7,7,7,7,7,7,7,7,7,7,7,7,7,7,7,70,0,4,7,10,11,15,8,13,-999999.0,0,902,25,0,4,5,-999999,-999999,-999999,6,-999999,0.0,-999999,3717,0.0,0,7,7,7,7,,,,,,,,,,,,,1655.0,1521.0,1290.0,1289.1,1200.6,135.0,87.6,-999999.0,0.0,1420.0,267.0,246.0,247.6,234.9,20.7,19.3,0.0,0.0,0.0
330059,NY,330059,MONTEFIORE MEDICAL CENTER,111 EAST 210TH STREET,BRONX,10467,Short Term,36005,POINT (-73.879897 40.879872),"[C330059-C, C330059-B, C330059-A, C330059-D]",20230623,20201127,1,10761,9296,9296,7927,7229,611,611,27,27,10761,1435,850.0,1037.0,667.0,108,108.0,4.0,-999999.0,4.0,7,7,7,7,7,7,7,7,7,7,7,7,7,7,7,7,7,7,7,111,0,4,7,5,27,29,17,20,-999999.0,-999999,1681,0,0,0,0,0,0,0,0,0,0.0,0,3929,0.0,0,7,7,7,7,,,,,,,,,,,,,1537.3,1328.0,1328.0,1132.4,1032.7,87.3,87.3,-999999.0,-999999.0,1537.3,205.0,121.4,148.1,95.3,15.4,15.4,-999999.0,-999999.0,-999999.0
330101,NY,330101,NEW YORK-PRESBYTERIAN HOSPITAL,525 EAST 68TH STREET,NEW YORK,10065,Short Term,36061,POINT (-73.954509 40.764355),"[C330101-A, C330101-H, C330101-D, C330101-F, C330101-G, C330101-C, C330101-E]",20230623,20201127,1,22141,17744,15587,15590,12985,1981,1127,100,28,19692,3508,1894.0,2689.0,1610.0,350,222.0,,,,7,7,7,7,7,7,7,7,7,7,7,7,7,7,7,7,0,0,0,104,0,6,8,10,15,17,25,23,0.0,-999999,822,407,-999999,29,41,35,64,75,86,74,0.0,32,5573,,0,7,7,7,7,,,,,,,,,,,,,3163.0,2534.9,2226.7,2227.1,1855.0,283.0,161.0,14.3,4.0,2813.1,501.1,270.6,384.1,230.0,50.0,31.7,,,
330214,NY,330214,NYU LANGONE HOSPITALS,550 FIRST AVENUE,NEW YORK,10016,Short Term,36061,POINT (-73.974303 40.742311),"[C330214-B, C330214-A, C330214-C, C330214-D]",20230623,20201127,1,15264,12730,10569,9380,8087,836,750,11,-999999,12983,2730,1785.0,1871.0,1210.0,153,138.0,0.0,0.0,0.0,7,7,7,7,7,7,7,7,7,7,7,7,7,7,7,7,1,1,1,125,0,6,9,5,22,25,23,34,-999999.0,0,2542,46,0,0,-999999,4,6,5,13,16,0.0,9,4114,0.0,0,7,7,7,7,,,,,,,,,,,,,2180.6,1818.6,1509.9,1340.0,1155.3,119.4,107.1,-999999.0,-999999.0,1854.7,390.0,255.0,267.3,172.9,21.9,19.7,0.0,0.0,0.0
330285,NY,330285,STRONG MEMORIAL HOSPITAL,601 ELMWOOD AVE,ROCHESTER,14642,Short Term,36055,POINT (-77.623587 43.122832),[C330285-A],20230623,20201127,1,7665,6475,5691,5979,4967,793,747,24,17,6727,1057,861.0,846.0,720.0,227,225.0,0.0,0.0,0.0,7,7,7,7,7,7,7,7,7,7,7,7,7,7,7,7,7,7,7,62,0,-999999,6,-999999,8,19,10,14,0.0,4,72,46,-999999,-999999,5,-999999,10,10,6,7,0.0,6,1673,0.0,0,7,7,7,7,,,,,,,,,,,,,1095.0,925.0,813.0,854.1,709.6,113.3,106.7,-999999.0,-999999.0,961.0,151.0,123.0,120.9,102.9,32.4,32.1,0.0,0.0,0.0
050025,CA,050025,UC SAN DIEGO HEALTH HILLCREST - HILLCREST MED CTR,200 WEST ARBOR DRIVE,SAN DIEGO,92103,Short Term,06073,POINT (-117.165844 32.754258),"[C050025-A, C050025-B]",20240308,20201129,1,6729,5799,4676,4374,4047,385,370,-999999,-999999,5606,1343,791.0,878.0,667.0,144,141.0,0.0,0.0,0.0,7,7,7,7,7,7,7,7,7,7,7,7,7,7,7,7,7,7,7,19,0,-999999,-999999,-999999,-999999,6,-999999,-999999,0.0,0,406,7,0,0,0,-999999,-999999,0,-999999,0,0.0,0,1413,0.0,0,7,7,7,7,,,,,,,,,,,,,961.3,828.4,668.0,624.9,578.1,55.0,52.9,-999999.0,-999999.0,800.9,191.9,113.0,125.4,95.3,20.6,20.1,0.0,0.0,0.0
050262,CA,050262,RONALD REAGAN UCLA MEDICAL CENTER,757 WESTWOOD PLAZA,LOS ANGELES,90095,Short Term,06037,POINT (-118.446328 34.066455),[C050262-A],20240308,20201129,1,2742,2334,2136,2330,2034,263,190,8,4,2544,930,654.0,785.0,619.0,92,83.0,0.0,0.0,0.0,6,6,6,6,6,6,6,6,6,6,6,6,6,6,6,6,6,6,6,23,-999999,-999999,4,0,5,7,-999999,-999999,0.0,-999999,160,0,0,0,0,0,0,0,0,0,0.0,0,691,0.0,0,6,6,6,6,,,,,,,,,,,,,457.0,389.0,356.0,388.3,339.0,43.8,31.7,-999999.0,-999999.0,424.0,155.0,109.0,130.8,103.2,15.3,13.8,0.0,0.0,0.0
050373,CA,050373,LOS ANGELES GENERAL MEDICAL CENTER,"2051 MARENGO ST, ROOM C2K100",LOS ANGELES,90033,Short Term,06037,POINT (-118.206478 34.056278),[C050373-A],20240308,20201129,1,4514,4213,4213,3701,3484,555,519,18,14,4514,893,718.0,761.0,609.0,177,172.0,0.0,0.0,0.0,7,7,7,7,7,7,7,7,7,7,7,7,7,7,7,7,7,7,7,80,0,7,7,14,18,18,9,7,0.0,-999999,236,9,0,-999999,-999999,4,-999999,0,0,-999999,0.0,0,2455,0.0,0,7,7,7,7,,,,,,,,,,,,,644.9,601.9,601.9,528.7,497.7,79.3,74.1,-999999.0,-999999.0,644.9,127.6,102.6,108.7,87.0,25.3,24.6,0.0,0.0,0.0
050441,CA,050441,STANFORD HEALTH CARE,300 PASTEUR DRIVE,STANFORD,94305,Short Term,06085,POINT (-122.175944 37.433018),[C050441-A],20240308,20201129,1,4434,4315,4248,4049,4049,191,171,0,0,4260,693,693.0,613.0,613.0,58,58.0,-999999.0,0.0,-999999.0,7,7,7,7,7,7,7,7,7,7,7,7,7,7,7,7,7,7,7,36,-999999,-999999,4,9,7,7,4,-999999,0.0,0,437,274,-999999,19,43,41,44,53,56,57,0.0,-999999,6893,-999999.0,0,7,7,7,7,,,,,,,,,,,,,633.4,616.4,606.9,578.4,578.4,27.3,24.4,0.0,0.0,608.6,99.0,99.0,87.6,87.6,8.3,8.3,-999999.0,0.0,-999999.0
050454,CA,050454,UCSF MEDICAL CENTER,"505 PARNASSUS AVE, BOX 0296",SAN FRANCISCO,94143,Short Term,06075,POINT (-122.457544 37.762452),"[C050454-C, C050454-B, C050454-D, C050454-A]",20240308,20201129,1,4578,3339,3339,4164,3204,207,200,10,8,4578,1342,714.0,1048.0,528.0,85,83.0,,,,7,7,7,7,7,7,7,7,7,7,7,7,7,7,7,7,0,0,0,-999999,0,-999999,0,0,0,0,0,0,0.0,0,246,-999999,0,0,-999999,0,0,0,0,0,0.0,0,920,,0,7,7,7,7,,,,,,,,,,,,,654.0,477.0,477.0,594.9,457.7,29.6,28.6,-999999.0,-999999.0,654.0,191.7,102.0,149.7,75.4,12.1,11.9,,,
050625,CA,050625,CEDARS-SINAI MEDICAL CENTER,8700 BEVERLY BLVD,LOS ANGELES,90048,Short Term,06037,POINT (-118.380016 34.076549),[C050625-A],20240308,20201129,1,6117,5823,5823,5665,5603,724,623,-999999,-999999,6117,1155,756.0,855.0,702.0,147,130.0,0.0,0.0,0.0,7,7,7,7,7,7,7,7,7,7,7,7,7,7,7,7,7,7,7,47,0,-999999,6,6,6,10,7,9,0.0,0,155,30,0,-999999,-999999,-999999,4,9,5,8,0.0,0,1536,0.0,0,7,7,7,7,,,,,,,,,,,,,873.9,831.9,831.9,809.3,800.4,103.4,89.0,-999999.0,-999999.0,873.9,165.0,108.0,122.1,100.3,21.0,18.6,0.0,0.0,0.0
330005,NY,330005,KALEIDA HEALTH,100 HIGH STREET,BUFFALO,14210,Short Term,36029,POINT (-78.865984 42.900906),"[C330005-C, C330005-B, C330005-A]",20240308,20201129,1,6853,6853,6328,4893,4893,1293,1234,0,0,6328,1505,1505.0,652.0,652.0,224,203.0,8.0,0.0,7.0,7,7,7,7,7,7,7,7,7,7,7,7,7,7,7,7,7,7,7,114,0,0,5,8,10,23,30,38,0.0,0,274,150,0,-999999,5,12,17,33,39,41,0.0,0,1678,7.0,0,7,7,7,7,,,,,,,,,,,,,979.0,979.0,904.0,699.0,699.0,184.7,176.3,0.0,0.0,904.0,215.0,215.0,93.1,93.1,32.0,29.0,-999999.0,0.0,-999999.0
330024,NY,330024,MOUNT SINAI HOSPITAL,ONE GUSTAVE L LEVY PLACE,NEW YORK,10029,Short Term,36061,POINT (-73.953392 40.790390),"[C330024-B, C330024-A]",20240308,20201129,1,11585,10647,9030,9069,8450,1022,645,16,0,9940,1869,1722.0,1734.0,1629.0,156,144.0,0.0,0.0,0.0,7,7,7,7,7,7,7,7,7,7,7,7,7,7,7,7,7,7,7,83,0,-999999,9,8,12,18,15,17,-999999.0,0,922,29,0,4,5,4,-999999,-999999,6,-999999,-999999.0,4,3771,0.0,0,7,7,7,7,,,,,,,,,,,,,1655.0,1521.0,1290.0,1295.6,1207.1,146.0,92.1,-999999.0,0.0,1420.0,267.0,246.0,247.7,232.7,22.3,20.6,0.0,0.0,0.0
330059,NY,330059,MONTEFIORE MEDICAL CENTER,111 EAST 210TH STREET,BRONX,10467,Short Term,36005,POINT (-73.879896 40.879872),"[C330059-C, C330059-B, C330059-A, C330059-D]",20240308,20201129,1,10955,9604,9604,8368,7671,718,718,17,17,10955,1456,875.0,1084.0,694.0,134,134.0,-999999.0,-999999.0,-999999.0,7,7,7,7,7,7,7,7,7,7,7,7,7,7,7,7,7,7,7,129,0,-999999,6,6,23,33,26,28,4.0,4,1806,0,0,0,0,0,0,0,0,0,0.0,0,4133,0.0,0,7,7,7,7,,,,,,,,,,,,,1565.0,1372.0,1372.0,1195.4,1095.9,102.6,102.6,-999999.0,-999999.0,1565.0,208.0,125.0,154.9,99.1,19.1,19.1,-999999.0,-999999.0,-999999.0
330101,NY,330101,NEW YORK-PRESBYTERIAN HOSPITAL,525 EAST 68TH STREET,NEW YORK,10065,Short Term,36061,POINT (-73.954509 40.764355),"[C330101-A, C330101-H, C330101-D, C330101-F, C330101-G, C330101-C, C330101-E]",20240308,20201129,1,22375,18017,15766,16412,13711,2152,1212,108,31,19789,3494,1898.0,2749.0,1654.0,379,250.0,,,,7,7,7,7,7,7,7,7,7,7,7,7,7,7,7,7,0,0,0,112,0,5,9,9,14,22,29,24,0.0,5,849,441,-999999,28,44,37,66,87,91,85,0.0,34,5688,,0,7,7,7,7,,,,,,,,,,,,,3196.4,2573.9,2252.3,2344.6,1958.7,307.4,173.1,15.4,4.4,2827.0,499.1,271.1,392.7,236.3,54.1,35.7,,,
330214,NY,330214,NYU LANGONE HOSPITALS,550 FIRST AVENUE,NEW YORK,10016,Short Term,36061,POINT (-73.974303 40.742311),"[C330214-B, C330214-A, C330214-C, C330214-D]",20240308,20201129,1,15353,12819,10619,9913,8525,923,825,9,-999999,13033,2730,1785.0,1974.0,1290.0,153,140.0,,,,7,7,7,7,7,7,7,7,7,7,7,7,7,7,7,7,0,0,0,130,0,5,10,9,20,24,28,33,-999999.0,-999999,2631,55,0,-999999,5,4,7,7,15,15,,7,4185,,0,7,7,7,7,,,,,,,,,,,,,2193.3,1831.3,1517.0,1416.1,1217.9,131.9,117.9,-999999.0,-999999.0,1861.9,390.0,255.0,282.0,184.3,21.9,20.0,,,
330285,NY,330285,STRONG MEMORIAL HOSPITAL,601 ELMWOOD AVE,ROCHESTER,14642,Short Term,36055,POINT (-77.623587 43.122832),[C330285-A],20240308,20201129,1,7665,6475,5691,6110,5059,834,787,35,23,6727,1057,861.0,869.0,731.0,250,249.0,0.0,0.0,0.0,7,7,7,7,7,7,7,7,7,7,7,7,7,7,7,7,7,7,7,67,-999999,5,7,-999999,11,17,10,13,0.0,5,87,46,-999999,-999999,8,-999999,6,10,8,8,0.0,9,1886,0.0,0,7,7,7,7,,,,,,,,,,,,,1095.0,925.0,813.0,872.9,722.7,119.1,112.4,5.0,-999999.0,961.0,151.0,123.0,124.1,104.4,35.7,35.6,0.0,0.0,0.0
050025,CA,050025,UC SAN DIEGO HEALTH HILLCREST - HILLCREST MED CTR,200 WEST ARBOR DRIVE,SAN DIEGO,92103,Short Term,06073,POINT (-117.165844 32.754258),"[C050025-A, C050025-B]",20230623,20201204,1,7103,6193,4697,4301,3951,409,386,-999999,-999999,5607,1443,799.0,906.0,675.0,169,165.0,0.0,0.0,0.0,7,7,7,7,7,7,7,7,7,7,7,7,7,7,7,7,7,7,7,24,-999999,-999999,-999999,-999999,5,6,4,-999999,0.0,0,396,9,0,-999999,-999999,-999999,-999999,-999999,-999999,-999999,0.0,0,1310,0.0,0,7,7,7,7,,,,,,,,,,,,,1014.7,884.7,671.0,614.4,564.4,58.4,55.1,-999999.0,-999999.0,801.0,206.1,114.1,129.4,96.4,24.1,23.6,0.0,0.0,0.0
050262,CA,050262,RONALD REAGAN UCLA MEDICAL CENTER,757 WESTWOOD PLAZA,LOS ANGELES,90095,Short Term,06037,POINT (-118.44562 34.06617),[C050262-A],20230623,20201204,1,3199,2723,2492,2761,2389,372,265,12,7,2968,1085,763.0,922.0,718.0,130,118.0,0.0,0.0,0.0,7,7,7,7,7,7,7,7,7,7,7,7,7,7,7,7,7,7,7,44,0,-999999,5,7,9,11,5,5,0.0,-999999,191,0,0,0,0,0,0,0,0,0,0.0,0,757,0.0,0,7,7,7,7,,,,,,,,,,,,,457.0,389.0,356.0,394.4,341.3,53.1,37.9,-999999.0,-999999.0,424.0,155.0,109.0,131.7,102.6,18.6,16.9,0.0,0.0,0.0
050373,CA,050373,LAC+USC MEDICAL CENTER,"1200 N STATE ST, ROOM C2K100",LOS ANGELES,90033,Short Term,06037,POINT (-118.208376 34.057996),[C050373-A],20230623,20201204,1,4540,4244,4244,3776,3582,748,690,13,12,4540,927,750.0,808.0,649.0,240,232.0,0.0,0.0,0.0,7,7,7,7,7,7,7,7,7,7,7,7,7,7,7,7,7,7,7,102,-999999,10,-999999,18,23,27,14,6,0.0,-999999,276,15,0,0,-999999,4,-999999,-999999,-999999,-999999,0.0,0,2281,0.0,0,7,7,7,7,,,,,,,,,,,,,648.6,606.3,606.3,539.4,511.7,106.9,98.6,-999999.0,-999999.0,648.6,132.4,107.1,115.4,92.7,34.3,33.1,0.0,0.0,0.0
050441,CA,050441,STANFORD HEALTH CARE,300 PASTEUR DRIVE,STANFORD,94305,Short Term,06085,POINT (-122.175944 37.433018),[C050441-A],20230623,20201204,1,4449,4330,4330,4128,4128,315,287,0,0,4330,693,693.0,624.0,624.0,74,69.0,-999999.0,0.0,-999999.0,7,7,7,7,7,7,7,7,7,7,7,7,7,7,7,7,7,7,7,75,-999999,-999999,-999999,13,20,18,6,11,0.0,-999999,587,295,4,19,32,29,52,44,47,68,0.0,-999999,3305,0.0,0,7,7,7,7,,,,,,,,,,,,,635.6,618.6,618.6,589.7,589.7,45.0,41.0,0.0,0.0,618.6,99.0,99.0,89.1,89.1,10.6,9.9,-999999.0,0.0,-999999.0
050454,CA,050454,UCSF MEDICAL CENTER,"505 PARNASSUS AVE, BOX 0296",SAN FRANCISCO,94143,Short Term,06075,POINT (-122.457544 37.762452),"[C050454-C, C050454-B, C050454-D, C050454-A]",20230623,20201204,1,4747,3521,3521,4363,3429,277,267,8,8,4747,1360,714.0,1070.0,539.0,96,92.0,0.0,0.0,0.0,7,7,7,7,7,7,7,7,7,7,7,7,7,7,7,7,1,1,1,-999999,0,-999999,0,0,0,0,0,0,0.0,-999999,239,-999999,0,0,-999999,0,0,0,0,0,0.0,0,843,0.0,0,7,7,7,7,,,,,,,,,,,,,678.1,503.0,503.0,623.3,489.9,39.6,38.1,-999999.0,-999999.0,678.1,194.3,102.0,152.9,77.0,13.7,13.1,0.0,0.0,0.0
050625,CA,050625,CEDARS-SINAI MEDICAL CENTER,8700 BEVERLY BLVD,LOS ANGELES,90048,Short Term,06037,POINT (-118.380122 34.075496),[C050625-A],20230623,20201204,1,6101,5807,5807,5706,5629,944,803,0,0,6101,1155,756.0,874.0,738.0,185,156.0,0.0,0.0,0.0,7,7,7,7,7,7,7,7,7,7,7,7,7,7,7,7,7,7,7,75,0,4,11,5,14,19,10,12,0.0,0,171,40,-999999,-999999,-999999,-999999,5,10,10,7,0.0,0,1415,0.0,0,7,7,7,7,,,,,,,,,,,,,871.6,829.6,829.6,815.1,804.1,134.9,114.7,0.0,0.0,871.6,165.0,108.0,124.9,105.4,26.4,22.3,0.0,0.0,0.0
330005,NY,330005,KALEIDA HEALTH,100 HIGH STREET,BUFFALO,14210,Short Term,36029,POINT (-78.865984 42.900906),"[C330005-B, C330005-A]",20230623,20201204,1,6853,6853,6328,4872,4872,1385,1354,0,0,6328,1505,1505.0,658.0,658.0,262,249.0,7.0,0.0,7.0,7,7,7,7,7,7,7,7,7,7,7,7,7,7,7,7,7,7,7,124,0,-999999,4,10,23,25,26,35,0.0,0,246,112,0,5,7,10,16,20,28,26,0.0,0,1642,7.0,0,7,7,7,7,,,,,,,,,,,,,979.0,979.0,904.0,696.0,696.0,197.9,193.4,0.0,0.0,904.0,215.0,215.0,94.0,94.0,37.4,35.6,-999999.0,0.0,-999999.0
330024,NY,330024,MOUNT SINAI HOSPITAL,ONE GUSTAVE L LEVY PLACE,NEW YORK,10029,Short Term,36061,POINT (-73.953392 40.790390),"[C330024-B, C330024-A]",20230623,20201204,1,11585,10647,9030,9056,8416,1205,714,19,-999999,9940,1869,1722.0,1689.0,1581.0,193,154.0,-999999.0,-999999.0,-999999.0,7,7,7,7,7,7,7,7,7,7,7,7,7,7,7,7,7,7,7,95,0,-999999,9,8,20,17,24,16,0.0,0,940,33,0,-999999,7,-999999,5,4,4,5,-999999.0,4,3697,0.0,0,7,7,7,7,,,,,,,,,,,,,1655.0,1521.0,1290.0,1293.7,1202.3,172.1,102.0,-999999.0,-999999.0,1420.0,267.0,246.0,241.3,225.9,27.6,22.0,-999999.0,-999999.0,-999999.0
330059,NY,330059,MONTEFIORE MEDICAL CENTER,111 EAST 210TH STREET,BRONX,10467,Short Term,36005,POINT (-73.879897 40.879872),"[C330059-C, C330059-B, C330059-A, C330059-D]",20230623,20201204,1,10761,9296,9296,8465,7575,881,881,22,22,10761,1435,850.0,1176.0,726.0,181,181.0,0.0,0.0,0.0,7,7,7,7,7,7,7,7,7,7,7,7,7,7,7,7,7,7,7,138,0,8,6,8,28,29,33,21,5.0,5,1787,0,0,0,0,0,0,0,0,0,0.0,0,3782,0.0,0,7,7,7,7,,,,,,,,,,,,,1537.3,1328.0,1328.0,1209.3,1082.1,125.9,125.9,-999999.0,-999999.0,1537.3,205.0,121.4,168.0,103.7,25.9,25.9,0.0,0.0,0.0
330101,NY,330101,NEW YORK-PRESBYTERIAN HOSPITAL,525 EAST 68TH STREET,NEW YORK,10065,Short Term,36061,POINT (-73.954509 40.764355),"[C330101-A, C330101-H, C330101-D, C330101-F, C330101-G, C330101-C, C330101-E]",20230623,20201204,1,22562,18212,15797,16480,13851,2187,1435,96,41,19787,3479,1890.0,2838.0,1729.0,397,306.0,,,,7,7,7,7,7,7,7,7,7,7,7,7,7,7,7,7,0,0,0,143,0,8,9,10,12,34,36,34,0.0,5,759,349,0,21,29,35,60,59,69,76,0.0,20,5393,,0,7,7,7,7,,,,,,,,,,,,,3223.1,2601.7,2256.7,2354.3,1978.7,312.4,205.0,13.7,5.9,2826.7,497.0,270.0,405.4,247.0,56.7,43.7,,,
330214,NY,330214,NYU LANGONE HOSPITALS,550 FIRST AVENUE,NEW YORK,10016,Short Term,36061,POINT (-73.974303 40.742311),"[C330214-B, C330214-A, C330214-C, C330214-D]",20230623,20201204,1,15421,12887,10685,10223,8842,1050,972,13,6,13093,2730,1785.0,2075.0,1383.0,146,138.0,,,,7,7,7,7,7,7,7,7,7,7,7,7,7,7,7,7,0,0,0,133,0,-999999,13,13,16,31,27,31,0.0,-999999,2563,51,0,6,6,-999999,10,-999999,12,11,0.0,7,4046,,0,7,7,7,7,,,,,,,,,,,,,2203.0,1841.0,1526.4,1460.4,1263.1,150.0,138.9,-999999.0,-999999.0,1870.4,390.0,255.0,296.4,197.6,20.9,19.7,,,
330285,NY,330285,STRONG MEMORIAL HOSPITAL,601 ELMWOOD AVE,ROCHESTER,14642,Short Term,36055,POINT (-77.623587 43.122832),[C330285-A],20230623,20201204,1,7665,6475,5691,6190,5154,959,915,46,32,6727,1057,861.0,876.0,745.0,304,301.0,0.0,0.0,0.0,7,7,7,7,7,7,7,7,7,7,7,7,7,7,7,7,7,7,7,93,-999999,5,5,5,20,19,17,20,0.0,-999999,82,47,-999999,-999999,6,4,6,9,14,4,0.0,8,1899,0.0,0,7,7,7,7,,,,,,,,,,,,,1095.0,925.0,813.0,884.3,736.3,137.0,130.7,6.6,4.6,961.0,151.0,123.0,125.1,106.4,43.4,43.0,0.0,0.0,0.0
050025,CA,050025,UC SAN DIEGO HEALTH HILLCREST - HILLCREST MED CTR,200 WEST ARBOR DRIVE,SAN DIEGO,92103,Short Term,06073,POINT (-117.165844 32.754258),"[C050025-A, C050025-B]",20240308,20201206,1,7077,6259,4676,4192,3863,433,405,-999999,-999999,5494,1401,805.0,911.0,676.0,184,177.0,0.0,0.0,0.0,7,7,7,7,7,7,7,7,7,7,7,7,7,7,7,7,7,7,7,30,-999999,4,-999999,-999999,7,8,5,-999999,0.0,0,436,13,0,-999999,-999999,-999999,0,4,-999999,-999999,0.0,-999999,1316,0.0,0,7,7,7,7,,,,,,,,,,,,,1011.0,894.1,668.0,598.9,551.9,61.9,57.9,-999999.0,-999999.0,784.9,200.1,115.0,130.1,96.6,26.3,25.3,0.0,0.0,0.0
050262,CA,050262,RONALD REAGAN UCLA MEDICAL CENTER,757 WESTWOOD PLAZA,LOS ANGELES,90095,Short Term,06037,POINT (-118.446328 34.066455),[C050262-A],20240308,20201206,1,3199,2723,2492,2743,2387,405,291,18,9,2968,1085,763.0,932.0,713.0,134,122.0,0.0,0.0,0.0,7,7,7,7,7,7,7,7,7,7,7,7,7,7,7,7,7,7,7,39,0,5,4,8,5,10,-999999,4,0.0,4,202,0,0,0,0,0,0,0,0,0,0.0,0,807,0.0,0,7,7,7,7,,,,,,,,,,,,,457.0,389.0,356.0,391.9,341.0,57.9,41.6,-999999.0,-999999.0,424.0,155.0,109.0,133.1,101.9,19.1,17.4,0.0,0.0,0.0
050373,CA,050373,LOS ANGELES GENERAL MEDICAL CENTER,"2051 MARENGO ST, ROOM C2K100",LOS ANGELES,90033,Short Term,06037,POINT (-118.206478 34.056278),[C050373-A],20240308,20201206,1,4542,4249,4249,3755,3566,791,747,14,13,4542,937,759.0,814.0,652.0,250,244.0,0.0,0.0,0.0,7,7,7,7,7,7,7,7,7,7,7,7,7,7,7,7,7,7,7,110,-999999,12,4,15,25,27,18,8,0.0,4,282,11,0,-999999,-999999,0,-999999,-999999,-999999,-999999,0.0,0,2218,0.0,0,7,7,7,7,,,,,,,,,,,,,648.9,607.0,607.0,536.4,509.4,113.0,106.7,-999999.0,-999999.0,648.9,133.9,108.4,116.3,93.1,35.7,34.9,0.0,0.0,0.0
050441,CA,050441,STANFORD HEALTH CARE,300 PASTEUR DRIVE,STANFORD,94305,Short Term,06085,POINT (-122.175944 37.433018),[C050441-A],20240308,20201206,1,4457,4338,4338,4101,4101,366,336,0,0,4338,693,693.0,630.0,630.0,82,76.0,0.0,0.0,0.0,7,7,7,7,7,7,7,7,7,7,7,7,7,7,7,7,7,7,7,88,0,5,4,16,22,17,7,17,0.0,-999999,564,282,-999999,15,31,30,43,45,45,70,0.0,-999999,3239,0.0,0,7,7,7,7,,,,,,,,,,,,,636.7,619.7,619.7,585.9,585.9,52.3,48.0,0.0,0.0,619.7,99.0,99.0,90.0,90.0,11.7,10.9,0.0,0.0,0.0
050454,CA,050454,UCSF MEDICAL CENTER,"505 PARNASSUS AVE, BOX 0296",SAN FRANCISCO,94143,Short Term,06075,POINT (-122.457544 37.762452),"[C050454-C, C050454-B, C050454-D, C050454-A]",20240308,20201206,1,4770,3542,3542,4368,3451,292,286,9,7,4770,1358,714.0,1080.0,547.0,99,96.0,0.0,0.0,0.0,7,7,7,7,7,7,7,7,7,7,7,7,7,7,7,7,1,1,1,-999999,0,-999999,0,0,0,0,0,0,0.0,-999999,221,0,0,0,0,0,0,0,0,0,0.0,-999999,812,0.0,0,7,7,7,7,,,,,,,,,,,,,681.4,506.0,506.0,624.0,493.0,41.7,40.9,-999999.0,-999999.0,681.4,194.0,102.0,154.3,78.1,14.1,13.7,0.0,0.0,0.0
050625,CA,050625,CEDARS-SINAI MEDICAL CENTER,8700 BEVERLY BLVD,LOS ANGELES,90048,Short Term,06037,POINT (-118.380016 34.076549),[C050625-A],20240308,20201206,1,6061,5767,5767,5674,5602,1016,872,0,0,6061,1155,756.0,886.0,760.0,208,176.0,0.0,0.0,0.0,7,7,7,7,7,7,7,7,7,7,7,7,7,7,7,7,7,7,7,86,0,-999999,13,8,13,19,12,18,0.0,0,188,44,-999999,-999999,-999999,-999999,6,12,9,8,0.0,0,1408,0.0,0,7,7,7,7,,,,,,,,,,,,,865.9,823.9,823.9,810.6,800.3,145.1,124.6,0.0,0.0,865.9,165.0,108.0,126.6,108.6,29.7,25.1,0.0,0.0,0.0
330005,NY,330005,KALEIDA HEALTH,100 HIGH STREET,BUFFALO,14210,Short Term,36029,POINT (-78.865984 42.900906),"[C330005-C, C330005-B, C330005-A]",20240308,20201206,1,6853,6853,6328,4888,4888,1412,1379,0,0,6328,1505,1505.0,653.0,653.0,269,259.0,5.0,0.0,5.0,7,7,7,7,7,7,7,7,7,7,7,7,7,7,7,7,7,7,7,123,0,-999999,-999999,10,22,30,34,23,0.0,0,270,112,0,5,7,9,18,29,21,23,0.0,0,1693,5.0,0,7,7,7,7,,,,,,,,,,,,,979.0,979.0,904.0,698.3,698.3,201.7,197.0,0.0,0.0,904.0,215.0,215.0,93.3,93.3,38.4,37.0,-999999.0,0.0,-999999.0
330024,NY,330024,MOUNT SINAI HOSPITAL,ONE GUSTAVE L LEVY PLACE,NEW YORK,10029,Short Term,36061,POINT (-73.953392 40.790390),"[C330024-B, C330024-A]",20240308,20201206,1,11543,10605,8988,8790,8136,1284,735,25,7,9898,1856,1709.0,1586.0,1481.0,215,164.0,4.0,4.0,4.0,7,7,7,7,7,7,7,7,7,7,7,7,7,7,7,7,7,7,7,94,0,-999999,9,7,19,14,21,22,0.0,-999999,967,41,0,5,10,-999999,6,8,4,6,0.0,-999999,3658,0.0,0,7,7,7,7,,,,,,,,,,,,,1649.0,1515.0,1284.0,1255.7,1162.3,183.4,105.0,-999999.0,-999999.0,1414.0,265.1,244.1,226.6,211.6,30.7,23.4,-999999.0,-999999.0,-999999.0
330059,NY,330059,MONTEFIORE MEDICAL CENTER,111 EAST 210TH STREET,BRONX,10467,Short Term,36005,POINT (-73.879896 40.879872),"[C330059-C, C330059-B, C330059-A, C330059-D]",20240308,20201206,1,10761,9296,9296,8497,7594,968,968,23,23,10761,1442,857.0,1192.0,746.0,197,197.0,0.0,0.0,0.0,7,7,7,7,7,7,7,7,7,7,7,7,7,7,7,7,7,7,7,136,0,8,7,7,37,26,26,20,5.0,5,1784,0,0,0,0,0,0,0,0,0,0.0,0,3777,0.0,0,7,7,7,7,,,,,,,,,,,,,1537.3,1328.0,1328.0,1213.9,1084.9,138.3,138.3,-999999.0,-999999.0,1537.3,206.0,122.4,170.3,106.6,28.1,28.1,0.0,0.0,0.0
330101,NY,330101,NEW YORK-PRESBYTERIAN HOSPITAL,525 EAST 68TH STREET,NEW YORK,10065,Short Term,36061,POINT (-73.954509 40.764355),"[C330101-A, C330101-H, C330101-D, C330101-F, C330101-G, C330101-C, C330101-E]",20240308,20201206,1,22466,18135,15554,16532,13927,2256,1560,134,47,19492,3457,1882.0,2860.0,1746.0,428,340.0,,,,7,7,7,7,7,7,7,7,7,7,7,7,7,7,7,7,0,0,0,163,0,12,8,11,16,41,32,43,0.0,6,672,281,0,23,26,36,44,45,49,58,0.0,19,5476,,0,7,7,7,7,,,,,,,,,,,,,3209.4,2590.7,2222.0,2361.7,1989.6,322.3,222.9,19.1,6.7,2784.6,493.9,268.9,408.6,249.4,61.1,48.6,,,
330214,NY,330214,NYU LANGONE HOSPITALS,550 FIRST AVENUE,NEW YORK,10016,Short Term,36061,POINT (-73.974303 40.742311),"[C330214-B, C330214-A, C330214-C, C330214-D]",20240308,20201206,1,15460,12926,10724,10090,8745,1087,1020,22,7,13186,2730,1785.0,2037.0,1379.0,145,134.0,,,,7,7,7,7,7,7,7,7,7,7,7,7,7,7,7,7,0,0,0,151,0,-999999,13,11,21,32,31,40,0.0,-999999,2573,43,0,4,5,4,8,-999999,9,12,0.0,13,4050,,0,7,7,7,7,,,,,,,,,,,,,2208.6,1846.6,1532.0,1441.4,1249.3,155.3,145.7,-999999.0,-999999.0,1883.7,390.0,255.0,291.0,197.0,20.7,19.1,,,
330285,NY,330285,STRONG MEMORIAL HOSPITAL,601 ELMWOOD AVE,ROCHESTER,14642,Short Term,36055,POINT (-77.623587 43.122832),[C330285-A],20240308,20201206,1,7745,6555,5771,6199,5182,1063,1010,51,41,6807,1077,881.0,888.0,749.0,333,329.0,0.0,0.0,0.0,7,7,7,7,7,7,7,7,7,7,7,7,7,7,7,7,7,7,7,94,-999999,-999999,6,4,20,20,19,21,0.0,4,71,50,-999999,4,5,5,10,10,11,-999999,0.0,6,1887,0.0,0,7,7,7,7,,,,,,,,,,,,,1106.4,936.4,824.4,885.6,740.3,151.9,144.3,7.3,5.9,972.4,153.9,125.9,126.9,107.0,47.6,47.0,0.0,0.0,0.0
050025,CA,050025,UC SAN DIEGO HEALTH HILLCREST - HILLCREST MED CTR,200 WEST ARBOR DRIVE,SAN DIEGO,92103,Short Term,06073,POINT (-117.165844 32.754258),"[C050025-A, C050025-B]",20230623,20201211,1,6824,6225,4643,4020,3775,535,511,-999999,0,5242,1249,773.0,908.0,675.0,204,195.0,0.0,0.0,0.0,7,7,7,7,7,7,7,7,7,7,7,7,7,7,7,7,7,7,7,37,0,5,5,5,8,7,4,-999999,0.0,0,476,11,0,0,-999999,0,0,5,-999999,-999999,0.0,-999999,1446,0.0,0,7,7,7,7,,,,,,,,,,,,,974.9,889.3,663.3,574.3,539.3,76.4,73.0,-999999.0,0.0,748.9,178.4,110.4,129.7,96.4,29.1,27.9,0.0,0.0,0.0
050262,CA,050262,RONALD REAGAN UCLA MEDICAL CENTER,757 WESTWOOD PLAZA,LOS ANGELES,90095,Short Term,06037,POINT (-118.44562 34.06617),[C050262-A],20230623,20201211,1,3199,2723,2492,2753,2410,482,342,20,11,2968,1085,763.0,964.0,718.0,149,135.0,0.0,0.0,0.0,7,7,7,7,7,7,7,7,7,7,7,7,7,7,7,7,7,7,7,44,-999999,6,0,5,4,14,12,-999999,0.0,5,224,0,0,0,0,0,0,0,0,0,0.0,0,893,0.0,0,7,7,7,7,,,,,,,,,,,,,457.0,389.0,356.0,393.3,344.3,68.9,48.9,-999999.0,-999999.0,424.0,155.0,109.0,137.7,102.6,21.3,19.3,0.0,0.0,0.0
050373,CA,050373,LAC+USC MEDICAL CENTER,"1200 N STATE ST, ROOM C2K100",LOS ANGELES,90033,Short Term,06037,POINT (-118.208376 34.057996),[C050373-A],20230623,20201211,1,4592,4303,4303,3779,3593,990,952,18,15,4592,966,785.0,807.0,657.0,288,286.0,0.0,0.0,0.0,7,7,7,7,7,7,7,7,7,7,7,7,7,7,7,7,7,7,7,151,-999999,9,16,26,43,22,14,20,0.0,6,349,8,0,-999999,-999999,4,-999999,-999999,0,0,0.0,0,2239,0.0,0,7,7,7,7,,,,,,,,,,,,,656.0,614.7,614.7,539.9,513.3,141.4,136.0,-999999.0,-999999.0,656.0,138.0,112.1,115.3,93.9,41.1,40.9,0.0,0.0,0.0
050441,CA,050441,STANFORD HEALTH CARE,300 PASTEUR DRIVE,STANFORD,94305,Short Term,06085,POINT (-122.175944 37.433018),[C050441-A],20230623,20201211,1,4478,4359,4359,4016,4016,508,479,0,0,4359,718,718.0,680.0,680.0,133,128.0,-999999.0,0.0,0.0,7,7,7,7,7,7,7,7,7,7,7,7,7,7,7,7,7,7,7,90,0,4,5,13,10,14,16,28,0.0,-999999,372,281,-999999,17,31,28,36,49,54,65,0.0,-999999,2200,-999999.0,0,7,7,7,7,,,,,,,,,,,,,639.7,622.7,622.7,573.7,573.7,72.6,68.4,0.0,0.0,622.7,102.6,102.6,97.1,97.1,19.0,18.3,-999999.0,0.0,0.0
050454,CA,050454,UCSF MEDICAL CENTER,"505 PARNASSUS AVE, BOX 0296",SAN FRANCISCO,94143,Short Term,06075,POINT (-122.457544 37.762452),"[C050454-C, C050454-B, C050454-D, C050454-A]",20230623,20201211,1,4845,3585,3585,4491,3554,331,323,12,8,4845,1326,714.0,1084.0,575.0,131,128.0,0.0,0.0,0.0,7,7,7,7,7,7,7,7,7,7,7,7,7,7,7,7,1,1,1,-999999,-999999,0,-999999,0,0,0,0,0,0.0,-999999,226,0,0,0,0,0,0,0,0,0,0.0,-999999,727,0.0,0,7,7,7,7,,,,,,,,,,,,,692.1,512.1,512.1,641.6,507.7,47.3,46.1,-999999.0,-999999.0,692.1,189.4,102.0,154.9,82.1,18.7,18.3,0.0,0.0,0.0
050625,CA,050625,CEDARS-SINAI MEDICAL CENTER,8700 BEVERLY BLVD,LOS ANGELES,90048,Short Term,06037,POINT (-118.380122 34.075496),[C050625-A],20230623,20201211,1,6107,5813,5813,5841,5773,1230,1080,-999999,0,6107,1155,324.0,406.0,349.0,267,94.0,0.0,0.0,0.0,7,7,7,7,7,7,7,7,7,7,7,3,3,3,7,3,7,7,7,81,0,6,7,10,10,19,11,18,0.0,0,244,42,0,0,-999999,-999999,9,10,5,14,0.0,-999999,1486,0.0,0,7,7,7,7,,,,,,,,,,,,,872.4,830.4,830.4,834.4,824.7,175.7,154.3,-999999.0,0.0,872.4,165.0,108.0,135.3,116.3,38.1,31.3,0.0,0.0,0.0
330005,NY,330005,KALEIDA HEALTH,100 HIGH STREET,BUFFALO,14210,Short Term,36029,POINT (-78.865984 42.900906),"[C330005-B, C330005-A]",20230623,20201211,1,6853,6853,6328,4764,4764,1327,1291,0,0,6328,1505,1505.0,643.0,643.0,268,264.0,0.0,0.0,0.0,7,7,7,7,7,7,7,7,7,7,7,7,7,7,7,7,7,7,7,114,0,-999999,5,5,17,24,34,26,-999999.0,0,262,110,0,0,6,5,22,21,23,26,7.0,0,1619,0.0,0,7,7,7,7,,,,,,,,,,,,,979.0,979.0,904.0,680.6,680.6,189.6,184.4,0.0,0.0,904.0,215.0,215.0,91.9,91.9,38.3,37.7,0.0,0.0,0.0
330024,NY,330024,MOUNT SINAI HOSPITAL,ONE GUSTAVE L LEVY PLACE,NEW YORK,10029,Short Term,36061,POINT (-73.953392 40.790390),"[C330024-B, C330024-A]",20230623,20201211,1,11398,10480,8778,7342,6718,1283,825,33,10,9688,1791,1644.0,1051.0,941.0,226,184.0,7.0,7.0,7.0,7,7,7,7,7,7,7,7,7,7,7,7,7,7,7,7,7,7,7,94,0,6,6,7,16,17,16,26,0.0,-999999,997,39,0,-999999,10,-999999,6,5,4,7,-999999.0,4,3691,0.0,0,7,7,7,7,,,,,,,,,,,,,1628.3,1497.1,1254.0,1048.9,959.7,183.3,117.9,4.7,-999999.0,1384.0,255.9,234.9,150.1,134.4,32.3,26.3,-999999.0,-999999.0,-999999.0
330059,NY,330059,MONTEFIORE MEDICAL CENTER,111 EAST 210TH STREET,BRONX,10467,Short Term,36005,POINT (-73.879897 40.879872),"[C330059-C, C330059-B, C330059-A, C330059-D]",20230623,20201211,1,10955,9604,9604,8706,7890,1200,1200,19,19,10955,1498,917.0,1167.0,773.0,229,229.0,0.0,0.0,0.0,7,7,7,7,7,7,7,7,7,7,7,7,7,7,7,7,7,7,7,162,0,9,11,10,28,29,34,37,4.0,4,1760,0,0,0,0,0,0,0,0,0,0.0,0,4039,0.0,0,7,7,7,7,,,,,,,,,,,,,1565.0,1372.0,1372.0,1243.7,1127.1,171.4,171.4,-999999.0,-999999.0,1565.0,214.0,131.0,166.7,110.4,32.7,32.7,0.0,0.0,0.0
330101,NY,330101,NEW YORK-PRESBYTERIAN HOSPITAL,525 EAST 68TH STREET,NEW YORK,10065,Short Term,36061,POINT (-73.954509 40.764355),"[C330101-A, C330101-H, C330101-D, C330101-F, C330101-G, C330101-C, C330101-E]",20230623,20201211,1,23983,19447,17463,16789,14206,2575,1868,232,51,21643,3513,1966.0,2864.0,1751.0,487,403.0,0.0,0.0,0.0,7,7,7,7,7,7,7,7,7,7,7,7,7,7,7,7,1,1,1,206,0,11,10,15,27,41,43,59,0.0,8,598,163,-999999,13,15,21,18,37,32,26,0.0,19,5506,0.0,0,7,7,7,7,,,,,,,,,,,,,3426.1,2778.1,2494.7,2398.4,2029.4,367.9,266.9,33.1,7.3,3091.9,501.9,280.9,409.1,250.1,69.6,57.6,0.0,0.0,0.0
330214,NY,330214,NYU LANGONE HOSPITALS,550 FIRST AVENUE,NEW YORK,10016,Short Term,36061,POINT (-73.974303 40.742311),"[C330214-B, C330214-A, C330214-C, C330214-D]",20230623,20201211,1,16635,14085,11976,10279,8638,1298,1236,33,11,14603,2730,1785.0,2021.0,1375.0,181,164.0,-999999.0,0.0,0.0,7,7,7,7,7,7,7,7,7,7,7,7,7,7,7,7,2,2,2,192,0,12,14,21,33,24,44,44,,-999999,2644,34,0,-999999,-999999,-999999,-999999,5,8,10,,11,4115,0.0,0,7,7,7,7,,,,,,,,,,,,,2376.4,2012.1,1710.9,1468.4,1234.0,185.4,176.6,4.7,-999999.0,2086.1,390.0,255.0,288.7,196.4,25.9,23.4,-999999.0,0.0,0.0
330285,NY,330285,STRONG MEMORIAL HOSPITAL,601 ELMWOOD AVE,ROCHESTER,14642,Short Term,36055,POINT (-77.623587 43.122832),[C330285-A],20230623,20201211,1,8749,7647,6775,6163,5191,1146,1072,50,40,7811,1127,931.0,931.0,761.0,349,348.0,0.0,0.0,0.0,7,7,7,7,7,7,7,7,7,7,7,7,7,7,7,7,7,7,7,76,0,-999999,5,5,13,16,22,12,0.0,-999999,75,50,-999999,6,8,5,11,8,7,4,0.0,5,1873,0.0,0,7,7,7,7,,,,,,,,,,,,,1249.9,1092.4,967.9,880.4,741.6,163.7,153.1,7.1,5.7,1115.9,161.0,133.0,133.0,108.7,49.9,49.7,0.0,0.0,0.0
050025,CA,050025,UC SAN DIEGO HEALTH HILLCREST - HILLCREST MED CTR,200 WEST ARBOR DRIVE,SAN DIEGO,92103,Short Term,06073,POINT (-117.165844 32.754258),"[C050025-A, C050025-B]",20240308,20201213,1,6751,6144,4663,4003,3773,576,550,-999999,0,5270,1220,743.0,888.0,658.0,207,199.0,0.0,0.0,0.0,7,7,7,7,7,7,7,7,7,7,7,7,7,7,7,7,7,7,7,33,0,-999999,6,4,8,5,-999999,4,0.0,0,477,9,0,0,-999999,0,0,-999999,-999999,-999999,0.0,0,1444,0.0,0,7,7,7,7,,,,,,,,,,,,,964.4,877.7,666.1,571.9,539.0,82.3,78.6,-999999.0,0.0,752.9,174.3,106.1,126.9,94.0,29.6,28.4,0.0,0.0,0.0
050262,CA,050262,RONALD REAGAN UCLA MEDICAL CENTER,757 WESTWOOD PLAZA,LOS ANGELES,90095,Short Term,06037,POINT (-118.446328 34.066455),[C050262-A],20240308,20201213,1,3199,2723,2492,2756,2399,530,390,16,12,2968,1085,763.0,971.0,715.0,153,146.0,0.0,0.0,0.0,7,7,7,7,7,7,7,7,7,7,7,7,7,7,7,7,7,7,7,58,-999999,5,0,10,6,16,16,-999999,0.0,-999999,254,0,0,0,0,0,0,0,0,0,0.0,0,878,0.0,0,7,7,7,7,,,,,,,,,,,,,457.0,389.0,356.0,393.7,342.7,75.7,55.7,-999999.0,-999999.0,424.0,155.0,109.0,138.7,102.1,21.9,20.9,0.0,0.0,0.0
050373,CA,050373,LOS ANGELES GENERAL MEDICAL CENTER,"2051 MARENGO ST, ROOM C2K100",LOS ANGELES,90033,Short Term,06037,POINT (-118.206478 34.056278),[C050373-A],20240308,20201213,1,4607,4307,4307,3755,3560,1070,1030,17,14,4607,979,789.0,814.0,662.0,317,311.0,0.0,0.0,0.0,7,7,7,7,7,7,7,7,7,7,7,7,7,7,7,7,7,7,7,146,-999999,7,15,27,43,21,12,20,0.0,4,383,8,0,0,-999999,4,-999999,-999999,0,0,0.0,0,2203,0.0,0,7,7,7,7,,,,,,,,,,,,,658.1,615.3,615.3,536.4,508.6,152.9,147.1,-999999.0,-999999.0,658.1,139.9,112.7,116.3,94.6,45.3,44.4,0.0,0.0,0.0
050441,CA,050441,STANFORD HEALTH CARE,300 PASTEUR DRIVE,STANFORD,94305,Short Term,06085,POINT (-122.175944 37.433018),[C050441-A],20240308,20201213,1,4473,4354,4354,3977,3977,572,533,0,0,4354,718,718.0,695.0,695.0,161,151.0,-999999.0,0.0,-999999.0,7,7,7,7,7,7,7,7,7,7,7,7,7,7,7,7,7,7,7,85,0,-999999,7,6,9,17,15,28,0.0,-999999,342,306,-999999,22,32,26,53,52,53,67,0.0,-999999,1926,-999999.0,0,7,7,7,7,,,,,,,,,,,,,639.0,622.0,622.0,568.1,568.1,81.7,76.1,0.0,0.0,622.0,102.6,102.6,99.3,99.3,23.0,21.6,-999999.0,0.0,-999999.0
050454,CA,050454,UCSF MEDICAL CENTER,"505 PARNASSUS AVE, BOX 0296",SAN FRANCISCO,94143,Short Term,06075,POINT (-122.457544 37.762452),"[C050454-C, C050454-B, C050454-D, C050454-A]",20240308,20201213,1,4858,3591,3591,4516,3564,350,332,14,12,4858,1315,714.0,1069.0,577.0,130,127.0,0.0,0.0,0.0,7,7,7,7,7,7,7,7,7,7,7,7,7,7,7,7,3,3,3,-999999,-999999,0,-999999,0,0,0,0,0,0.0,-999999,235,0,0,0,0,0,0,0,0,0,0.0,0,734,0.0,0,7,7,7,7,,,,,,,,,,,,,694.0,513.0,513.0,645.1,509.1,50.0,47.4,-999999.0,-999999.0,694.0,187.9,102.0,152.7,82.4,18.6,18.1,0.0,0.0,0.0
050625,CA,050625,CEDARS-SINAI MEDICAL CENTER,8700 BEVERLY BLVD,LOS ANGELES,90048,Short Term,06037,POINT (-118.380016 34.076549),[C050625-A],20240308,20201213,1,6126,5832,5832,5814,5747,1303,1153,6,-999999,6126,1155,108.0,135.0,115.0,279,34.0,0.0,0.0,0.0,7,7,7,7,7,7,7,7,7,7,7,1,1,1,7,1,7,7,7,93,0,6,4,12,13,22,21,15,0.0,-999999,269,43,0,-999999,-999999,-999999,9,7,9,13,-999999.0,-999999,1481,0.0,0,7,7,7,7,,,,,,,,,,,,,875.1,833.1,833.1,830.6,821.0,186.1,164.7,-999999.0,-999999.0,875.1,165.0,108.0,135.0,115.0,39.9,34.0,0.0,0.0,0.0
330005,NY,330005,KALEIDA HEALTH,100 HIGH STREET,BUFFALO,14210,Short Term,36029,POINT (-78.865984 42.900906),"[C330005-C, C330005-B, C330005-A]",20240308,20201213,1,6853,6853,6328,4719,4719,1291,1260,0,0,6328,1505,1505.0,684.0,684.0,261,259.0,0.0,0.0,0.0,7,7,7,7,7,7,7,7,7,7,7,7,7,7,7,7,7,7,7,117,0,-999999,6,4,18,23,28,35,-999999.0,0,239,114,0,0,6,7,21,14,27,32,7.0,0,1550,0.0,0,7,7,7,7,,,,,,,,,,,,,979.0,979.0,904.0,674.1,674.1,184.4,180.0,0.0,0.0,904.0,215.0,215.0,97.7,97.7,37.3,37.0,0.0,0.0,0.0
330024,NY,330024,MOUNT SINAI HOSPITAL,ONE GUSTAVE L LEVY PLACE,NEW YORK,10029,Short Term,36061,POINT (-73.953392 40.790390),"[C330024-B, C330024-A]",20240308,20201213,1,11382,10472,8736,7035,6453,1264,859,29,9,9646,1778,1631.0,930.0,812.0,218,181.0,7.0,7.0,7.0,7,7,7,7,7,7,7,7,7,7,7,7,7,7,7,7,7,7,7,93,0,6,4,7,16,25,14,21,0.0,0,967,30,0,-999999,7,-999999,6,-999999,-999999,5,4.0,5,3697,0.0,0,7,7,7,7,,,,,,,,,,,,,1626.0,1496.0,1248.0,1005.0,921.9,180.6,122.7,4.1,-999999.0,1378.0,254.0,233.0,132.9,116.0,31.1,25.9,-999999.0,-999999.0,-999999.0
330059,NY,330059,MONTEFIORE MEDICAL CENTER,111 EAST 210TH STREET,BRONX,10467,Short Term,36005,POINT (-73.879896 40.879872),"[C330059-C, C330059-B, C330059-A, C330059-D]",20240308,20201213,1,10955,9604,9604,8713,7884,1261,1261,21,21,10955,1505,924.0,1160.0,770.0,227,227.0,0.0,0.0,0.0,7,7,7,7,7,7,7,7,7,7,7,7,7,7,7,7,7,7,7,184,0,14,13,12,23,43,40,34,5.0,5,1645,0,0,0,0,0,0,0,0,0,0.0,0,3878,0.0,0,7,7,7,7,,,,,,,,,,,,,1565.0,1372.0,1372.0,1244.7,1126.3,180.1,180.1,-999999.0,-999999.0,1565.0,215.0,132.0,165.7,110.0,32.4,32.4,0.0,0.0,0.0
330101,NY,330101,NEW YORK-PRESBYTERIAN HOSPITAL,525 EAST 68TH STREET,NEW YORK,10065,Short Term,36061,POINT (-73.954509 40.764355),"[C330101-A, C330101-H, C330101-D, C330101-F, C330101-G, C330101-C, C330101-E]",20240308,20201213,1,24921,20243,18667,16403,13912,2548,1924,221,45,23009,3563,2019.0,2838.0,1733.0,493,406.0,-999999.0,0.0,0.0,7,7,7,7,7,7,7,7,7,7,7,7,7,7,7,7,3,3,3,215,0,11,13,16,31,41,47,56,0.0,5,602,144,-999999,7,11,12,23,37,31,22,0.0,18,5192,-999999.0,0,7,7,7,7,,,,,,,,,,,,,3560.1,2891.9,2666.7,2343.3,1987.4,364.0,274.9,31.6,6.4,3287.0,509.0,288.4,405.4,247.6,70.4,58.0,-999999.0,0.0,0.0
330214,NY,330214,NYU LANGONE HOSPITALS,550 FIRST AVENUE,NEW YORK,10016,Short Term,36061,POINT (-73.974303 40.742311),"[C330214-B, C330214-A, C330214-C, C330214-D]",20240308,20201213,1,17122,14572,12541,10443,8660,1406,1340,33,17,15202,2730,1785.0,2039.0,1393.0,193,181.0,4.0,0.0,0.0,7,7,7,7,7,7,7,7,7,7,7,7,7,7,7,7,4,4,4,194,0,17,12,21,34,32,41,37,,-999999,2530,39,0,5,-999999,-999999,-999999,10,9,8,,7,3987,0.0,0,7,7,7,7,,,,,,,,,,,,,2446.0,2081.7,1791.6,1491.9,1237.1,200.9,191.4,4.7,-999999.0,2171.7,390.0,255.0,291.3,199.0,27.6,25.9,-999999.0,0.0,0.0
330285,NY,330285,STRONG MEMORIAL HOSPITAL,601 ELMWOOD AVE,ROCHESTER,14642,Short Term,36055,POINT (-77.623587 43.122832),[C330285-A],20240308,20201213,1,9151,8093,7177,6184,5262,1099,1034,40,31,8213,1127,931.0,921.0,764.0,317,317.0,0.0,0.0,0.0,7,7,7,7,7,7,7,7,7,7,7,7,7,7,7,7,7,7,7,88,0,4,5,6,13,19,26,15,0.0,5,79,42,-999999,5,6,4,9,7,6,4,0.0,6,1872,0.0,0,7,7,7,7,,,,,,,,,,,,,1307.3,1156.1,1025.3,883.4,751.7,157.0,147.7,5.7,4.4,1173.3,161.0,133.0,131.6,109.1,45.3,45.3,0.0,0.0,0.0
050025,CA,050025,UC SAN DIEGO HEALTH HILLCREST - HILLCREST MED CTR,200 WEST ARBOR DRIVE,SAN DIEGO,92103,Short Term,06073,POINT (-117.165844 32.754258),"[C050025-A, C050025-B]",20230623,20201218,1,6085,5509,4558,3841,3647,700,666,4,0,5134,1184,707.0,804.0,610.0,230,221.0,0.0,0.0,0.0,7,7,7,7,7,7,7,7,7,7,7,7,7,7,7,7,7,7,7,43,0,-999999,5,4,6,13,10,4,0.0,0,502,16,0,-999999,5,-999999,-999999,-999999,-999999,-999999,0.0,0,1376,0.0,0,7,7,7,7,,,,,,,,,,,,,869.3,787.0,651.1,548.7,521.0,100.0,95.1,-999999.0,0.0,733.4,169.1,101.0,114.9,87.1,32.9,31.6,0.0,0.0,0.0
050262,CA,050262,RONALD REAGAN UCLA MEDICAL CENTER,757 WESTWOOD PLAZA,LOS ANGELES,90095,Short Term,06037,POINT (-118.44562 34.06617),[C050262-A],20230623,20201218,1,3199,2723,2492,2675,2351,647,542,11,11,2968,1085,763.0,926.0,688.0,199,199.0,0.0,0.0,0.0,7,7,7,7,7,7,7,7,7,7,7,7,7,7,7,7,7,7,7,86,-999999,6,9,9,11,15,16,19,0.0,-999999,260,0,0,0,0,0,0,0,0,0,0.0,0,853,0.0,0,7,7,7,7,,,,,,,,,,,,,457.0,389.0,356.0,382.1,335.9,92.4,77.4,-999999.0,-999999.0,424.0,155.0,109.0,132.3,98.3,28.4,28.4,0.0,0.0,0.0
050373,CA,050373,LAC+USC MEDICAL CENTER,"1200 N STATE ST, ROOM C2K100",LOS ANGELES,90033,Short Term,06037,POINT (-118.208376 34.057996),[C050373-A],20230623,20201218,1,4475,4176,4176,3653,3462,1284,1256,14,14,4475,980,792.0,832.0,671.0,375,368.0,0.0,0.0,0.0,7,7,7,7,7,7,7,7,7,7,7,7,7,7,7,7,7,7,7,155,-999999,14,16,22,39,32,14,16,0.0,-999999,403,6,0,0,-999999,0,-999999,-999999,0,0,0.0,0,2097,0.0,0,7,7,7,7,,,,,,,,,,,,,639.3,596.6,596.6,521.9,494.6,183.4,179.4,-999999.0,-999999.0,639.3,140.0,113.1,118.9,95.9,53.6,52.6,0.0,0.0,0.0
050441,CA,050441,STANFORD HEALTH CARE,300 PASTEUR DRIVE,STANFORD,94305,Short Term,06085,POINT (-122.175944 37.433018),[C050441-A],20230623,20201218,1,4439,4320,4334,3905,3905,672,614,0,0,4334,694,694.0,687.0,687.0,209,193.0,-999999.0,0.0,-999999.0,7,7,7,7,7,7,7,7,7,7,7,7,7,7,7,7,7,7,7,89,0,4,11,10,12,18,10,24,0.0,-999999,363,373,0,24,41,35,58,76,61,78,0.0,0,1916,-999999.0,0,7,7,7,7,,,,,,,,,,,,,634.1,617.1,619.1,557.9,557.9,96.0,87.7,0.0,0.0,619.1,99.1,99.1,98.1,98.1,29.9,27.6,-999999.0,0.0,-999999.0
050454,CA,050454,UCSF MEDICAL CENTER,"505 PARNASSUS AVE, BOX 0296",SAN FRANCISCO,94143,Short Term,06075,POINT (-122.457544 37.762452),"[C050454-C, C050454-B, C050454-D, C050454-A]",20230623,20201218,1,5057,3870,3853,4334,3435,386,349,11,10,5024,1343,714.0,1048.0,551.0,111,110.0,0.0,0.0,0.0,7,7,7,7,7,7,7,7,7,7,7,7,7,7,7,7,7,7,7,-999999,0,-999999,0,0,0,0,0,0,0.0,-999999,236,0,0,0,0,0,0,0,0,0,0.0,-999999,784,-999999.0,0,7,7,7,7,,,,,,,,,,,,,722.4,552.9,550.4,619.1,490.7,55.1,49.9,-999999.0,-999999.0,717.7,191.9,102.0,149.7,78.7,15.9,15.7,0.0,0.0,0.0
050625,CA,050625,CEDARS-SINAI MEDICAL CENTER,8700 BEVERLY BLVD,LOS ANGELES,90048,Short Term,06037,POINT (-118.380122 34.075496),[C050625-A],20230623,20201218,1,6225,5931,5931,5794,5747,1612,1449,11,5,6225,1155,,,,345,,0.0,0.0,0.0,7,7,7,7,7,7,7,7,7,7,7,0,0,0,7,0,7,7,7,115,0,-999999,-999999,9,13,19,35,34,0.0,-999999,307,45,0,-999999,-999999,-999999,6,6,16,12,-999999.0,0,1463,0.0,0,7,7,7,7,,,,,,,,,,,,,889.3,847.3,847.3,827.7,821.0,230.3,207.0,-999999.0,-999999.0,889.3,165.0,,,,49.3,,0.0,0.0,0.0
330005,NY,330005,KALEIDA HEALTH,100 HIGH STREET,BUFFALO,14210,Short Term,36029,POINT (-78.865984 42.900906),"[C330005-B, C330005-A]",20230623,20201218,1,6853,6853,6328,4795,4795,1280,1266,0,0,6328,1505,1505.0,909.0,909.0,248,243.0,-999999.0,0.0,-999999.0,7,7,7,7,7,7,7,7,7,7,7,7,7,7,7,7,7,7,7,135,0,-999999,4,8,16,28,30,48,0.0,0,293,126,0,0,7,-999999,11,26,31,48,0.0,0,1645,-999999.0,0,7,7,7,7,,,,,,,,,,,,,979.0,979.0,904.0,685.0,685.0,182.9,180.9,0.0,0.0,904.0,215.0,215.0,129.9,129.9,35.4,34.7,-999999.0,0.0,-999999.0
330024,NY,330024,MOUNT SINAI HOSPITAL,ONE GUSTAVE L LEVY PLACE,NEW YORK,10029,Short Term,36061,POINT (-73.953392 40.790390),"[C330024-B, C330024-A]",20230623,20201218,1,11643,10733,8997,6833,6297,1342,928,25,11,9907,1781,1634.0,896.0,783.0,198,166.0,7.0,7.0,7.0,7,7,7,7,7,7,7,7,7,7,7,7,7,7,7,7,7,7,7,102,0,-999999,5,12,20,25,16,21,-999999.0,-999999,996,22,0,-999999,4,-999999,4,-999999,4,-999999,-999999.0,-999999,3737,0.0,0,7,7,7,7,,,,,,,,,,,,,1663.3,1533.3,1285.3,976.1,899.6,191.7,132.6,-999999.0,-999999.0,1415.3,254.4,233.4,128.0,111.9,28.3,23.7,-999999.0,-999999.0,-999999.0
330059,NY,330059,MONTEFIORE MEDICAL CENTER,111 EAST 210TH STREET,BRONX,10467,Short Term,36005,POINT (-73.879897 40.879872),"[C330059-C, C330059-B, C330059-A, C330059-D]",20230623,20201218,1,11046,9682,9684,8751,7923,1465,1464,22,22,11046,1542,948.0,1230.0,809.0,274,274.0,0.0,0.0,0.0,7,7,7,7,7,7,7,7,7,7,7,7,7,7,7,7,7,7,7,195,0,12,8,12,30,50,43,32,8.0,6,1767,0,0,0,0,0,0,0,0,0,0.0,0,3975,0.0,0,7,7,7,7,,,,,,,,,,,,,1578.0,1383.1,1383.4,1250.1,1131.9,209.3,209.1,-999999.0,-999999.0,1578.0,220.3,135.4,175.7,115.6,39.1,39.1,0.0,0.0,0.0
330101,NY,330101,NEW YORK-PRESBYTERIAN HOSPITAL,525 EAST 68TH STREET,NEW YORK,10065,Short Term,36061,POINT (-73.954509 40.764355),"[C330101-A, C330101-H, C330101-D, C330101-F, C330101-G, C330101-C, C330101-E]",20230623,20201218,1,25824,21064,19320,15846,13518,2593,2034,230,33,23744,3598,2066.0,2832.0,1748.0,544,433.0,7.0,-999999.0,0.0,7,7,7,7,7,7,7,7,7,7,7,7,7,7,7,7,7,7,7,216,-999999,14,19,10,26,43,50,52,0.0,-999999,611,138,-999999,11,16,12,19,31,23,23,0.0,17,5264,-999999.0,0,7,7,7,7,,,,,,,,,,,,,3689.1,3009.1,2760.0,2263.7,1931.1,370.4,290.6,32.9,4.7,3392.0,514.0,295.1,404.6,249.7,77.7,61.9,-999999.0,-999999.0,0.0
330214,NY,330214,NYU LANGONE HOSPITALS,550 FIRST AVENUE,NEW YORK,10016,Short Term,36061,POINT (-73.974303 40.742311),"[C330214-B, C330214-A, C330214-C, C330214-D]",20230623,20201218,1,17290,14756,12796,10340,8528,1664,1591,34,27,15512,2730,1785.0,1944.0,1341.0,228,222.0,7.0,0.0,0.0,7,7,7,7,7,7,7,7,7,7,7,7,7,7,7,7,7,7,7,216,-999999,16,15,18,37,38,42,49,,-999999,2400,47,0,4,7,-999999,5,8,10,10,,4,3988,0.0,0,7,7,7,7,,,,,,,,,,,,,2470.0,2108.0,1828.0,1477.1,1218.3,237.7,227.3,4.9,-999999.0,2216.0,390.0,255.0,277.7,191.6,32.6,31.7,-999999.0,0.0,0.0
330285,NY,330285,STRONG MEMORIAL HOSPITAL,601 ELMWOOD AVE,ROCHESTER,14642,Short Term,36055,POINT (-77.623587 43.122832),[C330285-A],20230623,20201218,1,9352,8316,7378,6170,5317,1066,1022,39,35,8414,1127,931.0,913.0,768.0,270,270.0,0.0,0.0,0.0,7,7,7,7,7,7,7,7,7,7,7,7,7,7,7,7,7,7,7,103,0,5,4,5,12,26,18,33,0.0,9,117,34,-999999,-999999,-999999,-999999,6,6,8,5,0.0,4,1806,0.0,0,7,7,7,7,,,,,,,,,,,,,1336.0,1188.0,1054.0,881.4,759.6,152.3,146.0,5.6,5.0,1202.0,161.0,133.0,130.4,109.7,38.6,38.6,0.0,0.0,0.0
050025,CA,050025,UC SAN DIEGO HEALTH HILLCREST - HILLCREST MED CTR,200 WEST ARBOR DRIVE,SAN DIEGO,92103,Short Term,06073,POINT (-117.165844 32.754258),"[C050025-A, C050025-B]",20240308,20201220,1,5834,5274,4508,3689,3513,760,732,-999999,0,5068,1183,707.0,788.0,612.0,253,246.0,0.0,0.0,0.0,7,7,7,7,7,7,7,7,7,7,7,7,7,7,7,7,7,7,7,47,0,0,5,6,9,15,9,-999999,0.0,0,489,14,-999999,-999999,-999999,-999999,-999999,-999999,0,-999999,0.0,0,1318,0.0,0,7,7,7,7,,,,,,,,,,,,,833.4,753.4,644.0,527.0,501.9,108.6,104.6,-999999.0,0.0,724.0,169.0,101.0,112.6,87.4,36.1,35.1,0.0,0.0,0.0
050262,CA,050262,RONALD REAGAN UCLA MEDICAL CENTER,757 WESTWOOD PLAZA,LOS ANGELES,90095,Short Term,06037,POINT (-118.446328 34.066455),[C050262-A],20240308,20201220,1,3199,2723,2492,2629,2342,697,589,12,6,2968,1085,763.0,895.0,688.0,237,223.0,0.0,0.0,0.0,7,7,7,7,7,7,7,7,7,7,7,7,7,7,7,7,7,7,7,64,0,-999999,9,-999999,9,11,11,18,0.0,-999999,229,0,0,0,0,0,0,0,0,0,0.0,0,834,0.0,0,7,7,7,7,,,,,,,,,,,,,457.0,389.0,356.0,375.6,334.6,99.6,84.1,-999999.0,-999999.0,424.0,155.0,109.0,127.9,98.3,33.9,31.9,0.0,0.0,0.0
050373,CA,050373,LOS ANGELES GENERAL MEDICAL CENTER,"2051 MARENGO ST, ROOM C2K100",LOS ANGELES,90033,Short Term,06037,POINT (-118.206478 34.056278),[C050373-A],20240308,20201220,1,4343,4052,4052,3637,3465,1341,1321,14,14,4343,976,794.0,823.0,674.0,378,375.0,0.0,0.0,0.0,7,7,7,7,7,7,7,7,7,7,7,7,7,7,7,7,7,7,7,156,-999999,14,18,26,36,31,12,17,0.0,0,378,4,0,0,0,0,-999999,-999999,0,0,0.0,0,1954,0.0,0,7,7,7,7,,,,,,,,,,,,,620.4,578.9,578.9,519.6,495.0,191.6,188.7,-999999.0,-999999.0,620.4,139.4,113.4,117.6,96.3,54.0,53.6,0.0,0.0,0.0
050441,CA,050441,STANFORD HEALTH CARE,300 PASTEUR DRIVE,STANFORD,94305,Short Term,06085,POINT (-122.175944 37.433018),[C050441-A],20240308,20201220,1,4425,4306,4320,3753,3753,682,632,0,0,4320,694,694.0,663.0,663.0,223,210.0,0.0,0.0,0.0,7,7,7,7,7,7,7,7,7,7,7,7,7,7,7,7,7,7,7,87,0,5,8,12,9,18,14,21,0.0,-999999,326,299,-999999,17,33,29,40,58,55,66,0.0,-999999,1786,0.0,0,7,7,7,7,,,,,,,,,,,,,632.1,615.1,617.1,536.1,536.1,97.4,90.3,0.0,0.0,617.1,99.1,99.1,94.7,94.7,31.9,30.0,0.0,0.0,0.0
050454,CA,050454,UCSF MEDICAL CENTER,"505 PARNASSUS AVE, BOX 0296",SAN FRANCISCO,94143,Short Term,06075,POINT (-122.457544 37.762452),"[C050454-C, C050454-B, C050454-D, C050454-A]",20240308,20201220,1,5149,4033,4016,4000,3177,389,357,8,7,5116,1362,714.0,1030.0,526.0,114,113.0,0.0,0.0,0.0,7,7,7,7,7,7,7,7,7,7,7,7,7,7,7,7,7,7,7,-999999,0,-999999,0,0,0,0,0,0,0.0,-999999,214,0,0,0,0,0,0,0,0,0,0.0,-999999,760,-999999.0,0,7,7,7,7,,,,,,,,,,,,,735.6,576.1,573.7,571.4,453.9,55.6,51.0,-999999.0,-999999.0,730.9,194.6,102.0,147.1,75.1,16.3,16.1,0.0,0.0,0.0
050625,CA,050625,CEDARS-SINAI MEDICAL CENTER,8700 BEVERLY BLVD,LOS ANGELES,90048,Short Term,06037,POINT (-118.380016 34.076549),[C050625-A],20240308,20201220,1,6287,5993,5993,5750,5717,1788,1608,12,4,6287,1155,,,,392,,0.0,0.0,0.0,7,7,7,7,7,7,7,7,7,7,7,0,0,0,7,0,7,7,7,119,0,4,-999999,7,15,21,30,39,0.0,0,310,50,0,-999999,-999999,-999999,5,5,14,19,0.0,0,1418,0.0,0,7,7,7,7,,,,,,,,,,,,,898.1,856.1,856.1,821.4,816.7,255.4,229.7,-999999.0,-999999.0,898.1,165.0,,,,56.0,,0.0,0.0,0.0
330005,NY,330005,KALEIDA HEALTH,100 HIGH STREET,BUFFALO,14210,Short Term,36029,POINT (-78.865984 42.900906),"[C330005-C, C330005-B, C330005-A]",20240308,20201220,1,6853,6853,6328,4687,4687,1288,1272,0,0,6328,1505,1505.0,946.0,946.0,248,242.0,5.0,0.0,-999999.0,7,7,7,7,7,7,7,7,7,7,7,7,7,7,7,7,7,7,7,117,0,-999999,-999999,8,12,23,27,43,0.0,0,288,113,0,0,5,-999999,9,25,28,44,0.0,0,1586,-999999.0,0,7,7,7,7,,,,,,,,,,,,,979.0,979.0,904.0,669.6,669.6,184.0,181.7,0.0,0.0,904.0,215.0,215.0,135.1,135.1,35.4,34.6,-999999.0,0.0,-999999.0
330024,NY,330024,MOUNT SINAI HOSPITAL,ONE GUSTAVE L LEVY PLACE,NEW YORK,10029,Short Term,36061,POINT (-73.953392 40.790390),"[C330024-B, C330024-A]",20240308,20201220,1,11817,10907,9171,6534,5985,1347,963,25,10,10081,1783,1636.0,868.0,766.0,187,164.0,7.0,7.0,7.0,7,7,7,7,7,7,7,7,7,7,7,7,7,7,7,7,7,7,7,106,0,-999999,9,14,22,21,17,20,-999999.0,-999999,973,22,0,-999999,5,-999999,-999999,5,4,-999999,0.0,-999999,3746,0.0,0,7,7,7,7,,,,,,,,,,,,,1688.1,1558.1,1310.1,933.4,855.0,192.4,137.6,-999999.0,-999999.0,1440.1,254.7,233.7,124.0,109.4,26.7,23.4,-999999.0,-999999.0,-999999.0
330059,NY,330059,MONTEFIORE MEDICAL CENTER,111 EAST 210TH STREET,BRONX,10467,Short Term,36005,POINT (-73.879896 40.879872),"[C330059-C, C330059-B, C330059-A, C330059-D]",20240308,20201220,1,11046,9682,9684,8479,7726,1529,1528,17,17,11046,1542,948.0,1240.0,816.0,291,291.0,0.0,0.0,0.0,7,7,7,7,7,7,7,7,7,7,7,7,7,7,7,7,7,7,7,177,0,8,7,14,25,45,43,30,5.0,-999999,1778,0,0,0,0,0,0,0,0,0,0.0,0,3853,0.0,0,7,7,7,7,,,,,,,,,,,,,1578.0,1383.1,1383.4,1211.3,1103.7,218.4,218.3,-999999.0,-999999.0,1578.0,220.3,135.4,177.1,116.6,41.6,41.6,0.0,0.0,0.0
330101,NY,330101,NEW YORK-PRESBYTERIAN HOSPITAL,525 EAST 68TH STREET,NEW YORK,10065,Short Term,36061,POINT (-73.954509 40.764355),"[C330101-A, C330101-H, C330101-D, C330101-F, C330101-G, C330101-C, C330101-E]",20240308,20201220,1,25872,21112,19320,15281,13069,2666,2093,245,31,23744,3598,2063.0,2826.0,1757.0,560,451.0,4.0,-999999.0,0.0,7,7,7,7,7,7,7,7,7,7,7,7,7,7,7,7,7,7,7,224,-999999,17,18,10,21,46,51,58,0.0,4,646,151,-999999,16,18,15,18,33,22,26,0.0,16,5210,-999999.0,0,7,7,7,7,,,,,,,,,,,,,3696.0,3016.0,2760.0,2183.0,1867.0,380.9,299.0,35.0,4.4,3392.0,514.0,294.7,403.7,251.0,80.0,64.4,-999999.0,-999999.0,0.0
330214,NY,330214,NYU LANGONE HOSPITALS,550 FIRST AVENUE,NEW YORK,10016,Short Term,36061,POINT (-73.974303 40.742311),"[C330214-B, C330214-A, C330214-C, C330214-D]",20240308,20201220,1,17290,14756,12796,9864,8074,1736,1665,33,24,15512,2730,1785.0,1850.0,1249.0,245,237.0,5.0,0.0,0.0,7,7,7,7,7,7,7,7,7,7,7,7,7,7,7,7,7,7,7,230,-999999,10,16,22,35,35,52,59,,-999999,2303,40,0,-999999,6,-999999,5,6,8,11,,5,3930,0.0,0,7,7,7,7,,,,,,,,,,,,,2470.0,2108.0,1828.0,1409.1,1153.4,248.0,237.9,4.7,-999999.0,2216.0,390.0,255.0,264.3,178.4,35.0,33.9,-999999.0,0.0,0.0
330285,NY,330285,STRONG MEMORIAL HOSPITAL,601 ELMWOOD AVE,ROCHESTER,14642,Short Term,36055,POINT (-77.623587 43.122832),[C330285-A],20240308,20201220,1,9352,8316,7378,5861,4574,1095,1054,41,36,8414,1127,931.0,911.0,761.0,285,285.0,0.0,0.0,0.0,7,7,7,7,7,7,7,7,7,7,7,7,7,7,7,7,7,7,7,98,0,4,4,6,11,26,14,33,0.0,6,118,34,0,-999999,6,-999999,5,5,7,6,0.0,4,1740,0.0,0,7,7,7,7,,,,,,,,,,,,,1336.0,1188.0,1054.0,837.3,653.4,156.4,150.6,5.9,5.1,1202.0,161.0,133.0,130.1,108.7,40.7,40.7,0.0,0.0,0.0
050025,CA,050025,UC SAN DIEGO HEALTH HILLCREST - HILLCREST MED CTR,200 WEST ARBOR DRIVE,SAN DIEGO,92103,Short Term,06073,POINT (-117.165844 32.754258),"[C050025-A, C050025-B]",20230623,20201225,1,5852,5292,4508,3665,3496,862,825,0,0,5068,1183,707.0,796.0,627.0,322,317.0,0.0,0.0,0.0,7,7,7,7,7,7,7,7,7,7,7,7,7,7,7,7,7,7,7,43,-999999,-999999,7,-999999,15,10,-999999,-999999,0.0,0,512,19,-999999,-999999,0,-999999,5,-999999,4,4,0.0,0,1443,0.0,0,7,7,7,7,,,,,,,,,,,,,836.0,756.0,644.0,523.6,499.4,123.1,117.9,0.0,0.0,724.0,169.0,101.0,113.7,89.6,46.0,45.3,0.0,0.0,0.0
050262,CA,050262,RONALD REAGAN UCLA MEDICAL CENTER,757 WESTWOOD PLAZA,LOS ANGELES,90095,Short Term,06037,POINT (-118.44562 34.06617),[C050262-A],20230623,20201225,1,3199,2723,2492,2636,2363,783,661,19,5,2968,1085,763.0,887.0,713.0,271,249.0,0.0,0.0,0.0,7,7,7,7,7,7,7,7,7,7,7,7,7,7,7,7,7,7,7,58,-999999,-999999,4,8,12,16,9,7,0.0,-999999,237,13,0,4,4,-999999,-999999,-999999,0,-999999,0.0,-999999,884,0.0,0,7,7,7,7,,,,,,,,,,,,,457.0,389.0,356.0,376.6,337.6,111.9,94.4,-999999.0,-999999.0,424.0,155.0,109.0,126.7,101.9,38.7,35.6,0.0,0.0,0.0
050373,CA,050373,LAC+USC MEDICAL CENTER,"1200 N STATE ST, ROOM C2K100",LOS ANGELES,90033,Short Term,06037,POINT (-118.208376 34.057996),[C050373-A],20230623,20201225,1,4437,4144,4144,3896,3685,1516,1497,31,26,4437,987,792.0,879.0,723.0,400,398.0,0.0,0.0,0.0,7,7,7,7,7,7,7,7,7,7,7,7,7,7,7,7,7,7,7,143,0,11,12,22,40,33,12,13,0.0,-999999,327,-999999,0,0,-999999,0,0,0,0,-999999,0.0,-999999,1993,0.0,0,7,7,7,7,,,,,,,,,,,,,633.9,592.0,592.0,556.6,526.4,216.6,213.9,4.4,-999999.0,633.9,141.0,113.1,125.6,103.3,57.1,56.9,0.0,0.0,0.0
050441,CA,050441,STANFORD HEALTH CARE,300 PASTEUR DRIVE,STANFORD,94305,Short Term,06085,POINT (-122.175944 37.433018),[C050441-A],20230623,20201225,1,4431,4312,4312,3776,3776,774,730,0,0,4312,700,700.0,669.0,669.0,229,217.0,-999999.0,0.0,0.0,7,7,7,7,7,7,7,7,7,7,7,7,7,7,7,7,7,7,7,91,-999999,4,4,5,9,16,28,24,0.0,-999999,300,236,-999999,13,31,18,37,45,50,40,0.0,-999999,1618,-999999.0,0,7,7,7,7,,,,,,,,,,,,,633.0,616.0,616.0,539.4,539.4,110.6,104.3,0.0,0.0,616.0,100.0,100.0,95.6,95.6,32.7,31.0,-999999.0,0.0,0.0
050454,CA,050454,UCSF MEDICAL CENTER,"505 PARNASSUS AVE, BOX 0296",SAN FRANCISCO,94143,Short Term,06075,POINT (-122.457544 37.762452),"[C050454-C, C050454-B, C050454-D, C050454-A]",20230623,20201225,1,5306,4235,4235,3698,2925,418,401,8,8,5306,1379,714.0,1023.0,511.0,136,134.0,0.0,0.0,0.0,7,7,7,7,7,7,7,7,7,7,7,7,7,7,7,7,7,7,7,-999999,0,-999999,0,0,0,0,0,0,0.0,0,212,0,0,0,0,0,0,0,0,0,0.0,0,825,-999999.0,0,7,7,7,7,,,,,,,,,,,,,758.0,605.0,605.0,528.3,417.9,59.7,57.3,-999999.0,-999999.0,758.0,197.0,102.0,146.1,73.0,19.4,19.1,0.0,0.0,0.0
050625,CA,050625,CEDARS-SINAI MEDICAL CENTER,8700 BEVERLY BLVD,LOS ANGELES,90048,Short Term,06037,POINT (-118.380122 34.075496),[C050625-A],20230623,20201225,1,6401,6107,6107,5813,5792,2192,1970,12,-999999,6401,1155,,,,523,,0.0,0.0,0.0,7,7,7,7,7,7,7,7,7,7,7,0,0,0,7,0,7,7,7,150,-999999,-999999,13,10,23,31,32,37,0.0,0,372,63,0,4,-999999,-999999,6,10,19,21,0.0,-999999,1420,0.0,0,7,7,7,7,,,,,,,,,,,,,914.4,872.4,872.4,830.4,827.4,313.1,281.4,-999999.0,-999999.0,914.4,165.0,,,,74.7,,0.0,0.0,0.0
330005,NY,330005,KALEIDA HEALTH,100 HIGH STREET,BUFFALO,14210,Short Term,36029,POINT (-78.865984 42.900906),"[C330005-B, C330005-A]",20230623,20201225,1,6853,6853,6328,4743,4743,1337,1293,0,0,6328,1505,1505.0,966.0,966.0,258,254.0,7.0,0.0,0.0,7,7,7,7,7,7,7,7,7,7,7,7,7,7,7,7,7,7,7,102,0,0,-999999,4,10,20,26,40,0.0,0,307,112,0,0,-999999,4,15,22,30,39,0.0,0,1549,-999999.0,0,7,7,7,7,,,,,,,,,,,,,979.0,979.0,904.0,677.6,677.6,191.0,184.7,0.0,0.0,904.0,215.0,215.0,138.0,138.0,36.9,36.3,-999999.0,0.0,0.0
330024,NY,330024,MOUNT SINAI HOSPITAL,ONE GUSTAVE L LEVY PLACE,NEW YORK,10029,Short Term,36061,POINT (-73.953392 40.790390),"[C330024-B, C330024-A]",20230623,20201225,1,11991,11081,9345,6118,5583,1354,1026,29,14,10255,1787,1640.0,837.0,737.0,185,161.0,7.0,7.0,7.0,7,7,7,7,7,7,7,7,7,7,7,7,7,7,7,7,7,7,7,96,0,-999999,9,7,15,20,20,21,-999999.0,-999999,1005,16,0,-999999,-999999,4,-999999,-999999,-999999,-999999,-999999.0,5,3829,0.0,0,7,7,7,7,,,,,,,,,,,,,1713.0,1583.0,1335.0,874.0,797.6,193.4,146.6,4.1,-999999.0,1465.0,255.3,234.3,119.6,105.3,26.4,23.0,-999999.0,-999999.0,-999999.0
330059,NY,330059,MONTEFIORE MEDICAL CENTER,111 EAST 210TH STREET,BRONX,10467,Short Term,36005,POINT (-73.879897 40.879872),"[C330059-C, C330059-B, C330059-A, C330059-D]",20230623,20201225,1,10955,9604,9604,8111,7474,1616,1616,8,8,10955,1505,924.0,1189.0,779.0,288,288.0,0.0,0.0,0.0,7,7,7,7,7,7,7,7,7,7,7,7,7,7,7,7,7,7,7,197,0,5,16,15,24,56,46,32,-999999.0,-999999,1830,0,0,0,0,0,0,0,0,0,0.0,0,4021,0.0,0,7,7,7,7,,,,,,,,,,,,,1565.0,1372.0,1372.0,1158.7,1067.7,230.9,230.9,-999999.0,-999999.0,1565.0,215.0,132.0,169.9,111.3,41.1,41.1,0.0,0.0,0.0
330101,NY,330101,NEW YORK-PRESBYTERIAN HOSPITAL,525 EAST 68TH STREET,NEW YORK,10065,Short Term,36061,POINT (-73.954509 40.764355),"[C330101-A, C330101-H, C330101-D, C330101-F, C330101-G, C330101-C, C330101-E]",20230623,20201225,1,25872,21112,19320,15191,13002,2907,2301,247,36,23744,3598,2064.0,2889.0,1803.0,589,487.0,-999999.0,0.0,0.0,7,7,7,7,7,7,7,7,7,7,7,7,7,7,7,7,7,7,7,230,-999999,12,11,18,32,47,40,68,0.0,6,724,170,0,15,21,12,22,34,35,31,0.0,17,5311,-999999.0,0,7,7,7,7,,,,,,,,,,,,,3696.0,3016.0,2760.0,2170.1,1857.4,415.3,328.7,35.3,5.1,3392.0,514.0,294.9,412.7,257.6,84.1,69.6,-999999.0,0.0,0.0
330214,NY,330214,NYU LANGONE HOSPITALS,550 FIRST AVENUE,NEW YORK,10016,Short Term,36061,POINT (-73.974303 40.742311),"[C330214-B, C330214-A, C330214-C, C330214-D]",20230623,20201225,1,17446,14912,12796,9671,7827,1988,1917,31,23,15512,2730,1785.0,1787.0,1139.0,260,254.0,0.0,0.0,0.0,7,7,7,7,7,7,7,7,7,7,7,7,7,7,7,7,7,7,7,245,-999999,6,20,22,29,48,66,52,-999999.0,-999999,2314,36,-999999,0,-999999,-999999,-999999,11,6,11,,6,4135,0.0,0,7,7,7,7,,,,,,,,,,,,,2492.3,2130.3,1828.0,1381.6,1118.1,284.0,273.9,4.4,-999999.0,2216.0,390.0,255.0,255.3,162.7,37.1,36.3,0.0,0.0,0.0
330285,NY,330285,STRONG MEMORIAL HOSPITAL,601 ELMWOOD AVE,ROCHESTER,14642,Short Term,36055,POINT (-77.623587 43.122832),[C330285-A],20230623,20201225,1,9352,8316,7378,5796,3999,1197,1160,40,34,8414,1127,931.0,923.0,754.0,338,338.0,0.0,0.0,0.0,7,7,7,7,7,7,7,7,7,7,7,7,7,7,7,7,7,7,7,100,0,-999999,10,7,14,26,25,17,0.0,4,106,26,-999999,-999999,7,-999999,4,-999999,-999999,7,0.0,6,1814,0.0,0,7,7,7,7,,,,,,,,,,,,,1336.0,1188.0,1054.0,828.0,571.3,171.0,165.7,5.7,4.9,1202.0,161.0,133.0,131.9,107.7,48.3,48.3,0.0,0.0,0.0
050025,CA,050025,UC SAN DIEGO HEALTH HILLCREST - HILLCREST MED CTR,200 WEST ARBOR DRIVE,SAN DIEGO,92103,Short Term,06073,POINT (-117.165844 32.754258),"[C050025-A, C050025-B]",20240308,20201227,1,5852,5292,4508,3800,3624,889,849,0,0,5068,1183,707.0,807.0,631.0,326,318.0,0.0,0.0,0.0,7,7,7,7,7,7,7,7,7,7,7,7,7,7,7,7,7,7,7,47,-999999,-999999,7,-999999,10,11,6,7,0.0,0,524,22,0,-999999,-999999,-999999,5,-999999,6,4,0.0,0,1458,0.0,0,7,7,7,7,,,,,,,,,,,,,836.0,756.0,644.0,542.9,517.7,127.0,121.3,0.0,0.0,724.0,169.0,101.0,115.3,90.1,46.6,45.4,0.0,0.0,0.0
050262,CA,050262,RONALD REAGAN UCLA MEDICAL CENTER,757 WESTWOOD PLAZA,LOS ANGELES,90095,Short Term,06037,POINT (-118.446328 34.066455),[C050262-A],20240308,20201227,1,3199,2723,2492,2647,2366,765,649,18,5,2968,1085,763.0,905.0,725.0,267,255.0,0.0,0.0,0.0,7,7,7,7,7,7,7,7,7,7,7,7,7,7,7,7,7,7,7,69,-999999,-999999,5,9,15,19,9,10,0.0,-999999,248,13,0,4,4,-999999,-999999,-999999,0,-999999,0.0,-999999,889,0.0,0,7,7,7,7,,,,,,,,,,,,,457.0,389.0,356.0,378.1,338.0,109.3,92.7,-999999.0,-999999.0,424.0,155.0,109.0,129.3,103.6,38.1,36.4,0.0,0.0,0.0
050373,CA,050373,LOS ANGELES GENERAL MEDICAL CENTER,"2051 MARENGO ST, ROOM C2K100",LOS ANGELES,90033,Short Term,06037,POINT (-118.206478 34.056278),[C050373-A],20240308,20201227,1,4527,4230,4230,4016,3778,1592,1568,33,26,4527,999,800.0,915.0,742.0,420,418.0,0.0,0.0,0.0,7,7,7,7,7,7,7,7,7,7,7,7,7,7,7,7,7,7,7,156,0,8,10,20,50,36,19,13,0.0,-999999,309,4,0,0,-999999,-999999,0,0,0,-999999,0.0,-999999,1928,0.0,0,7,7,7,7,,,,,,,,,,,,,646.7,604.3,604.3,573.7,539.7,227.4,224.0,4.7,-999999.0,646.7,142.7,114.3,130.7,106.0,60.0,59.7,0.0,0.0,0.0
050441,CA,050441,STANFORD HEALTH CARE,300 PASTEUR DRIVE,STANFORD,94305,Short Term,06085,POINT (-122.175944 37.433018),[C050441-A],20240308,20201227,1,4437,4318,4318,3896,3896,833,782,0,0,4318,700,700.0,688.0,688.0,223,210.0,-999999.0,0.0,0.0,7,7,7,7,7,7,7,7,7,7,7,7,7,7,7,7,7,7,7,103,-999999,-999999,8,5,14,17,29,26,0.0,0,336,293,-999999,23,40,20,44,58,63,44,0.0,-999999,1735,-999999.0,0,7,7,7,7,,,,,,,,,,,,,633.9,616.9,616.9,556.6,556.6,119.0,111.7,0.0,0.0,616.9,100.0,100.0,98.3,98.3,31.9,30.0,-999999.0,0.0,0.0
050454,CA,050454,UCSF MEDICAL CENTER,"505 PARNASSUS AVE, BOX 0296",SAN FRANCISCO,94143,Short Term,06075,POINT (-122.457544 37.762452),"[C050454-C, C050454-B, C050454-D, C050454-A]",20240308,20201227,1,5322,4235,4235,3758,2967,452,435,6,6,5322,1370,714.0,1019.0,509.0,146,144.0,0.0,0.0,0.0,7,7,7,7,7,7,7,7,7,7,7,7,7,7,7,7,7,7,7,-999999,0,-999999,0,0,0,0,0,0,0.0,0,234,0,0,0,0,0,0,0,0,0,0.0,0,836,0.0,0,7,7,7,7,,,,,,,,,,,,,760.3,605.0,605.0,536.9,423.9,64.6,62.1,-999999.0,-999999.0,760.3,195.7,102.0,145.6,72.7,20.9,20.6,0.0,0.0,0.0
050625,CA,050625,CEDARS-SINAI MEDICAL CENTER,8700 BEVERLY BLVD,LOS ANGELES,90048,Short Term,06037,POINT (-118.380016 34.076549),[C050625-A],20240308,20201227,1,6406,6112,6112,5836,5811,2296,2086,12,-999999,6406,1155,,,,551,,0.0,0.0,0.0,7,7,7,7,7,7,7,7,7,7,7,0,0,0,7,0,7,7,7,157,-999999,4,20,12,21,30,32,37,0.0,0,392,69,0,-999999,-999999,-999999,12,12,24,16,0.0,-999999,1436,0.0,0,7,7,7,7,,,,,,,,,,,,,915.1,873.1,873.1,833.7,830.1,328.0,298.0,-999999.0,-999999.0,915.1,165.0,,,,78.7,,0.0,0.0,0.0
330005,NY,330005,KALEIDA HEALTH,100 HIGH STREET,BUFFALO,14210,Short Term,36029,POINT (-78.865984 42.900906),"[C330005-C, C330005-B, C330005-A]",20240308,20201227,1,6853,6853,6328,4846,4846,1343,1292,0,0,6328,1505,1505.0,984.0,984.0,256,254.0,5.0,0.0,0.0,7,7,7,7,7,7,7,7,7,7,7,7,7,7,7,7,7,7,7,102,0,-999999,-999999,-999999,9,20,23,44,0.0,0,311,125,0,0,4,-999999,12,27,32,48,0.0,0,1593,0.0,0,7,7,7,7,,,,,,,,,,,,,979.0,979.0,904.0,692.3,692.3,191.9,184.6,0.0,0.0,904.0,215.0,215.0,140.6,140.6,36.6,36.3,-999999.0,0.0,0.0
330024,NY,330024,MOUNT SINAI HOSPITAL,ONE GUSTAVE L LEVY PLACE,NEW YORK,10029,Short Term,36061,POINT (-73.953392 40.790390),"[C330024-B, C330024-A]",20240308,20201227,1,11991,11081,9345,6143,5628,1372,1047,32,17,10255,1789,1642.0,848.0,744.0,193,164.0,6.0,6.0,6.0,7,7,7,7,7,7,7,7,7,7,7,7,7,7,7,7,7,7,7,90,0,-999999,6,4,12,19,25,20,-999999.0,-999999,1054,11,0,-999999,0,4,-999999,-999999,-999999,0,-999999.0,8,3760,0.0,0,7,7,7,7,,,,,,,,,,,,,1713.0,1583.0,1335.0,877.6,804.0,196.0,149.6,4.6,-999999.0,1465.0,255.6,234.6,121.1,106.3,27.6,23.4,-999999.0,-999999.0,-999999.0
330059,NY,330059,MONTEFIORE MEDICAL CENTER,111 EAST 210TH STREET,BRONX,10467,Short Term,36005,POINT (-73.879896 40.879872),"[C330059-C, C330059-B, C330059-A, C330059-D]",20240308,20201227,1,10955,9604,9604,8185,7527,1662,1662,5,5,10955,1505,924.0,1193.0,786.0,303,303.0,0.0,0.0,0.0,7,7,7,7,7,7,7,7,7,7,7,7,7,7,7,7,7,7,7,220,0,6,19,13,30,53,57,39,-999999.0,-999999,1913,0,0,0,0,0,0,0,0,0,0.0,0,4148,0.0,0,7,7,7,7,,,,,,,,,,,,,1565.0,1372.0,1372.0,1169.3,1075.3,237.4,237.4,-999999.0,-999999.0,1565.0,215.0,132.0,170.4,112.3,43.3,43.3,0.0,0.0,0.0
330101,NY,330101,NEW YORK-PRESBYTERIAN HOSPITAL,525 EAST 68TH STREET,NEW YORK,10065,Short Term,36061,POINT (-73.954509 40.764355),"[C330101-A, C330101-H, C330101-D, C330101-F, C330101-G, C330101-C, C330101-E]",20240308,20201227,1,25872,21112,19320,15364,13128,2994,2361,237,39,23744,3598,2064.0,2916.0,1807.0,609,518.0,-999999.0,0.0,0.0,7,7,7,7,7,7,7,7,7,7,7,7,7,7,7,7,7,7,7,227,-999999,7,13,15,32,48,43,68,0.0,10,738,177,0,14,18,14,22,35,39,35,0.0,14,5396,-999999.0,0,7,7,7,7,,,,,,,,,,,,,3696.0,3016.0,2760.0,2194.9,1875.4,427.7,337.3,33.9,5.6,3392.0,514.0,294.9,416.6,258.1,87.0,74.0,-999999.0,0.0,0.0
330214,NY,330214,NYU LANGONE HOSPITALS,550 FIRST AVENUE,NEW YORK,10016,Short Term,36061,POINT (-73.974303 40.742311),"[C330214-B, C330214-A, C330214-C, C330214-D]",20240308,20201227,1,17485,14951,12796,9828,7980,2055,1989,29,23,15512,2730,1785.0,1800.0,1139.0,276,273.0,0.0,0.0,0.0,7,7,7,7,7,7,7,7,7,7,7,7,7,7,7,7,7,7,7,222,-999999,5,20,17,26,46,60,46,-999999.0,4,2338,39,-999999,-999999,-999999,4,6,11,5,8,,4,4249,0.0,0,7,7,7,7,,,,,,,,,,,,,2497.9,2135.9,1828.0,1404.0,1140.0,293.6,284.1,4.1,-999999.0,2216.0,390.0,255.0,257.1,162.7,39.4,39.0,0.0,0.0,0.0
330285,NY,330285,STRONG MEMORIAL HOSPITAL,601 ELMWOOD AVE,ROCHESTER,14642,Short Term,36055,POINT (-77.623587 43.122832),[C330285-A],20240308,20201227,1,9352,8316,7378,6131,4735,1230,1190,39,35,8414,1127,931.0,938.0,764.0,336,335.0,0.0,0.0,0.0,7,7,7,7,7,7,7,7,7,7,7,7,7,7,7,7,7,7,7,102,0,-999999,7,5,17,28,27,17,0.0,5,123,30,-999999,-999999,4,-999999,6,5,4,6,0.0,4,1869,0.0,0,7,7,7,7,,,,,,,,,,,,,1336.0,1188.0,1054.0,875.9,676.4,175.7,170.0,5.6,5.0,1202.0,161.0,133.0,134.0,109.1,48.0,47.9,0.0,0.0,0.0
050025,CA,050025,UC SAN DIEGO HEALTH HILLCREST - HILLCREST MED CTR,200 WEST ARBOR DRIVE,SAN DIEGO,92103,Short Term,06073,POINT (-117.165844 32.754258),"[C050025-A, C050025-B]",20230623,20210101,1,5852,5292,4508,3948,3763,937,903,-999999,0,5068,1183,707.0,838.0,653.0,301,291.0,0.0,0.0,0.0,7,7,7,7,7,7,7,7,7,7,7,7,7,7,7,7,7,7,7,48,0,4,9,-999999,5,13,9,5,0.0,0,535,18,0,-999999,-999999,-999999,4,4,-999999,-999999,0.0,0,1361,0.0,0,7,7,7,7,,,,,,,,,,,,,836.0,756.0,644.0,564.0,537.6,133.9,129.0,-999999.0,0.0,724.0,169.0,101.0,119.7,93.3,43.0,41.6,0.0,0.0,0.0
050262,CA,050262,RONALD REAGAN UCLA MEDICAL CENTER,757 WESTWOOD PLAZA,LOS ANGELES,90095,Short Term,06037,POINT (-118.44562 34.06617),[C050262-A],20230623,20210101,1,3199,2723,2492,2693,2387,748,635,24,15,2968,1085,763.0,927.0,717.0,288,278.0,0.0,0.0,0.0,7,7,7,7,7,7,7,7,7,7,7,7,7,7,7,7,7,7,7,84,0,-999999,9,9,17,21,9,16,0.0,4,248,10,0,4,0,0,-999999,-999999,0,-999999,0.0,-999999,779,0.0,0,7,7,7,7,,,,,,,,,,,,,457.0,389.0,356.0,384.7,341.0,106.9,90.7,-999999.0,-999999.0,424.0,155.0,109.0,132.4,102.4,41.1,39.7,0.0,0.0,0.0
050373,CA,050373,LAC+USC MEDICAL CENTER,"1200 N STATE ST, ROOM C2K100",LOS ANGELES,90033,Short Term,06037,POINT (-118.208376 34.057996),[C050373-A],20230623,20210101,1,4549,4232,4232,4129,3879,1689,1668,25,23,4549,1007,810.0,924.0,743.0,432,430.0,0.0,0.0,0.0,7,7,7,7,7,7,7,7,7,7,7,7,7,7,7,7,7,7,7,176,0,8,14,26,48,38,26,16,0.0,4,234,4,0,0,-999999,-999999,-999999,0,0,0,0.0,0,1753,0.0,0,7,7,7,7,,,,,,,,,,,,,649.9,604.6,604.6,589.9,554.1,241.3,238.3,-999999.0,-999999.0,649.9,143.9,115.7,132.0,106.1,61.7,61.4,0.0,0.0,0.0
050441,CA,050441,STANFORD HEALTH CARE,300 PASTEUR DRIVE,STANFORD,94305,Short Term,06085,POINT (-122.175944 37.433018),[C050441-A],20230623,20210101,1,4427,4308,4308,3938,3938,891,849,0,0,4308,702,702.0,689.0,689.0,258,241.0,-999999.0,0.0,0.0,7,7,7,7,7,7,7,7,7,7,7,7,7,7,7,7,7,7,7,107,0,5,13,16,22,18,13,20,0.0,-999999,346,313,0,23,39,24,51,62,67,47,0.0,-999999,1907,0.0,0,7,7,7,7,,,,,,,,,,,,,632.4,615.4,615.4,562.6,562.6,127.3,121.3,0.0,0.0,615.4,100.3,100.3,98.4,98.4,36.9,34.4,-999999.0,0.0,0.0
050454,CA,050454,UCSF MEDICAL CENTER,"505 PARNASSUS AVE, BOX 0296",SAN FRANCISCO,94143,Short Term,06075,POINT (-122.457544 37.762452),"[C050454-C, C050454-B, C050454-D, C050454-A]",20230623,20210101,1,5482,4235,4235,3971,3071,535,515,10,10,5482,1346,714.0,1032.0,525.0,144,144.0,0.0,0.0,0.0,7,7,7,7,7,7,7,7,7,7,7,7,7,7,7,7,7,7,7,-999999,-999999,0,-999999,0,0,0,0,0,0.0,-999999,273,0,0,0,0,0,0,0,0,0,0.0,0,846,0.0,0,7,7,7,7,,,,,,,,,,,,,783.1,605.0,605.0,567.3,438.7,76.4,73.6,-999999.0,-999999.0,783.1,192.3,102.0,147.4,75.0,20.6,20.6,0.0,0.0,0.0
050625,CA,050625,CEDARS-SINAI MEDICAL CENTER,8700 BEVERLY BLVD,LOS ANGELES,90048,Short Term,06037,POINT (-118.380122 34.075496),[C050625-A],20230623,20210101,1,6496,6186,6058,5807,5784,2335,2146,14,4,6323,1145,,,,558,,0.0,0.0,0.0,7,7,7,7,7,7,7,7,7,7,7,0,0,0,7,0,7,7,7,140,0,5,17,13,15,26,22,42,0.0,-999999,380,92,0,0,5,7,18,20,20,22,0.0,4,1425,0.0,0,7,7,7,7,,,,,,,,,,,,,928.0,883.7,865.4,829.6,826.3,333.6,306.6,-999999.0,-999999.0,903.3,163.6,,,,79.7,,0.0,0.0,0.0
330005,NY,330005,KALEIDA HEALTH,100 HIGH STREET,BUFFALO,14210,Short Term,36029,POINT (-78.865984 42.900906),"[C330005-B, C330005-A]",20230623,20210101,1,6853,6853,6328,4787,4787,1234,1186,0,0,6328,1505,1505.0,979.0,979.0,243,241.0,0.0,0.0,0.0,7,7,7,7,7,7,7,7,7,7,7,7,7,7,7,7,7,7,7,86,0,-999999,-999999,5,9,14,22,31,0.0,0,296,139,0,-999999,4,5,8,40,36,43,0.0,0,1626,0.0,0,7,7,7,7,,,,,,,,,,,,,979.0,979.0,904.0,683.9,683.9,176.3,169.4,0.0,0.0,904.0,215.0,215.0,139.9,139.9,34.7,34.4,0.0,0.0,0.0
330024,NY,330024,MOUNT SINAI HOSPITAL,ONE GUSTAVE L LEVY PLACE,NEW YORK,10029,Short Term,36061,POINT (-73.953392 40.790390),"[C330024-B, C330024-A]",20230623,20210101,1,11991,11081,9345,6364,5823,1466,1079,53,13,10255,1798,1651.0,849.0,749.0,210,179.0,-999999.0,-999999.0,-999999.0,7,7,7,7,7,7,7,7,7,7,7,7,7,7,7,7,7,7,7,99,-999999,-999999,6,5,19,24,21,21,0.0,-999999,1156,23,0,-999999,-999999,5,-999999,7,-999999,-999999,0.0,5,3962,0.0,0,7,7,7,7,,,,,,,,,,,,,1713.0,1583.0,1335.0,909.1,831.9,209.4,154.1,7.6,-999999.0,1465.0,256.9,235.9,121.3,107.0,30.0,25.6,-999999.0,-999999.0,-999999.0
330059,NY,330059,MONTEFIORE MEDICAL CENTER,111 EAST 210TH STREET,BRONX,10467,Short Term,36005,POINT (-73.879897 40.879872),"[C330059-C, C330059-B, C330059-A, C330059-D]",20230623,20210101,1,10955,9604,9604,8454,7734,1808,1808,13,13,10955,1505,924.0,1401.0,787.0,321,321.0,0.0,0.0,0.0,7,7,7,7,7,7,7,7,7,7,7,7,7,7,7,7,7,7,7,226,0,14,12,15,38,48,55,36,8.0,8,2005,0,0,0,0,0,0,0,0,0,0.0,0,4256,0.0,0,7,7,7,7,,,,,,,,,,,,,1565.0,1372.0,1372.0,1207.7,1104.9,258.3,258.3,-999999.0,-999999.0,1565.0,215.0,132.0,200.1,112.4,45.9,45.9,0.0,0.0,0.0
330101,NY,330101,NEW YORK-PRESBYTERIAN HOSPITAL,525 EAST 68TH STREET,NEW YORK,10065,Short Term,36061,POINT (-73.954509 40.764355),"[C330101-A, C330101-H, C330101-D, C330101-F, C330101-G, C330101-C, C330101-E]",20230623,20210101,1,25322,20751,18959,15786,13498,3233,2608,235,47,23194,3530,2019.0,2992.0,1823.0,713,637.0,0.0,0.0,0.0,7,7,7,7,7,7,7,7,7,7,7,7,7,7,7,7,7,7,7,274,0,6,18,16,35,59,63,77,0.0,11,761,144,0,13,13,12,18,33,20,35,0.0,14,5567,0.0,0,7,7,7,7,,,,,,,,,,,,,3617.4,2964.4,2708.4,2255.1,1928.3,461.9,372.6,33.6,6.7,3313.4,504.3,288.4,427.4,260.4,101.9,91.0,0.0,0.0,0.0
330214,NY,330214,NYU LANGONE HOSPITALS,550 FIRST AVENUE,NEW YORK,10016,Short Term,36061,POINT (-73.974303 40.742311),"[C330214-B, C330214-A, C330214-C, C330214-D]",20230623,20210101,1,17355,14821,12822,10470,8544,2211,2123,35,22,15538,2730,1785.0,1942.0,1269.0,347,345.0,0.0,0.0,0.0,7,7,7,7,7,7,7,7,7,7,7,7,7,7,7,7,7,7,7,240,-999999,5,17,23,21,54,57,61,,6,2634,54,-999999,-999999,4,5,13,12,7,11,,7,4105,0.0,0,7,7,7,7,,,,,,,,,,,,,2479.3,2117.3,1831.7,1495.7,1220.6,315.9,303.3,5.0,-999999.0,2219.7,390.0,255.0,277.4,181.3,49.6,49.3,0.0,0.0,0.0
330285,NY,330285,STRONG MEMORIAL HOSPITAL,601 ELMWOOD AVE,ROCHESTER,14642,Short Term,36055,POINT (-77.623587 43.122832),[C330285-A],20230623,20210101,1,9352,8316,7378,6311,5368,1281,1238,42,36,8414,1127,931.0,945.0,770.0,354,353.0,0.0,0.0,0.0,7,7,7,7,7,7,7,7,7,7,7,7,7,7,7,7,7,7,7,84,0,-999999,6,-999999,14,24,17,18,0.0,7,129,36,0,5,4,-999999,8,9,5,-999999,0.0,5,1867,0.0,0,7,7,7,7,,,,,,,,,,,,,1336.0,1188.0,1054.0,901.6,766.9,183.0,176.9,6.0,5.1,1202.0,161.0,133.0,135.0,110.0,50.6,50.4,0.0,0.0,0.0
050025,CA,050025,UC SAN DIEGO HEALTH HILLCREST - HILLCREST MED CTR,200 WEST ARBOR DRIVE,SAN DIEGO,92103,Short Term,06073,POINT (-117.165844 32.754258),"[C050025-A, C050025-B]",20240308,20210103,1,5853,5293,4509,3981,3798,965,936,-999999,0,5069,1184,708.0,834.0,651.0,300,293.0,0.0,0.0,0.0,7,7,7,7,7,7,7,7,7,7,7,7,7,7,7,7,7,7,7,38,0,-999999,7,-999999,5,13,5,-999999,0.0,0,560,16,0,-999999,-999999,-999999,4,-999999,-999999,-999999,0.0,0,1429,0.0,0,7,7,7,7,,,,,,,,,,,,,836.1,756.1,644.1,568.7,542.6,137.9,133.7,-999999.0,0.0,724.1,169.1,101.1,119.1,93.0,42.9,41.9,0.0,0.0,0.0
050262,CA,050262,RONALD REAGAN UCLA MEDICAL CENTER,757 WESTWOOD PLAZA,LOS ANGELES,90095,Short Term,06037,POINT (-118.446328 34.066455),[C050262-A],20240308,20210103,1,3199,2723,2492,2711,2388,765,656,26,22,2968,1085,763.0,923.0,703.0,287,281.0,0.0,0.0,0.0,7,7,7,7,7,7,7,7,7,7,7,7,7,7,7,7,7,7,7,101,0,7,9,11,23,20,11,20,0.0,5,228,10,0,4,0,0,-999999,-999999,0,-999999,0.0,-999999,785,0.0,0,7,7,7,7,,,,,,,,,,,,,457.0,389.0,356.0,387.3,341.1,109.3,93.7,-999999.0,-999999.0,424.0,155.0,109.0,131.9,100.4,41.0,40.1,0.0,0.0,0.0
050373,CA,050373,LOS ANGELES GENERAL MEDICAL CENTER,"2051 MARENGO ST, ROOM C2K100",LOS ANGELES,90033,Short Term,06037,POINT (-118.206478 34.056278),[C050373-A],20240308,20210103,1,4594,4273,4273,4079,3837,1711,1686,27,27,4594,1029,832.0,903.0,730.0,432,428.0,0.0,0.0,0.0,7,7,7,7,7,7,7,7,7,7,7,7,7,7,7,7,7,7,7,171,0,11,19,28,37,35,25,16,0.0,5,237,4,0,0,-999999,-999999,-999999,-999999,0,0,0.0,0,1918,0.0,0,7,7,7,7,,,,,,,,,,,,,656.3,610.4,610.4,582.7,548.1,244.4,240.9,-999999.0,-999999.0,656.3,147.0,118.9,129.0,104.3,61.7,61.1,0.0,0.0,0.0
050441,CA,050441,STANFORD HEALTH CARE,300 PASTEUR DRIVE,STANFORD,94305,Short Term,06085,POINT (-122.175944 37.433018),[C050441-A],20240308,20210103,1,4446,4327,4327,4003,4003,891,856,0,0,4327,702,702.0,694.0,694.0,279,262.0,0.0,0.0,0.0,7,7,7,7,7,7,7,7,7,7,7,7,7,7,7,7,7,7,7,107,-999999,6,11,19,24,16,12,18,0.0,-999999,343,340,0,23,39,36,57,61,75,49,0.0,-999999,1898,0.0,0,7,7,7,7,,,,,,,,,,,,,635.1,618.1,618.1,571.9,571.9,127.3,122.3,0.0,0.0,618.1,100.3,100.3,99.1,99.1,39.9,37.4,0.0,0.0,0.0
050454,CA,050454,UCSF MEDICAL CENTER,"505 PARNASSUS AVE, BOX 0296",SAN FRANCISCO,94143,Short Term,06075,POINT (-122.457544 37.762452),"[C050454-C, C050454-B, C050454-D, C050454-A]",20240308,20210103,1,5639,4235,4235,4300,3240,551,527,29,29,5639,1337,714.0,1079.0,561.0,146,146.0,0.0,0.0,0.0,7,7,7,7,7,7,7,7,7,7,7,7,7,7,7,7,7,7,7,5,-999999,-999999,-999999,0,0,0,0,0,0.0,5,266,0,0,0,0,0,0,0,0,0,0.0,0,850,0.0,0,7,7,7,7,,,,,,,,,,,,,805.6,605.0,605.0,614.3,462.9,78.7,75.3,4.1,4.1,805.6,191.0,102.0,154.1,80.1,20.9,20.9,0.0,0.0,0.0
050625,CA,050625,CEDARS-SINAI MEDICAL CENTER,8700 BEVERLY BLVD,LOS ANGELES,90048,Short Term,06037,POINT (-118.380016 34.076549),[C050625-A],20240308,20210103,1,6430,6187,5927,5682,5658,2312,2128,14,6,6134,1125,,,,572,,0.0,0.0,0.0,7,7,7,7,7,7,7,7,7,7,7,0,0,0,7,0,7,7,7,155,0,6,11,14,21,30,27,46,0.0,-999999,391,89,0,0,4,6,15,18,17,29,0.0,-999999,1437,0.0,0,7,7,7,7,,,,,,,,,,,,,918.6,883.9,846.7,811.7,808.3,330.3,304.0,-999999.0,-999999.0,876.3,160.7,,,,81.7,,0.0,0.0,0.0
330005,NY,330005,KALEIDA HEALTH,100 HIGH STREET,BUFFALO,14210,Short Term,36029,POINT (-78.865984 42.900906),"[C330005-C, C330005-B, C330005-A]",20240308,20210103,1,6853,6853,6328,4838,4838,1198,1154,0,0,6328,1505,1505.0,985.0,985.0,237,231.0,0.0,0.0,0.0,7,7,7,7,7,7,7,7,7,7,7,7,7,7,7,7,7,7,7,89,0,-999999,4,5,15,13,26,24,0.0,0,325,149,0,4,5,12,13,42,35,38,0.0,0,1726,0.0,0,7,7,7,7,,,,,,,,,,,,,979.0,979.0,904.0,691.1,691.1,171.1,164.9,0.0,0.0,904.0,215.0,215.0,140.7,140.7,33.9,33.0,0.0,0.0,0.0
330024,NY,330024,MOUNT SINAI HOSPITAL,ONE GUSTAVE L LEVY PLACE,NEW YORK,10029,Short Term,36061,POINT (-73.953392 40.790390),"[C330024-B, C330024-A]",20240308,20210103,1,11991,11081,9345,6560,6006,1550,1112,65,12,10255,1802,1655.0,867.0,768.0,221,189.0,0.0,0.0,0.0,7,7,7,7,7,7,7,7,7,7,7,7,7,7,7,7,7,7,7,96,-999999,-999999,5,5,22,23,15,23,0.0,-999999,1225,30,0,-999999,-999999,7,-999999,9,4,4,0.0,-999999,4158,0.0,0,7,7,7,7,,,,,,,,,,,,,1713.0,1583.0,1335.0,937.1,858.0,221.4,158.9,9.3,-999999.0,1465.0,257.4,236.4,123.9,109.7,31.6,27.0,0.0,0.0,0.0
330059,NY,330059,MONTEFIORE MEDICAL CENTER,111 EAST 210TH STREET,BRONX,10467,Short Term,36005,POINT (-73.879896 40.879872),"[C330059-C, C330059-B, C330059-A, C330059-D]",20240308,20210103,1,10955,9604,9604,8784,8031,1850,1760,20,20,10955,1505,924.0,1402.0,776.0,317,317.0,0.0,0.0,0.0,7,7,7,7,7,7,7,7,7,7,7,7,7,7,7,7,7,7,7,225,0,17,11,14,43,57,45,30,8.0,8,1986,0,0,0,0,0,0,0,0,0,0.0,0,4471,0.0,0,7,7,7,7,,,,,,,,,,,,,1565.0,1372.0,1372.0,1254.9,1147.3,264.3,251.4,-999999.0,-999999.0,1565.0,215.0,132.0,200.3,110.9,45.3,45.3,0.0,0.0,0.0
330101,NY,330101,NEW YORK-PRESBYTERIAN HOSPITAL,525 EAST 68TH STREET,NEW YORK,10065,Short Term,36061,POINT (-73.954509 40.764355),"[C330101-A, C330101-H, C330101-D, C330101-F, C330101-G, C330101-C, C330101-E]",20240308,20210103,1,24972,20499,18707,16430,14039,3347,2739,231,41,22844,3511,2012.0,3036.0,1858.0,743,662.0,0.0,0.0,0.0,7,7,7,7,7,7,7,7,7,7,7,7,7,7,7,7,7,7,7,276,0,8,17,19,39,56,64,73,0.0,8,748,135,0,14,17,11,17,33,13,30,0.0,16,5773,0.0,0,7,7,7,7,,,,,,,,,,,,,3567.4,2928.4,2672.4,2347.1,2005.6,478.1,391.3,33.0,5.9,3263.4,501.6,287.4,433.7,265.4,106.1,94.6,0.0,0.0,0.0
330214,NY,330214,NYU LANGONE HOSPITALS,550 FIRST AVENUE,NEW YORK,10016,Short Term,36061,POINT (-73.974303 40.742311),"[C330214-B, C330214-A, C330214-C, C330214-D]",20240308,20210103,1,17366,14832,12872,10932,8972,2262,2165,45,27,15588,2730,1785.0,2047.0,1359.0,379,373.0,0.0,0.0,0.0,7,7,7,7,7,7,7,7,7,7,7,7,7,7,7,7,7,7,7,258,-999999,6,19,23,21,64,60,63,,7,2727,68,-999999,-999999,4,7,11,13,11,17,-999999.0,15,4176,0.0,0,7,7,7,7,,,,,,,,,,,,,2480.9,2118.9,1838.9,1561.7,1281.7,323.1,309.3,6.4,-999999.0,2226.9,390.0,255.0,292.4,194.1,54.1,53.3,0.0,0.0,0.0
330285,NY,330285,STRONG MEMORIAL HOSPITAL,601 ELMWOOD AVE,ROCHESTER,14642,Short Term,36055,POINT (-77.623587 43.122832),[C330285-A],20240308,20210103,1,9352,8316,7378,6301,5342,1270,1230,40,32,8414,1127,931.0,948.0,772.0,362,362.0,0.0,0.0,0.0,7,7,7,7,7,7,7,7,7,7,7,7,7,7,7,7,7,7,7,87,0,5,8,-999999,14,26,16,16,0.0,8,118,32,0,5,6,-999999,8,6,-999999,-999999,0.0,7,1892,0.0,0,7,7,7,7,,,,,,,,,,,,,1336.0,1188.0,1054.0,900.1,763.1,181.4,175.7,5.7,4.6,1202.0,161.0,133.0,135.4,110.3,51.7,51.7,0.0,0.0,0.0
050025,CA,050025,UC SAN DIEGO HEALTH HILLCREST - HILLCREST MED CTR,200 WEST ARBOR DRIVE,SAN DIEGO,92103,Short Term,06073,POINT (-117.165844 32.754258),"[C050025-A, C050025-B]",20230623,20210108,1,5853,5293,4509,4003,3835,1078,1051,-999999,0,5069,1184,708.0,833.0,665.0,308,301.0,0.0,0.0,0.0,7,7,7,7,7,7,7,7,7,7,7,7,7,7,7,7,7,7,7,37,0,-999999,4,5,6,9,4,6,0.0,0,520,14,0,-999999,-999999,0,-999999,-999999,5,-999999,0.0,0,1394,0.0,0,7,7,7,7,,,,,,,,,,,,,836.1,756.1,644.1,571.9,547.9,154.0,150.1,-999999.0,0.0,724.1,169.1,101.1,119.0,95.0,44.0,43.0,0.0,0.0,0.0
050262,CA,050262,RONALD REAGAN UCLA MEDICAL CENTER,757 WESTWOOD PLAZA,LOS ANGELES,90095,Short Term,06037,POINT (-118.44562 34.06617),[C050262-A],20230623,20210108,1,3199,2723,2492,2655,2355,817,705,21,21,2968,1085,763.0,914.0,696.0,268,268.0,0.0,0.0,0.0,7,7,7,7,7,7,7,7,7,7,7,7,7,7,7,7,7,7,7,87,0,9,6,12,23,14,4,19,0.0,-999999,199,0,0,0,0,0,0,0,0,0,0.0,0,780,0.0,0,7,7,7,7,,,,,,,,,,,,,457.0,389.0,356.0,379.3,336.4,116.7,100.7,-999999.0,-999999.0,424.0,155.0,109.0,130.6,99.4,38.3,38.3,0.0,0.0,0.0
050373,CA,050373,LAC+USC MEDICAL CENTER,"1200 N STATE ST, ROOM C2K100",LOS ANGELES,90033,Short Term,06037,POINT (-118.208376 34.057996),[C050373-A],20230623,20210108,1,4515,4177,4155,3925,3703,1736,1680,33,29,4493,1038,852.0,833.0,683.0,435,432.0,0.0,0.0,0.0,7,7,7,7,7,7,7,7,7,7,7,7,7,7,7,7,7,7,7,161,0,7,16,26,34,28,31,19,0.0,5,257,8,0,0,-999999,-999999,-999999,-999999,0,0,0.0,0,1905,0.0,0,7,7,7,7,,,,,,,,,,,,,645.0,596.7,593.6,560.7,529.0,248.0,240.0,4.7,4.1,641.9,148.3,121.7,119.0,97.6,62.1,61.7,0.0,0.0,0.0
050441,CA,050441,STANFORD HEALTH CARE,300 PASTEUR DRIVE,STANFORD,94305,Short Term,06085,POINT (-122.175944 37.433018),[C050441-A],20230623,20210108,1,4456,4337,4337,4010,4010,812,773,0,0,4337,693,693.0,675.0,675.0,262,247.0,0.0,0.0,0.0,7,7,7,7,7,7,7,7,7,7,7,7,7,7,7,7,7,7,7,95,-999999,6,10,12,11,23,15,16,0.0,0,290,332,-999999,20,35,34,51,59,71,60,0.0,0,1733,0.0,0,7,7,7,7,,,,,,,,,,,,,636.6,619.6,619.6,572.9,572.9,116.0,110.4,0.0,0.0,619.6,99.0,99.0,96.4,96.4,37.4,35.3,0.0,0.0,0.0
050454,CA,050454,UCSF MEDICAL CENTER,"505 PARNASSUS AVE, BOX 0296",SAN FRANCISCO,94143,Short Term,06075,POINT (-122.457544 37.762452),"[C050454-C, C050454-B, C050454-D, C050454-A]",20230623,20210108,1,5839,4235,4235,4698,3405,543,522,70,57,5839,1339,714.0,1160.0,605.0,173,165.0,0.0,0.0,0.0,7,7,7,7,7,7,7,7,7,7,7,7,7,7,7,7,7,7,7,-999999,0,-999999,-999999,0,0,0,0,0,0.0,-999999,225,0,0,0,0,0,0,0,0,0,0.0,0,806,-999999.0,0,7,7,7,7,,,,,,,,,,,,,834.1,605.0,605.0,671.1,486.4,77.6,74.6,10.0,8.1,834.1,191.3,102.0,165.7,86.4,24.7,23.6,0.0,0.0,0.0
050625,CA,050625,CEDARS-SINAI MEDICAL CENTER,8700 BEVERLY BLVD,LOS ANGELES,90048,Short Term,06037,POINT (-118.380122 34.075496),[C050625-A],20230623,20210108,1,5324,5979,5517,4578,4560,2163,1983,4,-999999,4937,1085,,,,546,,0.0,0.0,0.0,6,7,7,6,7,7,7,7,7,6,7,0,0,0,7,0,7,7,7,156,-999999,6,9,19,25,29,28,39,0.0,0,317,72,-999999,-999999,5,4,9,11,17,22,0.0,0,1354,0.0,1,7,7,7,7,,,,,,,,,,,,,887.3,854.1,788.1,763.0,651.4,309.0,283.3,-999999.0,-999999.0,822.8,155.0,,,,78.0,,0.0,0.0,0.0
330005,NY,330005,KALEIDA HEALTH,100 HIGH STREET,BUFFALO,14210,Short Term,36029,POINT (-78.865984 42.900906),"[C330005-B, C330005-A]",20230623,20210108,1,6853,6853,6328,4947,4947,1158,1122,0,0,6328,1505,1505.0,1001.0,1001.0,216,205.0,0.0,0.0,0.0,7,7,7,7,7,7,7,7,7,7,7,7,7,7,7,7,7,7,7,107,0,-999999,8,4,17,20,30,26,0.0,0,310,161,0,6,5,11,21,37,35,46,0.0,0,1781,0.0,0,7,7,7,7,0.0,,0.0,,6112.0,,4803.0,,1261.0,,2392.0,,979.0,979.0,904.0,706.7,706.7,165.4,160.3,0.0,0.0,904.0,215.0,215.0,143.0,143.0,30.9,29.3,0.0,0.0,0.0
330024,NY,330024,MOUNT SINAI HOSPITAL,ONE GUSTAVE L LEVY PLACE,NEW YORK,10029,Short Term,36061,POINT (-73.953392 40.790390),"[C330024-B, C330024-A]",20230623,20210108,1,11991,11081,9345,6974,6437,1664,1215,81,11,10255,1806,1659.0,922.0,834.0,228,207.0,0.0,0.0,0.0,7,7,7,7,7,7,7,7,7,7,7,7,7,7,7,7,7,7,7,98,0,-999999,6,9,16,22,21,22,0.0,-999999,1152,28,0,-999999,4,5,4,6,5,-999999,-999999.0,-999999,3999,0.0,0,7,7,7,7,,,,,,,,,,,,,1713.0,1583.0,1335.0,996.3,919.6,237.7,173.6,11.6,-999999.0,1465.0,258.0,237.0,131.7,119.1,32.6,29.6,0.0,0.0,0.0
330059,NY,330059,MONTEFIORE MEDICAL CENTER,111 EAST 210TH STREET,BRONX,10467,Short Term,36005,POINT (-73.879897 40.879872),"[C330059-C, C330059-B, C330059-A, C330059-D]",20230623,20210108,1,10955,9604,9604,9321,8434,1996,1906,33,33,10955,1460,879.0,1252.0,787.0,370,370.0,0.0,0.0,0.0,7,7,7,7,7,7,7,7,7,7,7,7,7,7,7,7,7,7,7,241,-999999,11,12,20,44,53,43,51,4.0,4,1971,0,0,0,0,0,0,0,0,0,0.0,0,4386,0.0,0,7,7,7,7,,,,,,,,,,,,,1565.0,1372.0,1372.0,1331.6,1204.9,285.1,272.3,4.7,4.7,1565.0,208.6,125.6,178.9,112.4,52.9,52.9,0.0,0.0,0.0
330101,NY,330101,NEW YORK-PRESBYTERIAN HOSPITAL,525 EAST 68TH STREET,NEW YORK,10065,Short Term,36061,POINT (-73.954509 40.764355),"[C330101-A, C330101-H, C330101-D, C330101-F, C330101-G, C330101-C, C330101-E]",20230623,20210108,1,24642,20225,18433,16753,14203,3407,2815,211,17,22514,3521,2008.0,3093.0,1887.0,744,665.0,0.0,0.0,0.0,7,7,7,7,7,7,7,7,7,7,7,7,7,7,7,7,7,7,7,268,-999999,9,18,19,38,43,58,81,0.0,4,717,133,-999999,7,17,7,24,30,26,20,0.0,17,5535,0.0,0,7,7,7,7,,,,,,,,,,,,,3520.3,2889.3,2633.3,2393.3,2029.0,486.7,402.1,30.1,-999999.0,3216.3,503.0,286.9,441.9,269.6,106.3,95.0,0.0,0.0,0.0
330214,NY,330214,NYU LANGONE HOSPITALS,550 FIRST AVENUE,NEW YORK,10016,Short Term,36061,POINT (-73.974303 40.742311),"[C330214-B, C330214-A, C330214-C, C330214-D]",20230623,20210108,1,17465,14931,12971,11102,9186,2434,2326,43,28,15687,2730,1785.0,2123.0,1422.0,451,434.0,0.0,0.0,0.0,7,7,7,7,7,7,7,7,7,7,7,7,7,7,7,7,7,7,7,277,0,8,15,27,31,68,64,64,,7,2496,70,0,5,6,9,9,10,11,17,-999999.0,13,4184,0.0,0,7,7,7,7,,,,,,,,,,,,,2495.0,2133.0,1853.0,1586.0,1312.3,347.7,332.3,6.1,4.0,2241.0,390.0,255.0,303.3,203.1,64.4,62.0,0.0,0.0,0.0
330285,NY,330285,STRONG MEMORIAL HOSPITAL,601 ELMWOOD AVE,ROCHESTER,14642,Short Term,36055,POINT (-77.623587 43.122832),[C330285-A],20230623,20210108,1,9352,8316,7378,6275,5219,1143,1115,32,19,8414,1127,931.0,965.0,789.0,322,317.0,0.0,0.0,0.0,7,7,7,7,7,7,7,7,7,7,7,7,7,7,7,7,7,7,7,83,-999999,5,4,4,21,18,16,14,0.0,6,100,19,-999999,-999999,-999999,-999999,4,4,4,0,0.0,13,1855,0.0,0,7,7,7,7,,,,,,,,,,,,,1336.0,1188.0,1054.0,896.4,745.6,163.3,159.3,4.6,-999999.0,1202.0,161.0,133.0,137.9,112.7,46.0,45.3,0.0,0.0,0.0
050025,CA,050025,UC SAN DIEGO HEALTH HILLCREST - HILLCREST MED CTR,200 WEST ARBOR DRIVE,SAN DIEGO,92103,Short Term,06073,POINT (-117.165844 32.754258),"[C050025-A, C050025-B]",20240308,20210110,1,5852,5292,4508,4028,3861,1085,1055,-999999,0,5068,1183,707.0,841.0,674.0,303,294.0,0.0,0.0,0.0,7,7,7,7,7,7,7,7,7,7,7,7,7,7,7,7,7,7,7,42,0,-999999,7,6,9,7,5,5,0.0,0,502,14,0,-999999,0,-999999,-999999,-999999,-999999,-999999,0.0,0,1366,0.0,0,7,7,7,7,,,,,,,,,,,,,836.0,756.0,644.0,575.4,551.6,155.0,150.7,-999999.0,0.0,724.0,169.0,101.0,120.1,96.3,43.3,42.0,0.0,0.0,0.0
050262,CA,050262,RONALD REAGAN UCLA MEDICAL CENTER,757 WESTWOOD PLAZA,LOS ANGELES,90095,Short Term,06037,POINT (-118.446328 34.066455),[C050262-A],20240308,20210110,1,3199,2723,2492,2678,2385,839,722,21,18,2968,1085,763.0,931.0,705.0,270,265.0,0.0,0.0,0.0,7,7,7,7,7,7,7,7,7,7,7,7,7,7,7,7,7,7,7,80,0,5,5,11,16,17,7,19,0.0,-999999,218,0,0,0,0,0,0,0,0,0,0.0,0,789,0.0,0,7,7,7,7,,,,,,,,,,,,,457.0,389.0,356.0,382.6,340.7,119.9,103.1,-999999.0,-999999.0,424.0,155.0,109.0,133.0,100.7,38.6,37.9,0.0,0.0,0.0
050373,CA,050373,LOS ANGELES GENERAL MEDICAL CENTER,"2051 MARENGO ST, ROOM C2K100",LOS ANGELES,90033,Short Term,06037,POINT (-118.206478 34.056278),[C050373-A],20240308,20210110,1,4511,4144,4105,3945,3727,1717,1649,36,30,4472,1021,831.0,836.0,686.0,454,453.0,0.0,0.0,0.0,7,7,7,7,7,7,7,7,7,7,7,7,7,7,7,7,7,7,7,159,0,7,11,24,35,32,31,19,0.0,5,267,9,0,-999999,-999999,-999999,4,0,-999999,0,0.0,0,1916,0.0,0,7,7,7,7,,,,,,,,,,,,,644.4,592.0,586.4,563.6,532.4,245.3,235.6,5.1,4.3,638.9,145.9,118.7,119.4,98.0,64.9,64.7,0.0,0.0,0.0
050441,CA,050441,STANFORD HEALTH CARE,300 PASTEUR DRIVE,STANFORD,94305,Short Term,06085,POINT (-122.175944 37.433018),[C050441-A],20240308,20210110,1,4437,4318,4318,3960,3960,777,732,0,0,4318,693,693.0,657.0,657.0,244,225.0,0.0,0.0,0.0,7,7,7,7,7,7,7,7,7,7,7,7,7,7,7,7,7,7,7,101,-999999,8,15,9,10,24,17,17,0.0,0,271,317,-999999,18,37,27,48,63,61,61,0.0,0,1664,0.0,0,7,7,7,7,,,,,,,,,,,,,633.9,616.9,616.9,565.7,565.7,111.0,104.6,0.0,0.0,616.9,99.0,99.0,93.9,93.9,34.9,32.1,0.0,0.0,0.0
050454,CA,050454,UCSF MEDICAL CENTER,"505 PARNASSUS AVE, BOX 0296",SAN FRANCISCO,94143,Short Term,06075,POINT (-122.457544 37.762452),"[C050454-C, C050454-B, C050454-D, C050454-A]",20240308,20210110,1,5838,4235,4235,4695,3397,521,505,62,48,5838,1342,714.0,1153.0,601.0,173,163.0,0.0,0.0,0.0,7,7,7,7,7,7,7,7,7,7,7,7,7,7,7,7,7,7,7,0,0,0,0,0,0,0,0,0,0.0,-999999,249,0,0,0,0,0,0,0,0,0,0.0,0,828,-999999.0,0,7,7,7,7,,,,,,,,,,,,,834.0,605.0,605.0,670.7,485.3,74.4,72.1,8.9,6.9,834.0,191.7,102.0,164.7,85.9,24.7,23.3,0.0,0.0,0.0
050625,CA,050625,CEDARS-SINAI MEDICAL CENTER,8700 BEVERLY BLVD,LOS ANGELES,90048,Short Term,06037,POINT (-118.380016 34.076549),[C050625-A],20240308,20210110,1,5334,5980,5518,4628,4610,2050,1867,0,0,4938,1085,,,,497,,0.0,0.0,0.0,6,7,7,6,7,7,7,7,7,6,7,0,0,0,7,0,7,7,7,148,-999999,-999999,11,17,23,29,25,39,-999999.0,0,307,77,-999999,-999999,6,5,5,16,19,22,0.0,0,1361,0.0,1,7,7,7,7,,,,,,,,,,,,,889.0,854.3,788.3,771.3,658.6,292.9,266.7,0.0,0.0,823.0,155.0,,,,71.0,,0.0,0.0,0.0
330005,NY,330005,KALEIDA HEALTH,100 HIGH STREET,BUFFALO,14210,Short Term,36029,POINT (-78.865984 42.900906),"[C330005-C, C330005-B, C330005-A]",20240308,20210110,1,6853,6853,6328,4915,4915,1147,1122,0,0,6328,1505,1505.0,1004.0,1004.0,215,206.0,0.0,0.0,0.0,7,7,7,7,7,7,7,7,7,7,7,7,7,7,7,7,7,7,7,110,0,-999999,7,4,14,24,33,27,0.0,0,282,147,0,5,-999999,6,17,28,39,49,0.0,0,1808,0.0,0,7,7,7,7,0.0,,0.0,,6112.0,,4803.0,,1261.0,,2392.0,,979.0,979.0,904.0,702.1,702.1,163.9,160.3,0.0,0.0,904.0,215.0,215.0,143.4,143.4,30.7,29.4,0.0,0.0,0.0
330024,NY,330024,MOUNT SINAI HOSPITAL,ONE GUSTAVE L LEVY PLACE,NEW YORK,10029,Short Term,36061,POINT (-73.953392 40.790390),"[C330024-B, C330024-A]",20240308,20210110,1,11991,11081,9345,7063,6530,1626,1226,79,11,10255,1806,1659.0,920.0,833.0,225,206.0,0.0,0.0,0.0,7,7,7,7,7,7,7,7,7,7,7,7,7,7,7,7,7,7,7,109,0,-999999,8,11,12,28,22,27,0.0,-999999,1123,24,0,-999999,6,-999999,4,4,4,0,-999999.0,-999999,3987,0.0,0,7,7,7,7,,,,,,,,,,,,,1713.0,1583.0,1335.0,1009.0,932.9,232.3,175.1,11.3,-999999.0,1465.0,258.0,237.0,131.4,119.0,32.1,29.4,0.0,0.0,0.0
330059,NY,330059,MONTEFIORE MEDICAL CENTER,111 EAST 210TH STREET,BRONX,10467,Short Term,36005,POINT (-73.879896 40.879872),"[C330059-C, C330059-B, C330059-A, C330059-D]",20240308,20210110,1,10955,9604,9604,9423,8540,2128,2128,32,32,10955,1442,861.0,1247.0,792.0,398,397.0,0.0,0.0,0.0,7,7,7,7,7,7,7,7,7,7,7,7,7,7,7,7,7,7,7,252,-999999,10,13,25,42,43,47,64,5.0,5,2098,0,0,0,0,0,0,0,0,0,0.0,0,4451,0.0,0,7,7,7,7,,,,,,,,,,,,,1565.0,1372.0,1372.0,1346.1,1220.0,304.0,304.0,4.6,4.6,1565.0,206.0,123.0,178.1,113.1,56.9,56.7,0.0,0.0,0.0
330101,NY,330101,NEW YORK-PRESBYTERIAN HOSPITAL,525 EAST 68TH STREET,NEW YORK,10065,Short Term,36061,POINT (-73.954509 40.764355),"[C330101-A, C330101-H, C330101-D, C330101-F, C330101-G, C330101-C, C330101-E]",20240308,20210110,1,24640,20223,18431,16737,14170,3544,2834,210,15,22512,3520,2003.0,3111.0,1884.0,758,674.0,0.0,0.0,0.0,7,7,7,7,7,7,7,7,7,7,7,7,7,7,7,7,7,7,7,288,-999999,8,15,23,38,47,60,95,0.0,-999999,824,159,-999999,8,20,9,32,28,38,22,0.0,20,5550,0.0,0,7,7,7,7,,,,,,,,,,,,,3520.0,2889.0,2633.0,2391.0,2024.3,506.3,404.9,30.0,-999999.0,3216.0,502.9,286.1,444.4,269.1,108.3,96.3,0.0,0.0,0.0
330214,NY,330214,NYU LANGONE HOSPITALS,550 FIRST AVENUE,NEW YORK,10016,Short Term,36061,POINT (-73.974303 40.742311),"[C330214-B, C330214-A, C330214-C, C330214-D]",20240308,20210110,1,17465,14931,12971,11125,9240,2530,2419,35,25,15687,2730,1785.0,2120.0,1430.0,469,453.0,0.0,0.0,0.0,7,7,7,7,7,7,7,7,7,7,7,7,7,7,7,7,7,7,7,306,-999999,8,18,30,35,73,65,76,,7,2582,60,0,4,9,6,11,7,8,14,-999999.0,5,4274,0.0,0,7,7,7,7,,,,,,,,,,,,,2495.0,2133.0,1853.0,1589.3,1320.0,361.4,345.6,5.0,-999999.0,2241.0,390.0,255.0,302.9,204.3,67.0,64.7,0.0,0.0,0.0
330285,NY,330285,STRONG MEMORIAL HOSPITAL,601 ELMWOOD AVE,ROCHESTER,14642,Short Term,36055,POINT (-77.623587 43.122832),[C330285-A],20240308,20210110,1,9352,8316,7378,6261,5179,1084,1058,25,15,8414,1127,931.0,968.0,793.0,306,298.0,0.0,0.0,0.0,7,7,7,7,7,7,7,7,7,7,7,7,7,7,7,7,7,7,7,71,-999999,-999999,-999999,6,18,12,16,13,0.0,4,101,16,-999999,-999999,-999999,-999999,-999999,5,4,-999999,0.0,10,1869,0.0,0,7,7,7,7,,,,,,,,,,,,,1336.0,1188.0,1054.0,894.4,739.9,154.9,151.1,-999999.0,-999999.0,1202.0,161.0,133.0,138.3,113.3,43.7,42.6,0.0,0.0,0.0
050025,CA,050025,UC SAN DIEGO HEALTH HILLCREST - HILLCREST MED CTR,200 WEST ARBOR DRIVE,SAN DIEGO,92103,Short Term,06073,POINT (-117.165844 32.754258),"[C050025-A, C050025-B]",20230623,20210115,1,5853,5293,4509,3989,3807,963,939,-999999,0,5069,1183,707.0,841.0,659.0,282,273.0,0.0,0.0,0.0,7,7,7,7,7,7,7,7,7,7,7,7,7,7,7,7,7,7,7,34,0,-999999,4,-999999,6,8,4,6,0.0,0,509,10,0,0,-999999,-999999,-999999,-999999,-999999,-999999,0.0,-999999,1399,0.0,0,7,7,7,7,,,,,,,,,,,,,836.1,756.1,644.1,569.9,543.9,137.6,134.1,-999999.0,0.0,724.1,169.0,101.0,120.1,94.1,40.3,39.0,0.0,0.0,0.0
050262,CA,050262,RONALD REAGAN UCLA MEDICAL CENTER,757 WESTWOOD PLAZA,LOS ANGELES,90095,Short Term,06037,POINT (-118.44562 34.06617),[C050262-A],20230623,20210115,1,3211,2735,2504,2739,2427,820,708,23,17,2980,1097,775.0,975.0,732.0,299,281.0,0.0,0.0,0.0,7,7,7,7,7,7,7,7,7,7,7,7,7,7,7,7,7,7,7,45,0,-999999,-999999,-999999,7,9,9,13,0.0,-999999,206,0,0,0,0,0,0,0,0,0,0.0,0,808,0.0,0,7,7,7,7,,,,,,,,,,,,,458.7,390.7,357.7,391.3,346.7,117.1,101.1,-999999.0,-999999.0,425.7,156.7,110.7,139.3,104.6,42.7,40.1,0.0,0.0,0.0
050373,CA,050373,LAC+USC MEDICAL CENTER,"1200 N STATE ST, ROOM C2K100",LOS ANGELES,90033,Short Term,06037,POINT (-118.208376 34.057996),[C050373-A],20230623,20210115,1,4693,4261,4154,3884,3669,1609,1558,39,35,4586,1042,811.0,909.0,754.0,500,500.0,0.0,0.0,0.0,7,7,7,7,7,7,7,7,7,7,7,7,7,7,7,7,7,7,7,127,-999999,7,11,18,28,24,21,17,0.0,5,222,5,0,-999999,-999999,0,-999999,0,-999999,0,0.0,0,1996,0.0,0,7,7,7,7,,,,,,,,,,,,,670.4,608.7,593.4,554.9,524.1,229.9,222.6,5.6,5.0,655.1,148.9,115.9,129.9,107.7,71.4,71.4,0.0,0.0,0.0
050441,CA,050441,STANFORD HEALTH CARE,300 PASTEUR DRIVE,STANFORD,94305,Short Term,06085,POINT (-122.175944 37.433018),[C050441-A],20230623,20210115,1,4423,4304,4304,3714,3714,669,623,-999999,-999999,4304,698,698.0,670.0,670.0,243,222.0,0.0,0.0,0.0,7,7,7,7,7,7,7,7,7,7,7,7,7,7,7,7,7,7,7,89,-999999,10,18,7,17,14,11,11,0.0,-999999,240,268,0,25,38,28,35,50,55,37,0.0,-999999,1551,0.0,0,7,7,7,6,,,,,,,,,,,,,631.9,614.9,614.9,530.6,530.6,95.6,89.0,-999999.0,-999999.0,614.9,99.7,99.7,95.7,95.7,34.7,31.7,0.0,0.0,0.0
050454,CA,050454,UCSF MEDICAL CENTER,"505 PARNASSUS AVE, BOX 0296",SAN FRANCISCO,94143,Short Term,06075,POINT (-122.457544 37.762452),"[C050454-C, C050454-B, C050454-D, C050454-A]",20230623,20210115,1,5858,4235,4235,4671,3339,440,429,30,27,5858,1331,714.0,1121.0,597.0,162,160.0,0.0,0.0,0.0,7,7,7,7,7,7,7,7,7,7,7,7,7,7,7,7,7,7,7,-999999,0,0,-999999,0,0,0,0,0,0.0,-999999,230,0,0,0,0,0,0,0,0,0,0.0,0,843,0.0,0,7,7,7,7,,,,,,,,,,,,,836.9,605.0,605.0,667.3,477.0,62.9,61.3,4.3,-999999.0,836.9,190.1,102.0,160.1,85.3,23.1,22.9,0.0,0.0,0.0
050625,CA,050625,CEDARS-SINAI MEDICAL CENTER,8700 BEVERLY BLVD,LOS ANGELES,90048,Short Term,06037,POINT (-118.380122 34.075496),[C050625-A],20230623,20210115,1,6171,6080,5618,5482,5428,1865,1707,-999999,-999999,5709,1085,,,,402,,0.0,0.0,0.0,7,7,7,7,7,7,7,7,7,7,7,0,0,0,7,0,7,7,7,153,0,-999999,11,10,24,33,32,40,-999999.0,-999999,293,62,0,0,-999999,-999999,5,15,14,21,-999999.0,0,1378,0.0,0,7,7,7,7,0.0,,0.0,,16701.0,,5022.0,,7755.0,,6680.0,,881.6,868.6,802.6,783.1,775.4,266.4,243.9,-999999.0,-999999.0,815.6,155.0,,,,57.4,,0.0,0.0,0.0
330005,NY,330005,KALEIDA HEALTH,100 HIGH STREET,BUFFALO,14210,Short Term,36029,POINT (-78.865984 42.900906),"[C330005-B, C330005-A]",20230623,20210115,1,6853,6853,6328,4752,4752,1096,1079,0,0,6328,1505,1505.0,1005.0,1005.0,228,221.0,0.0,0.0,0.0,7,7,7,7,7,7,7,7,7,7,7,7,7,7,7,7,7,7,7,81,0,-999999,-999999,5,12,17,26,19,0.0,0,255,126,0,-999999,5,6,20,15,29,50,0.0,0,1704,0.0,0,7,7,7,7,0.0,,0.0,,707.0,,1860.0,,2748.0,,4253.0,,979.0,979.0,904.0,678.9,678.9,156.6,154.1,0.0,0.0,904.0,215.0,215.0,143.6,143.6,32.6,31.6,0.0,0.0,0.0
330024,NY,330024,MOUNT SINAI HOSPITAL,ONE GUSTAVE L LEVY PLACE,NEW YORK,10029,Short Term,36061,POINT (-73.953392 40.790390),"[C330024-B, C330024-A]",20230623,20210115,1,11991,11081,9345,6954,6443,1596,1258,68,15,10255,1806,1659.0,880.0,799.0,213,191.0,0.0,0.0,0.0,7,7,7,7,7,7,7,7,7,7,7,7,7,7,7,7,7,7,7,115,0,-999999,9,9,12,29,22,33,0.0,0,974,19,0,0,5,-999999,-999999,-999999,5,-999999,-999999.0,-999999,3855,0.0,0,7,7,7,7,,,,,,,,,,,,,1713.0,1583.0,1335.0,993.4,920.4,228.0,179.7,9.7,-999999.0,1465.0,258.0,237.0,125.7,114.1,30.4,27.3,0.0,0.0,0.0
330059,NY,330059,MONTEFIORE MEDICAL CENTER,111 EAST 210TH STREET,BRONX,10467,Short Term,36005,POINT (-73.879897 40.879872),"[C330059-C, C330059-B, C330059-A, C330059-D]",20230623,20210115,1,10955,9604,9604,9441,8602,2413,2413,19,19,10955,1442,861.0,1197.0,781.0,382,381.0,0.0,0.0,0.0,7,7,7,7,7,7,7,7,7,7,7,7,7,7,7,7,7,7,7,294,-999999,13,16,27,49,51,76,57,-999999.0,-999999,2145,0,0,0,0,0,0,0,0,0,0.0,0,4531,0.0,0,7,7,7,7,,,,,,,,,,,,,1565.0,1372.0,1372.0,1348.7,1228.9,344.7,344.7,-999999.0,-999999.0,1565.0,206.0,123.0,171.0,111.6,54.6,54.4,0.0,0.0,0.0
330101,NY,330101,NEW YORK-PRESBYTERIAN HOSPITAL,525 EAST 68TH STREET,NEW YORK,10065,Short Term,36061,POINT (-73.954509 40.764355),"[C330101-A, C330101-H, C330101-D, C330101-F, C330101-G, C330101-C, C330101-E]",20230623,20210115,1,24640,20223,18431,17060,14496,3746,3018,211,19,22512,3523,2012.0,3165.0,1906.0,756,680.0,0.0,0.0,0.0,7,7,7,7,7,7,7,7,7,7,7,7,7,7,7,7,7,7,7,323,0,20,12,28,34,63,71,95,0.0,7,844,155,0,15,17,19,23,31,33,17,0.0,17,5752,0.0,0,7,7,7,7,,,,,,,,,,,,,3520.0,2889.0,2633.0,2437.1,2070.9,535.1,431.1,30.1,-999999.0,3216.0,503.3,287.4,452.1,272.3,108.0,97.1,0.0,0.0,0.0
330214,NY,330214,NYU LANGONE HOSPITALS,550 FIRST AVENUE,NEW YORK,10016,Short Term,36061,POINT (-73.974303 40.742311),"[C330214-B, C330214-A, C330214-C, C330214-D]",20230623,20210115,1,17465,14931,12971,11199,9346,2646,2542,27,14,15687,2766,1821.0,2109.0,1442.0,482,468.0,0.0,0.0,0.0,7,7,7,7,7,7,7,7,7,7,7,7,7,7,7,7,7,7,7,295,-999999,10,20,21,41,60,65,77,,4,2893,60,0,5,10,5,11,6,9,14,,6,4189,0.0,0,7,7,7,7,,,,,,,,,,,,,2495.0,2133.0,1853.0,1599.9,1335.1,378.0,363.1,-999999.0,-999999.0,2241.0,395.1,260.1,301.3,206.0,68.9,66.9,0.0,0.0,0.0
330285,NY,330285,STRONG MEMORIAL HOSPITAL,601 ELMWOOD AVE,ROCHESTER,14642,Short Term,36055,POINT (-77.623587 43.122832),[C330285-A],20230623,20210115,1,9352,8316,7378,6289,5243,972,934,24,17,8414,1127,931.0,963.0,785.0,276,264.0,0.0,0.0,0.0,7,7,7,7,7,7,7,7,7,7,7,7,7,7,7,7,7,7,7,63,0,-999999,-999999,5,8,18,18,9,0.0,-999999,91,27,0,-999999,4,-999999,6,4,-999999,4,0.0,6,1875,0.0,0,7,7,7,7,,,,,,,,,,,,,1336.0,1188.0,1054.0,898.4,749.0,138.9,133.4,-999999.0,-999999.0,1202.0,161.0,133.0,137.6,112.1,39.4,37.7,0.0,0.0,0.0
050025,CA,050025,UC SAN DIEGO HEALTH HILLCREST - HILLCREST MED CTR,200 WEST ARBOR DRIVE,SAN DIEGO,92103,Short Term,06073,POINT (-117.165844 32.754258),"[C050025-A, C050025-B]",20240308,20210117,1,5853,5293,4509,3901,3719,890,865,4,0,5069,1183,707.0,835.0,653.0,280,270.0,0.0,0.0,0.0,7,7,7,7,7,7,7,7,7,7,7,7,7,7,7,7,7,7,7,26,0,-999999,-999999,-999999,-999999,7,-999999,7,0.0,0,519,9,0,-999999,-999999,0,-999999,-999999,-999999,0,0.0,-999999,1414,0.0,0,7,7,7,7,,,,,,,,,,,,,836.1,756.1,644.1,557.3,531.3,127.1,123.6,-999999.0,0.0,724.1,169.0,101.0,119.3,93.3,40.0,38.6,0.0,0.0,0.0
050262,CA,050262,RONALD REAGAN UCLA MEDICAL CENTER,757 WESTWOOD PLAZA,LOS ANGELES,90095,Short Term,06037,POINT (-118.446328 34.066455),[C050262-A],20240308,20210117,1,3217,2741,2510,2734,2414,760,654,24,21,2986,1103,781.0,964.0,730.0,283,270.0,0.0,0.0,0.0,7,7,7,7,7,7,7,7,7,7,7,7,7,7,7,7,7,7,7,35,0,5,-999999,-999999,8,6,6,8,0.0,4,177,0,0,0,0,0,0,0,0,0,0.0,0,790,0.0,0,7,7,7,7,,,,,,,,,,,,,459.6,391.6,358.6,390.6,344.9,108.6,93.4,-999999.0,-999999.0,426.6,157.6,111.6,137.7,104.3,40.4,38.6,0.0,0.0,0.0
050373,CA,050373,LOS ANGELES GENERAL MEDICAL CENTER,"2051 MARENGO ST, ROOM C2K100",LOS ANGELES,90033,Short Term,06037,POINT (-118.206478 34.056278),[C050373-A],20240308,20210117,1,4741,4311,4193,3888,3675,1589,1549,41,38,4623,1052,812.0,909.0,762.0,494,494.0,0.0,0.0,0.0,7,7,7,7,7,7,7,7,7,7,7,7,7,7,7,7,7,7,7,129,-999999,6,13,16,34,25,20,14,0.0,7,197,-999999,0,-999999,-999999,0,0,0,0,0,0.0,0,2021,0.0,0,7,7,7,7,,,,,,,,,,,,,677.3,615.9,599.0,555.4,525.0,227.0,221.3,5.9,5.4,660.4,150.3,116.0,129.9,108.9,70.6,70.6,0.0,0.0,0.0
050441,CA,050441,STANFORD HEALTH CARE,300 PASTEUR DRIVE,STANFORD,94305,Short Term,06085,POINT (-122.175944 37.433018),[C050441-A],20240308,20210117,1,4429,4310,4310,3705,3705,627,586,-999999,-999999,4310,702,702.0,692.0,692.0,249,234.0,0.0,0.0,0.0,7,7,7,7,7,7,7,7,7,7,7,7,7,7,7,7,7,7,7,71,-999999,6,12,7,11,15,8,11,0.0,-999999,212,276,0,23,36,23,34,54,57,49,0.0,-999999,1494,0.0,0,7,7,7,6,,,,,,,,,,,,,632.7,615.7,615.7,529.3,529.3,89.6,83.7,-999999.0,-999999.0,615.7,100.3,100.3,98.9,98.9,35.6,33.4,0.0,0.0,0.0
050454,CA,050454,UCSF MEDICAL CENTER,"505 PARNASSUS AVE, BOX 0296",SAN FRANCISCO,94143,Short Term,06075,POINT (-122.457544 37.762452),"[C050454-C, C050454-B, C050454-D, C050454-A]",20240308,20210117,1,5821,4235,4235,4707,3373,414,398,31,23,5821,1331,714.0,1143.0,616.0,194,164.0,0.0,0.0,0.0,7,7,7,7,7,7,7,7,7,7,7,7,7,7,7,7,7,7,7,-999999,0,0,-999999,0,0,0,0,0,0.0,-999999,203,0,0,0,0,0,0,0,0,0,0.0,0,843,0.0,0,7,7,7,7,,,,,,,,,,,,,831.6,605.0,605.0,672.4,481.9,59.1,56.9,4.4,-999999.0,831.6,190.1,102.0,163.3,88.0,27.7,23.4,0.0,0.0,0.0
050625,CA,050625,CEDARS-SINAI MEDICAL CENTER,8700 BEVERLY BLVD,LOS ANGELES,90048,Short Term,06037,POINT (-118.380016 34.076549),[C050625-A],20240308,20210117,1,6180,6089,5627,5540,5486,1791,1645,-999999,-999999,5718,1085,,,,391,,0.0,0.0,0.0,7,7,7,7,7,7,7,7,7,7,7,0,0,0,7,0,7,7,7,128,0,4,9,7,19,27,28,33,-999999.0,-999999,233,50,0,0,-999999,4,6,11,11,14,-999999.0,-999999,1352,0.0,0,7,7,7,7,0.0,,0.0,,16701.0,,5022.0,,7755.0,,6680.0,,882.9,869.9,803.9,791.4,783.7,255.9,235.0,-999999.0,-999999.0,816.9,155.0,,,,55.9,,0.0,0.0,0.0
330005,NY,330005,KALEIDA HEALTH,100 HIGH STREET,BUFFALO,14210,Short Term,36029,POINT (-78.865984 42.900906),"[C330005-C, C330005-B, C330005-A]",20240308,20210117,1,6853,6853,6328,4816,4816,1064,1047,0,0,6328,1505,1505.0,1006.0,1006.0,235,229.0,0.0,0.0,0.0,7,7,7,7,7,7,7,7,7,7,7,7,7,7,7,7,7,7,7,96,0,-999999,4,4,20,20,28,19,0.0,0,271,127,0,-999999,4,8,23,18,26,47,0.0,0,1686,0.0,0,7,7,7,7,0.0,,0.0,,707.0,,1860.0,,2748.0,,4253.0,,979.0,979.0,904.0,688.0,688.0,152.0,149.6,0.0,0.0,904.0,215.0,215.0,143.7,143.7,33.6,32.7,0.0,0.0,0.0
330024,NY,330024,MOUNT SINAI HOSPITAL,ONE GUSTAVE L LEVY PLACE,NEW YORK,10029,Short Term,36061,POINT (-73.953392 40.790390),"[C330024-B, C330024-A]",20240308,20210117,1,11991,11081,9345,6955,6455,1656,1281,62,14,10255,1806,1659.0,871.0,795.0,204,178.0,0.0,0.0,0.0,7,7,7,7,7,7,7,7,7,7,7,7,7,7,7,7,7,7,7,117,-999999,-999999,7,11,17,30,23,27,0.0,0,997,26,-999999,0,5,-999999,-999999,5,8,-999999,-999999.0,5,4049,0.0,0,7,7,7,7,,,,,,,,,,,,,1713.0,1583.0,1335.0,993.6,922.1,236.6,183.0,8.9,-999999.0,1465.0,258.0,237.0,124.4,113.6,29.1,25.4,0.0,0.0,0.0
330059,NY,330059,MONTEFIORE MEDICAL CENTER,111 EAST 210TH STREET,BRONX,10467,Short Term,36005,POINT (-73.879896 40.879872),"[C330059-C, C330059-B, C330059-A, C330059-D]",20240308,20210117,1,10955,9604,9604,9419,8236,2466,2461,32,22,10955,1442,861.0,1205.0,779.0,362,362.0,0.0,0.0,0.0,7,7,7,7,7,7,7,7,7,7,7,7,7,7,7,7,7,7,7,318,-999999,15,18,26,50,59,91,52,5.0,5,2167,0,0,0,0,0,0,0,0,0,0.0,0,4563,0.0,0,7,7,7,7,,,,,,,,,,,,,1565.0,1372.0,1372.0,1345.6,1176.6,352.3,351.6,4.6,-999999.0,1565.0,206.0,123.0,172.1,111.3,51.7,51.7,0.0,0.0,0.0
330101,NY,330101,NEW YORK-PRESBYTERIAN HOSPITAL,525 EAST 68TH STREET,NEW YORK,10065,Short Term,36061,POINT (-73.954509 40.764355),"[C330101-A, C330101-H, C330101-D, C330101-F, C330101-G, C330101-C, C330101-E]",20240308,20210117,1,24645,20228,18436,17286,14634,3775,3152,229,29,22517,3535,2020.0,3199.0,1920.0,758,695.0,0.0,0.0,0.0,7,7,7,7,7,7,7,7,7,7,7,7,7,7,7,7,7,7,7,338,0,20,19,27,47,64,69,92,0.0,11,775,122,0,11,14,15,16,29,21,16,0.0,18,5863,0.0,0,7,7,7,7,,,,,,,,,,,,,3520.7,2889.7,2633.7,2469.4,2090.6,539.3,450.3,32.7,4.1,3216.7,505.0,288.6,457.0,274.3,108.3,99.3,0.0,0.0,0.0
330214,NY,330214,NYU LANGONE HOSPITALS,550 FIRST AVENUE,NEW YORK,10016,Short Term,36061,POINT (-73.974303 40.742311),"[C330214-B, C330214-A, C330214-C, C330214-D]",20240308,20210117,1,17465,14931,12971,11179,9320,2624,2520,29,13,15687,2802,1857.0,2143.0,1479.0,464,451.0,4.0,0.0,4.0,7,7,7,7,7,7,7,7,7,7,7,7,7,7,7,7,7,7,7,294,-999999,13,17,23,43,60,71,66,,4,2839,54,0,4,7,4,9,7,11,12,,9,4153,4.0,0,7,7,7,7,,,,,,,,,,,,,2495.0,2133.0,1853.0,1597.0,1331.4,374.9,360.0,4.1,-999999.0,2241.0,400.3,265.3,306.1,211.3,66.3,64.4,-999999.0,0.0,-999999.0
330285,NY,330285,STRONG MEMORIAL HOSPITAL,601 ELMWOOD AVE,ROCHESTER,14642,Short Term,36055,POINT (-77.623587 43.122832),[C330285-A],20240308,20210117,1,9352,8316,7378,6340,5297,943,898,28,20,8414,1127,931.0,951.0,770.0,273,261.0,0.0,0.0,0.0,7,7,7,7,7,7,7,7,7,7,7,7,7,7,7,7,7,7,7,68,0,4,-999999,5,7,22,19,8,0.0,-999999,94,31,0,4,7,-999999,7,4,-999999,-999999,0.0,7,1886,0.0,0,7,7,7,7,,,,,,,,,,,,,1336.0,1188.0,1054.0,905.7,756.7,134.7,128.3,4.0,-999999.0,1202.0,161.0,133.0,135.9,110.0,39.0,37.3,0.0,0.0,0.0
050025,CA,050025,UC SAN DIEGO HEALTH HILLCREST - HILLCREST MED CTR,200 WEST ARBOR DRIVE,SAN DIEGO,92103,Short Term,06073,POINT (-117.165844 32.754258),"[C050025-A, C050025-B]",20230623,20210122,1,5852,5292,4508,3914,3736,763,738,5,-999999,5068,1183,707.0,815.0,637.0,258,249.0,0.0,0.0,0.0,7,7,7,7,7,7,7,7,7,7,7,7,7,7,7,7,7,7,7,26,0,0,7,-999999,-999999,-999999,8,-999999,0.0,0,512,13,0,-999999,-999999,-999999,-999999,5,-999999,-999999,0.0,0,1385,0.0,0,7,7,7,7,,,,,,,,,,,,,836.0,756.0,644.0,559.1,533.7,109.0,105.4,-999999.0,-999999.0,724.0,169.0,101.0,116.4,91.0,36.9,35.6,0.0,0.0,0.0
050262,CA,050262,RONALD REAGAN UCLA MEDICAL CENTER,757 WESTWOOD PLAZA,LOS ANGELES,90095,Short Term,06037,POINT (-118.44562 34.06617),[C050262-A],20230623,20210122,1,3220,2744,2513,2763,2398,632,510,23,23,2989,1106,784.0,955.0,723.0,215,215.0,0.0,0.0,0.0,7,7,7,7,7,7,7,7,7,7,7,7,7,7,7,7,7,7,7,49,0,5,-999999,6,15,8,7,6,0.0,-999999,158,0,0,0,0,0,0,0,0,0,0.0,0,737,0.0,0,7,7,7,7,,,,,,,,,,,,,460.0,392.0,359.0,394.7,342.6,90.3,72.9,-999999.0,-999999.0,427.0,158.0,112.0,136.4,103.3,30.7,30.7,0.0,0.0,0.0
050373,CA,050373,LAC+USC MEDICAL CENTER,"1200 N STATE ST, ROOM C2K100",LOS ANGELES,90033,Short Term,06037,POINT (-118.208376 34.057996),[C050373-A],20230623,20210122,1,4687,4270,4165,3777,3581,1392,1356,30,28,4582,1054,812.0,877.0,741.0,453,453.0,0.0,0.0,0.0,7,7,7,7,7,7,7,7,7,7,7,7,7,7,7,7,7,7,7,125,0,7,10,19,33,36,9,11,0.0,4,219,4,0,0,0,-999999,-999999,-999999,0,-999999,0.0,0,1988,0.0,0,7,7,7,7,-999999.0,,417.0,,11921.0,,831.0,,8274.0,,497.0,,669.6,610.0,595.0,539.6,511.6,198.9,193.7,4.3,4.0,654.6,150.6,116.0,125.3,105.9,64.7,64.7,0.0,0.0,0.0
050441,CA,050441,STANFORD HEALTH CARE,300 PASTEUR DRIVE,STANFORD,94305,Short Term,06085,POINT (-122.175944 37.433018),[C050441-A],20230623,20210122,1,4422,4303,4303,3796,3796,563,533,0,0,4303,697,697.0,674.0,674.0,196,189.0,-999999.0,0.0,-999999.0,7,7,7,7,7,7,7,7,7,7,7,7,7,7,7,7,7,7,7,57,-999999,0,7,5,6,17,11,10,0.0,0,174,319,-999999,18,33,30,43,57,60,77,0.0,0,1429,-999999.0,0,7,7,7,7,,,,,,,,,,,,,631.7,614.7,614.7,542.3,542.3,80.4,76.1,0.0,0.0,614.7,99.6,99.6,96.3,96.3,28.0,27.0,-999999.0,0.0,-999999.0
050454,CA,050454,UCSF MEDICAL CENTER,"505 PARNASSUS AVE, BOX 0296",SAN FRANCISCO,94143,Short Term,06075,POINT (-122.457544 37.762452),"[C050454-C, C050454-B, C050454-D, C050454-A]",20230623,20210122,1,5800,4235,4235,4856,3514,343,328,37,24,5800,1329,715.0,1178.0,646.0,192,161.0,0.0,0.0,0.0,7,7,7,7,7,7,7,7,7,7,7,7,7,7,7,7,7,7,7,-999999,-999999,0,0,0,0,0,0,0,0.0,-999999,198,-999999,0,0,-999999,0,0,0,0,0,0.0,0,845,0.0,0,7,7,7,7,,,,,,,,,,,,,828.6,605.0,605.0,693.7,502.0,49.0,46.9,5.3,-999999.0,828.6,189.9,102.1,168.3,92.3,27.4,23.0,0.0,0.0,0.0
050625,CA,050625,CEDARS-SINAI MEDICAL CENTER,8700 BEVERLY BLVD,LOS ANGELES,90048,Short Term,06037,POINT (-118.380122 34.075496),[C050625-A],20230623,20210122,1,6210,6119,5657,5537,5500,1445,1324,-999999,0,5748,1085,,,,353,,0.0,0.0,0.0,7,7,7,7,7,7,7,7,7,7,7,0,0,0,7,0,7,7,7,95,0,4,5,10,12,18,23,22,-999999.0,0,188,47,0,0,4,-999999,-999999,11,11,13,-999999.0,-999999,1327,0.0,0,7,7,7,7,7.0,,928.0,,4466.0,,8687.0,,7059.0,,3710.0,,887.1,874.1,808.1,791.0,785.7,206.4,189.1,-999999.0,0.0,821.1,155.0,,,,50.4,,0.0,0.0,0.0
330005,NY,330005,KALEIDA HEALTH,100 HIGH STREET,BUFFALO,14210,Short Term,36029,POINT (-78.865984 42.900906),"[C330005-B, C330005-A]",20230623,20210122,1,6853,6853,6328,4940,4940,1011,998,0,0,6328,1505,1505.0,995.0,995.0,242,235.0,-999999.0,0.0,0.0,7,7,7,7,7,7,7,7,7,7,7,7,7,7,7,7,7,7,7,101,0,0,8,-999999,19,25,24,23,0.0,0,274,121,0,-999999,-999999,6,11,23,29,48,0.0,0,1757,-999999.0,0,7,7,7,7,0.0,,0.0,,785.0,,2817.0,,2942.0,,1437.0,,979.0,979.0,904.0,705.7,705.7,144.4,142.6,0.0,0.0,904.0,215.0,215.0,142.1,142.1,34.6,33.6,-999999.0,0.0,0.0
330024,NY,330024,MOUNT SINAI HOSPITAL,ONE GUSTAVE L LEVY PLACE,NEW YORK,10029,Short Term,36061,POINT (-73.953392 40.790390),"[C330024-B, C330024-A]",20230623,20210122,1,11991,11081,9345,7123,6600,1716,1317,48,10,10255,1806,1659.0,906.0,819.0,220,187.0,0.0,0.0,0.0,7,7,7,7,7,7,7,7,7,7,7,7,7,7,7,7,7,7,7,113,-999999,-999999,10,11,14,24,28,22,0.0,0,1098,27,-999999,-999999,-999999,0,5,9,5,-999999,0.0,4,4219,0.0,0,7,7,7,7,,,,,,,,,,,,,1713.0,1583.0,1335.0,1017.6,942.9,245.1,188.1,6.9,-999999.0,1465.0,258.0,237.0,129.4,117.0,31.4,26.7,0.0,0.0,0.0
330059,NY,330059,MONTEFIORE MEDICAL CENTER,111 EAST 210TH STREET,BRONX,10467,Short Term,36005,POINT (-73.879897 40.879872),"[C330059-C, C330059-B, C330059-A, C330059-D]",20230623,20210122,1,10955,9604,9604,9481,8288,2587,2582,42,32,10955,1442,861.0,1231.0,794.0,361,360.0,0.0,0.0,0.0,7,7,7,7,7,7,7,7,7,7,7,7,7,7,7,7,7,7,7,335,5,17,19,24,46,64,93,58,9.0,8,2121,0,0,0,0,0,0,0,0,0,0.0,0,4412,0.0,0,7,7,7,7,,,,,,,,,,,,,1565.0,1372.0,1372.0,1354.4,1184.0,369.6,368.9,6.0,4.6,1565.0,206.0,123.0,175.9,113.4,51.6,51.4,0.0,0.0,0.0
330101,NY,330101,NEW YORK-PRESBYTERIAN HOSPITAL,525 EAST 68TH STREET,NEW YORK,10065,Short Term,36061,POINT (-73.954509 40.764355),"[C330101-A, C330101-H, C330101-D, C330101-F, C330101-G, C330101-C, C330101-E]",20230623,20210122,1,24663,20245,18453,17511,14735,3918,3366,276,49,22535,3598,2051.0,3227.0,1957.0,846,790.0,-999999.0,0.0,-999999.0,7,7,7,7,7,7,7,7,7,7,7,7,7,7,7,7,7,7,7,334,0,20,23,28,49,57,72,85,0.0,8,764,93,-999999,5,12,12,21,13,12,17,0.0,12,5777,-999999.0,0,7,7,7,7,,,,,,,,,,,,,3523.3,2892.1,2636.1,2501.6,2105.0,559.7,480.9,39.4,7.0,3219.3,514.0,293.0,461.0,279.6,120.9,112.9,-999999.0,0.0,-999999.0
330214,NY,330214,NYU LANGONE HOSPITALS,550 FIRST AVENUE,NEW YORK,10016,Short Term,36061,POINT (-73.974303 40.742311),"[C330214-B, C330214-A, C330214-C, C330214-D]",20230623,20210122,1,17469,14935,12975,11308,9395,2498,2416,178,30,15691,2856,1911.0,2282.0,1608.0,444,436.0,4.0,0.0,4.0,7,7,7,7,7,7,7,7,7,7,7,7,7,7,7,7,7,7,7,292,-999999,21,14,22,45,60,72,57,0.0,9,2539,44,0,-999999,-999999,5,-999999,13,12,8,0.0,11,4367,4.0,0,7,7,7,7,,,,,,,,,,,,,2495.6,2133.6,1853.6,1615.4,1342.1,356.9,345.1,25.4,4.3,2241.6,408.0,273.0,326.0,229.7,63.4,62.3,-999999.0,0.0,-999999.0
330285,NY,330285,STRONG MEMORIAL HOSPITAL,601 ELMWOOD AVE,ROCHESTER,14642,Short Term,36055,POINT (-77.623587 43.122832),[C330285-A],20230623,20210122,1,9352,8316,7378,6404,5334,889,848,25,21,8414,1127,931.0,945.0,762.0,253,244.0,0.0,0.0,0.0,7,7,7,7,7,7,7,7,7,7,7,7,7,7,7,7,7,7,7,81,0,4,7,8,18,17,15,12,0.0,4,93,25,0,5,4,-999999,-999999,4,6,-999999,0.0,5,1907,0.0,0,7,7,7,7,,,,,,,,,,,,,1336.0,1188.0,1054.0,914.9,762.0,127.0,121.1,-999999.0,-999999.0,1202.0,161.0,133.0,135.0,108.9,36.1,34.9,0.0,0.0,0.0
050025,CA,050025,UC SAN DIEGO HEALTH HILLCREST - HILLCREST MED CTR,200 WEST ARBOR DRIVE,SAN DIEGO,92103,Short Term,06073,POINT (-117.165844 32.754258),"[C050025-A, C050025-B]",20240308,20210124,1,5852,5292,4508,3972,3787,743,721,4,-999999,5068,1183,707.0,818.0,633.0,243,237.0,0.0,0.0,0.0,7,7,7,7,7,7,7,7,7,7,7,7,7,7,7,7,7,7,7,35,-999999,0,9,-999999,4,7,9,-999999,0.0,0,494,13,0,0,-999999,-999999,-999999,5,-999999,-999999,0.0,0,1347,0.0,0,7,7,7,7,,,,,,,,,,,,,836.0,756.0,644.0,567.4,541.0,106.1,103.0,-999999.0,-999999.0,724.0,169.0,101.0,116.9,90.4,34.7,33.9,0.0,0.0,0.0
050262,CA,050262,RONALD REAGAN UCLA MEDICAL CENTER,757 WESTWOOD PLAZA,LOS ANGELES,90095,Short Term,06037,POINT (-118.446328 34.066455),[C050262-A],20240308,20210124,1,3220,2744,2513,2790,2423,612,486,17,17,2989,1106,784.0,969.0,730.0,211,203.0,0.0,0.0,0.0,7,7,7,7,7,7,7,7,7,7,7,7,7,7,7,7,7,7,7,46,-999999,4,-999999,6,13,6,7,6,0.0,0,169,0,0,0,0,0,0,0,0,0,0.0,0,751,0.0,0,7,7,7,7,,,,,,,,,,,,,460.0,392.0,359.0,398.6,346.1,87.4,69.4,-999999.0,-999999.0,427.0,158.0,112.0,138.4,104.3,30.1,29.0,0.0,0.0,0.0
050373,CA,050373,LOS ANGELES GENERAL MEDICAL CENTER,"2051 MARENGO ST, ROOM C2K100",LOS ANGELES,90033,Short Term,06037,POINT (-118.206478 34.056278),[C050373-A],20240308,20210124,1,4634,4214,4114,3687,3503,1181,1154,20,19,4534,1057,812.0,879.0,742.0,400,400.0,0.0,0.0,0.0,7,7,7,7,7,7,7,7,7,7,7,7,7,7,7,7,7,7,7,106,0,5,6,19,27,35,4,10,0.0,-999999,227,4,0,0,0,-999999,-999999,-999999,0,-999999,0.0,0,1961,0.0,0,7,7,7,7,-999999.0,,417.0,,11921.0,,831.0,,8274.0,,497.0,,662.0,602.0,587.7,526.7,500.4,168.7,164.9,-999999.0,-999999.0,647.7,151.0,116.0,125.6,106.0,57.1,57.1,0.0,0.0,0.0
050441,CA,050441,STANFORD HEALTH CARE,300 PASTEUR DRIVE,STANFORD,94305,Short Term,06085,POINT (-122.175944 37.433018),[C050441-A],20240308,20210124,1,4423,4304,4304,3795,3795,532,511,0,0,4304,693,693.0,646.0,646.0,167,161.0,-999999.0,0.0,-999999.0,7,7,7,7,7,7,7,7,7,7,7,7,7,7,7,7,7,7,7,61,-999999,-999999,8,4,7,18,13,9,0.0,0,181,301,-999999,21,35,30,36,54,55,69,0.0,0,1450,-999999.0,0,7,7,7,7,,,,,,,,,,,,,631.9,614.9,614.9,542.1,542.1,76.0,73.0,0.0,0.0,614.9,99.0,99.0,92.3,92.3,23.9,23.0,-999999.0,0.0,-999999.0
050454,CA,050454,UCSF MEDICAL CENTER,"505 PARNASSUS AVE, BOX 0296",SAN FRANCISCO,94143,Short Term,06075,POINT (-122.457544 37.762452),"[C050454-C, C050454-B, C050454-D, C050454-A]",20240308,20210124,1,5822,4235,4235,4873,3551,329,323,34,27,5822,1328,715.0,1164.0,638.0,153,152.0,0.0,0.0,0.0,7,7,7,7,7,7,7,7,7,7,7,7,7,7,7,7,7,7,7,-999999,-999999,0,0,-999999,0,0,0,0,0.0,-999999,205,-999999,0,0,-999999,0,0,0,0,0,0.0,0,828,0.0,0,7,7,7,7,,,,,,,,,,,,,831.7,605.0,605.0,696.1,507.3,47.0,46.1,4.9,-999999.0,831.7,189.7,102.1,166.3,91.1,21.9,21.7,0.0,0.0,0.0
050625,CA,050625,CEDARS-SINAI MEDICAL CENTER,8700 BEVERLY BLVD,LOS ANGELES,90048,Short Term,06037,POINT (-118.380016 34.076549),[C050625-A],20240308,20210124,1,6204,6113,5651,5523,5484,1352,1225,0,0,5742,1085,,,,339,,0.0,0.0,0.0,7,7,7,7,7,7,7,7,7,7,7,0,0,0,7,0,7,7,7,86,0,-999999,-999999,11,11,15,23,21,0.0,0,187,46,0,0,5,-999999,-999999,11,12,12,-999999.0,0,1326,0.0,0,7,7,7,7,7.0,,928.0,,4466.0,,8687.0,,7059.0,,3710.0,,886.3,873.3,807.3,789.0,783.4,193.1,175.0,0.0,0.0,820.3,155.0,,,,48.4,,0.0,0.0,0.0
330005,NY,330005,KALEIDA HEALTH,100 HIGH STREET,BUFFALO,14210,Short Term,36029,POINT (-78.865984 42.900906),"[C330005-C, C330005-B, C330005-A]",20240308,20210124,1,6853,6853,6328,4837,4837,973,959,0,0,6328,1505,1505.0,980.0,980.0,231,224.0,-999999.0,0.0,0.0,7,7,7,7,7,7,7,7,7,7,7,7,7,7,7,7,7,7,7,80,0,-999999,7,-999999,8,21,18,22,0.0,0,261,123,0,-999999,4,4,9,27,27,50,0.0,0,1705,-999999.0,0,7,7,7,7,0.0,,0.0,,785.0,,2817.0,,2942.0,,1437.0,,979.0,979.0,904.0,691.0,691.0,139.0,137.0,0.0,0.0,904.0,215.0,215.0,140.0,140.0,33.0,32.0,-999999.0,0.0,0.0
330024,NY,330024,MOUNT SINAI HOSPITAL,ONE GUSTAVE L LEVY PLACE,NEW YORK,10029,Short Term,36061,POINT (-73.953392 40.790390),"[C330024-B, C330024-A]",20240308,20210124,1,11991,11081,9345,7090,6554,1745,1306,40,11,10255,1806,1659.0,926.0,830.0,232,204.0,0.0,0.0,0.0,7,7,7,7,7,7,7,7,7,7,7,7,7,7,7,7,7,7,7,110,0,4,12,9,13,23,28,21,0.0,-999999,1028,19,0,-999999,-999999,0,4,6,-999999,-999999,0.0,-999999,4001,0.0,0,7,7,7,7,,,,,,,,,,,,,1713.0,1583.0,1335.0,1012.9,936.3,249.3,186.6,5.7,-999999.0,1465.0,258.0,237.0,132.3,118.6,33.1,29.1,0.0,0.0,0.0
330059,NY,330059,MONTEFIORE MEDICAL CENTER,111 EAST 210TH STREET,BRONX,10467,Short Term,36005,POINT (-73.879896 40.879872),"[C330059-C, C330059-B, C330059-A, C330059-D]",20240308,20210124,1,11163,9804,9804,9491,8598,2630,2629,31,31,11163,1442,861.0,1226.0,790.0,361,359.0,0.0,0.0,0.0,7,7,7,7,7,7,7,7,7,7,7,7,7,7,7,7,7,7,7,325,5,15,15,21,47,69,84,62,7.0,6,2084,0,0,0,0,0,0,0,0,0,0.0,0,4305,0.0,0,7,7,7,7,,,,,,,,,,,,,1594.7,1400.6,1400.6,1355.9,1228.3,375.7,375.6,4.4,4.4,1594.7,206.0,123.0,175.1,112.9,51.6,51.3,0.0,0.0,0.0
330101,NY,330101,NEW YORK-PRESBYTERIAN HOSPITAL,525 EAST 68TH STREET,NEW YORK,10065,Short Term,36061,POINT (-73.954509 40.764355),"[C330101-A, C330101-H, C330101-D, C330101-F, C330101-G, C330101-C, C330101-E]",20240308,20210124,1,24654,20234,18442,17383,14658,3860,3337,279,44,22526,3611,2061.0,3202.0,1959.0,863,798.0,-999999.0,0.0,-999999.0,7,7,7,7,7,7,7,7,7,7,7,7,7,7,7,7,7,7,7,321,0,16,19,30,41,61,76,78,0.0,5,751,100,-999999,8,14,11,18,15,19,13,0.0,12,5740,-999999.0,0,7,7,7,7,,,,,,,,,,,,,3522.0,2890.6,2634.6,2483.3,2094.0,551.4,476.7,39.9,6.3,3218.0,515.9,294.4,457.4,279.9,123.3,114.0,-999999.0,0.0,-999999.0
330214,NY,330214,NYU LANGONE HOSPITALS,550 FIRST AVENUE,NEW YORK,10016,Short Term,36061,POINT (-73.974303 40.742311),"[C330214-B, C330214-A, C330214-C, C330214-D]",20240308,20210124,1,17477,14943,12983,11264,9321,2475,2400,181,36,15699,2856,1911.0,2290.0,1598.0,461,453.0,0.0,0.0,0.0,7,7,7,7,7,7,7,7,7,7,7,7,7,7,7,7,7,7,7,270,0,18,17,19,42,49,68,57,0.0,9,2471,41,0,-999999,0,5,-999999,12,11,8,0.0,9,4285,0.0,0,7,7,7,7,,,,,,,,,,,,,2496.7,2134.7,1854.7,1609.1,1331.6,353.6,342.9,25.9,5.1,2242.7,408.0,273.0,327.1,228.3,65.9,64.7,0.0,0.0,0.0
330285,NY,330285,STRONG MEMORIAL HOSPITAL,601 ELMWOOD AVE,ROCHESTER,14642,Short Term,36055,POINT (-77.623587 43.122832),[C330285-A],20240308,20210124,1,9352,8316,7378,6351,5295,853,819,30,28,8414,1127,931.0,946.0,764.0,232,226.0,0.0,0.0,0.0,7,7,7,7,7,7,7,7,7,7,7,7,7,7,7,7,7,7,7,80,0,-999999,11,7,18,15,13,13,0.0,5,87,23,0,4,0,-999999,-999999,4,6,5,0.0,-999999,1862,0.0,0,7,7,7,7,,,,,,,,,,,,,1336.0,1188.0,1054.0,907.3,756.4,121.9,117.0,4.3,4.0,1202.0,161.0,133.0,135.1,109.1,33.1,32.3,0.0,0.0,0.0
050025,CA,050025,UC SAN DIEGO HEALTH HILLCREST - HILLCREST MED CTR,200 WEST ARBOR DRIVE,SAN DIEGO,92103,Short Term,06073,POINT (-117.165844 32.754258),"[C050025-A, C050025-B]",20230623,20210129,1,5856,5296,4512,3930,3738,701,681,-999999,-999999,5072,1187,711.0,826.0,634.0,220,215.0,0.0,0.0,0.0,7,7,7,7,7,7,7,7,7,7,7,7,7,7,7,7,7,7,7,36,-999999,-999999,7,-999999,5,8,7,5,0.0,0,473,8,0,-999999,-999999,-999999,-999999,-999999,0,-999999,0.0,0,1368,0.0,0,7,7,7,7,,,,,,,,,,,,,836.6,756.6,644.6,561.4,534.0,100.1,97.3,-999999.0,-999999.0,724.6,169.6,101.6,118.0,90.6,31.4,30.7,0.0,0.0,0.0
050262,CA,050262,RONALD REAGAN UCLA MEDICAL CENTER,757 WESTWOOD PLAZA,LOS ANGELES,90095,Short Term,06037,POINT (-118.44562 34.06617),[C050262-A],20230623,20210129,1,3220,2744,2513,2839,2479,552,461,6,6,2989,1106,784.0,973.0,728.0,217,201.0,0.0,0.0,0.0,7,7,7,7,7,7,7,7,7,7,7,7,7,7,7,7,7,7,7,30,-999999,-999999,5,-999999,5,6,5,-999999,0.0,0,189,0,0,0,0,0,0,0,0,0,0.0,0,807,0.0,0,7,7,7,7,11536.0,,18236.0,,29772.0,,11536.0,,8196.0,,18236.0,,460.0,392.0,359.0,405.6,354.1,78.9,65.9,-999999.0,-999999.0,427.0,158.0,112.0,139.0,104.0,31.0,28.7,0.0,0.0,0.0
050373,CA,050373,LAC+USC MEDICAL CENTER,"1200 N STATE ST, ROOM C2K100",LOS ANGELES,90033,Short Term,06037,POINT (-118.208376 34.057996),[C050373-A],20230623,20210129,1,4587,4160,4069,3441,3278,955,933,17,15,4496,1057,805.0,817.0,691.0,352,348.0,0.0,0.0,0.0,7,7,7,7,7,7,7,7,7,7,7,7,7,7,7,7,7,7,7,93,0,5,6,16,28,25,6,7,0.0,-999999,217,-999999,0,-999999,-999999,0,0,0,-999999,0,0.0,0,2129,0.0,0,7,7,7,7,-999999.0,,334.0,,1133.0,,5679.0,,8022.0,,941.0,,655.3,594.3,581.3,491.6,468.3,136.4,133.3,-999999.0,-999999.0,642.3,151.0,115.0,116.7,98.7,50.3,49.7,0.0,0.0,0.0
050441,CA,050441,STANFORD HEALTH CARE,300 PASTEUR DRIVE,STANFORD,94305,Short Term,06085,POINT (-122.175944 37.433018),[C050441-A],20230623,20210129,1,4441,4322,4322,3847,3847,498,487,0,0,4322,693,693.0,595.0,595.0,149,143.0,0.0,0.0,0.0,7,7,7,7,7,7,7,7,7,7,7,7,7,7,7,7,7,7,7,57,0,-999999,10,4,8,14,10,9,0.0,0,162,299,-999999,21,46,30,33,50,61,57,0.0,-999999,1439,0.0,0,7,7,7,7,,,,,,,,,,,,,634.4,617.4,617.4,549.6,549.6,71.1,69.6,0.0,0.0,617.4,99.0,99.0,85.0,85.0,21.3,20.4,0.0,0.0,0.0
050454,CA,050454,UCSF MEDICAL CENTER,"505 PARNASSUS AVE, BOX 0296",SAN FRANCISCO,94143,Short Term,06075,POINT (-122.457544 37.762452),"[C050454-C, C050454-B, C050454-D, C050454-A]",20230623,20210129,1,5831,4235,4235,4868,3572,333,320,19,18,5831,1311,714.0,1131.0,612.0,139,139.0,0.0,0.0,0.0,7,7,7,7,7,7,7,7,7,7,7,7,7,7,7,7,7,7,7,-999999,0,0,0,-999999,0,0,0,0,0.0,-999999,227,0,0,0,0,0,0,0,0,0,0.0,0,837,0.0,0,7,7,7,7,,,,,,,,,,,,,833.0,605.0,605.0,695.4,510.3,47.6,45.7,-999999.0,-999999.0,833.0,187.3,102.0,161.6,87.4,19.9,19.9,0.0,0.0,0.0
050625,CA,050625,CEDARS-SINAI MEDICAL CENTER,8700 BEVERLY BLVD,LOS ANGELES,90048,Short Term,06037,POINT (-118.380122 34.075496),[C050625-A],20230623,20210129,1,6183,6092,5630,5444,5401,1161,1020,0,0,5721,1085,,,,301,,0.0,0.0,0.0,7,7,7,7,7,7,7,7,7,7,7,0,0,0,7,0,7,7,7,67,0,0,4,4,8,13,20,17,-999999.0,0,157,44,0,-999999,-999999,-999999,-999999,5,14,18,0.0,0,1358,0.0,0,7,7,7,7,4.0,,1126.0,,2341.0,,10407.0,,6440.0,,2607.0,,883.3,870.3,804.3,777.7,771.6,165.9,145.7,0.0,0.0,817.3,155.0,,,,43.0,,0.0,0.0,0.0
330005,NY,330005,KALEIDA HEALTH,100 HIGH STREET,BUFFALO,14210,Short Term,36029,POINT (-78.865984 42.900906),"[C330005-B, C330005-A]",20230623,20210129,1,6853,6853,6328,4842,4842,869,851,0,0,6328,1505,1505.0,960.0,960.0,191,185.0,0.0,0.0,0.0,7,7,7,7,7,7,7,7,7,7,7,7,7,7,7,7,7,7,7,64,0,-999999,-999999,-999999,8,14,19,18,0.0,0,221,98,-999999,5,5,-999999,11,24,22,28,0.0,0,1722,0.0,0,7,7,7,7,1470.0,,800.0,,2245.0,,3969.0,,2654.0,,593.0,,979.0,979.0,904.0,691.7,691.7,124.1,121.6,0.0,0.0,904.0,215.0,215.0,137.1,137.1,27.3,26.4,0.0,0.0,0.0
330024,NY,330024,MOUNT SINAI HOSPITAL,ONE GUSTAVE L LEVY PLACE,NEW YORK,10029,Short Term,36061,POINT (-73.953392 40.790390),"[C330024-B, C330024-A]",20230623,20210129,1,11991,11081,9345,6874,6322,1887,1307,30,11,10255,1806,1659.0,922.0,829.0,259,233.0,0.0,0.0,0.0,7,7,7,7,7,7,7,7,7,7,7,7,7,7,7,7,7,7,7,114,-999999,4,8,10,11,34,23,22,-999999.0,-999999,918,25,-999999,4,-999999,-999999,6,4,-999999,-999999,0.0,-999999,3720,0.0,0,7,7,7,7,,,,,,,,,,,,,1713.0,1583.0,1335.0,982.0,903.1,269.6,186.7,4.3,-999999.0,1465.0,258.0,237.0,131.7,118.4,37.0,33.3,0.0,0.0,0.0
330059,NY,330059,MONTEFIORE MEDICAL CENTER,111 EAST 210TH STREET,BRONX,10467,Short Term,36005,POINT (-73.879897 40.879872),"[C330059-C, C330059-B, C330059-A, C330059-D]",20230623,20210129,1,11683,10304,10304,9261,8311,2695,2694,261,23,11683,1442,861.0,1192.0,775.0,405,404.0,0.0,0.0,0.0,7,7,7,7,7,7,7,7,7,7,7,7,7,7,7,7,7,7,7,310,0,18,15,19,51,68,80,55,4.0,4,1957,0,0,0,0,0,0,0,0,0,0.0,0,4065,0.0,0,7,7,7,7,,,,,,,,,,,,,1669.0,1472.0,1472.0,1323.0,1187.3,385.0,384.9,37.3,-999999.0,1669.0,206.0,123.0,170.3,110.7,57.9,57.7,0.0,0.0,0.0
330101,NY,330101,NEW YORK-PRESBYTERIAN HOSPITAL,525 EAST 68TH STREET,NEW YORK,10065,Short Term,36061,POINT (-73.954509 40.764355),"[C330101-A, C330101-H, C330101-D, C330101-F, C330101-G, C330101-C, C330101-E]",20230623,20210129,1,24632,20216,18424,17180,14487,3815,3259,288,40,22504,3627,2099.0,3193.0,1969.0,857,783.0,0.0,0.0,0.0,7,7,7,7,7,7,7,7,7,7,7,7,7,7,7,7,7,7,7,289,0,6,23,30,39,58,64,69,0.0,8,682,126,-999999,8,20,12,10,29,29,17,0.0,16,5306,0.0,0,7,7,7,7,,,,,,,,,,,,,3518.9,2888.0,2632.0,2454.3,2069.6,545.0,465.6,41.1,5.7,3214.9,518.1,299.9,456.1,281.3,122.4,111.9,0.0,0.0,0.0
330214,NY,330214,NYU LANGONE HOSPITALS,550 FIRST AVENUE,NEW YORK,10016,Short Term,36061,POINT (-73.974303 40.742311),"[C330214-B, C330214-A, C330214-C, C330214-D]",20230623,20210129,1,17361,14827,12867,10983,8949,2258,2213,45,37,15583,2856,1911.0,2352.0,1563.0,440,435.0,0.0,0.0,0.0,7,7,7,7,7,7,7,7,7,7,7,7,7,7,7,7,7,7,7,238,0,9,22,20,33,54,47,53,,5,2050,21,-999999,-999999,0,-999999,6,4,4,4,,5,3941,0.0,0,7,7,7,7,1693.0,,22864.0,,50100.0,,22334.0,,14341.0,,28992.0,,2480.1,2118.1,1838.1,1569.0,1278.4,322.6,316.1,6.4,5.3,2226.1,408.0,273.0,336.0,223.3,62.9,62.1,0.0,0.0,0.0
330285,NY,330285,STRONG MEMORIAL HOSPITAL,601 ELMWOOD AVE,ROCHESTER,14642,Short Term,36055,POINT (-77.623587 43.122832),[C330285-A],20230623,20210129,1,9352,8316,7378,6272,5224,662,635,30,28,8414,1127,931.0,933.0,760.0,165,165.0,0.0,0.0,0.0,7,7,7,7,7,7,7,7,7,7,7,7,7,7,7,7,7,7,7,51,0,-999999,7,-999999,9,15,7,10,0.0,-999999,72,22,0,-999999,-999999,5,-999999,4,-999999,-999999,0.0,-999999,1744,0.0,0,7,7,7,7,1624.0,,6716.0,,24980.0,,11603.0,,4032.0,,13377.0,,1336.0,1188.0,1054.0,896.0,746.3,94.6,90.7,4.3,4.0,1202.0,161.0,133.0,133.3,108.6,23.6,23.6,0.0,0.0,0.0
050025,CA,050025,UC SAN DIEGO HEALTH HILLCREST - HILLCREST MED CTR,200 WEST ARBOR DRIVE,SAN DIEGO,92103,Short Term,06073,POINT (-117.165844 32.754258),"[C050025-A, C050025-B]",20240308,20210131,1,5856,5296,4512,3896,3714,677,655,-999999,-999999,5072,1187,711.0,819.0,637.0,207,200.0,0.0,0.0,0.0,7,7,7,7,7,7,7,7,7,7,7,7,7,7,7,7,7,7,7,38,0,-999999,7,-999999,5,6,9,6,0.0,0,476,11,0,-999999,0,-999999,-999999,-999999,0,-999999,0.0,0,1400,0.0,0,7,7,7,7,,,,,,,,,,,,,836.6,756.6,644.6,556.6,530.6,96.7,93.6,-999999.0,-999999.0,724.6,169.6,101.6,117.0,91.0,29.6,28.6,0.0,0.0,0.0
050262,CA,050262,RONALD REAGAN UCLA MEDICAL CENTER,757 WESTWOOD PLAZA,LOS ANGELES,90095,Short Term,06037,POINT (-118.446328 34.066455),[C050262-A],20240308,20210131,1,3220,2744,2513,2850,2476,546,459,4,4,2989,1106,784.0,981.0,725.0,221,213.0,0.0,0.0,0.0,7,7,7,7,7,7,7,7,7,7,7,7,7,7,7,7,7,7,7,46,0,-999999,4,7,8,14,9,-999999,0.0,0,184,0,0,0,0,0,0,0,0,0,0.0,0,800,0.0,0,7,7,7,7,11536.0,,18236.0,,29772.0,,11536.0,,8196.0,,18236.0,,460.0,392.0,359.0,407.1,353.7,78.0,65.6,-999999.0,-999999.0,427.0,158.0,112.0,140.1,103.6,31.6,30.4,0.0,0.0,0.0
050373,CA,050373,LOS ANGELES GENERAL MEDICAL CENTER,"2051 MARENGO ST, ROOM C2K100",LOS ANGELES,90033,Short Term,06037,POINT (-118.206478 34.056278),[C050373-A],20240308,20210131,1,4611,4184,4079,3421,3248,1024,989,19,17,4506,1050,798.0,805.0,674.0,360,355.0,0.0,0.0,0.0,7,7,7,7,7,7,7,7,7,7,7,7,7,7,7,7,7,7,7,100,-999999,10,8,15,27,23,9,7,0.0,4,225,6,0,-999999,-999999,-999999,0,0,-999999,0,0.0,0,2295,0.0,0,7,7,7,7,-999999.0,,334.0,,1133.0,,5679.0,,8022.0,,941.0,,658.7,597.7,582.7,488.7,464.0,146.3,141.3,-999999.0,-999999.0,643.7,150.0,114.0,115.0,96.3,51.4,50.7,0.0,0.0,0.0
050441,CA,050441,STANFORD HEALTH CARE,300 PASTEUR DRIVE,STANFORD,94305,Short Term,06085,POINT (-122.175944 37.433018),[C050441-A],20240308,20210131,1,4469,4350,4350,3957,3957,500,481,0,0,4350,693,693.0,592.0,592.0,148,140.0,0.0,0.0,0.0,7,7,7,7,7,7,7,7,7,7,7,7,7,7,7,7,7,7,7,48,0,-999999,9,4,8,13,5,7,0.0,0,137,321,-999999,19,45,29,44,61,63,59,0.0,-999999,1499,0.0,0,7,7,7,7,,,,,,,,,,,,,638.4,621.4,621.4,565.3,565.3,71.4,68.7,0.0,0.0,621.4,99.0,99.0,84.6,84.6,21.1,20.0,0.0,0.0,0.0
050454,CA,050454,UCSF MEDICAL CENTER,"505 PARNASSUS AVE, BOX 0296",SAN FRANCISCO,94143,Short Term,06075,POINT (-122.457544 37.762452),"[C050454-C, C050454-B, C050454-D, C050454-A]",20240308,20210131,1,5844,4235,4235,4869,3583,334,315,12,11,5844,1307,714.0,1121.0,614.0,146,146.0,0.0,0.0,0.0,7,7,7,7,7,7,7,7,7,7,7,7,7,7,7,7,7,7,7,0,0,0,0,0,0,0,0,0,0.0,-999999,229,-999999,0,0,0,0,0,0,-999999,0,0.0,0,849,0.0,0,7,7,7,7,,,,,,,,,,,,,834.9,605.0,605.0,695.6,511.9,47.7,45.0,-999999.0,-999999.0,834.9,186.7,102.0,160.1,87.7,20.9,20.9,0.0,0.0,0.0
050625,CA,050625,CEDARS-SINAI MEDICAL CENTER,8700 BEVERLY BLVD,LOS ANGELES,90048,Short Term,06037,POINT (-118.380016 34.076549),[C050625-A],20240308,20210131,1,6133,6042,5580,5373,5326,1074,932,-999999,-999999,5671,1085,104.0,145.0,113.0,278,34.0,0.0,0.0,0.0,7,7,7,7,7,7,7,7,7,7,7,1,1,1,7,1,7,7,7,65,0,0,5,5,8,13,19,14,-999999.0,-999999,156,49,0,-999999,0,-999999,-999999,8,12,23,0.0,0,1370,0.0,0,7,7,7,7,4.0,,1126.0,,2341.0,,10407.0,,6440.0,,2607.0,,876.1,863.1,797.1,767.6,760.9,153.4,133.1,-999999.0,-999999.0,810.1,155.0,104.0,145.0,113.0,39.7,34.0,0.0,0.0,0.0
330005,NY,330005,KALEIDA HEALTH,100 HIGH STREET,BUFFALO,14210,Short Term,36029,POINT (-78.865984 42.900906),"[C330005-C, C330005-B, C330005-A]",20240308,20210131,1,6853,6853,6328,4931,4931,828,807,0,0,6328,1505,1505.0,962.0,962.0,180,172.0,-999999.0,0.0,-999999.0,7,7,7,7,7,7,7,7,7,7,7,7,7,7,7,7,7,7,7,64,0,0,-999999,-999999,10,12,22,18,0.0,0,223,100,-999999,5,7,4,11,25,25,22,0.0,0,1747,-999999.0,0,7,7,7,7,1470.0,,800.0,,2245.0,,3969.0,,2654.0,,593.0,,979.0,979.0,904.0,704.4,704.4,118.3,115.3,0.0,0.0,904.0,215.0,215.0,137.4,137.4,25.7,24.6,-999999.0,0.0,-999999.0
330024,NY,330024,MOUNT SINAI HOSPITAL,ONE GUSTAVE L LEVY PLACE,NEW YORK,10029,Short Term,36061,POINT (-73.953392 40.790390),"[C330024-B, C330024-A]",20240308,20210131,1,11991,11081,9345,6907,6349,1934,1351,35,11,10255,1806,1659.0,927.0,834.0,272,243.0,0.0,0.0,0.0,7,7,7,7,7,7,7,7,7,7,7,7,7,7,7,7,7,7,7,121,-999999,10,9,8,11,30,25,26,-999999.0,-999999,960,34,-999999,5,0,-999999,6,7,7,5,0.0,-999999,3802,0.0,0,7,7,7,7,,,,,,,,,,,,,1713.0,1583.0,1335.0,986.7,907.0,276.3,193.0,5.0,-999999.0,1465.0,258.0,237.0,132.4,119.1,38.9,34.7,0.0,0.0,0.0
330059,NY,330059,MONTEFIORE MEDICAL CENTER,111 EAST 210TH STREET,BRONX,10467,Short Term,36005,POINT (-73.879896 40.879872),"[C330059-C, C330059-B, C330059-A, C330059-D]",20240308,20210131,1,11683,10304,10304,9250,8306,2748,2748,429,24,11683,1442,861.0,1199.0,794.0,435,435.0,0.0,0.0,0.0,7,7,7,7,7,7,7,7,7,7,7,7,7,7,7,7,7,7,7,316,-999999,17,15,25,51,71,79,51,6.0,6,1985,0,0,0,0,0,0,0,0,0,0.0,0,4209,0.0,0,7,7,7,7,,,,,,,,,,,,,1669.0,1472.0,1472.0,1321.4,1186.6,392.6,392.6,61.3,-999999.0,1669.0,206.0,123.0,171.3,113.4,62.1,62.1,0.0,0.0,0.0
330101,NY,330101,NEW YORK-PRESBYTERIAN HOSPITAL,525 EAST 68TH STREET,NEW YORK,10065,Short Term,36061,POINT (-73.954509 40.764355),"[C330101-A, C330101-H, C330101-D, C330101-F, C330101-G, C330101-C, C330101-E]",20240308,20210131,1,24636,20230,18438,17220,14501,3839,3274,292,45,22508,3635,2117.0,3217.0,1996.0,849,781.0,0.0,0.0,0.0,7,7,7,7,7,7,7,7,7,7,7,7,7,7,7,7,7,7,7,293,0,13,24,33,37,56,61,69,0.0,9,689,128,0,9,20,12,17,30,23,17,0.0,15,5476,0.0,0,7,7,7,7,,,,,,,,,,,,,3519.4,2890.0,2634.0,2460.0,2071.6,548.4,467.7,41.7,6.4,3215.4,519.3,302.4,459.6,285.1,121.3,111.6,0.0,0.0,0.0
330214,NY,330214,NYU LANGONE HOSPITALS,550 FIRST AVENUE,NEW YORK,10016,Short Term,36061,POINT (-73.974303 40.742311),"[C330214-B, C330214-A, C330214-C, C330214-D]",20240308,20210131,1,17295,14761,12801,11021,8940,2196,2159,42,34,15517,2856,1911.0,2384.0,1580.0,430,426.0,0.0,0.0,0.0,7,7,7,7,7,7,7,7,7,7,7,7,7,7,7,7,7,7,7,250,-999999,11,20,22,38,50,46,62,0.0,4,2013,22,-999999,-999999,-999999,-999999,4,4,5,4,0.0,5,4072,0.0,0,7,7,7,7,1693.0,,22864.0,,50100.0,,22334.0,,14341.0,,28992.0,,2470.7,2108.7,1828.7,1574.4,1277.1,313.7,308.4,6.0,4.9,2216.7,408.0,273.0,340.6,225.7,61.4,60.9,0.0,0.0,0.0
330285,NY,330285,STRONG MEMORIAL HOSPITAL,601 ELMWOOD AVE,ROCHESTER,14642,Short Term,36055,POINT (-77.623587 43.122832),[C330285-A],20240308,20210131,1,9352,8316,7378,6237,5202,597,560,21,18,8414,1127,931.0,927.0,766.0,140,140.0,0.0,0.0,0.0,7,7,7,7,7,7,7,7,7,7,7,7,7,7,7,7,7,7,7,39,0,-999999,-999999,-999999,10,11,-999999,8,0.0,0,65,31,0,-999999,4,7,-999999,7,-999999,5,0.0,-999999,1791,0.0,0,7,7,7,7,1624.0,,6716.0,,24980.0,,11603.0,,4032.0,,13377.0,,1336.0,1188.0,1054.0,891.0,743.1,85.3,80.0,-999999.0,-999999.0,1202.0,161.0,133.0,132.4,109.4,20.0,20.0,0.0,0.0,0.0
050025,CA,050025,UC SAN DIEGO HEALTH HILLCREST - HILLCREST MED CTR,200 WEST ARBOR DRIVE,SAN DIEGO,92103,Short Term,06073,POINT (-117.165844 32.754258),"[C050025-A, C050025-B]",20230623,20210205,1,5852,5292,4508,3935,3766,615,594,0,0,5068,1183,707.0,811.0,642.0,188,178.0,-999999.0,0.0,0.0,7,7,7,7,7,7,7,7,7,7,7,7,7,7,7,7,7,7,7,33,0,-999999,5,-999999,4,8,5,6,0.0,0,481,10,0,0,0,0,-999999,-999999,-999999,4,0.0,0,1440,0.0,0,7,7,7,7,4990.0,,122770.0,,18980.0,,8885.0,,3039.0,,1210.0,,836.0,756.0,644.0,562.1,538.0,87.9,84.9,0.0,0.0,724.0,169.0,101.0,115.9,91.7,26.9,25.4,-999999.0,0.0,0.0
050262,CA,050262,RONALD REAGAN UCLA MEDICAL CENTER,757 WESTWOOD PLAZA,LOS ANGELES,90095,Short Term,06037,POINT (-118.44562 34.06617),[C050262-A],20230623,20210205,1,3220,2744,2513,2864,2470,502,413,0,0,2989,1106,784.0,989.0,721.0,198,198.0,0.0,0.0,0.0,7,7,7,7,7,7,7,7,7,7,7,7,7,7,7,7,7,7,7,36,0,-999999,-999999,5,6,10,9,4,0.0,0,157,0,0,0,0,0,0,0,0,0,0.0,0,800,0.0,0,7,7,7,7,2789.0,,353.0,,3143.0,,14325.0,,8161.0,,18589.0,,460.0,392.0,359.0,409.1,352.9,71.7,59.0,0.0,0.0,427.0,158.0,112.0,141.3,103.0,28.3,28.3,0.0,0.0,0.0
050373,CA,050373,LAC+USC MEDICAL CENTER,"1200 N STATE ST, ROOM C2K100",LOS ANGELES,90033,Short Term,06037,POINT (-118.208376 34.057996),[C050373-A],20230623,20210205,1,4592,4154,4040,3608,3373,984,953,40,35,4478,1045,789.0,866.0,705.0,316,314.0,0.0,0.0,0.0,7,7,7,7,7,7,7,7,7,7,7,7,7,7,7,7,7,7,7,96,-999999,11,11,17,21,15,15,4,0.0,9,201,10,0,0,-999999,-999999,4,-999999,-999999,0,0.0,0,2477,0.0,0,7,7,7,7,79.0,,1031.0,,386.0,,5968.0,,7936.0,,766.0,,656.0,593.4,577.1,515.4,481.9,140.6,136.1,5.7,5.0,639.7,149.3,112.7,123.7,100.7,45.1,44.9,0.0,0.0,0.0
050441,CA,050441,STANFORD HEALTH CARE,300 PASTEUR DRIVE,STANFORD,94305,Short Term,06085,POINT (-122.175944 37.433018),[C050441-A],20230623,20210205,1,4470,4351,4351,3995,3995,470,441,0,0,4351,695,695.0,614.0,614.0,142,133.0,0.0,0.0,0.0,7,7,7,7,7,7,7,7,7,7,7,7,7,7,7,7,7,7,7,47,0,4,5,4,9,12,4,9,0.0,0,119,309,-999999,16,56,16,54,67,42,57,0.0,-999999,1484,0.0,0,7,7,7,7,,,,,,,,,,,,,638.6,621.6,621.6,570.7,570.7,67.1,63.0,0.0,0.0,621.6,99.3,99.3,87.7,87.7,20.3,19.0,0.0,0.0,0.0
050454,CA,050454,UCSF MEDICAL CENTER,"505 PARNASSUS AVE, BOX 0296",SAN FRANCISCO,94143,Short Term,06075,POINT (-122.457544 37.762452),"[C050454-C, C050454-B, C050454-D, C050454-A]",20230623,20210205,1,5847,4235,4235,4909,3650,313,304,10,8,5847,1303,714.0,1120.0,630.0,149,149.0,0.0,0.0,0.0,7,7,7,7,7,7,7,7,7,7,7,7,7,7,7,7,7,7,7,-999999,0,0,-999999,0,0,0,0,0,0.0,-999999,221,-999999,0,0,0,0,0,-999999,-999999,0,0.0,-999999,881,0.0,0,7,7,7,7,,,,,,,,,,,,,835.3,605.0,605.0,701.3,521.4,44.7,43.4,-999999.0,-999999.0,835.3,186.1,102.0,160.0,90.0,21.3,21.3,0.0,0.0,0.0
050625,CA,050625,CEDARS-SINAI MEDICAL CENTER,8700 BEVERLY BLVD,LOS ANGELES,90048,Short Term,06037,POINT (-118.380122 34.075496),[C050625-A],20230623,20210205,1,6018,5927,5465,5247,5213,781,688,4,-999999,5556,1085,208.0,288.0,223.0,225,63.0,0.0,0.0,0.0,7,7,7,7,7,7,7,7,7,7,7,2,2,2,7,2,7,7,7,37,0,-999999,5,6,4,6,6,9,0.0,-999999,100,36,0,0,-999999,-999999,-999999,7,7,16,0.0,-999999,1397,0.0,0,7,7,7,7,105.0,,704.0,,1528.0,,11577.0,,6122.0,,1749.0,,859.7,846.7,780.7,749.6,744.7,111.6,98.3,-999999.0,-999999.0,793.7,155.0,104.0,144.0,111.5,32.1,31.5,0.0,0.0,0.0
330005,NY,330005,KALEIDA HEALTH,100 HIGH STREET,BUFFALO,14210,Short Term,36029,POINT (-78.865984 42.900906),"[C330005-B, C330005-A]",20230623,20210205,1,6853,6853,6328,4886,4886,731,708,0,0,6328,1505,1505.0,983.0,983.0,160,148.0,8.0,0.0,-999999.0,7,7,7,7,7,7,7,7,7,7,7,7,7,7,7,7,7,7,7,57,0,-999999,0,-999999,9,11,19,15,0.0,0,212,101,0,4,4,9,10,21,29,24,0.0,0,1701,-999999.0,0,7,7,7,7,689.0,,10.0,,186.0,,4147.0,,2430.0,,426.0,,979.0,979.0,904.0,698.0,698.0,104.4,101.1,0.0,0.0,904.0,215.0,215.0,140.4,140.4,22.9,21.1,-999999.0,0.0,-999999.0
330024,NY,330024,MOUNT SINAI HOSPITAL,ONE GUSTAVE L LEVY PLACE,NEW YORK,10029,Short Term,36061,POINT (-73.953392 40.790390),"[C330024-B, C330024-A]",20230623,20210205,1,11991,11081,9345,7118,6531,1896,1386,45,18,10255,1806,1659.0,946.0,837.0,256,228.0,0.0,0.0,0.0,7,7,7,7,7,7,7,7,7,7,7,7,7,7,7,7,7,7,7,128,-999999,12,11,9,19,20,27,29,0.0,-999999,1110,38,0,6,4,4,-999999,9,7,5,0.0,-999999,4089,0.0,0,7,7,7,7,,,,,,,,,,,,,1713.0,1583.0,1335.0,1016.9,933.0,270.9,198.0,6.4,-999999.0,1465.0,258.0,237.0,135.1,119.6,36.6,32.6,0.0,0.0,0.0
330059,NY,330059,MONTEFIORE MEDICAL CENTER,111 EAST 210TH STREET,BRONX,10467,Short Term,36005,POINT (-73.879897 40.879872),"[C330059-C, C330059-B, C330059-A, C330059-D]",20230623,20210205,1,11683,10304,10304,9553,8594,2947,2947,597,25,11683,1442,861.0,1254.0,834.0,472,472.0,-999999.0,0.0,0.0,7,7,7,7,7,7,7,7,7,7,7,7,7,7,7,7,7,7,7,335,-999999,8,19,25,66,70,84,56,6.0,6,2137,0,0,0,0,0,0,0,0,0,0.0,0,4758,-999999.0,0,7,7,7,7,,,,,,,,,,,,,1669.0,1472.0,1472.0,1364.7,1227.7,421.0,421.0,85.3,-999999.0,1669.0,206.0,123.0,179.1,119.1,67.4,67.4,-999999.0,0.0,0.0
330101,NY,330101,NEW YORK-PRESBYTERIAN HOSPITAL,525 EAST 68TH STREET,NEW YORK,10065,Short Term,36061,POINT (-73.954509 40.764355),"[C330101-A, C330101-H, C330101-D, C330101-F, C330101-G, C330101-C, C330101-E]",20230623,20210205,1,24640,20251,18459,17587,14682,3911,3316,288,67,22512,3641,2131.0,3302.0,2030.0,836,765.0,-999999.0,-999999.0,0.0,7,7,7,7,7,7,7,7,7,7,7,7,7,7,7,7,7,7,7,294,-999999,10,19,29,44,52,72,66,0.0,15,696,140,0,15,21,11,21,31,28,13,0.0,19,6018,0.0,0,7,7,7,7,,,,,,,,,,,,,3520.0,2893.0,2637.0,2512.4,2097.4,558.7,473.7,41.1,9.6,3216.0,520.1,304.4,471.7,290.0,119.4,109.3,-999999.0,-999999.0,0.0
330214,NY,330214,NYU LANGONE HOSPITALS,550 FIRST AVENUE,NEW YORK,10016,Short Term,36061,POINT (-73.974303 40.742311),"[C330214-B, C330214-A, C330214-C, C330214-D]",20230623,20210205,1,17033,14499,12539,10942,8847,2126,2068,34,26,15255,2856,1911.0,2382.0,1589.0,434,429.0,0.0,0.0,0.0,7,7,7,7,7,7,7,7,7,7,7,7,7,7,7,7,7,7,7,240,-999999,12,19,22,32,41,55,57,0.0,-999999,2031,27,0,-999999,-999999,-999999,5,7,5,6,0.0,8,4389,0.0,0,7,7,7,7,5027.0,,5224.0,,3831.0,,25747.0,,13963.0,,29429.0,,2433.3,2071.3,1791.3,1563.1,1263.9,303.7,295.4,4.9,-999999.0,2179.3,408.0,273.0,340.3,227.0,62.0,61.3,0.0,0.0,0.0
330285,NY,330285,STRONG MEMORIAL HOSPITAL,601 ELMWOOD AVE,ROCHESTER,14642,Short Term,36055,POINT (-77.623587 43.122832),[C330285-A],20230623,20210205,1,9352,8316,7378,6134,5103,532,509,9,5,8414,1127,931.0,886.0,738.0,111,111.0,0.0,0.0,0.0,7,7,7,7,7,7,7,7,7,7,7,7,7,7,7,7,7,7,7,40,0,-999999,-999999,4,8,6,7,10,0.0,0,64,20,0,-999999,-999999,-999999,-999999,4,-999999,5,0.0,4,1897,0.0,0,7,7,7,7,1063.0,,1086.0,,597.0,,11978.0,,3810.0,,13599.0,,1336.0,1188.0,1054.0,876.3,729.0,76.0,72.7,-999999.0,-999999.0,1202.0,161.0,133.0,126.6,105.4,15.9,15.9,0.0,0.0,0.0
050025,CA,050025,UC SAN DIEGO HEALTH HILLCREST - HILLCREST MED CTR,200 WEST ARBOR DRIVE,SAN DIEGO,92103,Short Term,06073,POINT (-117.165844 32.754258),"[C050025-A, C050025-B]",20240308,20210207,1,5856,5296,4512,3967,3793,582,563,0,0,5072,1187,711.0,822.0,648.0,189,178.0,-999999.0,0.0,0.0,7,7,7,7,7,7,7,7,7,7,7,7,7,7,7,7,7,7,7,23,0,-999999,-999999,-999999,4,6,-999999,5,0.0,0,467,8,0,0,0,0,-999999,-999999,-999999,-999999,0.0,0,1420,0.0,0,7,7,7,7,4990.0,,122770.0,,18980.0,,8885.0,,3039.0,,1210.0,,836.6,756.6,644.6,566.7,541.9,83.1,80.4,0.0,0.0,724.6,169.6,101.6,117.4,92.6,27.0,25.4,-999999.0,0.0,0.0
050262,CA,050262,RONALD REAGAN UCLA MEDICAL CENTER,757 WESTWOOD PLAZA,LOS ANGELES,90095,Short Term,06037,POINT (-118.446328 34.066455),[C050262-A],20240308,20210207,1,3220,2744,2513,2857,2462,461,382,0,0,2989,1106,784.0,979.0,721.0,184,180.0,0.0,0.0,0.0,7,7,7,7,7,7,7,7,7,7,7,7,7,7,7,7,7,7,7,16,0,-999999,-999999,-999999,-999999,-999999,-999999,-999999,0.0,0,147,0,0,0,0,0,0,0,0,0,0.0,0,825,0.0,0,7,7,7,7,2789.0,,353.0,,3143.0,,14325.0,,8161.0,,18589.0,,460.0,392.0,359.0,408.1,351.7,65.9,54.6,0.0,0.0,427.0,158.0,112.0,139.9,103.0,26.3,25.7,0.0,0.0,0.0
050373,CA,050373,LOS ANGELES GENERAL MEDICAL CENTER,"2051 MARENGO ST, ROOM C2K100",LOS ANGELES,90033,Short Term,06037,POINT (-118.206478 34.056278),[C050373-A],20240308,20210207,1,4558,4116,4007,3512,3269,895,874,46,41,4449,1039,781.0,858.0,695.0,308,306.0,0.0,0.0,0.0,7,7,7,7,7,7,7,7,7,7,7,7,7,7,7,7,7,7,7,81,-999999,9,11,18,19,9,11,-999999,0.0,9,167,8,0,0,-999999,-999999,4,-999999,0,0,0.0,0,2377,0.0,0,7,7,7,7,79.0,,1031.0,,386.0,,5968.0,,7936.0,,766.0,,651.1,588.0,572.4,501.7,467.0,127.9,124.9,6.6,5.9,635.6,148.4,111.6,122.6,99.3,44.0,43.7,0.0,0.0,0.0
050441,CA,050441,STANFORD HEALTH CARE,300 PASTEUR DRIVE,STANFORD,94305,Short Term,06085,POINT (-122.175944 37.433018),[C050441-A],20240308,20210207,1,4438,4319,4319,3909,3909,448,422,0,0,4319,695,695.0,629.0,629.0,144,134.0,0.0,0.0,0.0,7,7,7,7,7,7,7,7,7,7,7,7,7,7,7,7,7,7,7,42,0,-999999,4,-999999,8,8,5,11,0.0,0,113,278,-999999,13,49,21,50,48,38,58,0.0,-999999,1429,0.0,0,7,7,7,7,,,,,,,,,,,,,634.0,617.0,617.0,558.4,558.4,64.0,60.3,0.0,0.0,617.0,99.3,99.3,89.9,89.9,20.6,19.1,0.0,0.0,0.0
050454,CA,050454,UCSF MEDICAL CENTER,"505 PARNASSUS AVE, BOX 0296",SAN FRANCISCO,94143,Short Term,06075,POINT (-122.457544 37.762452),"[C050454-C, C050454-B, C050454-D, C050454-A]",20240308,20210207,1,5845,4235,4235,4913,3649,307,300,12,10,5845,1301,714.0,1108.0,624.0,136,136.0,0.0,0.0,0.0,7,7,7,7,7,7,7,7,7,7,7,7,7,7,7,7,7,7,7,-999999,0,0,-999999,0,0,0,0,0,0.0,-999999,198,-999999,0,0,0,0,0,-999999,-999999,0,0.0,-999999,854,0.0,0,7,7,7,7,,,,,,,,,,,,,835.0,605.0,605.0,701.9,521.3,43.9,42.9,-999999.0,-999999.0,835.0,185.9,102.0,158.3,89.1,19.4,19.4,0.0,0.0,0.0
050625,CA,050625,CEDARS-SINAI MEDICAL CENTER,8700 BEVERLY BLVD,LOS ANGELES,90048,Short Term,06037,POINT (-118.380016 34.076549),[C050625-A],20240308,20210207,1,5995,5904,5442,5227,5171,643,561,-999999,-999999,5533,1085,104.0,143.0,110.0,192,29.0,0.0,0.0,0.0,7,7,7,7,7,7,7,7,7,7,7,1,1,1,7,1,7,7,7,33,0,-999999,8,4,-999999,4,5,8,0.0,0,93,33,0,-999999,-999999,-999999,4,6,7,11,0.0,-999999,1388,0.0,0,7,7,7,7,105.0,,704.0,,1528.0,,11577.0,,6122.0,,1749.0,,856.4,843.4,777.4,746.7,738.7,91.9,80.1,-999999.0,-999999.0,790.4,155.0,104.0,143.0,110.0,27.4,29.0,0.0,0.0,0.0
330005,NY,330005,KALEIDA HEALTH,100 HIGH STREET,BUFFALO,14210,Short Term,36029,POINT (-78.865984 42.900906),"[C330005-C, C330005-B, C330005-A]",20240308,20210207,1,6853,6853,6328,4868,4868,704,686,0,0,6328,1505,1505.0,981.0,981.0,152,142.0,7.0,0.0,-999999.0,7,7,7,7,7,7,7,7,7,7,7,7,7,7,7,7,7,7,7,50,0,-999999,-999999,-999999,10,12,13,12,0.0,0,178,82,0,-999999,-999999,5,9,14,25,25,0.0,0,1676,0.0,0,7,7,7,7,689.0,,10.0,,186.0,,4147.0,,2430.0,,426.0,,979.0,979.0,904.0,695.4,695.4,100.6,98.0,0.0,0.0,904.0,215.0,215.0,140.1,140.1,21.7,20.3,-999999.0,0.0,-999999.0
330024,NY,330024,MOUNT SINAI HOSPITAL,ONE GUSTAVE L LEVY PLACE,NEW YORK,10029,Short Term,36061,POINT (-73.953392 40.790390),"[C330024-B, C330024-A]",20240308,20210207,1,11991,11081,9345,7180,6577,1813,1363,38,14,10255,1806,1659.0,943.0,828.0,245,223.0,0.0,0.0,0.0,7,7,7,7,7,7,7,7,7,7,7,7,7,7,7,7,7,7,7,114,-999999,9,11,11,15,19,22,26,0.0,-999999,1102,36,0,5,6,6,6,7,-999999,-999999,0.0,-999999,3996,0.0,0,7,7,7,7,,,,,,,,,,,,,1713.0,1583.0,1335.0,1025.7,939.6,259.0,194.7,5.4,-999999.0,1465.0,258.0,237.0,134.7,118.3,35.0,31.9,0.0,0.0,0.0
330059,NY,330059,MONTEFIORE MEDICAL CENTER,111 EAST 210TH STREET,BRONX,10467,Short Term,36005,POINT (-73.879896 40.879872),"[C330059-C, C330059-B, C330059-A, C330059-D]",20240308,20210207,1,11683,10304,10304,9598,8633,2893,2893,591,20,11683,1442,861.0,1254.0,822.0,473,473.0,5.0,0.0,0.0,7,7,7,7,7,7,7,7,7,7,7,7,7,7,7,7,7,7,7,312,0,8,22,25,58,56,82,55,6.0,5,2002,-999999,0,0,0,0,0,0,0,0,-999999.0,0,4636,-999999.0,0,7,7,7,7,,,,,,,,,,,,,1669.0,1472.0,1472.0,1371.1,1233.3,413.3,413.3,84.4,-999999.0,1669.0,206.0,123.0,179.1,117.4,67.6,67.6,-999999.0,0.0,0.0
330101,NY,330101,NEW YORK-PRESBYTERIAN HOSPITAL,525 EAST 68TH STREET,NEW YORK,10065,Short Term,36061,POINT (-73.954509 40.764355),"[C330101-A, C330101-H, C330101-D, C330101-F, C330101-G, C330101-C, C330101-E]",20240308,20210207,1,24640,20251,18459,17499,14561,3798,3212,277,72,22512,3641,2125.0,3308.0,2023.0,820,756.0,4.0,-999999.0,0.0,7,7,7,7,7,7,7,7,7,7,7,7,7,7,7,7,7,7,7,282,-999999,4,15,24,43,50,76,68,0.0,13,660,125,0,12,18,11,16,26,30,12,0.0,15,5887,0.0,0,7,7,7,7,,,,,,,,,,,,,3520.0,2893.0,2637.0,2499.9,2080.1,542.6,458.9,39.6,10.3,3216.0,520.1,303.6,472.6,289.0,117.1,108.0,-999999.0,-999999.0,0.0
330214,NY,330214,NYU LANGONE HOSPITALS,550 FIRST AVENUE,NEW YORK,10016,Short Term,36061,POINT (-73.974303 40.742311),"[C330214-B, C330214-A, C330214-C, C330214-D]",20240308,20210207,1,16905,14371,12411,10866,8785,2052,1990,28,19,15127,2856,1911.0,2392.0,1598.0,412,405.0,0.0,0.0,0.0,7,7,7,7,7,7,7,7,7,7,7,7,7,7,7,7,7,7,7,222,-999999,13,18,16,23,50,52,49,,-999999,2009,27,0,-999999,-999999,-999999,6,7,5,6,,7,4328,0.0,0,7,7,7,7,5027.0,,5224.0,,3831.0,,25747.0,,13963.0,,29429.0,,2415.0,2053.0,1773.0,1552.3,1255.0,293.1,284.3,4.0,-999999.0,2161.0,408.0,273.0,341.7,228.3,58.9,57.9,0.0,0.0,0.0
330285,NY,330285,STRONG MEMORIAL HOSPITAL,601 ELMWOOD AVE,ROCHESTER,14642,Short Term,36055,POINT (-77.623587 43.122832),[C330285-A],20240308,20210207,1,9352,8316,7378,6247,5177,520,492,6,-999999,8414,1127,931.0,888.0,735.0,111,111.0,0.0,0.0,0.0,7,7,7,7,7,7,7,7,7,7,7,7,7,7,7,7,7,7,7,38,0,-999999,5,-999999,7,5,7,10,0.0,0,66,17,0,4,-999999,-999999,4,-999999,-999999,-999999,0.0,-999999,1839,0.0,0,7,7,7,7,1063.0,,1086.0,,597.0,,11978.0,,3810.0,,13599.0,,1336.0,1188.0,1054.0,892.4,739.6,74.3,70.3,-999999.0,-999999.0,1202.0,161.0,133.0,126.9,105.0,15.9,15.9,0.0,0.0,0.0
050025,CA,050025,UC SAN DIEGO HEALTH HILLCREST - HILLCREST MED CTR,200 WEST ARBOR DRIVE,SAN DIEGO,92103,Short Term,06073,POINT (-117.165844 32.754258),"[C050025-A, C050025-B]",20230623,20210212,1,5856,5296,4512,3894,3714,523,489,-999999,-999999,5072,1187,711.0,816.0,637.0,188,174.0,0.0,0.0,0.0,7,7,7,7,7,7,7,7,7,7,7,7,7,7,7,7,7,7,7,20,0,-999999,-999999,-999999,4,6,-999999,-999999,0.0,0,472,21,0,-999999,-999999,4,6,-999999,4,-999999,0.0,0,1437,0.0,0,7,7,7,7,15482.0,,4032.0,,539.0,,9378.0,,2981.0,,792.0,,836.6,756.6,644.6,556.3,530.6,74.7,69.9,-999999.0,-999999.0,724.6,169.6,101.6,116.6,91.0,26.9,24.9,0.0,0.0,0.0
050262,CA,050262,RONALD REAGAN UCLA MEDICAL CENTER,757 WESTWOOD PLAZA,LOS ANGELES,90095,Short Term,06037,POINT (-118.44562 34.06617),[C050262-A],20230623,20210212,1,3220,2744,2513,2746,2382,335,293,8,-999999,2989,1106,784.0,919.0,676.0,165,145.0,0.0,0.0,0.0,7,7,7,7,7,7,7,7,7,7,7,7,7,7,7,7,7,7,7,18,0,-999999,-999999,-999999,-999999,-999999,-999999,6,0.0,-999999,130,35,0,-999999,5,5,8,8,6,0,0.0,-999999,791,0.0,0,7,7,7,7,731.0,,302.0,,1033.0,,15056.0,,7920.0,,18891.0,,460.0,392.0,359.0,392.3,340.3,47.9,41.9,-999999.0,-999999.0,427.0,158.0,112.0,131.3,96.6,23.6,20.7,0.0,0.0,0.0
050373,CA,050373,LAC+USC MEDICAL CENTER,"1200 N STATE ST, ROOM C2K100",LOS ANGELES,90033,Short Term,06037,POINT (-118.208376 34.057996),[C050373-A],20230623,20210212,1,4527,4096,3969,3266,3051,685,657,37,35,4400,1021,762.0,800.0,648.0,264,260.0,0.0,0.0,0.0,7,7,7,7,7,7,7,7,7,7,7,7,7,7,7,7,7,7,7,58,0,4,7,14,15,7,-999999,8,0.0,-999999,140,-999999,0,0,0,-999999,-999999,-999999,0,0,0.0,-999999,2309,0.0,0,7,7,7,7,343.0,,377.0,,379.0,,6260.0,,7895.0,,577.0,,646.7,585.1,567.0,466.6,435.9,97.9,93.9,5.3,5.0,628.6,145.9,108.9,114.3,92.6,37.7,37.1,0.0,0.0,0.0
050441,CA,050441,STANFORD HEALTH CARE,300 PASTEUR DRIVE,STANFORD,94305,Short Term,06085,POINT (-122.175944 37.433018),[C050441-A],20230623,20210212,1,4421,4302,4302,3737,3737,391,373,0,0,4302,693,693.0,616.0,616.0,140,130.0,0.0,0.0,0.0,7,7,7,7,7,7,7,7,7,7,7,7,7,7,7,7,7,7,7,35,0,0,5,4,7,4,5,10,0.0,0,92,256,0,17,23,23,38,42,48,65,0.0,0,1380,0.0,0,7,7,7,7,802.0,,41545.0,,39542.0,,18874.0,,8521.0,,20668.0,,631.6,614.6,614.6,533.9,533.9,55.9,53.3,0.0,0.0,614.6,99.0,99.0,88.0,88.0,20.0,18.6,0.0,0.0,0.0
050454,CA,050454,UCSF MEDICAL CENTER,"505 PARNASSUS AVE, BOX 0296",SAN FRANCISCO,94143,Short Term,06075,POINT (-122.457544 37.762452),"[C050454-C, C050454-B, C050454-D, C050454-A]",20230623,20210212,1,5801,4235,4235,4653,3517,302,287,12,7,5801,1285,714.0,1033.0,589.0,124,122.0,0.0,0.0,0.0,7,7,7,7,7,7,7,7,7,7,7,7,7,7,7,7,7,7,7,-999999,0,-999999,0,0,0,0,0,0,0.0,0,168,0,0,0,0,0,0,0,0,0,0.0,-999999,788,0.0,0,7,7,7,7,,,,,,,,,,,,,828.7,605.0,605.0,664.7,502.4,43.1,41.0,-999999.0,-999999.0,828.7,183.6,102.0,147.6,84.1,17.7,17.4,0.0,0.0,0.0
050625,CA,050625,CEDARS-SINAI MEDICAL CENTER,8700 BEVERLY BLVD,LOS ANGELES,90048,Short Term,06037,POINT (-118.380122 34.075496),[C050625-A],20230623,20210212,1,5934,5843,5381,5139,5078,462,364,0,0,5472,1231,562.0,618.0,502.0,141,64.0,0.0,0.0,0.0,7,7,7,7,7,7,7,7,7,7,7,4,4,4,7,4,7,7,7,32,0,-999999,7,-999999,5,-999999,6,8,0.0,0,97,41,0,-999999,-999999,-999999,7,10,9,11,0.0,0,1375,0.0,0,7,7,7,7,798.0,,333.0,,1185.0,,12431.0,,5782.0,,1242.0,,847.7,834.7,768.7,734.1,725.4,66.0,52.0,0.0,0.0,781.7,175.9,140.5,154.5,125.5,20.1,16.0,0.0,0.0,0.0
330005,NY,330005,KALEIDA HEALTH,100 HIGH STREET,BUFFALO,14210,Short Term,36029,POINT (-78.865984 42.900906),"[C330005-B, C330005-A]",20230623,20210212,1,6853,6853,6328,4817,4817,610,605,0,0,6328,1505,1505.0,959.0,959.0,154,150.0,-999999.0,0.0,0.0,7,7,7,7,7,7,7,7,7,7,7,7,7,7,7,7,7,7,7,46,0,0,-999999,-999999,7,14,13,9,0.0,0,150,73,0,-999999,-999999,4,12,10,16,25,-999999.0,0,1561,0.0,0,7,7,7,7,7.0,,-999999.0,,15.0,,4153.0,,2387.0,,430.0,,979.0,979.0,904.0,688.1,688.1,87.1,86.4,0.0,0.0,904.0,215.0,215.0,137.0,137.0,22.0,21.4,-999999.0,0.0,0.0
330024,NY,330024,MOUNT SINAI HOSPITAL,ONE GUSTAVE L LEVY PLACE,NEW YORK,10029,Short Term,36061,POINT (-73.953392 40.790390),"[C330024-B, C330024-A]",20230623,20210212,1,11991,11081,9345,7245,6609,1677,1353,22,-999999,10255,1806,1659.0,944.0,828.0,262,252.0,0.0,0.0,0.0,7,7,7,7,7,7,7,7,7,7,7,7,7,7,7,7,7,7,7,99,0,10,7,14,11,23,14,20,0.0,0,1003,38,0,-999999,8,4,9,-999999,6,7,0.0,-999999,3905,0.0,0,7,7,7,7,,,,,,,,,,,,,1713.0,1583.0,1335.0,1035.0,944.1,239.6,193.3,-999999.0,-999999.0,1465.0,258.0,237.0,134.9,118.3,37.4,36.0,0.0,0.0,0.0
330059,NY,330059,MONTEFIORE MEDICAL CENTER,111 EAST 210TH STREET,BRONX,10467,Short Term,36005,POINT (-73.879897 40.879872),"[C330059-C, C330059-B, C330059-A, C330059-D]",20230623,20210212,1,11683,10304,10304,9559,8627,2607,2606,559,12,11683,1442,861.0,1221.0,809.0,452,452.0,10.0,0.0,4.0,7,7,7,7,7,7,7,7,7,7,7,7,7,7,7,7,7,7,7,237,0,10,19,25,25,50,55,46,7.0,4,1908,-999999,0,0,0,0,0,0,0,0,-999999.0,0,4456,-999999.0,0,7,7,7,7,,,,,,,,,,,,,1669.0,1472.0,1472.0,1365.6,1232.4,372.4,372.3,79.9,-999999.0,1669.0,206.0,123.0,174.4,115.6,64.6,64.6,-999999.0,0.0,-999999.0
330101,NY,330101,NEW YORK-PRESBYTERIAN HOSPITAL,525 EAST 68TH STREET,NEW YORK,10065,Short Term,36061,POINT (-73.954509 40.764355),"[C330101-A, C330101-H, C330101-D, C330101-F, C330101-G, C330101-C, C330101-E]",20230623,20210212,1,24640,20251,18459,17033,14202,3592,3015,259,79,22512,3631,2109.0,3180.0,1956.0,789,738.0,5.0,5.0,0.0,7,7,7,7,7,7,7,7,7,7,7,7,7,7,7,7,7,7,7,292,-999999,8,22,22,40,58,69,70,0.0,8,678,132,-999999,7,19,11,29,24,27,14,0.0,11,5825,0.0,0,7,7,7,7,,,,,,,,,,,,,3520.0,2893.0,2637.0,2433.3,2028.9,513.1,430.7,37.0,11.3,3216.0,518.7,301.3,454.3,279.4,112.7,105.4,-999999.0,-999999.0,0.0
330214,NY,330214,NYU LANGONE HOSPITALS,550 FIRST AVENUE,NEW YORK,10016,Short Term,36061,POINT (-73.974303 40.742311),"[C330214-B, C330214-A, C330214-C, C330214-D]",20230623,20210212,1,16814,14280,12320,10687,8656,1870,1813,21,13,15036,2856,1911.0,2268.0,1522.0,363,355.0,0.0,0.0,0.0,7,7,7,7,7,7,7,7,7,7,7,7,7,7,7,7,7,7,7,192,0,11,21,14,14,44,41,47,,5,2034,38,-999999,4,-999999,-999999,-999999,9,10,7,,4,4372,0.0,0,7,7,7,7,6630.0,,4317.0,,1799.0,,27086.0,,13436.0,,29926.0,,2402.0,2040.0,1760.0,1526.7,1236.6,267.1,259.0,-999999.0,-999999.0,2148.0,408.0,273.0,324.0,217.4,51.9,50.7,0.0,0.0,0.0
330285,NY,330285,STRONG MEMORIAL HOSPITAL,601 ELMWOOD AVE,ROCHESTER,14642,Short Term,36055,POINT (-77.623587 43.122832),[C330285-A],20230623,20210212,1,9352,8316,7378,6380,5259,394,364,-999999,0,8414,1127,931.0,885.0,722.0,86,86.0,0.0,0.0,0.0,7,7,7,7,7,7,7,7,7,7,7,7,7,7,7,7,7,7,7,24,0,-999999,-999999,-999999,4,7,4,4,0.0,0,48,17,-999999,-999999,0,-999999,4,4,-999999,-999999,0.0,0,1763,0.0,0,7,7,7,7,1375.0,,443.0,,965.0,,12673.0,,3540.0,,13869.0,,1336.0,1188.0,1054.0,911.4,751.3,56.3,52.0,-999999.0,0.0,1202.0,161.0,133.0,126.4,103.1,12.3,12.3,0.0,0.0,0.0
050025,CA,050025,UC SAN DIEGO HEALTH HILLCREST - HILLCREST MED CTR,200 WEST ARBOR DRIVE,SAN DIEGO,92103,Short Term,06073,POINT (-117.165844 32.754258),"[C050025-A, C050025-B]",20240308,20210214,1,5852,5292,4508,3937,3757,520,478,-999999,-999999,5068,1183,707.0,808.0,629.0,182,170.0,0.0,0.0,0.0,7,7,7,7,7,7,7,7,7,7,7,7,7,7,7,7,7,7,7,22,0,-999999,-999999,-999999,-999999,6,-999999,-999999,0.0,0,463,23,0,-999999,5,4,6,-999999,-999999,-999999,0.0,0,1472,0.0,0,7,7,7,7,15482.0,,4032.0,,539.0,,9378.0,,2981.0,,792.0,,836.0,756.0,644.0,562.4,536.7,74.3,68.3,-999999.0,-999999.0,724.0,169.0,101.0,115.4,89.9,26.0,24.3,0.0,0.0,0.0
050262,CA,050262,RONALD REAGAN UCLA MEDICAL CENTER,757 WESTWOOD PLAZA,LOS ANGELES,90095,Short Term,06037,POINT (-118.446328 34.066455),[C050262-A],20240308,20210214,1,3220,2744,2513,2682,2345,288,254,10,5,2989,1106,784.0,884.0,649.0,151,133.0,0.0,0.0,0.0,7,7,7,7,7,7,7,7,7,7,7,7,7,7,7,7,7,7,7,16,0,4,0,-999999,-999999,-999999,-999999,5,0.0,-999999,127,52,0,6,8,8,10,10,10,0,0.0,4,769,0.0,0,7,7,7,7,731.0,,302.0,,1033.0,,15056.0,,7920.0,,18891.0,,460.0,392.0,359.0,383.1,335.0,41.1,36.3,-999999.0,-999999.0,427.0,158.0,112.0,126.3,92.7,21.6,19.0,0.0,0.0,0.0
050373,CA,050373,LOS ANGELES GENERAL MEDICAL CENTER,"2051 MARENGO ST, ROOM C2K100",LOS ANGELES,90033,Short Term,06037,POINT (-118.206478 34.056278),[C050373-A],20240308,20210214,1,4532,4112,3991,3358,3153,658,622,33,30,4411,1036,775.0,797.0,650.0,245,242.0,0.0,0.0,0.0,7,7,7,7,7,7,7,7,7,7,7,7,7,7,7,7,7,7,7,54,0,-999999,7,11,16,8,-999999,8,0.0,0,141,8,0,0,-999999,0,-999999,-999999,-999999,0,0.0,-999999,2377,0.0,0,7,7,7,7,343.0,,377.0,,379.0,,6260.0,,7895.0,,577.0,,647.4,587.4,570.1,479.7,450.4,94.0,88.9,4.7,4.3,630.1,148.0,110.7,113.9,92.9,35.0,34.6,0.0,0.0,0.0
050441,CA,050441,STANFORD HEALTH CARE,300 PASTEUR DRIVE,STANFORD,94305,Short Term,06085,POINT (-122.175944 37.433018),[C050441-A],20240308,20210214,1,4416,4297,4297,3674,3674,378,362,0,0,4297,693,693.0,602.0,602.0,136,127.0,0.0,0.0,0.0,7,7,7,7,7,7,7,7,7,7,7,7,7,7,7,7,7,7,7,34,0,0,5,6,10,-999999,4,7,0.0,0,96,228,0,18,22,18,30,41,46,53,0.0,0,1339,0.0,0,7,7,7,6,802.0,,41545.0,,39542.0,,18874.0,,8521.0,,20668.0,,630.9,613.9,613.9,524.9,524.9,54.0,51.7,0.0,0.0,613.9,99.0,99.0,86.0,86.0,19.4,18.1,0.0,0.0,0.0
050454,CA,050454,UCSF MEDICAL CENTER,"505 PARNASSUS AVE, BOX 0296",SAN FRANCISCO,94143,Short Term,06075,POINT (-122.457544 37.762452),"[C050454-C, C050454-B, C050454-D, C050454-A]",20240308,20210214,1,5787,4235,4235,4571,3475,280,265,10,5,5787,1279,714.0,1015.0,577.0,126,124.0,0.0,0.0,0.0,7,7,7,7,7,7,7,7,7,7,7,7,7,7,7,7,7,7,7,-999999,0,-999999,0,0,0,0,0,0,0.0,0,187,0,0,0,0,0,0,0,0,0,0.0,-999999,797,0.0,0,7,7,7,7,,,,,,,,,,,,,826.7,605.0,605.0,653.0,496.4,40.0,37.9,-999999.0,-999999.0,826.7,182.7,102.0,145.0,82.4,18.0,17.7,0.0,0.0,0.0
050625,CA,050625,CEDARS-SINAI MEDICAL CENTER,8700 BEVERLY BLVD,LOS ANGELES,90048,Short Term,06037,POINT (-118.380016 34.076549),[C050625-A],20240308,20210214,1,5920,5829,5367,5151,5117,435,339,0,0,5458,1302,841.0,933.0,762.0,134,89.0,0.0,0.0,0.0,7,7,7,7,7,7,7,7,7,7,7,6,6,6,7,6,7,7,7,28,0,-999999,4,-999999,4,-999999,4,10,0.0,0,82,39,0,0,-999999,-999999,4,11,11,10,-999999.0,0,1396,0.0,0,7,7,7,7,798.0,,333.0,,1185.0,,12431.0,,5782.0,,1242.0,,845.7,832.7,766.7,735.9,731.0,62.1,48.4,0.0,0.0,779.7,186.0,140.2,155.5,127.0,19.1,14.8,0.0,0.0,0.0
330005,NY,330005,KALEIDA HEALTH,100 HIGH STREET,BUFFALO,14210,Short Term,36029,POINT (-78.865984 42.900906),"[C330005-C, C330005-B, C330005-A]",20240308,20210214,1,6853,6853,6328,4682,4682,590,583,0,0,6328,1505,1505.0,950.0,950.0,165,159.0,0.0,0.0,0.0,7,7,7,7,7,7,7,7,7,7,7,7,7,7,7,7,7,7,7,47,0,0,0,-999999,6,11,16,11,-999999.0,0,147,75,0,-999999,-999999,4,14,9,15,27,-999999.0,0,1595,0.0,0,7,7,7,7,7.0,,-999999.0,,15.0,,4153.0,,2387.0,,430.0,,979.0,979.0,904.0,668.9,668.9,84.3,83.3,0.0,0.0,904.0,215.0,215.0,135.7,135.7,23.6,22.7,0.0,0.0,0.0
330024,NY,330024,MOUNT SINAI HOSPITAL,ONE GUSTAVE L LEVY PLACE,NEW YORK,10029,Short Term,36061,POINT (-73.953392 40.790390),"[C330024-B, C330024-A]",20240308,20210214,1,11991,11081,9345,7237,6685,1613,1334,23,-999999,10255,1806,1659.0,931.0,826.0,261,254.0,0.0,0.0,0.0,7,7,7,7,7,7,7,7,7,7,7,7,7,7,7,7,7,7,7,92,-999999,6,5,12,12,20,16,20,0.0,-999999,921,32,0,-999999,7,-999999,5,-999999,7,7,0.0,-999999,3802,0.0,0,7,7,7,7,,,,,,,,,,,,,1713.0,1583.0,1335.0,1033.9,955.0,230.4,190.6,-999999.0,-999999.0,1465.0,258.0,237.0,133.0,118.0,37.3,36.3,0.0,0.0,0.0
330059,NY,330059,MONTEFIORE MEDICAL CENTER,111 EAST 210TH STREET,BRONX,10467,Short Term,36005,POINT (-73.879896 40.879872),"[C330059-C, C330059-B, C330059-A, C330059-D]",20240308,20210214,1,11683,10304,10304,9589,8663,2531,2530,522,13,11683,1442,861.0,1224.0,815.0,444,444.0,6.0,0.0,4.0,7,7,7,7,7,7,7,7,7,7,7,7,7,7,7,7,7,7,7,230,-999999,8,14,18,29,53,55,46,6.0,-999999,1898,-999999,0,0,0,0,0,0,0,0,-999999.0,0,4335,0.0,0,7,7,7,7,,,,,,,,,,,,,1669.0,1472.0,1472.0,1369.9,1237.6,361.6,361.4,74.6,-999999.0,1669.0,206.0,123.0,174.9,116.4,63.4,63.4,-999999.0,0.0,-999999.0
330101,NY,330101,NEW YORK-PRESBYTERIAN HOSPITAL,525 EAST 68TH STREET,NEW YORK,10065,Short Term,36061,POINT (-73.954509 40.764355),"[C330101-A, C330101-H, C330101-D, C330101-F, C330101-G, C330101-C, C330101-E]",20240308,20210214,1,24640,20251,18460,17249,14382,3607,3010,262,80,22512,3626,2107.0,3174.0,1941.0,799,746.0,4.0,4.0,0.0,7,7,7,7,7,7,7,7,7,7,7,7,7,7,7,7,7,7,7,289,-999999,12,23,23,42,57,61,68,0.0,8,668,134,-999999,6,19,11,31,25,27,14,0.0,12,5697,0.0,0,7,7,7,7,,,,,,,,,,,,,3520.0,2893.0,2637.1,2464.1,2054.6,515.3,430.0,37.4,11.4,3216.0,518.0,301.0,453.4,277.3,114.1,106.6,-999999.0,-999999.0,0.0
330214,NY,330214,NYU LANGONE HOSPITALS,550 FIRST AVENUE,NEW YORK,10016,Short Term,36061,POINT (-73.974303 40.742311),"[C330214-B, C330214-A, C330214-C, C330214-D]",20240308,20210214,1,16814,14280,12320,10641,8594,1803,1749,21,15,15036,2856,1911.0,2233.0,1488.0,351,346.0,0.0,0.0,0.0,7,7,7,7,7,7,7,7,7,7,7,7,7,7,7,7,7,7,7,180,0,11,21,16,20,36,38,38,,5,1987,32,-999999,-999999,4,-999999,-999999,8,8,5,,-999999,4311,0.0,0,7,7,7,7,6630.0,,4317.0,,1799.0,,27086.0,,13436.0,,29926.0,,2402.0,2040.0,1760.0,1520.1,1227.7,257.6,249.9,-999999.0,-999999.0,2148.0,408.0,273.0,319.0,212.6,50.1,49.4,0.0,0.0,0.0
330285,NY,330285,STRONG MEMORIAL HOSPITAL,601 ELMWOOD AVE,ROCHESTER,14642,Short Term,36055,POINT (-77.623587 43.122832),[C330285-A],20240308,20210214,1,9352,8316,7378,6290,5190,300,290,-999999,0,8414,1127,931.0,867.0,706.0,73,72.0,0.0,0.0,0.0,7,7,7,7,7,7,7,7,7,7,7,7,7,7,7,7,7,7,7,19,0,-999999,0,-999999,-999999,8,4,-999999,0.0,0,42,6,-999999,0,0,-999999,-999999,-999999,0,0,0.0,0,1761,0.0,0,7,7,7,7,1375.0,,443.0,,965.0,,12673.0,,3540.0,,13869.0,,1336.0,1188.0,1054.0,898.6,741.4,42.9,41.4,-999999.0,0.0,1202.0,161.0,133.0,123.9,100.9,10.4,10.3,0.0,0.0,0.0
050025,CA,050025,UC SAN DIEGO HEALTH HILLCREST - HILLCREST MED CTR,200 WEST ARBOR DRIVE,SAN DIEGO,92103,Short Term,06073,POINT (-117.165844 32.754258),"[C050025-A, C050025-B]",20230623,20210219,1,5858,5298,4514,4086,3889,467,432,-999999,0,5074,1189,713.0,835.0,638.0,154,146.0,0.0,0.0,0.0,7,7,7,7,7,7,7,7,7,7,7,7,7,7,7,7,7,7,7,22,0,5,-999999,5,-999999,4,4,0,0.0,0,415,15,-999999,0,4,-999999,-999999,-999999,-999999,-999999,0.0,-999999,1438,0.0,0,7,7,7,7,15511.0,,6511.0,,256.0,,9534.0,,2913.0,,775.0,,836.9,756.9,644.9,583.7,555.6,66.7,61.7,-999999.0,0.0,724.9,169.9,101.9,119.3,91.1,22.0,20.9,0.0,0.0,0.0
050262,CA,050262,RONALD REAGAN UCLA MEDICAL CENTER,757 WESTWOOD PLAZA,LOS ANGELES,90095,Short Term,06037,POINT (-118.44562 34.06617),[C050262-A],20230623,20210219,1,3220,2744,2513,2615,2300,209,177,5,5,2989,1106,784.0,855.0,641.0,115,112.0,0.0,0.0,0.0,7,7,7,7,7,7,7,7,7,7,7,7,7,7,7,7,7,7,7,7,0,-999999,-999999,0,-999999,-999999,0,-999999,0.0,-999999,117,23,0,5,-999999,-999999,5,-999999,4,0,0.0,-999999,785,0.0,0,7,7,7,7,856.0,,233.0,,1089.0,,15912.0,,7828.0,,19124.0,,460.0,392.0,359.0,373.6,328.6,29.9,25.3,-999999.0,-999999.0,427.0,158.0,112.0,122.1,91.6,16.4,16.0,0.0,0.0,0.0
050373,CA,050373,LAC+USC MEDICAL CENTER,"1200 N STATE ST, ROOM C2K100",LOS ANGELES,90033,Short Term,06037,POINT (-118.208376 34.057996),[C050373-A],20230623,20210219,1,4541,4140,4028,3353,3159,542,513,21,19,4429,1074,808.0,760.0,611.0,214,211.0,0.0,0.0,0.0,7,7,7,7,7,7,7,7,7,7,7,7,7,7,7,7,7,7,7,44,-999999,4,6,8,10,9,5,-999999,0.0,-999999,118,10,0,-999999,-999999,0,4,-999999,-999999,0,0.0,-999999,2524,0.0,0,7,7,7,7,290.0,,371.0,,250.0,,6445.0,,7854.0,,467.0,,648.7,591.4,575.4,479.0,451.3,77.4,73.3,-999999.0,-999999.0,632.7,153.4,115.4,108.6,87.3,30.6,30.1,0.0,0.0,0.0
050441,CA,050441,STANFORD HEALTH CARE,300 PASTEUR DRIVE,STANFORD,94305,Short Term,06085,POINT (-122.175944 37.433018),[C050441-A],20230623,20210219,1,4412,4293,4293,3612,3612,335,315,0,0,4293,693,693.0,582.0,582.0,123,117.0,0.0,0.0,0.0,7,7,7,7,7,7,7,7,7,7,7,7,7,7,7,7,7,7,7,20,0,0,5,-999999,5,5,-999999,0,0.0,0,84,229,-999999,22,28,19,27,49,38,45,0.0,0,1340,0.0,0,7,7,7,6,-999999.0,,17919.0,,923.0,,906.0,,8617.0,,17.0,,630.3,613.3,613.3,516.0,516.0,47.9,45.0,0.0,0.0,613.3,99.0,99.0,83.1,83.1,17.6,16.7,0.0,0.0,0.0
050454,CA,050454,UCSF MEDICAL CENTER,"505 PARNASSUS AVE, BOX 0296",SAN FRANCISCO,94143,Short Term,06075,POINT (-122.457544 37.762452),"[C050454-C, C050454-B, C050454-D, C050454-A]",20230623,20210219,1,5810,4235,4235,4752,3525,235,221,10,10,5810,1296,714.0,1058.0,584.0,110,110.0,0.0,0.0,0.0,7,7,7,7,7,7,7,7,7,7,7,7,7,7,7,7,7,7,7,0,0,0,0,0,0,0,0,0,0.0,4,204,0,0,0,0,0,0,0,0,0,0.0,0,831,0.0,0,7,7,7,7,,,,,,,,,,,,,830.0,605.0,605.0,678.9,503.6,33.6,31.6,-999999.0,-999999.0,830.0,185.1,102.0,151.1,83.4,15.7,15.7,0.0,0.0,0.0
050625,CA,050625,CEDARS-SINAI MEDICAL CENTER,8700 BEVERLY BLVD,LOS ANGELES,90048,Short Term,06037,POINT (-118.380122 34.075496),[C050625-A],20230623,20210219,1,5947,5856,5394,5348,5302,352,272,0,0,5485,1300,943.0,1062.0,864.0,107,80.0,0.0,0.0,0.0,7,7,7,7,7,7,7,7,7,7,7,7,7,7,7,7,7,7,7,20,0,0,-999999,0,4,-999999,-999999,9,0.0,0,66,27,0,0,-999999,-999999,-999999,8,5,7,-999999.0,0,1503,0.0,0,7,7,7,7,1049.0,,243.0,,699.0,,12888.0,,5536.0,,1034.0,,849.6,836.6,770.6,764.0,757.4,50.3,38.9,0.0,0.0,783.6,185.7,134.7,151.7,123.4,15.3,11.4,0.0,0.0,0.0
330005,NY,330005,KALEIDA HEALTH,100 HIGH STREET,BUFFALO,14210,Short Term,36029,POINT (-78.865984 42.900906),"[C330005-B, C330005-A]",20230623,20210219,1,6853,6853,6328,4601,4601,518,512,0,0,6328,1505,1505.0,911.0,911.0,147,141.0,0.0,0.0,0.0,7,7,7,7,7,7,7,7,7,7,7,7,7,7,7,7,7,7,7,33,0,0,-999999,-999999,7,5,9,8,-999999.0,0,136,69,0,0,5,-999999,13,10,12,26,0.0,0,1749,0.0,0,7,7,7,7,478.0,,331.0,,308.0,,4428.0,,2367.0,,175.0,,979.0,979.0,904.0,657.3,657.3,74.0,73.1,0.0,0.0,904.0,215.0,215.0,130.1,130.1,21.0,20.1,0.0,0.0,0.0
330024,NY,330024,MOUNT SINAI HOSPITAL,ONE GUSTAVE L LEVY PLACE,NEW YORK,10029,Short Term,36061,POINT (-73.953392 40.790390),"[C330024-B, C330024-A]",20230623,20210219,1,11991,11081,9345,7207,6690,1495,1236,17,-999999,10255,1806,1659.0,934.0,853.0,272,258.0,0.0,0.0,0.0,7,7,7,7,7,7,7,7,7,7,7,7,7,7,7,7,7,7,7,79,-999999,-999999,7,6,11,15,16,20,0.0,-999999,921,15,0,4,-999999,-999999,-999999,-999999,-999999,-999999,0.0,-999999,3959,0.0,0,7,7,7,7,2241.0,,12019.0,,15324.0,,13671.0,,12861.0,,1653.0,,1713.0,1583.0,1335.0,1029.6,955.7,213.6,176.6,-999999.0,-999999.0,1465.0,258.0,237.0,133.4,121.9,38.9,36.9,0.0,0.0,0.0
330059,NY,330059,MONTEFIORE MEDICAL CENTER,111 EAST 210TH STREET,BRONX,10467,Short Term,36005,POINT (-73.879897 40.879872),"[C330059-C, C330059-B, C330059-A, C330059-D]",20230623,20210219,1,11683,10304,10304,9755,8806,2473,2473,507,23,11683,1442,861.0,1234.0,820.0,419,419.0,0.0,0.0,0.0,7,7,7,7,7,7,7,7,7,7,7,7,7,7,7,7,7,7,7,255,-999999,9,12,13,38,67,71,40,-999999.0,-999999,1658,-999999,0,0,0,0,0,0,0,0,-999999.0,0,4459,0.0,0,7,7,7,7,,,,,,,,,,,,,1669.0,1472.0,1472.0,1393.6,1258.0,353.3,353.3,72.4,-999999.0,1669.0,206.0,123.0,176.3,117.1,59.9,59.9,0.0,0.0,0.0
330101,NY,330101,NEW YORK-PRESBYTERIAN HOSPITAL,525 EAST 68TH STREET,NEW YORK,10065,Short Term,36061,POINT (-73.954509 40.764355),"[C330101-A, C330101-H, C330101-D, C330101-F, C330101-G, C330101-C, C330101-E]",20230623,20210219,1,24708,20313,18522,17775,14779,3595,2972,256,76,22580,3660,2141.0,3244.0,1955.0,810,732.0,0.0,0.0,0.0,7,7,7,7,7,7,7,7,7,7,7,7,7,7,7,7,7,7,7,284,-999999,19,17,30,46,47,54,70,0.0,6,675,138,0,9,19,15,24,27,19,25,0.0,11,5875,0.0,0,7,7,7,7,,,,,,,,,,,,,3529.7,2901.9,2646.0,2539.3,2111.3,513.6,424.6,36.6,10.9,3225.7,522.9,305.9,463.4,279.3,115.7,104.6,0.0,0.0,0.0
330214,NY,330214,NYU LANGONE HOSPITALS,550 FIRST AVENUE,NEW YORK,10016,Short Term,36061,POINT (-73.974303 40.742311),"[C330214-B, C330214-A, C330214-C, C330214-D]",20230623,20210219,1,16814,14280,12320,10762,8661,1755,1710,25,17,15036,2856,1911.0,2263.0,1500.0,329,320.0,0.0,0.0,0.0,7,7,7,7,7,7,7,7,7,7,7,7,7,7,7,7,7,7,7,208,-999999,13,17,12,36,51,33,45,,6,1983,18,0,0,-999999,-999999,-999999,-999999,9,-999999,,-999999,4388,0.0,0,7,7,7,7,6812.0,,4401.0,,1199.0,,27942.0,,13005.0,,30340.0,,2402.0,2040.0,1760.0,1537.4,1237.3,250.7,244.3,-999999.0,-999999.0,2148.0,408.0,273.0,323.3,214.3,47.0,45.7,0.0,0.0,0.0
330285,NY,330285,STRONG MEMORIAL HOSPITAL,601 ELMWOOD AVE,ROCHESTER,14642,Short Term,36055,POINT (-77.623587 43.122832),[C330285-A],20230623,20210219,1,9352,8316,7378,6134,5071,206,188,10,7,8414,1127,931.0,892.0,730.0,63,62.0,0.0,0.0,0.0,7,7,7,7,7,7,7,7,7,7,7,7,7,7,7,7,7,7,7,27,0,-999999,-999999,6,-999999,6,7,-999999,0.0,-999999,43,12,-999999,0,-999999,-999999,-999999,4,-999999,-999999,0.0,-999999,1856,0.0,0,7,7,7,7,1973.0,,0.0,,497.0,,12924.0,,3294.0,,14115.0,,1336.0,1188.0,1054.0,876.3,724.4,29.4,26.9,-999999.0,-999999.0,1202.0,161.0,133.0,127.4,104.3,9.0,8.9,0.0,0.0,0.0
050025,CA,050025,UC SAN DIEGO HEALTH HILLCREST - HILLCREST MED CTR,200 WEST ARBOR DRIVE,SAN DIEGO,92103,Short Term,06073,POINT (-117.165844 32.754258),"[C050025-A, C050025-B]",20240308,20210221,1,5866,5306,4522,4068,3858,435,404,-999999,0,5082,1197,721.0,860.0,650.0,142,135.0,0.0,0.0,0.0,7,7,7,7,7,7,7,7,7,7,7,7,7,7,7,7,7,7,7,20,0,-999999,-999999,6,-999999,4,5,0,0.0,0,430,15,-999999,-999999,-999999,-999999,-999999,-999999,4,0,0.0,-999999,1414,0.0,0,7,7,7,7,15511.0,,6511.0,,256.0,,9534.0,,2913.0,,775.0,,838.0,758.0,646.0,581.1,551.1,62.1,57.7,-999999.0,0.0,726.0,171.0,103.0,122.9,92.9,20.3,19.3,0.0,0.0,0.0
050262,CA,050262,RONALD REAGAN UCLA MEDICAL CENTER,757 WESTWOOD PLAZA,LOS ANGELES,90095,Short Term,06037,POINT (-118.446328 34.066455),[C050262-A],20240308,20210221,1,3220,2744,2513,2630,2318,179,151,-999999,-999999,2989,1106,784.0,875.0,657.0,102,101.0,0.0,0.0,0.0,7,7,7,7,7,7,7,7,7,7,7,7,7,7,7,7,7,7,7,6,0,0,-999999,0,-999999,-999999,0,-999999,0.0,-999999,109,6,0,-999999,0,0,-999999,-999999,0,0,0.0,0,753,0.0,0,7,7,7,7,856.0,,233.0,,1089.0,,15912.0,,7828.0,,19124.0,,460.0,392.0,359.0,375.7,331.1,25.6,21.6,-999999.0,-999999.0,427.0,158.0,112.0,125.0,93.9,14.6,14.4,0.0,0.0,0.0
050373,CA,050373,LOS ANGELES GENERAL MEDICAL CENTER,"2051 MARENGO ST, ROOM C2K100",LOS ANGELES,90033,Short Term,06037,POINT (-118.206478 34.056278),[C050373-A],20240308,20210221,1,4556,4151,4033,3313,3111,484,462,22,19,4438,1076,809.0,743.0,591.0,194,191.0,0.0,0.0,0.0,7,7,7,7,7,7,7,7,7,7,7,7,7,7,7,7,7,7,7,54,-999999,5,7,15,8,10,5,-999999,0.0,-999999,113,5,0,-999999,0,-999999,-999999,0,0,0,0.0,-999999,2634,0.0,0,7,7,7,7,290.0,,371.0,,250.0,,6445.0,,7854.0,,467.0,,650.9,593.0,576.1,473.3,444.4,69.1,66.0,-999999.0,-999999.0,634.0,153.7,115.6,106.1,84.4,27.7,27.3,0.0,0.0,0.0
050441,CA,050441,STANFORD HEALTH CARE,300 PASTEUR DRIVE,STANFORD,94305,Short Term,06085,POINT (-122.175944 37.433018),[C050441-A],20240308,20210221,1,4417,4298,4298,3668,3668,302,285,0,0,4298,693,693.0,584.0,584.0,120,117.0,0.0,0.0,0.0,7,7,7,7,7,7,7,7,7,7,7,7,7,7,7,7,7,7,7,17,0,0,4,-999999,-999999,6,-999999,-999999,0.0,0,72,274,-999999,22,32,26,32,55,49,57,0.0,0,1400,0.0,0,7,7,7,7,-999999.0,,17919.0,,923.0,,906.0,,8617.0,,17.0,,631.0,614.0,614.0,524.0,524.0,43.1,40.7,0.0,0.0,614.0,99.0,99.0,83.4,83.4,17.1,16.7,0.0,0.0,0.0
050454,CA,050454,UCSF MEDICAL CENTER,"505 PARNASSUS AVE, BOX 0296",SAN FRANCISCO,94143,Short Term,06075,POINT (-122.457544 37.762452),"[C050454-C, C050454-B, C050454-D, C050454-A]",20240308,20210221,1,5822,4235,4235,4824,3560,216,203,9,9,5822,1291,714.0,1087.0,596.0,100,100.0,0.0,0.0,0.0,7,7,7,7,7,7,7,7,7,7,7,7,7,7,7,7,7,7,7,0,0,0,0,0,0,0,0,0,0.0,4,184,0,0,0,0,0,0,0,0,0,0.0,0,825,0.0,0,7,7,7,7,,,,,,,,,,,,,831.7,605.0,605.0,689.1,508.6,30.9,29.0,-999999.0,-999999.0,831.7,184.4,102.0,155.3,85.1,14.3,14.3,0.0,0.0,0.0
050625,CA,050625,CEDARS-SINAI MEDICAL CENTER,8700 BEVERLY BLVD,LOS ANGELES,90048,Short Term,06037,POINT (-118.380016 34.076549),[C050625-A],20240308,20210221,1,5967,5876,5414,5389,5331,308,238,0,0,5505,1291,934.0,1070.0,864.0,97,74.0,0.0,0.0,0.0,7,7,7,7,7,7,7,7,7,7,7,7,7,7,7,7,7,7,7,15,0,0,-999999,0,5,-999999,-999999,5,0.0,0,58,22,0,0,-999999,-999999,4,4,-999999,6,0.0,0,1514,0.0,0,7,7,7,7,1049.0,,243.0,,699.0,,12888.0,,5536.0,,1034.0,,852.4,839.4,773.4,769.9,761.6,44.0,34.0,0.0,0.0,786.4,184.4,133.4,152.9,123.4,13.9,10.6,0.0,0.0,0.0
330005,NY,330005,KALEIDA HEALTH,100 HIGH STREET,BUFFALO,14210,Short Term,36029,POINT (-78.865984 42.900906),"[C330005-C, C330005-B, C330005-A]",20240308,20210221,1,6853,6853,6328,4681,4681,468,464,0,0,6328,1505,1505.0,904.0,904.0,132,129.0,0.0,0.0,0.0,7,7,7,7,7,7,7,7,7,7,7,7,7,7,7,7,7,7,7,27,0,0,-999999,-999999,6,8,6,4,0.0,0,124,60,0,0,6,5,11,10,10,18,0.0,0,1794,0.0,0,7,7,7,7,478.0,,331.0,,308.0,,4428.0,,2367.0,,175.0,,979.0,979.0,904.0,668.7,668.7,66.9,66.3,0.0,0.0,904.0,215.0,215.0,129.1,129.1,18.9,18.4,0.0,0.0,0.0
330024,NY,330024,MOUNT SINAI HOSPITAL,ONE GUSTAVE L LEVY PLACE,NEW YORK,10029,Short Term,36061,POINT (-73.953392 40.790390),"[C330024-B, C330024-A]",20240308,20210221,1,11991,11081,9345,7213,6616,1506,1209,25,9,10255,1806,1659.0,938.0,855.0,278,252.0,0.0,0.0,0.0,7,7,7,7,7,7,7,7,7,7,7,7,7,7,7,7,7,7,7,87,0,4,7,5,11,18,20,22,0.0,-999999,1006,25,0,-999999,-999999,-999999,6,4,4,-999999,0.0,5,4114,0.0,0,7,7,7,7,2241.0,,12019.0,,15324.0,,13671.0,,12861.0,,1653.0,,1713.0,1583.0,1335.0,1030.4,945.1,215.1,172.7,-999999.0,-999999.0,1465.0,258.0,237.0,134.0,122.1,39.7,36.0,0.0,0.0,0.0
330059,NY,330059,MONTEFIORE MEDICAL CENTER,111 EAST 210TH STREET,BRONX,10467,Short Term,36005,POINT (-73.879896 40.879872),"[C330059-C, C330059-B, C330059-A, C330059-D]",20240308,20210221,1,11683,10304,10304,9773,8817,2448,2448,513,21,11683,1442,861.0,1226.0,818.0,413,413.0,0.0,0.0,0.0,7,7,7,7,7,7,7,7,7,7,7,7,7,7,7,7,7,7,7,241,-999999,8,13,17,34,67,65,35,-999999.0,-999999,1729,0,0,0,0,0,0,0,0,0,0.0,0,4628,0.0,0,7,7,7,7,,,,,,,,,,,,,1669.0,1472.0,1472.0,1396.1,1259.6,349.7,349.7,73.3,-999999.0,1669.0,206.0,123.0,175.1,116.9,59.0,59.0,0.0,0.0,0.0
330101,NY,330101,NEW YORK-PRESBYTERIAN HOSPITAL,525 EAST 68TH STREET,NEW YORK,10065,Short Term,36061,POINT (-73.954509 40.764355),"[C330101-A, C330101-H, C330101-D, C330101-F, C330101-G, C330101-C, C330101-E]",20240308,20210221,1,24776,20375,18583,17800,14792,3531,2927,269,82,22648,3694,2183.0,3249.0,1958.0,783,699.0,0.0,0.0,0.0,7,7,7,7,7,7,7,7,7,7,7,7,7,7,7,7,7,7,7,276,-999999,18,22,31,44,44,53,63,0.0,9,664,142,0,9,21,15,22,31,17,27,0.0,10,6062,0.0,0,7,7,7,7,,,,,,,,,,,,,3539.4,2910.7,2654.7,2542.9,2113.1,504.4,418.1,38.4,11.7,3235.4,527.7,311.9,464.1,279.7,111.9,99.9,0.0,0.0,0.0
330214,NY,330214,NYU LANGONE HOSPITALS,550 FIRST AVENUE,NEW YORK,10016,Short Term,36061,POINT (-73.974303 40.742311),"[C330214-B, C330214-A, C330214-C, C330214-D]",20240308,20210221,1,16814,14280,12320,10809,8749,1768,1731,30,22,15036,2856,1911.0,2251.0,1508.0,333,323.0,0.0,0.0,0.0,7,7,7,7,7,7,7,7,7,7,7,7,7,7,7,7,7,7,7,212,-999999,10,15,16,35,52,32,50,,7,2078,16,0,0,-999999,-999999,-999999,-999999,7,-999999,,5,4562,0.0,0,7,7,7,7,6812.0,,4401.0,,1199.0,,27942.0,,13005.0,,30340.0,,2402.0,2040.0,1760.0,1544.1,1249.9,252.6,247.3,4.3,-999999.0,2148.0,408.0,273.0,321.6,215.4,47.6,46.1,0.0,0.0,0.0
330285,NY,330285,STRONG MEMORIAL HOSPITAL,601 ELMWOOD AVE,ROCHESTER,14642,Short Term,36055,POINT (-77.623587 43.122832),[C330285-A],20240308,20210221,1,9352,8316,7378,6138,5061,231,207,11,8,8414,1127,931.0,917.0,748.0,60,60.0,0.0,0.0,0.0,7,7,7,7,7,7,7,7,7,7,7,7,7,7,7,7,7,7,7,32,-999999,-999999,-999999,6,-999999,6,9,-999999,0.0,-999999,34,16,-999999,-999999,-999999,-999999,-999999,5,-999999,-999999,0.0,-999999,1891,0.0,0,7,7,7,7,1973.0,,0.0,,497.0,,12924.0,,3294.0,,14115.0,,1336.0,1188.0,1054.0,876.9,723.0,33.0,29.6,-999999.0,-999999.0,1202.0,161.0,133.0,131.0,106.9,8.6,8.6,0.0,0.0,0.0
050025,CA,050025,UC SAN DIEGO HEALTH HILLCREST - HILLCREST MED CTR,200 WEST ARBOR DRIVE,SAN DIEGO,92103,Short Term,06073,POINT (-117.165844 32.754258),"[C050025-A, C050025-B]",20230623,20210226,1,5867,5307,4523,4097,3866,385,358,-999999,0,5083,1198,722.0,872.0,641.0,124,121.0,0.0,0.0,0.0,7,7,7,7,7,7,7,7,7,7,7,7,7,7,7,7,7,7,7,14,0,-999999,-999999,5,-999999,-999999,-999999,-999999,0.0,0,402,13,0,5,-999999,-999999,-999999,-999999,-999999,0,0.0,0,1414,0.0,0,7,7,7,7,20021.0,,7216.0,,327.0,,9702.0,,2862.0,,689.0,,838.1,758.1,646.1,585.3,552.3,55.0,51.1,-999999.0,0.0,726.1,171.1,103.1,124.6,91.6,17.7,17.3,0.0,0.0,0.0
050262,CA,050262,RONALD REAGAN UCLA MEDICAL CENTER,757 WESTWOOD PLAZA,LOS ANGELES,90095,Short Term,06037,POINT (-118.44562 34.06617),[C050262-A],20230623,20210226,1,3220,2744,2513,2710,2422,136,112,-999999,-999999,2989,1106,784.0,960.0,726.0,86,86.0,0.0,0.0,0.0,7,7,7,7,7,7,7,7,7,7,7,7,7,7,7,7,7,7,7,-999999,0,0,-999999,0,0,-999999,0,-999999,0.0,-999999,124,0,0,0,0,0,0,0,0,0,0.0,0,788,0.0,0,7,7,7,7,530.0,,250.0,,780.0,,16442.0,,7577.0,,19374.0,,460.0,392.0,359.0,387.1,346.0,19.4,16.0,-999999.0,-999999.0,427.0,158.0,112.0,137.1,103.7,12.3,12.3,0.0,0.0,0.0
050373,CA,050373,LAC+USC MEDICAL CENTER,"1200 N STATE ST, ROOM C2K100",LOS ANGELES,90033,Short Term,06037,POINT (-118.208376 34.057996),[C050373-A],20230623,20210226,1,4515,4091,3992,3389,3173,397,371,23,19,4416,1033,763.0,712.0,557.0,137,136.0,0.0,0.0,0.0,7,7,7,7,7,7,7,7,7,7,7,7,7,7,7,7,7,7,7,57,0,6,9,13,17,5,5,-999999,0.0,-999999,113,7,0,0,-999999,-999999,-999999,-999999,0,0,0.0,0,2624,0.0,0,7,7,7,7,1038.0,,235.0,,170.0,,6591.0,,7825.0,,367.0,,645.0,584.4,570.3,484.1,453.3,56.7,53.0,-999999.0,-999999.0,630.9,147.6,109.0,101.7,79.6,19.6,19.4,0.0,0.0,0.0
050441,CA,050441,STANFORD HEALTH CARE,300 PASTEUR DRIVE,STANFORD,94305,Short Term,06085,POINT (-122.175944 37.433018),[C050441-A],20230623,20210226,1,4419,4300,4300,3753,3753,276,259,0,0,4300,693,693.0,595.0,595.0,108,103.0,0.0,0.0,0.0,7,7,7,7,7,7,7,7,7,7,7,7,7,7,7,7,7,7,7,21,0,4,-999999,-999999,-999999,-999999,-999999,5,0.0,0,60,258,-999999,19,31,26,33,44,51,53,0.0,0,1424,0.0,0,7,7,7,7,-999999.0,,21526.0,,83.0,,68.0,,8613.0,,15.0,,631.3,614.3,614.3,536.1,536.1,39.4,37.0,0.0,0.0,614.3,99.0,99.0,85.0,85.0,15.4,14.7,0.0,0.0,0.0
050454,CA,050454,UCSF MEDICAL CENTER,"505 PARNASSUS AVE, BOX 0296",SAN FRANCISCO,94143,Short Term,06075,POINT (-122.457544 37.762452),"[C050454-C, C050454-B, C050454-D, C050454-A]",20230623,20210226,1,5814,4235,4235,4752,3524,172,154,12,12,5814,1291,714.0,1102.0,598.0,83,82.0,0.0,0.0,0.0,7,7,7,7,7,7,7,7,7,7,7,7,7,7,7,7,7,7,7,-999999,0,0,0,-999999,0,0,0,0,0.0,0,175,-999999,0,-999999,0,0,0,0,0,0,0.0,0,820,0.0,0,7,7,7,7,,,,,,,,,,,,,830.6,605.0,605.0,678.9,503.4,24.6,22.0,-999999.0,-999999.0,830.6,184.4,102.0,157.4,85.4,11.9,11.7,0.0,0.0,0.0
050625,CA,050625,CEDARS-SINAI MEDICAL CENTER,8700 BEVERLY BLVD,LOS ANGELES,90048,Short Term,06037,POINT (-118.380122 34.075496),[C050625-A],20230623,20210226,1,5918,5827,5365,5261,5196,215,155,-999999,0,5456,1298,941.0,1089.0,886.0,75,55.0,0.0,0.0,0.0,7,7,7,7,7,7,7,7,7,7,7,7,7,7,7,7,7,7,7,15,0,-999999,4,-999999,-999999,-999999,4,-999999,-999999.0,0,50,27,-999999,0,-999999,5,-999999,-999999,4,9,0.0,0,1463,0.0,0,7,7,7,7,741.0,,1413.0,,547.0,,13215.0,,5311.0,,930.0,,845.4,832.4,766.4,751.6,742.3,30.7,22.1,-999999.0,0.0,779.4,185.4,134.4,155.6,126.6,10.7,7.9,0.0,0.0,0.0
330005,NY,330005,KALEIDA HEALTH,100 HIGH STREET,BUFFALO,14210,Short Term,36029,POINT (-78.865984 42.900906),"[C330005-B, C330005-A]",20230623,20210226,1,6853,6853,6328,4718,4718,408,402,0,0,6328,1505,1505.0,904.0,904.0,134,132.0,0.0,0.0,0.0,7,7,7,7,7,7,7,7,7,7,7,7,7,7,7,7,7,7,7,28,0,0,0,-999999,-999999,7,8,9,0.0,0,110,56,0,0,-999999,-999999,6,4,20,22,0.0,0,1817,0.0,0,7,7,7,7,163.0,,485.0,,47.0,,4489.0,,2357.0,,123.0,,979.0,979.0,904.0,674.0,674.0,58.3,57.4,0.0,0.0,904.0,215.0,215.0,129.1,129.1,19.1,18.9,0.0,0.0,0.0
330024,NY,330024,MOUNT SINAI HOSPITAL,ONE GUSTAVE L LEVY PLACE,NEW YORK,10029,Short Term,36061,POINT (-73.953392 40.790390),"[C330024-B, C330024-A]",20230623,20210226,1,11991,11081,9345,7337,6702,1504,1203,30,15,10255,1806,1659.0,942.0,842.0,255,225.0,0.0,0.0,0.0,7,7,7,7,7,7,7,7,7,7,7,7,7,7,7,7,7,7,7,103,-999999,-999999,9,8,18,22,24,19,0.0,4,1055,30,0,-999999,5,-999999,6,7,4,4,0.0,4,3976,0.0,0,7,7,7,7,1367.0,,4750.0,,873.0,,14184.0,,12610.0,,1397.0,,1713.0,1583.0,1335.0,1048.1,957.4,214.9,171.9,4.3,-999999.0,1465.0,258.0,237.0,134.6,120.3,36.4,32.1,0.0,0.0,0.0
330059,NY,330059,MONTEFIORE MEDICAL CENTER,111 EAST 210TH STREET,BRONX,10467,Short Term,36005,POINT (-73.879897 40.879872),"[C330059-C, C330059-B, C330059-A, C330059-D]",20230623,20210226,1,11683,10304,10304,9694,8757,2287,2287,460,10,11683,1442,861.0,1216.0,809.0,406,406.0,0.0,0.0,0.0,7,7,7,7,7,7,7,7,7,7,7,7,7,7,7,7,7,7,7,237,-999999,9,17,21,35,61,50,38,5.0,-999999,2027,0,0,0,0,0,0,0,0,0,0.0,0,4826,0.0,0,7,7,7,7,,,,,,,,,,,,,1669.0,1472.0,1472.0,1384.9,1251.0,326.7,326.7,65.7,-999999.0,1669.0,206.0,123.0,173.7,115.6,58.0,58.0,0.0,0.0,0.0
330101,NY,330101,NEW YORK-PRESBYTERIAN HOSPITAL,525 EAST 68TH STREET,NEW YORK,10065,Short Term,36061,POINT (-73.954509 40.764355),"[C330101-A, C330101-H, C330101-D, C330101-F, C330101-G, C330101-C, C330101-E]",20230623,20210226,1,24868,20458,18666,17956,14910,3201,2684,288,91,22740,3745,2244.0,3288.0,2000.0,752,671.0,0.0,0.0,0.0,7,7,7,7,7,7,7,7,7,7,7,7,7,7,7,7,7,7,7,228,-999999,11,24,27,34,40,43,48,0.0,14,583,116,-999999,6,23,15,22,18,16,15,0.0,11,6119,0.0,0,7,7,7,7,,,,,,,,,,,,,3552.6,2922.6,2666.6,2565.1,2130.0,457.3,383.4,41.1,13.0,3248.6,535.0,320.6,469.7,285.7,107.4,95.9,0.0,0.0,0.0
330214,NY,330214,NYU LANGONE HOSPITALS,550 FIRST AVENUE,NEW YORK,10016,Short Term,36061,POINT (-73.974303 40.742311),"[C330214-B, C330214-A, C330214-C, C330214-D]",20230623,20210226,1,16814,14280,12320,10768,8842,1749,1715,25,18,15036,2856,1911.0,2193.0,1539.0,340,336.0,0.0,0.0,0.0,7,7,7,7,7,7,7,7,7,7,7,7,7,7,7,7,7,7,7,197,-999999,12,14,23,28,40,43,34,,6,2189,18,-999999,-999999,-999999,-999999,-999999,5,-999999,-999999,,7,4555,0.0,0,7,7,7,7,5844.0,,6554.0,,956.0,,28429.0,,12670.0,,30628.0,,2402.0,2040.0,1760.0,1538.3,1263.1,249.9,245.0,-999999.0,-999999.0,2148.0,408.0,273.0,313.3,219.9,48.6,48.0,0.0,0.0,0.0
330285,NY,330285,STRONG MEMORIAL HOSPITAL,601 ELMWOOD AVE,ROCHESTER,14642,Short Term,36055,POINT (-77.623587 43.122832),[C330285-A],20230623,20210226,1,9352,8316,7378,6208,5155,240,220,6,-999999,8414,1127,931.0,908.0,748.0,47,46.0,0.0,0.0,0.0,7,7,7,7,7,7,7,7,7,7,7,7,7,7,7,7,7,7,7,35,-999999,4,-999999,-999999,5,10,8,-999999,0.0,0,43,11,0,-999999,-999999,-999999,-999999,-999999,-999999,-999999,0.0,-999999,1927,0.0,0,7,7,7,7,1394.0,,1742.0,,489.0,,13188.0,,3069.0,,14340.0,,1336.0,1188.0,1054.0,886.9,736.4,34.3,31.4,-999999.0,-999999.0,1202.0,161.0,133.0,129.7,106.9,6.7,6.6,0.0,0.0,0.0
050025,CA,050025,UC SAN DIEGO HEALTH HILLCREST - HILLCREST MED CTR,200 WEST ARBOR DRIVE,SAN DIEGO,92103,Short Term,06073,POINT (-117.165844 32.754258),"[C050025-A, C050025-B]",20240308,20210228,1,5867,5307,4523,4095,3864,371,343,0,0,5083,1198,722.0,873.0,642.0,123,117.0,0.0,0.0,0.0,7,7,7,7,7,7,7,7,7,7,7,7,7,7,7,7,7,7,7,18,0,-999999,-999999,4,4,-999999,-999999,-999999,0.0,0,389,16,0,-999999,-999999,-999999,-999999,-999999,4,0,0.0,0,1440,0.0,0,7,7,7,7,20021.0,,7216.0,,327.0,,9702.0,,2862.0,,689.0,,838.1,758.1,646.1,585.0,552.0,53.0,49.0,0.0,0.0,726.1,171.1,103.1,124.7,91.7,17.6,16.7,0.0,0.0,0.0
050262,CA,050262,RONALD REAGAN UCLA MEDICAL CENTER,757 WESTWOOD PLAZA,LOS ANGELES,90095,Short Term,06037,POINT (-118.446328 34.066455),[C050262-A],20240308,20210228,1,3220,2744,2513,2718,2423,124,101,8,7,2989,1106,784.0,982.0,740.0,81,81.0,0.0,0.0,0.0,7,7,7,7,7,7,7,7,7,7,7,7,7,7,7,7,7,7,7,-999999,0,0,-999999,0,0,0,0,-999999,0.0,-999999,134,0,0,0,0,0,0,0,0,0,0.0,0,830,0.0,0,7,7,7,7,530.0,,250.0,,780.0,,16442.0,,7577.0,,19374.0,,460.0,392.0,359.0,388.3,346.1,17.7,14.4,-999999.0,-999999.0,427.0,158.0,112.0,140.3,105.7,11.6,11.6,0.0,0.0,0.0
050373,CA,050373,LOS ANGELES GENERAL MEDICAL CENTER,"2051 MARENGO ST, ROOM C2K100",LOS ANGELES,90033,Short Term,06037,POINT (-118.206478 34.056278),[C050373-A],20240308,20210228,1,4463,4039,3941,3402,3192,393,363,17,15,4365,1001,731.0,704.0,544.0,125,124.0,0.0,0.0,0.0,7,7,7,7,7,7,7,7,7,7,7,7,7,7,7,7,7,7,7,52,0,6,11,7,16,5,5,-999999,0.0,-999999,116,12,0,0,-999999,-999999,4,-999999,0,0,0.0,0,2600,0.0,0,7,7,7,7,1038.0,,235.0,,170.0,,6591.0,,7825.0,,367.0,,637.6,577.0,563.0,486.0,456.0,56.1,51.9,-999999.0,-999999.0,623.6,143.0,104.4,100.6,77.7,17.9,17.7,0.0,0.0,0.0
050441,CA,050441,STANFORD HEALTH CARE,300 PASTEUR DRIVE,STANFORD,94305,Short Term,06085,POINT (-122.175944 37.433018),[C050441-A],20240308,20210228,1,4420,4301,4301,3765,3765,276,258,0,0,4301,693,693.0,604.0,604.0,100,93.0,-999999.0,0.0,-999999.0,7,7,7,7,7,7,7,7,7,7,7,7,7,7,7,7,7,7,7,23,0,4,4,5,-999999,0,-999999,4,0.0,0,54,206,-999999,17,29,19,27,35,37,41,0.0,0,1399,-999999.0,0,7,7,7,6,-999999.0,,21526.0,,83.0,,68.0,,8613.0,,15.0,,631.4,614.4,614.4,537.9,537.9,39.4,36.9,0.0,0.0,614.4,99.0,99.0,86.3,86.3,14.3,13.3,-999999.0,0.0,-999999.0
050454,CA,050454,UCSF MEDICAL CENTER,"505 PARNASSUS AVE, BOX 0296",SAN FRANCISCO,94143,Short Term,06075,POINT (-122.457544 37.762452),"[C050454-C, C050454-B, C050454-D, C050454-A]",20240308,20210228,1,5806,4235,4235,4744,3536,157,133,18,18,5806,1292,714.0,1094.0,601.0,70,69.0,-999999.0,0.0,0.0,7,7,7,7,7,7,7,7,7,7,7,7,7,7,7,7,7,7,7,-999999,0,0,0,-999999,0,0,0,0,0.0,0,177,-999999,0,-999999,0,0,0,0,0,0,0.0,0,832,-999999.0,0,7,7,7,7,,,,,,,,,,,,,829.4,605.0,605.0,677.7,505.1,22.4,19.0,-999999.0,-999999.0,829.4,184.6,102.0,156.3,85.9,10.0,9.9,-999999.0,0.0,0.0
050625,CA,050625,CEDARS-SINAI MEDICAL CENTER,8700 BEVERLY BLVD,LOS ANGELES,90048,Short Term,06037,POINT (-118.380016 34.076549),[C050625-A],20240308,20210228,1,5911,5820,5358,5245,5184,192,129,-999999,0,5449,1294,937.0,1062.0,861.0,67,48.0,0.0,0.0,0.0,7,7,7,7,7,7,7,7,7,7,7,7,7,7,7,7,7,7,7,15,0,-999999,4,-999999,0,-999999,-999999,-999999,-999999.0,0,49,27,-999999,0,-999999,-999999,-999999,4,-999999,11,0.0,0,1491,0.0,0,7,7,7,7,741.0,,1413.0,,547.0,,13215.0,,5311.0,,930.0,,844.4,831.4,765.4,749.3,740.6,27.4,18.4,-999999.0,0.0,778.4,184.9,133.9,151.7,123.0,9.6,6.9,0.0,0.0,0.0
330005,NY,330005,KALEIDA HEALTH,100 HIGH STREET,BUFFALO,14210,Short Term,36029,POINT (-78.865984 42.900906),"[C330005-C, C330005-B, C330005-A]",20240308,20210228,1,6853,6853,6328,4653,4653,403,393,0,0,6328,1505,1505.0,910.0,910.0,134,127.0,0.0,0.0,0.0,7,7,7,7,7,7,7,7,7,7,7,7,7,7,7,7,7,7,7,31,0,0,-999999,-999999,-999999,4,9,12,0.0,0,121,63,0,0,-999999,-999999,6,-999999,22,30,0.0,0,1800,0.0,0,7,7,7,7,163.0,,485.0,,47.0,,4489.0,,2357.0,,123.0,,979.0,979.0,904.0,664.7,664.7,57.6,56.1,0.0,0.0,904.0,215.0,215.0,130.0,130.0,19.1,18.1,0.0,0.0,0.0
330024,NY,330024,MOUNT SINAI HOSPITAL,ONE GUSTAVE L LEVY PLACE,NEW YORK,10029,Short Term,36061,POINT (-73.953392 40.790390),"[C330024-B, C330024-A]",20240308,20210228,1,11991,11081,9345,7386,6721,1497,1208,22,12,10255,1806,1659.0,962.0,854.0,253,225.0,0.0,0.0,0.0,7,7,7,7,7,7,7,7,7,7,7,7,7,7,7,7,7,7,7,106,-999999,-999999,8,13,21,23,20,17,0.0,-999999,1017,24,0,-999999,6,0,4,6,-999999,4,0.0,-999999,3933,0.0,0,7,7,7,7,1367.0,,4750.0,,873.0,,14184.0,,12610.0,,1397.0,,1713.0,1583.0,1335.0,1055.1,960.1,213.9,172.6,-999999.0,-999999.0,1465.0,258.0,237.0,137.4,122.0,36.1,32.1,0.0,0.0,0.0
330059,NY,330059,MONTEFIORE MEDICAL CENTER,111 EAST 210TH STREET,BRONX,10467,Short Term,36005,POINT (-73.879896 40.879872),"[C330059-C, C330059-B, C330059-A, C330059-D]",20240308,20210228,1,11683,10304,10304,9645,8738,2258,2258,438,11,11683,1442,861.0,1221.0,804.0,400,400.0,0.0,0.0,0.0,7,7,7,7,7,7,7,7,7,7,7,7,7,7,7,7,7,7,7,248,-999999,11,19,19,38,57,57,41,5.0,-999999,2045,0,0,0,0,0,0,0,0,0,0.0,0,4851,0.0,0,7,7,7,7,,,,,,,,,,,,,1669.0,1472.0,1472.0,1377.9,1248.3,322.6,322.6,62.6,-999999.0,1669.0,206.0,123.0,174.4,114.9,57.1,57.1,0.0,0.0,0.0
330101,NY,330101,NEW YORK-PRESBYTERIAN HOSPITAL,525 EAST 68TH STREET,NEW YORK,10065,Short Term,36061,POINT (-73.954509 40.764355),"[C330101-A, C330101-H, C330101-D, C330101-F, C330101-G, C330101-C, C330101-E]",20240308,20210228,1,24864,20454,18662,17955,14940,3136,2632,271,86,22736,3745,2236.0,3296.0,2003.0,761,686.0,0.0,0.0,0.0,7,7,7,7,7,7,7,7,7,7,7,7,7,7,7,7,7,7,7,229,-999999,9,19,24,33,43,45,55,0.0,12,604,122,-999999,9,20,18,22,19,18,15,0.0,15,6105,0.0,0,7,7,7,7,,,,,,,,,,,,,3552.0,2922.0,2666.0,2565.0,2134.3,448.0,376.0,38.7,12.3,3248.0,535.0,319.4,470.9,286.1,108.7,98.0,0.0,0.0,0.0
330214,NY,330214,NYU LANGONE HOSPITALS,550 FIRST AVENUE,NEW YORK,10016,Short Term,36061,POINT (-73.974303 40.742311),"[C330214-B, C330214-A, C330214-C, C330214-D]",20240308,20210228,1,16814,14280,12320,10760,8838,1735,1696,22,16,15036,2856,1911.0,2143.0,1518.0,345,341.0,0.0,0.0,0.0,7,7,7,7,7,7,7,7,7,7,7,7,7,7,7,7,7,7,7,195,-999999,13,16,20,25,38,46,35,,6,2170,19,-999999,-999999,-999999,-999999,-999999,5,4,-999999,0.0,6,4535,0.0,0,7,7,7,7,5844.0,,6554.0,,956.0,,28429.0,,12670.0,,30628.0,,2402.0,2040.0,1760.0,1537.1,1262.6,247.9,242.3,-999999.0,-999999.0,2148.0,408.0,273.0,306.1,216.9,49.3,48.7,0.0,0.0,0.0
330285,NY,330285,STRONG MEMORIAL HOSPITAL,601 ELMWOOD AVE,ROCHESTER,14642,Short Term,36055,POINT (-77.623587 43.122832),[C330285-A],20240308,20210228,1,9352,8316,7378,6117,5094,238,219,7,0,8414,1127,931.0,889.0,741.0,51,50.0,0.0,0.0,0.0,7,7,7,7,7,7,7,7,7,7,7,7,7,7,7,7,7,7,7,31,0,6,0,-999999,5,8,5,-999999,-999999.0,0,48,12,0,4,-999999,-999999,-999999,-999999,-999999,-999999,0.0,4,1975,0.0,0,7,7,7,7,1394.0,,1742.0,,489.0,,13188.0,,3069.0,,14340.0,,1336.0,1188.0,1054.0,873.9,727.7,34.0,31.3,-999999.0,0.0,1202.0,161.0,133.0,127.0,105.9,7.3,7.1,0.0,0.0,0.0
050025,CA,050025,UC SAN DIEGO HEALTH HILLCREST - HILLCREST MED CTR,200 WEST ARBOR DRIVE,SAN DIEGO,92103,Short Term,06073,POINT (-117.165844 32.754258),"[C050025-A, C050025-B]",20230623,20210305,1,5842,5282,4516,4055,3819,316,285,0,0,5076,1191,715.0,878.0,642.0,94,87.0,0.0,0.0,0.0,7,7,7,7,7,7,7,7,7,7,7,7,7,7,7,7,7,7,7,13,0,-999999,-999999,-999999,4,0,-999999,-999999,0.0,0,423,19,0,-999999,4,-999999,-999999,-999999,6,0,0.0,0,1495,0.0,0,7,7,7,7,23282.0,,8306.0,,273.0,,10063.0,,2775.0,,713.0,,834.6,754.6,645.1,579.3,545.6,45.1,40.7,0.0,0.0,725.1,170.1,102.1,125.4,91.7,13.4,12.4,0.0,0.0,0.0
050262,CA,050262,RONALD REAGAN UCLA MEDICAL CENTER,757 WESTWOOD PLAZA,LOS ANGELES,90095,Short Term,06037,POINT (-118.44562 34.06617),[C050262-A],20230623,20210305,1,3220,2744,2513,2711,2392,107,89,15,13,2989,1106,784.0,965.0,716.0,70,70.0,0.0,0.0,0.0,7,7,7,7,7,7,7,7,7,7,7,7,7,7,7,7,7,7,7,4,0,0,-999999,0,-999999,-999999,0,-999999,0.0,-999999,113,0,0,0,0,0,0,0,0,0,0.0,0,823,0.0,0,7,7,7,7,463.0,,130.0,,593.0,,16905.0,,7566.0,,19504.0,,460.0,392.0,359.0,387.3,341.7,15.3,12.7,-999999.0,-999999.0,427.0,158.0,112.0,137.9,102.3,10.0,10.0,0.0,0.0,0.0
050373,CA,050373,LAC+USC MEDICAL CENTER,"1200 N STATE ST, ROOM C2K100",LOS ANGELES,90033,Short Term,06037,POINT (-118.208376 34.057996),[C050373-A],20230623,20210305,1,4444,4028,3906,3399,3200,356,331,10,10,4322,986,717.0,726.0,564.0,111,110.0,0.0,0.0,0.0,7,7,7,7,7,7,7,7,7,7,7,7,7,7,7,7,7,7,7,42,0,-999999,6,10,7,13,-999999,-999999,0.0,-999999,109,13,0,0,5,-999999,-999999,-999999,0,0,0.0,0,2619,0.0,0,7,7,7,7,382.0,,366.0,,142.0,,6683.0,,7752.0,,356.0,,634.9,575.4,558.0,485.6,457.1,50.9,47.3,-999999.0,-999999.0,617.4,140.9,102.4,103.7,80.6,15.9,15.7,0.0,0.0,0.0
050441,CA,050441,STANFORD HEALTH CARE,300 PASTEUR DRIVE,STANFORD,94305,Short Term,06085,POINT (-122.175944 37.433018),[C050441-A],20230623,20210305,1,4424,4305,4305,3856,3856,268,250,0,0,4305,693,693.0,597.0,597.0,92,80.0,-999999.0,0.0,-999999.0,7,7,7,7,7,7,7,7,7,7,7,7,7,7,7,7,7,7,7,20,0,0,-999999,7,4,-999999,-999999,-999999,0.0,0,44,169,0,8,21,21,19,34,33,33,0.0,0,1354,-999999.0,0,7,7,7,6,0.0,,19267.0,,89.0,,48.0,,8541.0,,41.0,,632.0,615.0,615.0,550.9,550.9,38.3,35.7,0.0,0.0,615.0,99.0,99.0,85.3,85.3,13.1,11.4,-999999.0,0.0,-999999.0
050454,CA,050454,UCSF MEDICAL CENTER,"505 PARNASSUS AVE, BOX 0296",SAN FRANCISCO,94143,Short Term,06075,POINT (-122.457544 37.762452),"[C050454-C, C050454-B, C050454-D, C050454-A]",20230623,20210305,1,5813,4235,4235,4833,3587,131,93,17,17,5813,1290,714.0,1064.0,596.0,52,52.0,7.0,0.0,0.0,7,7,7,7,7,7,7,7,7,7,7,7,7,7,7,7,7,7,7,0,0,0,0,0,0,0,0,0,0.0,0,179,0,0,0,0,0,0,0,0,0,0.0,0,811,-999999.0,0,7,7,7,7,,,,,,,,,,,,,830.4,605.0,605.0,690.4,512.4,18.7,13.3,-999999.0,-999999.0,830.4,184.3,102.0,152.0,85.1,7.4,7.4,-999999.0,0.0,0.0
050625,CA,050625,CEDARS-SINAI MEDICAL CENTER,8700 BEVERLY BLVD,LOS ANGELES,90048,Short Term,06037,POINT (-118.380122 34.075496),[C050625-A],20230623,20210305,1,5813,5722,5260,5154,5101,152,85,0,0,5351,1236,879.0,1004.0,771.0,42,27.0,0.0,0.0,0.0,7,7,7,7,7,7,7,7,7,7,7,7,7,7,7,7,7,7,7,6,0,0,0,0,-999999,-999999,-999999,-999999,0.0,0,45,31,0,0,0,0,-999999,4,9,14,-999999.0,0,1530,0.0,0,7,7,7,7,339.0,,1462.0,,561.0,,13557.0,,5084.0,,814.0,,830.4,817.4,751.4,736.3,728.7,21.7,12.1,0.0,0.0,764.4,176.6,125.6,143.4,110.1,6.0,-999999.0,0.0,0.0,0.0
330005,NY,330005,KALEIDA HEALTH,100 HIGH STREET,BUFFALO,14210,Short Term,36029,POINT (-78.865984 42.900906),"[C330005-B, C330005-A]",20230623,20210305,1,6853,6853,6328,4609,4609,367,359,0,0,6328,1505,1505.0,904.0,904.0,83,76.0,0.0,0.0,0.0,7,7,7,7,7,7,7,7,7,7,7,7,7,7,7,7,7,7,7,33,0,0,-999999,5,4,5,8,9,0.0,0,114,68,-999999,0,-999999,-999999,5,12,20,26,0.0,0,1742,0.0,0,7,7,7,7,0.0,,39.0,,-999999.0,,4490.0,,2357.0,,122.0,,979.0,979.0,904.0,658.4,658.4,52.4,51.3,0.0,0.0,904.0,215.0,215.0,129.1,129.1,11.9,10.9,0.0,0.0,0.0
330024,NY,330024,MOUNT SINAI HOSPITAL,ONE GUSTAVE L LEVY PLACE,NEW YORK,10029,Short Term,36061,POINT (-73.953392 40.790390),"[C330024-B, C330024-A]",20230623,20210305,1,11991,11081,9345,7393,6672,1523,1195,24,13,10255,1806,1659.0,979.0,865.0,255,231.0,0.0,0.0,0.0,7,7,7,7,7,7,7,7,7,7,7,7,7,7,7,7,7,7,7,95,-999999,-999999,8,10,19,16,22,16,0.0,-999999,917,27,0,4,7,0,7,-999999,-999999,4,0.0,-999999,3948,0.0,0,7,7,7,7,177.0,,2666.0,,942.0,,14941.0,,12437.0,,829.0,,1713.0,1583.0,1335.0,1056.1,953.1,217.6,170.7,-999999.0,-999999.0,1465.0,258.0,237.0,139.9,123.6,36.4,33.0,0.0,0.0,0.0
330059,NY,330059,MONTEFIORE MEDICAL CENTER,111 EAST 210TH STREET,BRONX,10467,Short Term,36005,POINT (-73.879897 40.879872),"[C330059-C, C330059-B, C330059-A, C330059-D]",20230623,20210305,1,11563,10184,10184,9521,8648,2054,2054,129,16,11563,1442,861.0,1264.0,799.0,363,354.0,0.0,0.0,0.0,7,7,7,7,7,7,7,7,7,7,7,7,7,7,7,7,7,7,7,217,0,8,17,12,31,49,51,44,5.0,6,1982,0,0,0,0,0,0,0,0,0,0.0,0,4716,0.0,0,7,7,7,7,,,,,,,,,,,,,1651.9,1454.9,1454.9,1360.1,1235.4,293.4,293.4,18.4,-999999.0,1651.9,206.0,123.0,180.6,114.1,51.9,50.6,0.0,0.0,0.0
330101,NY,330101,NEW YORK-PRESBYTERIAN HOSPITAL,525 EAST 68TH STREET,NEW YORK,10065,Short Term,36061,POINT (-73.954509 40.764355),"[C330101-A, C330101-H, C330101-D, C330101-F, C330101-G, C330101-C, C330101-E]",20230623,20210305,1,24864,20454,18662,17948,15010,3174,2605,240,65,22736,3745,2226.0,3268.0,1983.0,766,704.0,0.0,0.0,0.0,7,7,7,7,7,7,7,7,7,7,7,7,7,7,7,7,7,7,7,245,0,10,18,23,41,50,46,57,0.0,7,599,131,0,11,18,12,21,30,20,19,0.0,21,5979,0.0,0,7,7,7,7,,,,,,,,,,,,,3552.0,2922.0,2666.0,2564.0,2144.3,453.4,372.1,34.3,9.3,3248.0,535.0,318.0,466.9,283.3,109.4,100.6,0.0,0.0,0.0
330214,NY,330214,NYU LANGONE HOSPITALS,550 FIRST AVENUE,NEW YORK,10016,Short Term,36061,POINT (-73.974303 40.742311),"[C330214-B, C330214-A, C330214-C, C330214-D]",20230623,20210305,1,16865,14280,12320,10760,8775,1601,1564,28,24,15087,2802,1857.0,2082.0,1465.0,346,340.0,0.0,0.0,0.0,7,7,7,7,7,7,7,7,7,7,7,7,7,7,7,7,7,7,7,177,0,11,14,23,25,32,33,39,,9,2101,16,0,0,-999999,0,-999999,5,-999999,6,0.0,4,4541,0.0,0,7,7,7,7,5067.0,,8015.0,,913.0,,29177.0,,12992.0,,30553.0,,2409.3,2040.0,1760.0,1537.1,1253.6,228.7,223.4,4.0,-999999.0,2155.3,400.3,265.3,297.4,209.3,49.4,48.6,0.0,0.0,0.0
330285,NY,330285,STRONG MEMORIAL HOSPITAL,601 ELMWOOD AVE,ROCHESTER,14642,Short Term,36055,POINT (-77.623587 43.122832),[C330285-A],20230623,20210305,1,9352,8316,7378,5942,4917,201,181,8,-999999,8414,1127,931.0,874.0,732.0,63,63.0,0.0,0.0,0.0,7,7,7,7,7,7,7,7,7,7,7,7,7,7,7,7,7,7,7,13,0,6,0,0,-999999,-999999,-999999,-999999,-999999.0,0,29,18,0,6,-999999,-999999,0,-999999,-999999,-999999,0.0,7,1986,0.0,0,7,7,7,7,92.0,,2147.0,,182.0,,13201.0,,2900.0,,14509.0,,1336.0,1188.0,1054.0,848.9,702.4,28.7,25.9,-999999.0,-999999.0,1202.0,161.0,133.0,124.9,104.6,9.0,9.0,0.0,0.0,0.0
050025,CA,050025,UC SAN DIEGO HEALTH HILLCREST - HILLCREST MED CTR,200 WEST ARBOR DRIVE,SAN DIEGO,92103,Short Term,06073,POINT (-117.165844 32.754258),"[C050025-A, C050025-B]",20240308,20210307,1,5823,5263,4509,4037,3802,284,262,0,0,5069,1184,708.0,846.0,611.0,79,76.0,0.0,0.0,0.0,7,7,7,7,7,7,7,7,7,7,7,7,7,7,7,7,7,7,7,8,0,0,-999999,-999999,4,0,-999999,0,0.0,0,421,11,0,-999999,-999999,0,-999999,-999999,4,0,0.0,0,1478,0.0,0,7,7,7,7,23282.0,,8306.0,,273.0,,10063.0,,2775.0,,713.0,,831.9,751.9,644.1,576.7,543.1,40.6,37.4,0.0,0.0,724.1,169.1,101.1,120.9,87.3,11.3,10.9,0.0,0.0,0.0
050262,CA,050262,RONALD REAGAN UCLA MEDICAL CENTER,757 WESTWOOD PLAZA,LOS ANGELES,90095,Short Term,06037,POINT (-118.446328 34.066455),[C050262-A],20240308,20210307,1,3220,2744,2513,2724,2407,117,94,10,9,2989,1106,784.0,960.0,720.0,71,71.0,0.0,0.0,0.0,7,7,7,7,7,7,7,7,7,7,7,7,7,7,7,7,7,7,7,10,0,0,-999999,-999999,-999999,-999999,-999999,-999999,0.0,-999999,109,0,0,0,0,0,0,0,0,0,0.0,0,820,0.0,0,7,7,7,7,463.0,,130.0,,593.0,,16905.0,,7566.0,,19504.0,,460.0,392.0,359.0,389.1,343.9,16.7,13.4,-999999.0,-999999.0,427.0,158.0,112.0,137.1,102.9,10.1,10.1,0.0,0.0,0.0
050373,CA,050373,LOS ANGELES GENERAL MEDICAL CENTER,"2051 MARENGO ST, ROOM C2K100",LOS ANGELES,90033,Short Term,06037,POINT (-118.206478 34.056278),[C050373-A],20240308,20210307,1,4444,4034,3917,3345,3139,317,298,11,11,4327,995,727.0,738.0,576.0,112,111.0,0.0,0.0,0.0,7,7,7,7,7,7,7,7,7,7,7,7,7,7,7,7,7,7,7,36,0,-999999,-999999,10,8,12,-999999,-999999,0.0,-999999,95,8,0,0,-999999,-999999,-999999,-999999,0,0,0.0,0,2560,0.0,0,7,7,7,7,382.0,,366.0,,142.0,,6683.0,,7752.0,,356.0,,634.9,576.3,559.6,477.9,448.4,45.3,42.6,-999999.0,-999999.0,618.1,142.1,103.9,105.4,82.3,16.0,15.9,0.0,0.0,0.0
050441,CA,050441,STANFORD HEALTH CARE,300 PASTEUR DRIVE,STANFORD,94305,Short Term,06085,POINT (-122.175944 37.433018),[C050441-A],20240308,20210307,1,4441,4322,4322,3907,3907,264,243,0,0,4322,693,693.0,588.0,588.0,93,77.0,0.0,0.0,0.0,7,7,7,7,7,7,7,7,7,7,7,7,7,7,7,7,7,7,7,21,0,0,-999999,6,-999999,-999999,-999999,4,0.0,0,49,221,0,11,24,27,25,47,45,42,0.0,-999999,1356,0.0,0,7,7,7,7,0.0,,19267.0,,89.0,,48.0,,8541.0,,41.0,,634.4,617.4,617.4,558.1,558.1,37.7,34.7,0.0,0.0,617.4,99.0,99.0,84.0,84.0,13.3,11.0,0.0,0.0,0.0
050454,CA,050454,UCSF MEDICAL CENTER,"505 PARNASSUS AVE, BOX 0296",SAN FRANCISCO,94143,Short Term,06075,POINT (-122.457544 37.762452),"[C050454-C, C050454-B, C050454-D, C050454-A]",20240308,20210307,1,5821,4235,4235,4814,3513,125,91,12,12,5821,1306,714.0,1066.0,581.0,55,55.0,7.0,0.0,0.0,7,7,7,7,7,7,7,7,7,7,7,7,7,7,7,7,7,7,7,0,0,0,0,0,0,0,0,0,0.0,0,194,0,0,0,0,0,0,0,0,0,0.0,0,842,-999999.0,0,7,7,7,7,,,,,,,,,,,,,831.6,605.0,605.0,687.7,501.9,17.9,13.0,-999999.0,-999999.0,831.6,186.6,102.0,152.3,83.0,7.9,7.9,-999999.0,0.0,0.0
050625,CA,050625,CEDARS-SINAI MEDICAL CENTER,8700 BEVERLY BLVD,LOS ANGELES,90048,Short Term,06037,POINT (-118.380016 34.076549),[C050625-A],20240308,20210307,1,5769,5678,5216,5071,5025,138,79,0,0,5307,1209,852.0,970.0,738.0,35,21.0,0.0,0.0,0.0,7,7,7,7,7,7,7,7,7,7,7,7,7,7,7,7,7,7,7,7,0,0,-999999,0,-999999,-999999,-999999,-999999,0.0,0,42,30,0,-999999,0,0,-999999,4,10,12,-999999.0,0,1564,0.0,0,7,7,7,7,339.0,,1462.0,,561.0,,13557.0,,5084.0,,814.0,,824.1,811.1,745.1,724.4,717.9,19.7,11.3,0.0,0.0,758.1,172.7,121.7,138.6,105.4,5.0,-999999.0,0.0,0.0,0.0
330005,NY,330005,KALEIDA HEALTH,100 HIGH STREET,BUFFALO,14210,Short Term,36029,POINT (-78.865984 42.900906),"[C330005-C, C330005-B, C330005-A]",20240308,20210307,1,6853,6853,6328,4619,4619,353,348,0,0,6328,1505,1505.0,887.0,887.0,64,62.0,0.0,0.0,0.0,7,7,7,7,7,7,7,7,7,7,7,7,7,7,7,7,7,7,7,31,0,-999999,-999999,5,6,4,7,7,0.0,0,109,67,-999999,0,-999999,-999999,7,16,23,18,0.0,0,1743,0.0,0,7,7,7,7,0.0,,39.0,,-999999.0,,4490.0,,2357.0,,122.0,,979.0,979.0,904.0,659.9,659.9,50.4,49.7,0.0,0.0,904.0,215.0,215.0,126.7,126.7,9.1,8.9,0.0,0.0,0.0
330024,NY,330024,MOUNT SINAI HOSPITAL,ONE GUSTAVE L LEVY PLACE,NEW YORK,10029,Short Term,36061,POINT (-73.953392 40.790390),"[C330024-B, C330024-A]",20240308,20210307,1,11991,11081,9345,7432,6709,1535,1186,34,15,10255,1806,1659.0,968.0,856.0,251,232.0,0.0,0.0,0.0,7,7,7,7,7,7,7,7,7,7,7,7,7,7,7,7,7,7,7,90,-999999,-999999,9,7,18,18,20,15,0.0,-999999,971,33,0,5,7,-999999,7,6,4,-999999,0.0,-999999,4094,0.0,0,7,7,7,7,177.0,,2666.0,,942.0,,14941.0,,12437.0,,829.0,,1713.0,1583.0,1335.0,1061.7,958.4,219.3,169.4,4.9,-999999.0,1465.0,258.0,237.0,138.3,122.3,35.9,33.1,0.0,0.0,0.0
330059,NY,330059,MONTEFIORE MEDICAL CENTER,111 EAST 210TH STREET,BRONX,10467,Short Term,36005,POINT (-73.879896 40.879872),"[C330059-C, C330059-B, C330059-A, C330059-D]",20240308,20210307,1,11503,10124,10124,9513,8618,1973,1973,18,16,11503,1442,861.0,1283.0,802.0,350,339.0,0.0,0.0,0.0,7,7,7,7,7,7,7,7,7,7,7,7,7,7,7,7,7,7,7,200,0,7,16,14,30,45,43,40,5.0,6,1964,0,0,0,0,0,0,0,0,0,0.0,0,4685,0.0,0,7,7,7,7,,,,,,,,,,,,,1643.3,1446.3,1446.3,1359.0,1231.1,281.9,281.9,-999999.0,-999999.0,1643.3,206.0,123.0,183.3,114.6,50.0,48.4,0.0,0.0,0.0
330101,NY,330101,NEW YORK-PRESBYTERIAN HOSPITAL,525 EAST 68TH STREET,NEW YORK,10065,Short Term,36061,POINT (-73.954509 40.764355),"[C330101-A, C330101-H, C330101-D, C330101-F, C330101-G, C330101-C, C330101-E]",20240308,20210307,1,24868,20458,18666,17933,15026,3152,2577,231,55,22740,3749,2230.0,3272.0,1994.0,755,693.0,0.0,0.0,0.0,7,7,7,7,7,7,7,7,7,7,7,7,7,7,7,7,7,7,7,243,0,15,20,24,43,48,42,51,0.0,5,591,129,0,8,21,9,23,24,18,26,0.0,21,6075,0.0,0,7,7,7,7,,,,,,,,,,,,,3552.6,2922.6,2666.6,2561.9,2146.6,450.3,368.1,33.0,7.9,3248.6,535.6,318.6,467.4,284.9,107.9,99.0,0.0,0.0,0.0
330214,NY,330214,NYU LANGONE HOSPITALS,550 FIRST AVENUE,NEW YORK,10016,Short Term,36061,POINT (-73.974303 40.742311),"[C330214-B, C330214-A, C330214-C, C330214-D]",20240308,20210307,1,16905,14280,12320,10777,8792,1571,1520,29,25,15127,2766,1821.0,2077.0,1458.0,346,339.0,0.0,0.0,0.0,7,7,7,7,7,7,7,7,7,7,7,7,7,7,7,7,7,7,7,171,0,10,13,22,28,35,24,37,-999999.0,8,2091,24,0,-999999,-999999,0,4,4,-999999,10,0.0,4,4603,0.0,0,7,7,7,7,5067.0,,8015.0,,913.0,,29177.0,,12992.0,,30553.0,,2415.0,2040.0,1760.0,1539.6,1256.0,224.4,217.1,4.1,-999999.0,2161.0,395.1,260.1,296.7,208.3,49.4,48.4,0.0,0.0,0.0
330285,NY,330285,STRONG MEMORIAL HOSPITAL,601 ELMWOOD AVE,ROCHESTER,14642,Short Term,36055,POINT (-77.623587 43.122832),[C330285-A],20240308,20210307,1,9352,8316,7378,6013,4975,189,171,9,-999999,8414,1127,931.0,888.0,740.0,51,51.0,0.0,0.0,0.0,7,7,7,7,7,7,7,7,7,7,7,7,7,7,7,7,7,7,7,15,0,4,-999999,0,-999999,-999999,-999999,-999999,0.0,-999999,33,14,0,-999999,-999999,-999999,0,-999999,-999999,-999999,0.0,6,2010,0.0,0,7,7,7,7,92.0,,2147.0,,182.0,,13201.0,,2900.0,,14509.0,,1336.0,1188.0,1054.0,859.0,710.7,27.0,24.4,-999999.0,-999999.0,1202.0,161.0,133.0,126.9,105.7,7.3,7.3,0.0,0.0,0.0
050025,CA,050025,UC SAN DIEGO HEALTH HILLCREST - HILLCREST MED CTR,200 WEST ARBOR DRIVE,SAN DIEGO,92103,Short Term,06073,POINT (-117.165844 32.754258),"[C050025-A, C050025-B]",20230623,20210312,1,5814,5254,4512,3986,3744,247,220,-999999,0,5072,1187,711.0,832.0,590.0,70,64.0,0.0,0.0,0.0,7,7,7,7,7,7,7,7,7,7,7,7,7,7,7,7,7,7,7,11,0,0,-999999,-999999,6,0,0,0,0.0,0,402,13,0,-999999,5,-999999,-999999,-999999,0,0,0.0,0,1349,0.0,0,7,7,7,7,23893.0,,2174.0,,289.0,,10288.0,,2729.0,,568.0,,830.6,750.6,644.6,569.4,534.9,35.3,31.4,-999999.0,0.0,724.6,169.6,101.6,118.9,84.3,10.0,9.1,0.0,0.0,0.0
050262,CA,050262,RONALD REAGAN UCLA MEDICAL CENTER,757 WESTWOOD PLAZA,LOS ANGELES,90095,Short Term,06037,POINT (-118.44562 34.06617),[C050262-A],20230623,20210312,1,3220,2744,2513,2705,2423,101,69,9,9,2989,1106,784.0,941.0,725.0,48,48.0,0.0,0.0,0.0,7,7,7,7,7,7,7,7,7,7,7,7,7,7,7,7,7,7,7,10,0,0,0,-999999,-999999,-999999,-999999,-999999,0.0,-999999,119,0,0,0,0,0,0,0,0,0,0.0,0,818,0.0,0,7,7,7,7,298.0,,159.0,,457.0,,17203.0,,7496.0,,19663.0,,460.0,392.0,359.0,386.4,346.1,14.4,9.9,-999999.0,-999999.0,427.0,158.0,112.0,134.4,103.6,6.9,6.9,0.0,0.0,0.0
050373,CA,050373,LAC+USC MEDICAL CENTER,"1200 N STATE ST, ROOM C2K100",LOS ANGELES,90033,Short Term,06037,POINT (-118.208376 34.057996),[C050373-A],20230623,20210312,1,4417,4028,3917,3184,2993,282,252,9,8,4306,965,706.0,692.0,551.0,87,85.0,0.0,0.0,0.0,7,7,7,7,7,7,7,7,7,7,7,7,7,7,7,7,7,7,7,36,0,4,5,10,8,7,-999999,-999999,0.0,0,100,8,-999999,0,0,-999999,-999999,5,0,0,0.0,-999999,2526,0.0,0,7,7,7,7,302.0,,765.0,,151.0,,6770.0,,7694.0,,357.0,,631.0,575.4,559.6,454.9,427.6,40.3,36.0,-999999.0,-999999.0,615.1,137.9,100.9,98.9,78.7,12.4,12.1,0.0,0.0,0.0
050441,CA,050441,STANFORD HEALTH CARE,300 PASTEUR DRIVE,STANFORD,94305,Short Term,06085,POINT (-122.175944 37.433018),[C050441-A],20230623,20210312,1,4448,4329,4329,4054,4054,259,240,0,0,4329,693,693.0,615.0,615.0,75,64.0,0.0,0.0,0.0,7,7,7,7,7,7,7,7,7,7,7,7,7,7,7,7,7,7,7,23,0,-999999,5,-999999,-999999,-999999,4,4,0.0,0,61,256,-999999,20,42,23,29,46,51,44,0.0,-999999,1414,0.0,0,7,7,7,7,0.0,,18345.0,,87.0,,44.0,,8497.0,,43.0,,635.4,618.4,618.4,579.1,579.1,37.0,34.3,0.0,0.0,618.4,99.0,99.0,87.9,87.9,10.7,9.1,0.0,0.0,0.0
050454,CA,050454,UCSF MEDICAL CENTER,"505 PARNASSUS AVE, BOX 0296",SAN FRANCISCO,94143,Short Term,06075,POINT (-122.457544 37.762452),"[C050454-C, C050454-B, C050454-D, C050454-A]",20230623,20210312,1,5857,4235,4235,4785,3423,104,95,8,8,5857,1284,699.0,1069.0,560.0,45,45.0,12.0,0.0,-999999.0,7,7,7,7,7,7,7,7,7,7,7,7,7,7,7,7,7,7,7,4,0,0,0,-999999,0,-999999,0,0,0.0,-999999,89,0,0,0,0,0,0,0,0,0,0.0,0,892,-999999.0,0,7,7,7,7,,,,,,,,,,,,,836.7,605.0,605.0,683.6,489.0,14.9,13.6,-999999.0,-999999.0,836.7,183.4,99.9,152.7,80.0,6.4,6.4,-999999.0,0.0,-999999.0
050625,CA,050625,CEDARS-SINAI MEDICAL CENTER,8700 BEVERLY BLVD,LOS ANGELES,90048,Short Term,06037,POINT (-118.380122 34.075496),[C050625-A],20230623,20210312,1,5787,5696,5234,5065,5007,106,75,-999999,0,5325,1192,835.0,921.0,709.0,37,25.0,0.0,0.0,0.0,7,7,7,7,7,7,7,7,7,7,7,7,7,7,7,7,7,7,7,13,-999999,-999999,-999999,-999999,-999999,-999999,0,-999999,0.0,0,31,15,0,-999999,0,0,0,-999999,7,4,0.0,-999999,1610,0.0,0,7,7,7,7,1229.0,,1887.0,,420.0,,13787.0,,4896.0,,772.0,,826.7,813.7,747.7,723.6,715.3,15.1,10.7,-999999.0,0.0,760.7,170.3,119.3,131.6,101.3,5.3,-999999.0,0.0,0.0,0.0
330005,NY,330005,KALEIDA HEALTH,100 HIGH STREET,BUFFALO,14210,Short Term,36029,POINT (-78.865984 42.900906),"[C330005-B, C330005-A]",20230623,20210312,1,6853,6853,6328,4505,4505,324,321,0,0,6328,1505,1505.0,890.0,890.0,65,64.0,0.0,0.0,0.0,7,7,7,7,7,7,7,7,7,7,7,7,7,7,7,7,7,7,7,36,0,-999999,-999999,-999999,9,8,6,8,0.0,0,120,59,0,-999999,0,4,7,9,16,17,5.0,0,1884,0.0,0,7,7,7,7,287.0,,37.0,,21.0,,4511.0,,2356.0,,102.0,,979.0,979.0,904.0,643.6,643.6,46.3,45.9,0.0,0.0,904.0,215.0,215.0,127.1,127.1,9.3,9.1,0.0,0.0,0.0
330024,NY,330024,MOUNT SINAI HOSPITAL,ONE GUSTAVE L LEVY PLACE,NEW YORK,10029,Short Term,36061,POINT (-73.953392 40.790390),"[C330024-B, C330024-A]",20230623,20210312,1,11991,11081,9345,7480,6772,1469,1147,62,23,10255,1806,1659.0,945.0,832.0,249,237.0,0.0,0.0,0.0,7,7,7,7,7,7,7,7,7,7,7,7,7,7,7,7,7,7,7,91,0,4,8,7,14,25,14,19,0.0,4,1031,27,0,-999999,4,-999999,4,5,6,4,0.0,4,4109,0.0,0,7,7,7,7,157.0,,3278.0,,449.0,,15104.0,,12158.0,,960.0,,1713.0,1583.0,1335.0,1068.6,967.4,209.9,163.9,8.9,-999999.0,1465.0,258.0,237.0,135.0,118.9,35.6,33.9,0.0,0.0,0.0
330059,NY,330059,MONTEFIORE MEDICAL CENTER,111 EAST 210TH STREET,BRONX,10467,Short Term,36005,POINT (-73.879897 40.879872),"[C330059-C, C330059-B, C330059-A, C330059-D]",20230623,20210312,1,11473,10094,10097,9445,8503,1853,1853,31,29,11473,1442,861.0,1282.0,806.0,337,335.0,0.0,0.0,0.0,7,7,7,7,7,7,7,7,7,7,7,7,7,7,7,7,7,7,7,160,0,4,10,12,35,26,36,32,5.0,5,1942,0,0,0,0,0,0,0,0,0,0.0,0,4660,0.0,1,7,7,7,7,,,,,,,,,,,,,1639.0,1442.0,1442.4,1349.3,1214.7,264.7,264.7,4.4,4.1,1639.0,206.0,123.0,183.1,115.1,48.1,47.9,0.0,0.0,0.0
330101,NY,330101,NEW YORK-PRESBYTERIAN HOSPITAL,525 EAST 68TH STREET,NEW YORK,10065,Short Term,36061,POINT (-73.954509 40.764355),"[C330101-A, C330101-H, C330101-D, C330101-F, C330101-G, C330101-C, C330101-E]",20230623,20210312,1,24878,20468,18676,17783,14857,3041,2391,227,46,22750,3759,2245.0,3259.0,1995.0,715,652.0,0.0,0.0,0.0,7,7,7,7,7,7,7,7,7,7,7,7,7,7,7,7,7,7,7,225,-999999,15,19,26,40,44,39,41,0.0,6,614,134,0,6,18,16,22,15,24,33,0.0,20,6235,0.0,0,7,7,7,7,,,,,,,,,,,,,3554.0,2924.0,2668.0,2540.4,2122.4,434.4,341.6,32.4,6.6,3250.0,537.0,320.7,465.6,285.0,102.1,93.1,0.0,0.0,0.0
330214,NY,330214,NYU LANGONE HOSPITALS,550 FIRST AVENUE,NEW YORK,10016,Short Term,36061,POINT (-73.974303 40.742311),"[C330214-B, C330214-A, C330214-C, C330214-D]",20230623,20210312,1,16934,14280,12320,10681,8699,1564,1442,33,24,15156,2730,1785.0,2039.0,1446.0,333,325.0,0.0,0.0,0.0,7,7,7,7,7,7,7,7,7,7,7,7,7,7,7,7,7,7,7,196,-999999,13,21,17,31,38,28,45,-999999.0,7,2186,28,0,-999999,-999999,-999999,7,5,5,6,0.0,5,4287,0.0,0,7,7,7,7,5255.0,,10486.0,,840.0,,29518.0,,12600.0,,30907.0,,2419.1,2040.0,1760.0,1525.9,1242.7,223.4,206.0,4.7,-999999.0,2165.1,390.0,255.0,291.3,206.6,47.6,46.4,0.0,0.0,0.0
330285,NY,330285,STRONG MEMORIAL HOSPITAL,601 ELMWOOD AVE,ROCHESTER,14642,Short Term,36055,POINT (-77.623587 43.122832),[C330285-A],20230623,20210312,1,9352,8316,7378,6132,5063,178,168,11,7,8414,1127,931.0,874.0,727.0,33,33.0,0.0,0.0,0.0,7,7,7,7,7,7,7,7,7,7,7,7,7,7,7,7,7,7,7,25,0,0,-999999,4,5,4,4,6,0.0,6,47,7,-999999,-999999,0,-999999,0,0,-999999,0,0.0,-999999,1993,0.0,0,7,7,7,7,592.0,,2196.0,,409.0,,13435.0,,2725.0,,14684.0,,1336.0,1188.0,1054.0,876.0,723.3,25.4,24.0,-999999.0,-999999.0,1202.0,161.0,133.0,124.9,103.9,4.7,4.7,0.0,0.0,0.0
050025,CA,050025,UC SAN DIEGO HEALTH HILLCREST - HILLCREST MED CTR,200 WEST ARBOR DRIVE,SAN DIEGO,92103,Short Term,06073,POINT (-117.165844 32.754258),"[C050025-A, C050025-B]",20240308,20210314,1,5813,5253,4511,3987,3731,241,209,-999999,0,5071,1186,710.0,844.0,588.0,68,59.0,0.0,0.0,0.0,7,7,7,7,7,7,7,7,7,7,7,7,7,7,7,7,7,7,7,8,0,0,-999999,-999999,4,0,0,0,0.0,0,400,17,0,-999999,7,-999999,-999999,-999999,0,0,0.0,0,1329,0.0,0,7,7,7,7,23893.0,,2174.0,,289.0,,10288.0,,2729.0,,568.0,,830.4,750.4,644.4,569.6,533.0,34.4,29.9,-999999.0,0.0,724.4,169.4,101.4,120.6,84.0,9.7,8.4,0.0,0.0,0.0
050262,CA,050262,RONALD REAGAN UCLA MEDICAL CENTER,757 WESTWOOD PLAZA,LOS ANGELES,90095,Short Term,06037,POINT (-118.446328 34.066455),[C050262-A],20240308,20210314,1,3220,2744,2513,2694,2424,83,54,10,10,2989,1106,784.0,928.0,716.0,34,34.0,0.0,0.0,0.0,7,7,7,7,7,7,7,7,7,7,7,7,7,7,7,7,7,7,7,5,0,0,-999999,-999999,-999999,0,0,-999999,0.0,-999999,126,5,0,0,-999999,0,-999999,-999999,-999999,0,0.0,0,849,0.0,0,7,7,7,7,298.0,,159.0,,457.0,,17203.0,,7496.0,,19663.0,,460.0,392.0,359.0,384.9,346.3,11.9,7.7,-999999.0,-999999.0,427.0,158.0,112.0,132.6,102.3,4.9,4.9,0.0,0.0,0.0
050373,CA,050373,LOS ANGELES GENERAL MEDICAL CENTER,"2051 MARENGO ST, ROOM C2K100",LOS ANGELES,90033,Short Term,06037,POINT (-118.206478 34.056278),[C050373-A],20240308,20210314,1,4438,4048,3925,3221,3042,273,243,9,7,4315,959,700.0,680.0,550.0,78,76.0,0.0,0.0,0.0,7,7,7,7,7,7,7,7,7,7,7,7,7,7,7,7,7,7,7,40,0,5,7,10,7,10,-999999,0,0.0,-999999,100,12,-999999,-999999,-999999,-999999,-999999,5,0,0,0.0,-999999,2587,0.0,0,7,7,7,7,302.0,,765.0,,151.0,,6770.0,,7694.0,,357.0,,634.0,578.3,560.7,460.1,434.6,39.0,34.7,-999999.0,-999999.0,616.4,137.0,100.0,97.1,78.6,11.1,10.9,0.0,0.0,0.0
050441,CA,050441,STANFORD HEALTH CARE,300 PASTEUR DRIVE,STANFORD,94305,Short Term,06085,POINT (-122.175944 37.433018),[C050441-A],20240308,20210314,1,4430,4311,4311,4023,4023,245,227,0,0,4311,693,693.0,621.0,621.0,64,59.0,0.0,0.0,0.0,7,7,7,7,7,7,7,7,7,7,7,7,7,7,7,7,7,7,7,22,0,6,4,0,4,-999999,4,-999999,0.0,0,60,239,-999999,17,43,22,30,38,46,42,0.0,-999999,1407,0.0,0,7,7,7,7,0.0,,18345.0,,87.0,,44.0,,8497.0,,43.0,,632.9,615.9,615.9,574.7,574.7,35.0,32.4,0.0,0.0,615.9,99.0,99.0,88.7,88.7,9.1,8.4,0.0,0.0,0.0
050454,CA,050454,UCSF MEDICAL CENTER,"505 PARNASSUS AVE, BOX 0296",SAN FRANCISCO,94143,Short Term,06075,POINT (-122.457544 37.762452),"[C050454-C, C050454-B, C050454-D, C050454-A]",20240308,20210314,1,5887,4235,4235,4815,3441,107,103,7,6,5887,1302,699.0,1098.0,562.0,44,44.0,12.0,0.0,-999999.0,7,7,7,7,7,7,7,7,7,7,7,7,7,7,7,7,7,7,7,8,0,-999999,-999999,-999999,-999999,-999999,0,0,0.0,-999999,32,0,0,0,0,0,0,0,0,0,0.0,-999999,851,0.0,0,7,7,7,7,,,,,,,,,,,,,841.0,605.0,605.0,687.9,491.6,15.3,14.7,-999999.0,-999999.0,841.0,186.0,99.9,156.9,80.3,6.3,6.3,-999999.0,0.0,-999999.0
050625,CA,050625,CEDARS-SINAI MEDICAL CENTER,8700 BEVERLY BLVD,LOS ANGELES,90048,Short Term,06037,POINT (-118.380016 34.076549),[C050625-A],20240308,20210314,1,5833,5742,5280,5158,5088,118,83,-999999,0,5371,1191,834.0,943.0,727.0,39,27.0,0.0,0.0,0.0,7,7,7,7,7,7,7,7,7,7,7,7,7,7,7,7,7,7,7,13,-999999,-999999,0,-999999,-999999,-999999,-999999,-999999,0.0,0,34,13,0,0,-999999,0,-999999,-999999,6,4,0.0,-999999,1597,0.0,0,7,7,7,7,1229.0,,1887.0,,420.0,,13787.0,,4896.0,,772.0,,833.3,820.3,754.3,736.9,726.9,16.9,11.9,-999999.0,0.0,767.3,170.1,119.1,134.7,103.9,5.6,-999999.0,0.0,0.0,0.0
330005,NY,330005,KALEIDA HEALTH,100 HIGH STREET,BUFFALO,14210,Short Term,36029,POINT (-78.865984 42.900906),"[C330005-C, C330005-B, C330005-A]",20240308,20210314,1,6853,6853,6328,4488,4488,301,299,0,0,6328,1505,1505.0,887.0,887.0,67,65.0,0.0,0.0,0.0,7,7,7,7,7,7,7,7,7,7,7,7,7,7,7,7,7,7,7,36,0,0,-999999,-999999,7,10,5,10,0.0,0,123,62,0,-999999,0,6,4,7,14,20,10.0,0,1965,0.0,0,7,7,7,7,287.0,,37.0,,21.0,,4511.0,,2356.0,,102.0,,979.0,979.0,904.0,641.1,641.1,43.0,42.7,0.0,0.0,904.0,215.0,215.0,126.7,126.7,9.6,9.3,0.0,0.0,0.0
330024,NY,330024,MOUNT SINAI HOSPITAL,ONE GUSTAVE L LEVY PLACE,NEW YORK,10029,Short Term,36061,POINT (-73.953392 40.790390),"[C330024-B, C330024-A]",20240308,20210314,1,11991,11081,9345,7421,6725,1429,1136,55,22,10255,1806,1659.0,933.0,827.0,240,231.0,0.0,0.0,0.0,7,7,7,7,7,7,7,7,7,7,7,7,7,7,7,7,7,7,7,89,0,-999999,9,7,13,20,16,21,0.0,-999999,987,16,0,-999999,-999999,-999999,-999999,-999999,4,-999999,0.0,4,3995,0.0,0,7,7,7,7,157.0,,3278.0,,449.0,,15104.0,,12158.0,,960.0,,1713.0,1583.0,1335.0,1060.1,960.7,204.1,162.3,7.9,-999999.0,1465.0,258.0,237.0,133.3,118.1,34.3,33.0,0.0,0.0,0.0
330059,NY,330059,MONTEFIORE MEDICAL CENTER,111 EAST 210TH STREET,BRONX,10467,Short Term,36005,POINT (-73.879896 40.879872),"[C330059-C, C330059-B, C330059-A, C330059-D]",20240308,20210314,1,11473,10094,10097,9364,8434,1770,1770,34,34,11473,1442,861.0,1269.0,805.0,335,335.0,0.0,0.0,0.0,7,7,7,7,7,7,7,7,7,7,7,7,7,7,7,7,7,7,7,161,0,4,7,10,36,30,32,36,6.0,6,1968,0,0,0,0,0,0,0,0,0,0.0,0,4698,0.0,1,7,7,7,7,,,,,,,,,,,,,1639.0,1442.0,1442.4,1337.7,1204.9,252.9,252.9,4.9,4.9,1639.0,206.0,123.0,181.3,115.0,47.9,47.9,0.0,0.0,0.0
330101,NY,330101,NEW YORK-PRESBYTERIAN HOSPITAL,525 EAST 68TH STREET,NEW YORK,10065,Short Term,36061,POINT (-73.954509 40.764355),"[C330101-A, C330101-H, C330101-D, C330101-F, C330101-G, C330101-C, C330101-E]",20240308,20210314,1,24878,20468,18676,17726,14754,3004,2337,229,49,22750,3759,2255.0,3255.0,1984.0,708,638.0,0.0,0.0,0.0,7,7,7,7,7,7,7,7,7,7,7,7,7,7,7,7,7,7,7,213,-999999,8,19,23,41,42,38,41,0.0,6,592,135,0,6,14,21,26,17,25,26,0.0,19,6190,0.0,0,7,7,7,7,,,,,,,,,,,,,3554.0,2924.0,2668.0,2532.3,2107.7,429.1,333.9,32.7,7.0,3250.0,537.0,322.1,465.0,283.4,101.1,91.1,0.0,0.0,0.0
330214,NY,330214,NYU LANGONE HOSPITALS,550 FIRST AVENUE,NEW YORK,10016,Short Term,36061,POINT (-73.974303 40.742311),"[C330214-B, C330214-A, C330214-C, C330214-D]",20240308,20210314,1,16934,14280,12320,10767,8761,1546,1440,42,30,15156,2730,1785.0,2073.0,1472.0,324,316.0,0.0,0.0,0.0,7,7,7,7,7,7,7,7,7,7,7,7,7,7,7,7,7,7,7,208,-999999,15,25,22,36,39,30,37,-999999.0,8,2225,24,0,-999999,-999999,-999999,4,6,4,4,0.0,7,4240,0.0,0,7,7,7,7,5255.0,,10486.0,,840.0,,29518.0,,12600.0,,30907.0,,2419.1,2040.0,1760.0,1538.1,1251.6,220.9,205.7,6.0,4.3,2165.1,390.0,255.0,296.1,210.3,46.3,45.1,0.0,0.0,0.0
330285,NY,330285,STRONG MEMORIAL HOSPITAL,601 ELMWOOD AVE,ROCHESTER,14642,Short Term,36055,POINT (-77.623587 43.122832),[C330285-A],20240308,20210314,1,9352,8316,7378,6128,5056,161,150,10,6,8414,1127,931.0,856.0,711.0,44,44.0,0.0,0.0,0.0,7,7,7,7,7,7,7,7,7,7,7,7,7,7,7,7,7,7,7,23,0,0,-999999,4,4,4,6,4,0.0,5,42,11,-999999,-999999,0,-999999,0,-999999,-999999,0,0.0,-999999,1943,0.0,0,7,7,7,7,592.0,,2196.0,,409.0,,13435.0,,2725.0,,14684.0,,1336.0,1188.0,1054.0,875.4,722.3,23.0,21.4,-999999.0,-999999.0,1202.0,161.0,133.0,122.3,101.6,6.3,6.3,0.0,0.0,0.0
050025,CA,050025,UC SAN DIEGO HEALTH HILLCREST - HILLCREST MED CTR,200 WEST ARBOR DRIVE,SAN DIEGO,92103,Short Term,06073,POINT (-117.165844 32.754258),"[C050025-A, C050025-B]",20230623,20210319,1,5810,5250,4508,3953,3708,204,185,-999999,0,5068,1183,707.0,834.0,589.0,62,57.0,0.0,0.0,0.0,7,7,7,7,7,7,7,7,7,7,7,7,7,7,7,7,7,7,7,6,0,0,-999999,0,-999999,0,0,0,0.0,0,401,10,0,-999999,-999999,0,5,0,-999999,0,0.0,0,1420,0.0,0,7,7,7,7,12998.0,,16636.0,,211.0,,10161.0,,2671.0,,559.0,,830.0,750.0,644.0,564.7,529.7,29.1,26.4,-999999.0,0.0,724.0,169.0,101.0,119.1,84.1,8.9,8.1,0.0,0.0,0.0
050262,CA,050262,RONALD REAGAN UCLA MEDICAL CENTER,757 WESTWOOD PLAZA,LOS ANGELES,90095,Short Term,06037,POINT (-118.44562 34.06617),[C050262-A],20230623,20210319,1,3220,2744,2513,2721,2423,72,42,5,4,2989,1106,784.0,953.0,724.0,27,27.0,0.0,0.0,0.0,7,7,7,7,7,7,7,7,7,7,7,7,7,7,7,7,7,7,7,-999999,0,-999999,-999999,0,0,0,0,-999999,0.0,-999999,129,5,0,0,-999999,0,-999999,-999999,-999999,0,0.0,0,871,0.0,0,7,7,7,7,199.0,,137.0,,336.0,,17402.0,,7389.0,,19800.0,,460.0,392.0,359.0,388.7,346.1,10.3,6.0,-999999.0,-999999.0,427.0,158.0,112.0,136.1,103.4,-999999.0,-999999.0,0.0,0.0,0.0
050373,CA,050373,LAC+USC MEDICAL CENTER,"1200 N STATE ST, ROOM C2K100",LOS ANGELES,90033,Short Term,06037,POINT (-118.208376 34.057996),[C050373-A],20230623,20210319,1,4501,4098,3950,3481,3280,266,241,8,7,4353,981,715.0,737.0,588.0,73,70.0,0.0,0.0,0.0,7,7,7,7,7,7,7,7,7,7,7,7,7,7,7,7,7,7,7,41,-999999,6,5,11,7,6,4,-999999,0.0,-999999,111,12,0,-999999,4,-999999,-999999,-999999,-999999,0,0.0,0,2765,0.0,0,7,7,7,7,176.0,,2471.0,,76.0,,6816.0,,7632.0,,371.0,,643.0,585.4,564.3,497.3,468.6,38.0,34.4,-999999.0,-999999.0,621.9,140.1,102.1,105.3,84.0,10.4,10.0,0.0,0.0,0.0
050441,CA,050441,STANFORD HEALTH CARE,300 PASTEUR DRIVE,STANFORD,94305,Short Term,06085,POINT (-122.175944 37.433018),[C050441-A],20230623,20210319,1,4424,4305,4305,3921,3921,212,191,0,0,4305,693,693.0,636.0,636.0,74,71.0,0.0,0.0,0.0,7,7,7,7,7,7,7,7,7,7,7,7,7,7,7,7,7,7,7,19,0,5,-999999,-999999,4,-999999,-999999,-999999,0.0,0,63,270,-999999,21,40,31,43,46,50,38,0.0,-999999,1454,0.0,0,7,7,7,7,0.0,,24603.0,,45.0,,8.0,,8464.0,,37.0,,632.0,615.0,615.0,560.1,560.1,30.3,27.3,0.0,0.0,615.0,99.0,99.0,90.9,90.9,10.6,10.1,0.0,0.0,0.0
050454,CA,050454,UCSF MEDICAL CENTER,"505 PARNASSUS AVE, BOX 0296",SAN FRANCISCO,94143,Short Term,06075,POINT (-122.457544 37.762452),"[C050454-C, C050454-B, C050454-D, C050454-A]",20230623,20210319,1,5943,4235,4235,4994,3609,98,96,-999999,0,5943,1386,714.0,1157.0,600.0,40,39.0,7.0,0.0,0.0,7,7,7,7,7,7,7,7,7,7,7,7,7,7,7,7,7,7,7,10,0,-999999,-999999,-999999,-999999,4,0,0,0.0,0,21,-999999,0,0,0,0,0,-999999,0,0,0.0,-999999,900,0.0,0,7,7,7,7,,,,,,,,,,,,,849.0,605.0,605.0,713.4,515.6,14.0,13.7,-999999.0,0.0,849.0,198.0,102.0,165.3,85.7,5.7,5.6,-999999.0,0.0,0.0
050625,CA,050625,CEDARS-SINAI MEDICAL CENTER,8700 BEVERLY BLVD,LOS ANGELES,90048,Short Term,06037,POINT (-118.380122 34.075496),[C050625-A],20230623,20210319,1,5894,5803,5341,5245,5179,127,91,0,0,5432,1193,836.0,987.0,760.0,30,22.0,0.0,0.0,0.0,7,7,7,7,7,7,7,7,7,7,7,7,7,7,7,7,7,7,7,8,0,-999999,0,-999999,-999999,-999999,-999999,-999999,0.0,0,28,11,0,0,-999999,0,-999999,-999999,-999999,-999999,0.0,0,1642,0.0,0,7,7,7,7,,,,,,,,,,,,,842.0,829.0,763.0,749.3,739.9,18.1,13.0,0.0,0.0,776.0,170.4,119.4,141.0,108.6,4.3,-999999.0,0.0,0.0,0.0
330005,NY,330005,KALEIDA HEALTH,100 HIGH STREET,BUFFALO,14210,Short Term,36029,POINT (-78.865984 42.900906),"[C330005-B, C330005-A]",20230623,20210319,1,6853,6853,6328,4551,4551,302,300,0,0,6328,1505,1505.0,890.0,890.0,67,66.0,0.0,0.0,0.0,7,7,7,7,7,7,7,7,7,7,7,7,7,7,7,7,7,7,7,31,0,0,-999999,-999999,7,6,5,10,0.0,0,138,77,0,-999999,0,4,9,9,21,28,5.0,0,1996,0.0,0,7,7,7,7,173.0,,62.0,,212.0,,4516.0,,2150.0,,303.0,,979.0,979.0,904.0,650.1,650.1,43.1,42.9,0.0,0.0,904.0,215.0,215.0,127.1,127.1,9.6,9.4,0.0,0.0,0.0
330024,NY,330024,MOUNT SINAI HOSPITAL,ONE GUSTAVE L LEVY PLACE,NEW YORK,10029,Short Term,36061,POINT (-73.953392 40.790390),"[C330024-B, C330024-A]",20230623,20210319,1,11991,11081,9345,7379,6711,1341,1087,17,7,10255,1806,1659.0,932.0,833.0,206,195.0,0.0,0.0,0.0,7,7,7,7,7,7,7,7,7,7,7,7,7,7,7,7,7,7,7,85,0,4,7,8,17,17,16,16,0.0,0,1005,20,-999999,-999999,-999999,-999999,5,4,5,0,0.0,-999999,4095,0.0,0,7,7,7,7,6493.0,,1997.0,,483.0,,15380.0,,11957.0,,898.0,,1713.0,1583.0,1335.0,1054.1,958.7,191.6,155.3,-999999.0,-999999.0,1465.0,258.0,237.0,133.1,119.0,29.4,27.9,0.0,0.0,0.0
330059,NY,330059,MONTEFIORE MEDICAL CENTER,111 EAST 210TH STREET,BRONX,10467,Short Term,36005,POINT (-73.879897 40.879872),"[C330059-C, C330059-B, C330059-A, C330059-D]",20230623,20210319,1,11473,10094,10094,9338,8418,1546,1546,36,36,11473,1442,861.0,1273.0,793.0,289,288.0,0.0,0.0,0.0,7,7,7,7,7,7,7,7,7,7,7,7,7,7,7,7,7,7,7,181,0,8,10,12,36,42,35,32,6.0,6,1824,0,0,0,0,0,0,0,0,0,0.0,0,4746,0.0,0,7,7,7,7,,,,,,,,,,,,,1639.0,1442.0,1442.0,1334.0,1202.6,220.9,220.9,5.1,5.1,1639.0,206.0,123.0,181.9,113.3,41.3,41.1,0.0,0.0,0.0
330101,NY,330101,NEW YORK-PRESBYTERIAN HOSPITAL,525 EAST 68TH STREET,NEW YORK,10065,Short Term,36061,POINT (-73.954509 40.764355),"[C330101-A, C330101-H, C330101-D, C330101-F, C330101-G, C330101-C, C330101-E]",20230623,20210319,1,24878,20468,18676,17629,14683,2880,2250,260,60,22750,3759,2259.0,3256.0,1965.0,685,600.0,-999999.0,0.0,0.0,7,7,7,7,7,7,7,7,7,7,7,7,7,7,7,7,7,7,7,201,-999999,9,11,16,38,42,42,41,0.0,6,547,135,0,4,21,18,31,15,21,25,0.0,12,6258,-999999.0,0,7,7,7,7,,,,,,,,,,,,,3554.0,2924.0,2668.0,2518.4,2097.6,411.4,321.4,37.1,8.6,3250.0,537.0,322.7,465.1,280.7,97.9,85.7,-999999.0,0.0,0.0
330214,NY,330214,NYU LANGONE HOSPITALS,550 FIRST AVENUE,NEW YORK,10016,Short Term,36061,POINT (-73.974303 40.742311),"[C330214-B, C330214-A, C330214-C, C330214-D]",20230623,20210319,1,16954,14280,12320,11163,9079,1526,1495,37,33,15176,2730,1785.0,2194.0,1517.0,318,312.0,0.0,0.0,0.0,7,7,7,7,7,7,7,7,7,7,7,7,7,7,7,7,7,7,7,172,-999999,9,22,13,35,41,25,24,-999999.0,5,2179,16,0,-999999,-999999,-999999,-999999,4,-999999,-999999,0.0,-999999,4737,0.0,0,7,7,7,7,7032.0,,9792.0,,710.0,,29877.0,,12344.0,,31174.0,,2422.0,2040.0,1760.0,1594.7,1297.0,218.0,213.6,5.3,4.7,2168.0,390.0,255.0,313.4,216.7,45.4,44.6,0.0,0.0,0.0
330285,NY,330285,STRONG MEMORIAL HOSPITAL,601 ELMWOOD AVE,ROCHESTER,14642,Short Term,36055,POINT (-77.623587 43.122832),[C330285-A],20230623,20210319,1,9352,8316,7378,6102,5068,168,153,9,6,8414,1127,931.0,844.0,697.0,46,46.0,0.0,0.0,0.0,7,7,7,7,7,7,7,7,7,7,7,7,7,7,7,7,7,7,7,26,0,4,0,-999999,5,4,8,-999999,0.0,4,34,13,0,4,-999999,-999999,-999999,-999999,-999999,-999999,0.0,-999999,2080,0.0,0,7,7,7,7,91.0,,2746.0,,164.0,,13512.0,,2638.0,,14771.0,,1336.0,1188.0,1054.0,871.7,724.0,24.0,21.9,-999999.0,-999999.0,1202.0,161.0,133.0,120.6,99.6,6.6,6.6,0.0,0.0,0.0
050025,CA,050025,UC SAN DIEGO HEALTH HILLCREST - HILLCREST MED CTR,200 WEST ARBOR DRIVE,SAN DIEGO,92103,Short Term,06073,POINT (-117.165844 32.754258),"[C050025-A, C050025-B]",20240308,20210321,1,5810,5250,4508,3947,3724,210,189,-999999,0,5068,1183,707.0,827.0,604.0,57,54.0,0.0,0.0,0.0,7,7,7,7,7,7,7,7,7,7,7,7,7,7,7,7,7,7,7,12,0,-999999,4,-999999,-999999,-999999,-999999,0,0.0,0,410,11,0,-999999,4,0,4,-999999,-999999,0,0.0,0,1431,0.0,0,7,7,7,7,12998.0,,16636.0,,211.0,,10161.0,,2671.0,,559.0,,830.0,750.0,644.0,563.9,532.0,30.0,27.0,-999999.0,0.0,724.0,169.0,101.0,118.1,86.3,8.1,7.7,0.0,0.0,0.0
050262,CA,050262,RONALD REAGAN UCLA MEDICAL CENTER,757 WESTWOOD PLAZA,LOS ANGELES,90095,Short Term,06037,POINT (-118.446328 34.066455),[C050262-A],20240308,20210321,1,3220,2744,2513,2743,2419,72,44,5,-999999,2989,1106,784.0,967.0,729.0,28,28.0,0.0,0.0,0.0,7,7,7,7,7,7,7,7,7,7,7,7,7,7,7,7,7,7,7,-999999,0,-999999,0,-999999,0,0,0,-999999,0.0,0,122,-999999,0,0,-999999,-999999,0,0,-999999,0,0.0,0,866,0.0,0,7,7,7,7,199.0,,137.0,,336.0,,17402.0,,7389.0,,19800.0,,460.0,392.0,359.0,391.9,345.6,10.3,6.3,-999999.0,-999999.0,427.0,158.0,112.0,138.1,104.1,4.0,4.0,0.0,0.0,0.0
050373,CA,050373,LOS ANGELES GENERAL MEDICAL CENTER,"2051 MARENGO ST, ROOM C2K100",LOS ANGELES,90033,Short Term,06037,POINT (-118.206478 34.056278),[C050373-A],20240308,20210321,1,4477,4072,3923,3507,3298,268,244,8,7,4328,966,700.0,749.0,590.0,68,63.0,0.0,0.0,0.0,7,7,7,7,7,7,7,7,7,7,7,7,7,7,7,7,7,7,7,46,-999999,4,7,11,10,5,5,-999999,0.0,-999999,117,7,0,-999999,-999999,0,-999999,-999999,-999999,0,0.0,0,2758,0.0,0,7,7,7,7,176.0,,2471.0,,76.0,,6816.0,,7632.0,,371.0,,639.6,581.7,560.4,501.0,471.1,38.3,34.9,-999999.0,-999999.0,618.3,138.0,100.0,107.0,84.3,9.7,9.0,0.0,0.0,0.0
050441,CA,050441,STANFORD HEALTH CARE,300 PASTEUR DRIVE,STANFORD,94305,Short Term,06085,POINT (-122.175944 37.433018),[C050441-A],20240308,20210321,1,4425,4306,4306,3925,3925,223,204,0,0,4306,693,693.0,628.0,628.0,81,77.0,0.0,0.0,0.0,7,7,7,7,7,7,7,7,7,7,7,7,7,7,7,7,7,7,7,18,0,-999999,5,-999999,4,-999999,-999999,-999999,0.0,0,66,276,-999999,25,42,33,40,45,53,36,0.0,-999999,1463,0.0,0,7,7,7,7,0.0,,24603.0,,45.0,,8.0,,8464.0,,37.0,,632.1,615.1,615.1,560.7,560.7,31.9,29.1,0.0,0.0,615.1,99.0,99.0,89.7,89.7,11.6,11.0,0.0,0.0,0.0
050454,CA,050454,UCSF MEDICAL CENTER,"505 PARNASSUS AVE, BOX 0296",SAN FRANCISCO,94143,Short Term,06075,POINT (-122.457544 37.762452),"[C050454-C, C050454-B, C050454-D, C050454-A]",20240308,20210321,1,5943,4235,4235,5018,3664,87,83,-999999,-999999,5943,1386,714.0,1135.0,601.0,31,30.0,11.0,0.0,-999999.0,7,7,7,7,7,7,7,7,7,7,7,7,7,7,7,7,7,7,7,8,0,-999999,0,-999999,-999999,-999999,0,-999999,0.0,0,21,-999999,0,0,0,0,0,-999999,0,0,0.0,0,943,0.0,0,7,7,7,7,,,,,,,,,,,,,849.0,605.0,605.0,716.9,523.4,12.4,11.9,-999999.0,-999999.0,849.0,198.0,102.0,162.1,85.9,4.4,4.3,-999999.0,0.0,-999999.0
050625,CA,050625,CEDARS-SINAI MEDICAL CENTER,8700 BEVERLY BLVD,LOS ANGELES,90048,Short Term,06037,POINT (-118.380016 34.076549),[C050625-A],20240308,20210321,1,5901,5810,5348,5241,5182,115,89,0,0,5439,1205,848.0,994.0,766.0,24,19.0,0.0,0.0,0.0,7,7,7,7,7,7,7,7,7,7,7,7,7,7,7,7,7,7,7,9,0,-999999,-999999,-999999,-999999,-999999,0,0,0.0,0,28,10,0,0,-999999,0,-999999,-999999,-999999,-999999,0.0,0,1647,0.0,0,7,7,7,7,,,,,,,,,,,,,843.0,830.0,764.0,748.7,740.3,16.4,12.7,0.0,0.0,777.0,172.1,121.1,142.0,109.4,-999999.0,-999999.0,0.0,0.0,0.0
330005,NY,330005,KALEIDA HEALTH,100 HIGH STREET,BUFFALO,14210,Short Term,36029,POINT (-78.865984 42.900906),"[C330005-C, C330005-B, C330005-A]",20240308,20210321,1,6853,6853,6328,4654,4654,344,343,0,0,6328,1505,1505.0,920.0,920.0,70,70.0,0.0,0.0,0.0,7,7,7,7,7,7,7,7,7,7,7,7,7,7,7,7,7,7,7,40,0,-999999,-999999,-999999,9,5,9,10,0.0,0,145,68,0,-999999,-999999,-999999,8,8,22,25,0.0,0,1929,0.0,0,7,7,7,7,173.0,,62.0,,212.0,,4516.0,,2150.0,,303.0,,979.0,979.0,904.0,664.9,664.9,49.1,49.0,0.0,0.0,904.0,215.0,215.0,131.4,131.4,10.0,10.0,0.0,0.0,0.0
330024,NY,330024,MOUNT SINAI HOSPITAL,ONE GUSTAVE L LEVY PLACE,NEW YORK,10029,Short Term,36061,POINT (-73.953392 40.790390),"[C330024-B, C330024-A]",20240308,20210321,1,11991,11081,9345,7404,6740,1309,1061,12,4,10255,1806,1659.0,941.0,833.0,196,181.0,0.0,0.0,0.0,7,7,7,7,7,7,7,7,7,7,7,7,7,7,7,7,7,7,7,80,-999999,4,5,9,14,22,12,13,0.0,-999999,1003,27,-999999,-999999,-999999,-999999,5,8,5,-999999,0.0,-999999,4137,0.0,0,7,7,7,7,6493.0,,1997.0,,483.0,,15380.0,,11957.0,,898.0,,1713.0,1583.0,1335.0,1057.7,962.9,187.0,151.6,-999999.0,-999999.0,1465.0,258.0,237.0,134.4,119.0,28.0,25.9,0.0,0.0,0.0
330059,NY,330059,MONTEFIORE MEDICAL CENTER,111 EAST 210TH STREET,BRONX,10467,Short Term,36005,POINT (-73.879896 40.879872),"[C330059-C, C330059-B, C330059-A, C330059-D]",20240308,20210321,1,11473,10094,10094,9319,8401,1539,1539,32,32,11473,1442,861.0,1269.0,774.0,265,264.0,0.0,0.0,0.0,7,7,7,7,7,7,7,7,7,7,7,7,7,7,7,7,7,7,7,178,0,6,10,13,39,40,35,29,6.0,6,1907,0,0,0,0,0,0,0,0,0,0.0,0,4810,0.0,0,7,7,7,7,,,,,,,,,,,,,1639.0,1442.0,1442.0,1331.3,1200.1,219.9,219.9,4.6,4.6,1639.0,206.0,123.0,181.3,110.6,37.9,37.7,0.0,0.0,0.0
330101,NY,330101,NEW YORK-PRESBYTERIAN HOSPITAL,525 EAST 68TH STREET,NEW YORK,10065,Short Term,36061,POINT (-73.954509 40.764355),"[C330101-A, C330101-H, C330101-D, C330101-F, C330101-G, C330101-C, C330101-E]",20240308,20210321,1,24878,20468,18676,17534,14643,2862,2223,272,64,22750,3759,2249.0,3204.0,1931.0,662,580.0,-999999.0,0.0,0.0,7,7,7,7,7,7,7,7,7,7,7,7,7,7,7,7,7,7,7,209,-999999,12,14,18,34,38,46,44,0.0,8,560,134,0,6,23,14,25,17,20,29,0.0,9,6306,-999999.0,0,7,7,7,7,,,,,,,,,,,,,3554.0,2924.0,2668.0,2504.9,2091.9,408.9,317.6,38.9,9.1,3250.0,537.0,321.3,457.7,275.9,94.6,82.9,-999999.0,0.0,0.0
330214,NY,330214,NYU LANGONE HOSPITALS,550 FIRST AVENUE,NEW YORK,10016,Short Term,36061,POINT (-73.974303 40.742311),"[C330214-B, C330214-A, C330214-C, C330214-D]",20240308,20210321,1,16954,14280,12320,11050,8993,1559,1527,25,22,15176,2730,1785.0,2203.0,1500.0,313,306.0,0.0,0.0,0.0,7,7,7,7,7,7,7,7,7,7,7,7,7,7,7,7,7,7,7,180,0,10,21,11,35,45,26,32,0.0,-999999,2191,13,0,-999999,0,-999999,-999999,-999999,4,-999999,0.0,-999999,4772,0.0,0,7,7,7,7,7032.0,,9792.0,,710.0,,29877.0,,12344.0,,31174.0,,2422.0,2040.0,1760.0,1578.6,1284.7,222.7,218.1,-999999.0,-999999.0,2168.0,390.0,255.0,314.7,214.3,44.7,43.7,0.0,0.0,0.0
330285,NY,330285,STRONG MEMORIAL HOSPITAL,601 ELMWOOD AVE,ROCHESTER,14642,Short Term,36055,POINT (-77.623587 43.122832),[C330285-A],20240308,20210321,1,9352,8316,7378,6121,5067,199,178,7,5,8414,1127,931.0,846.0,699.0,38,38.0,0.0,0.0,0.0,7,7,7,7,7,7,7,7,7,7,7,7,7,7,7,7,7,7,7,30,0,4,-999999,-999999,5,5,8,4,0.0,-999999,45,13,0,4,-999999,-999999,-999999,-999999,-999999,-999999,0.0,-999999,2064,0.0,0,7,7,7,7,91.0,,2746.0,,164.0,,13512.0,,2638.0,,14771.0,,1336.0,1188.0,1054.0,874.4,723.9,28.4,25.4,-999999.0,-999999.0,1202.0,161.0,133.0,120.9,99.9,5.4,5.4,0.0,0.0,0.0
050025,CA,050025,UC SAN DIEGO HEALTH HILLCREST - HILLCREST MED CTR,200 WEST ARBOR DRIVE,SAN DIEGO,92103,Short Term,06073,POINT (-117.165844 32.754258),"[C050025-A, C050025-B]",20230623,20210326,1,5810,5250,4508,3894,3689,196,174,-999999,0,5068,1183,707.0,790.0,585.0,40,37.0,0.0,0.0,0.0,7,7,7,7,7,7,7,7,7,7,7,7,7,7,7,7,7,7,7,15,0,-999999,5,-999999,0,4,-999999,0,0.0,0,418,10,-999999,-999999,5,-999999,0,-999999,0,0,0.0,0,1438,0.0,0,7,7,7,7,7983.0,,9611.0,,205.0,,10275.0,,2619.0,,535.0,,830.0,750.0,644.0,556.3,527.0,28.0,24.9,-999999.0,0.0,724.0,169.0,101.0,112.9,83.6,5.7,5.3,0.0,0.0,0.0
050262,CA,050262,RONALD REAGAN UCLA MEDICAL CENTER,757 WESTWOOD PLAZA,LOS ANGELES,90095,Short Term,06037,POINT (-118.44562 34.06617),[C050262-A],20230623,20210326,1,3220,2744,2513,2791,2429,72,50,-999999,0,2989,1106,784.0,997.0,735.0,24,24.0,0.0,0.0,0.0,7,7,7,7,7,7,7,7,7,7,7,7,7,7,7,7,7,7,7,-999999,0,0,0,-999999,-999999,0,0,-999999,0.0,0,123,-999999,0,0,-999999,-999999,0,0,-999999,0,0.0,0,910,0.0,0,7,7,7,7,130.0,,178.0,,308.0,,17532.0,,7264.0,,19978.0,,460.0,392.0,359.0,398.7,347.0,10.3,7.1,-999999.0,0.0,427.0,158.0,112.0,142.4,105.0,-999999.0,-999999.0,0.0,0.0,0.0
050373,CA,050373,LAC+USC MEDICAL CENTER,"1200 N STATE ST, ROOM C2K100",LOS ANGELES,90033,Short Term,06037,POINT (-118.208376 34.057996),[C050373-A],20230623,20210326,1,4468,4061,3922,3537,3321,297,287,12,7,4329,966,700.0,772.0,599.0,61,59.0,0.0,0.0,0.0,7,7,7,7,7,7,7,7,7,7,7,7,7,7,7,7,7,7,7,64,-999999,-999999,14,11,14,11,5,5,0.0,-999999,104,-999999,0,0,-999999,-999999,0,-999999,0,0,0.0,0,2723,0.0,0,7,7,7,7,262.0,,405.0,,119.0,,6900.0,,7586.0,,336.0,,638.3,580.1,560.3,505.3,474.4,42.4,41.0,-999999.0,-999999.0,618.4,138.0,100.0,110.3,85.6,8.7,8.4,0.0,0.0,0.0
050441,CA,050441,STANFORD HEALTH CARE,300 PASTEUR DRIVE,STANFORD,94305,Short Term,06085,POINT (-122.175944 37.433018),[C050441-A],20230623,20210326,1,4417,4298,4298,3821,3821,221,213,0,0,4298,693,693.0,576.0,576.0,88,86.0,0.0,0.0,0.0,7,7,7,7,7,7,7,7,7,7,7,7,7,7,7,7,7,7,7,12,0,0,-999999,-999999,-999999,-999999,-999999,-999999,0.0,0,51,209,-999999,16,38,21,23,38,43,29,0.0,0,1469,0.0,0,7,7,7,7,0.0,,22023.0,,73.0,,11.0,,8486.0,,62.0,,631.0,614.0,614.0,545.9,545.9,31.6,30.4,0.0,0.0,614.0,99.0,99.0,82.3,82.3,12.6,12.3,0.0,0.0,0.0
050454,CA,050454,UCSF MEDICAL CENTER,"505 PARNASSUS AVE, BOX 0296",SAN FRANCISCO,94143,Short Term,06075,POINT (-122.457544 37.762452),"[C050454-C, C050454-B, C050454-D, C050454-A]",20230623,20210326,1,5943,4235,4235,4819,3581,63,60,7,7,5943,1386,714.0,1100.0,559.0,17,17.0,15.0,0.0,5.0,7,7,7,7,7,7,7,7,7,7,7,7,7,7,7,7,7,7,7,-999999,0,0,0,0,0,-999999,0,-999999,0.0,0,13,-999999,0,0,-999999,0,0,0,0,0,0.0,0,941,0.0,0,7,7,7,7,,,,,,,,,,,,,849.0,605.0,605.0,688.4,511.6,9.0,8.6,-999999.0,-999999.0,849.0,198.0,102.0,157.1,79.9,-999999.0,-999999.0,-999999.0,0.0,-999999.0
050625,CA,050625,CEDARS-SINAI MEDICAL CENTER,8700 BEVERLY BLVD,LOS ANGELES,90048,Short Term,06037,POINT (-118.380122 34.075496),[C050625-A],20230623,20210326,1,5899,5808,5346,5261,5202,115,90,-999999,-999999,5437,1207,850.0,944.0,713.0,24,19.0,0.0,0.0,0.0,7,7,7,7,7,7,7,7,7,7,7,7,7,7,7,7,7,7,7,13,0,-999999,-999999,-999999,-999999,-999999,-999999,-999999,0.0,0,35,13,0,0,-999999,0,-999999,-999999,-999999,5,0.0,0,1657,0.0,0,7,7,7,7,,,,,,,,,,,,,842.7,829.7,763.7,751.6,743.1,16.4,12.9,-999999.0,-999999.0,776.7,172.4,121.4,134.9,101.9,-999999.0,-999999.0,0.0,0.0,0.0
330005,NY,330005,KALEIDA HEALTH,100 HIGH STREET,BUFFALO,14210,Short Term,36029,POINT (-78.865984 42.900906),"[C330005-B, C330005-A]",20230623,20210326,1,6853,6853,6328,4745,4745,439,438,0,0,6328,1505,1505.0,967.0,967.0,111,110.0,0.0,0.0,0.0,7,7,7,7,7,7,7,7,7,7,7,7,7,7,7,7,7,7,7,50,0,-999999,6,5,12,5,12,8,0.0,0,189,77,-999999,5,6,5,7,16,15,22,0.0,0,1890,0.0,0,7,7,7,7,610.0,,265.0,,94.0,,4524.0,,2064.0,,86.0,,979.0,979.0,904.0,677.9,677.9,62.7,62.6,0.0,0.0,904.0,215.0,215.0,138.1,138.1,15.9,15.7,0.0,0.0,0.0
330024,NY,330024,MOUNT SINAI HOSPITAL,ONE GUSTAVE L LEVY PLACE,NEW YORK,10029,Short Term,36061,POINT (-73.953392 40.790390),"[C330024-B, C330024-A]",20230623,20210326,1,11991,11081,9345,7477,6793,1225,982,16,-999999,10255,1806,1659.0,943.0,826.0,185,170.0,0.0,0.0,0.0,7,7,7,7,7,7,7,7,7,7,7,7,7,7,7,7,7,7,7,85,-999999,-999999,9,10,12,26,8,16,0.0,-999999,1004,29,-999999,-999999,-999999,-999999,4,9,4,4,-999999.0,-999999,4326,0.0,0,7,7,7,7,2570.0,,2310.0,,368.0,,15557.0,,11775.0,,922.0,,1713.0,1583.0,1335.0,1068.1,970.4,175.0,140.3,-999999.0,-999999.0,1465.0,258.0,237.0,134.7,118.0,26.4,24.3,0.0,0.0,0.0
330059,NY,330059,MONTEFIORE MEDICAL CENTER,111 EAST 210TH STREET,BRONX,10467,Short Term,36005,POINT (-73.879897 40.879872),"[C330059-C, C330059-B, C330059-A, C330059-D]",20230623,20210326,1,11473,10094,10094,9231,8371,1563,1563,16,16,11473,1442,861.0,1215.0,750.0,249,249.0,0.0,0.0,0.0,7,7,7,7,7,7,7,7,7,7,7,7,7,7,7,7,7,7,7,176,-999999,4,13,19,38,38,34,25,-999999.0,-999999,2181,0,0,0,0,0,0,0,0,0,0.0,0,4782,0.0,0,7,7,7,7,,,,,,,,,,,,,1639.0,1442.0,1442.0,1318.7,1195.9,223.3,223.3,-999999.0,-999999.0,1639.0,206.0,123.0,173.6,107.1,35.6,35.6,0.0,0.0,0.0
330101,NY,330101,NEW YORK-PRESBYTERIAN HOSPITAL,525 EAST 68TH STREET,NEW YORK,10065,Short Term,36061,POINT (-73.954509 40.764355),"[C330101-A, C330101-H, C330101-D, C330101-F, C330101-G, C330101-C, C330101-E]",20230623,20210326,1,24878,20468,18676,17419,14429,2730,2190,283,74,22750,3759,2240.0,3161.0,1899.0,606,557.0,4.0,0.0,0.0,7,7,7,7,7,7,7,7,7,7,7,7,7,7,7,7,7,7,7,200,-999999,15,21,19,29,36,37,41,0.0,5,542,111,0,12,12,7,15,20,20,25,0.0,17,6383,0.0,0,7,7,7,7,,,,,,,,,,,,,3554.0,2924.0,2668.0,2488.4,2061.3,390.0,312.9,40.4,10.6,3250.0,537.0,320.0,451.6,271.3,86.6,79.6,-999999.0,0.0,0.0
330214,NY,330214,NYU LANGONE HOSPITALS,550 FIRST AVENUE,NEW YORK,10016,Short Term,36061,POINT (-73.974303 40.742311),"[C330214-B, C330214-A, C330214-C, C330214-D]",20230623,20210326,1,16874,14280,12320,10871,8887,1595,1557,22,17,15096,2730,1785.0,2129.0,1449.0,323,312.0,0.0,0.0,0.0,7,7,7,7,7,7,7,7,7,7,7,7,7,7,7,7,7,7,7,195,-999999,14,17,18,39,42,32,32,,4,2206,21,0,-999999,-999999,-999999,-999999,5,7,-999999,-999999.0,-999999,4864,0.0,0,7,7,7,7,7560.0,,7821.0,,641.0,,30162.0,,12115.0,,31372.0,,2410.6,2040.0,1760.0,1553.0,1269.6,227.9,222.4,-999999.0,-999999.0,2156.6,390.0,255.0,304.1,207.0,46.1,44.6,0.0,0.0,0.0
330285,NY,330285,STRONG MEMORIAL HOSPITAL,601 ELMWOOD AVE,ROCHESTER,14642,Short Term,36055,POINT (-77.623587 43.122832),[C330285-A],20230623,20210326,1,9352,8316,7378,6148,5123,227,200,10,5,8414,1127,931.0,847.0,707.0,34,34.0,0.0,0.0,0.0,7,7,7,7,7,7,7,7,7,7,7,7,7,7,7,7,7,7,7,28,0,4,-999999,-999999,6,5,6,-999999,0.0,-999999,66,14,0,-999999,-999999,-999999,-999999,-999999,4,0,0.0,7,1960,0.0,0,7,7,7,7,3125.0,,3968.0,,432.0,,13709.0,,2403.0,,15006.0,,1336.0,1188.0,1054.0,878.3,731.9,32.4,28.6,-999999.0,-999999.0,1202.0,161.0,133.0,121.0,101.0,4.9,4.9,0.0,0.0,0.0
050025,CA,050025,UC SAN DIEGO HEALTH HILLCREST - HILLCREST MED CTR,200 WEST ARBOR DRIVE,SAN DIEGO,92103,Short Term,06073,POINT (-117.165844 32.754258),"[C050025-A, C050025-B]",20240308,20210328,1,5810,5250,4508,3899,3693,184,163,-999999,0,5068,1183,707.0,786.0,580.0,36,34.0,0.0,0.0,0.0,7,7,7,7,7,7,7,7,7,7,7,7,7,7,7,7,7,7,7,11,0,-999999,4,-999999,0,-999999,-999999,-999999,0.0,0,420,10,-999999,0,4,-999999,0,-999999,0,0,0.0,0,1460,0.0,0,7,7,7,7,7983.0,,9611.0,,205.0,,10275.0,,2619.0,,535.0,,830.0,750.0,644.0,557.0,527.6,26.3,23.3,-999999.0,0.0,724.0,169.0,101.0,112.3,82.9,5.1,4.9,0.0,0.0,0.0
050262,CA,050262,RONALD REAGAN UCLA MEDICAL CENTER,757 WESTWOOD PLAZA,LOS ANGELES,90095,Short Term,06037,POINT (-118.446328 34.066455),[C050262-A],20240308,20210328,1,3220,2744,2513,2799,2440,66,44,0,0,2989,1106,784.0,996.0,739.0,23,22.0,0.0,0.0,0.0,7,7,7,7,7,7,7,7,7,7,7,7,7,7,7,7,7,7,7,-999999,0,0,0,0,-999999,0,0,-999999,0.0,0,139,-999999,0,-999999,0,0,0,0,0,0,0.0,0,913,0.0,0,7,7,7,7,130.0,,178.0,,308.0,,17532.0,,7264.0,,19978.0,,460.0,392.0,359.0,399.9,348.6,9.4,6.3,0.0,0.0,427.0,158.0,112.0,142.3,105.6,-999999.0,-999999.0,0.0,0.0,0.0
050373,CA,050373,LOS ANGELES GENERAL MEDICAL CENTER,"2051 MARENGO ST, ROOM C2K100",LOS ANGELES,90033,Short Term,06037,POINT (-118.206478 34.056278),[C050373-A],20240308,20210328,1,4457,4049,3910,3577,3355,304,293,9,5,4318,965,699.0,779.0,605.0,54,53.0,0.0,0.0,0.0,7,7,7,7,7,7,7,7,7,7,7,7,7,7,7,7,7,7,7,59,0,4,11,9,15,8,5,7,0.0,-999999,100,5,0,-999999,-999999,-999999,0,-999999,0,0,0.0,0,2769,0.0,0,7,7,7,7,262.0,,405.0,,119.0,,6900.0,,7586.0,,336.0,,636.7,578.4,558.6,511.0,479.3,43.4,41.9,-999999.0,-999999.0,616.9,137.9,99.9,111.3,86.4,7.7,7.6,0.0,0.0,0.0
050441,CA,050441,STANFORD HEALTH CARE,300 PASTEUR DRIVE,STANFORD,94305,Short Term,06085,POINT (-122.175944 37.433018),[C050441-A],20240308,20210328,1,4414,4295,4295,3798,3798,202,197,0,0,4295,693,693.0,583.0,583.0,86,85.0,0.0,0.0,0.0,7,7,7,7,7,7,7,7,7,7,7,7,7,7,7,7,7,7,7,11,0,0,-999999,-999999,-999999,-999999,-999999,-999999,0.0,0,53,191,-999999,12,39,20,24,38,32,25,0.0,0,1479,0.0,0,7,7,7,7,0.0,,22023.0,,73.0,,11.0,,8486.0,,62.0,,630.6,613.6,613.6,542.6,542.6,28.9,28.1,0.0,0.0,613.6,99.0,99.0,83.3,83.3,12.3,12.1,0.0,0.0,0.0
050454,CA,050454,UCSF MEDICAL CENTER,"505 PARNASSUS AVE, BOX 0296",SAN FRANCISCO,94143,Short Term,06075,POINT (-122.457544 37.762452),"[C050454-C, C050454-B, C050454-D, C050454-A]",20240308,20210328,1,5943,4235,4235,4791,3552,59,54,8,8,5943,1386,714.0,1095.0,552.0,14,14.0,15.0,0.0,6.0,7,7,7,7,7,7,7,7,7,7,7,7,7,7,7,7,7,7,7,4,-999999,-999999,0,0,0,-999999,-999999,0,0.0,0,13,-999999,0,0,-999999,0,-999999,0,0,0,0.0,0,923,0.0,0,7,7,7,7,,,,,,,,,,,,,849.0,605.0,605.0,684.4,507.4,8.4,7.7,-999999.0,-999999.0,849.0,198.0,102.0,156.4,78.9,-999999.0,-999999.0,-999999.0,0.0,-999999.0
050625,CA,050625,CEDARS-SINAI MEDICAL CENTER,8700 BEVERLY BLVD,LOS ANGELES,90048,Short Term,06037,POINT (-118.380016 34.076549),[C050625-A],20240308,20210328,1,5896,5793,5331,5259,5201,112,84,-999999,-999999,5434,1177,808.0,883.0,651.0,25,19.0,0.0,0.0,0.0,7,7,7,7,7,7,7,7,7,7,7,7,7,7,7,7,7,7,7,10,0,-999999,0,-999999,-999999,-999999,-999999,-999999,0.0,0,29,14,0,0,0,0,-999999,-999999,-999999,6,0.0,0,1678,0.0,0,7,7,7,7,,,,,,,,,,,,,842.3,827.6,761.6,751.3,743.0,16.0,12.0,-999999.0,-999999.0,776.3,168.1,115.4,126.1,93.0,-999999.0,-999999.0,0.0,0.0,0.0
330005,NY,330005,KALEIDA HEALTH,100 HIGH STREET,BUFFALO,14210,Short Term,36029,POINT (-78.865984 42.900906),"[C330005-C, C330005-B, C330005-A]",20240308,20210328,1,6853,6853,6328,4641,4641,481,480,0,0,6328,1505,1505.0,964.0,964.0,137,136.0,0.0,0.0,0.0,7,7,7,7,7,7,7,7,7,7,7,7,7,7,7,7,7,7,7,55,0,-999999,9,5,16,7,10,7,0.0,0,198,82,-999999,5,7,7,8,18,14,22,0.0,0,1895,0.0,0,7,7,7,7,610.0,,265.0,,94.0,,4524.0,,2064.0,,86.0,,979.0,979.0,904.0,663.0,663.0,68.7,68.6,0.0,0.0,904.0,215.0,215.0,137.7,137.7,19.6,19.4,0.0,0.0,0.0
330024,NY,330024,MOUNT SINAI HOSPITAL,ONE GUSTAVE L LEVY PLACE,NEW YORK,10029,Short Term,36061,POINT (-73.953392 40.790390),"[C330024-B, C330024-A]",20240308,20210328,1,11991,11081,9345,7428,6755,1173,940,16,0,10255,1806,1659.0,941.0,831.0,183,167.0,0.0,0.0,0.0,7,7,7,7,7,7,7,7,7,7,7,7,7,7,7,7,7,7,7,88,-999999,-999999,9,8,16,30,8,13,0.0,0,942,29,-999999,-999999,-999999,-999999,5,6,6,-999999,-999999.0,-999999,4191,0.0,0,7,7,7,7,2570.0,,2310.0,,368.0,,15557.0,,11775.0,,922.0,,1713.0,1583.0,1335.0,1061.1,965.0,167.6,134.3,-999999.0,0.0,1465.0,258.0,237.0,134.4,118.7,26.1,23.9,0.0,0.0,0.0
330059,NY,330059,MONTEFIORE MEDICAL CENTER,111 EAST 210TH STREET,BRONX,10467,Short Term,36005,POINT (-73.879896 40.879872),"[C330059-C, C330059-B, C330059-A, C330059-D]",20240308,20210328,1,11473,10094,10094,9191,8342,1519,1519,16,16,11473,1442,861.0,1221.0,761.0,265,265.0,0.0,0.0,0.0,7,7,7,7,7,7,7,7,7,7,7,7,7,7,7,7,7,7,7,167,-999999,4,21,14,34,32,31,26,-999999.0,-999999,2039,0,0,0,0,0,0,0,0,0,0.0,0,4645,0.0,0,7,7,7,7,,,,,,,,,,,,,1639.0,1442.0,1442.0,1313.0,1191.7,217.0,217.0,-999999.0,-999999.0,1639.0,206.0,123.0,174.4,108.7,37.9,37.9,0.0,0.0,0.0
330101,NY,330101,NEW YORK-PRESBYTERIAN HOSPITAL,525 EAST 68TH STREET,NEW YORK,10065,Short Term,36061,POINT (-73.954509 40.764355),"[C330101-A, C330101-H, C330101-D, C330101-F, C330101-G, C330101-C, C330101-E]",20240308,20210328,1,24878,20468,18676,17277,14274,2682,2149,277,78,22750,3759,2240.0,3164.0,1908.0,605,555.0,-999999.0,0.0,0.0,7,7,7,7,7,7,7,7,7,7,7,7,7,7,7,7,7,7,7,182,-999999,15,18,16,26,38,35,32,0.0,-999999,514,107,0,11,12,7,15,16,23,23,0.0,19,6199,0.0,0,7,7,7,7,,,,,,,,,,,,,3554.0,2924.0,2668.0,2468.1,2039.1,383.1,307.0,39.6,11.1,3250.0,537.0,320.0,452.0,272.6,86.4,79.3,-999999.0,0.0,0.0
330214,NY,330214,NYU LANGONE HOSPITALS,550 FIRST AVENUE,NEW YORK,10016,Short Term,36061,POINT (-73.974303 40.742311),"[C330214-B, C330214-A, C330214-C, C330214-D]",20240308,20210328,1,16834,14280,12320,10910,8883,1562,1518,24,19,15056,2730,1785.0,2103.0,1419.0,335,325.0,0.0,0.0,0.0,7,7,7,7,7,7,7,7,7,7,7,7,7,7,7,7,7,7,7,193,-999999,16,15,19,33,45,35,29,,4,2180,29,-999999,-999999,-999999,-999999,4,5,9,-999999,-999999.0,-999999,4827,0.0,0,7,7,7,7,7560.0,,7821.0,,641.0,,30162.0,,12115.0,,31372.0,,2404.9,2040.0,1760.0,1558.6,1269.0,223.1,216.9,-999999.0,-999999.0,2150.9,390.0,255.0,300.4,202.7,47.9,46.4,0.0,0.0,0.0
330285,NY,330285,STRONG MEMORIAL HOSPITAL,601 ELMWOOD AVE,ROCHESTER,14642,Short Term,36055,POINT (-77.623587 43.122832),[C330285-A],20240308,20210328,1,9352,8316,7378,6139,5157,217,197,13,8,8414,1127,931.0,849.0,710.0,32,31.0,0.0,0.0,0.0,7,7,7,7,7,7,7,7,7,7,7,7,7,7,7,7,7,7,7,26,0,4,-999999,-999999,8,-999999,6,-999999,0.0,5,54,10,0,-999999,-999999,-999999,-999999,0,4,0,0.0,7,1999,0.0,0,7,7,7,7,3125.0,,3968.0,,432.0,,13709.0,,2403.0,,15006.0,,1336.0,1188.0,1054.0,877.0,736.7,31.0,28.1,-999999.0,-999999.0,1202.0,161.0,133.0,121.3,101.4,4.6,4.4,0.0,0.0,0.0
050025,CA,050025,UC SAN DIEGO HEALTH HILLCREST - HILLCREST MED CTR,200 WEST ARBOR DRIVE,SAN DIEGO,92103,Short Term,06073,POINT (-117.165844 32.754258),"[C050025-A, C050025-B]",20230623,20210402,1,5810,5250,4508,3943,3752,173,149,-999999,0,5068,1183,707.0,755.0,564.0,37,36.0,0.0,0.0,0.0,7,7,7,7,7,7,7,7,7,7,7,7,7,7,7,7,7,7,7,9,0,0,-999999,-999999,0,-999999,-999999,-999999,0.0,0,436,13,0,-999999,6,-999999,0,-999999,-999999,0,0.0,0,1461,0.0,0,7,7,7,7,5978.0,,10896.0,,206.0,,10395.0,,2568.0,,479.0,,830.0,750.0,644.0,563.3,536.0,24.7,21.3,-999999.0,0.0,724.0,169.0,101.0,107.9,80.6,5.3,5.1,0.0,0.0,0.0
050262,CA,050262,RONALD REAGAN UCLA MEDICAL CENTER,757 WESTWOOD PLAZA,LOS ANGELES,90095,Short Term,06037,POINT (-118.44562 34.06617),[C050262-A],20230623,20210402,1,3220,2744,2513,2781,2439,42,33,-999999,0,2989,1106,784.0,981.0,740.0,24,22.0,0.0,0.0,0.0,7,7,7,7,7,7,7,7,7,7,7,7,7,7,7,7,7,7,7,-999999,0,0,-999999,0,-999999,0,0,0,0.0,0,140,-999999,0,-999999,0,0,0,0,0,0,0.0,0,923,0.0,0,7,7,7,7,123.0,,196.0,,319.0,,17655.0,,7122.0,,20174.0,,460.0,392.0,359.0,397.3,348.4,6.0,4.7,-999999.0,0.0,427.0,158.0,112.0,140.1,105.7,-999999.0,-999999.0,0.0,0.0,0.0
050373,CA,050373,LAC+USC MEDICAL CENTER,"1200 N STATE ST, ROOM C2K100",LOS ANGELES,90033,Short Term,06037,POINT (-118.208376 34.057996),[C050373-A],20230623,20210402,1,4355,3940,3841,3528,3301,249,235,-999999,0,4256,939,669.0,756.0,587.0,33,28.0,0.0,0.0,0.0,7,7,7,7,7,7,7,7,7,7,7,7,7,7,7,7,7,7,7,43,0,7,-999999,9,9,7,-999999,5,0.0,0,94,-999999,0,-999999,-999999,0,0,0,0,0,0.0,0,2813,0.0,0,7,7,7,7,,,,,,,,,,,,,622.1,562.9,548.7,504.0,471.6,35.6,33.6,-999999.0,0.0,608.0,134.1,95.6,108.0,83.9,4.7,4.0,0.0,0.0,0.0
050441,CA,050441,STANFORD HEALTH CARE,300 PASTEUR DRIVE,STANFORD,94305,Short Term,06085,POINT (-122.175944 37.433018),[C050441-A],20230623,20210402,1,4413,4294,4294,3911,3911,197,190,0,0,4294,693,693.0,595.0,595.0,70,68.0,0.0,0.0,0.0,7,7,7,7,7,7,7,7,7,7,7,7,7,7,7,7,7,7,7,15,0,-999999,6,-999999,-999999,-999999,-999999,0,0.0,0,58,223,-999999,11,37,25,26,41,44,38,0.0,-999999,1427,0.0,0,7,7,7,7,5.0,,23733.0,,117.0,,37.0,,8440.0,,80.0,,630.4,613.4,613.4,558.7,558.7,28.1,27.1,0.0,0.0,613.4,99.0,99.0,85.0,85.0,10.0,9.7,0.0,0.0,0.0
050454,CA,050454,UCSF MEDICAL CENTER,"505 PARNASSUS AVE, BOX 0296",SAN FRANCISCO,94143,Short Term,06075,POINT (-122.457544 37.762452),"[C050454-C, C050454-B, C050454-D, C050454-A]",20230623,20210402,1,5943,4235,4235,4793,3471,60,52,9,9,5943,1386,714.0,1077.0,545.0,11,11.0,27.0,0.0,-999999.0,7,7,7,7,7,7,7,7,7,7,7,7,7,7,7,7,7,7,7,6,-999999,-999999,0,0,-999999,0,-999999,-999999,0.0,0,10,-999999,0,0,0,0,-999999,-999999,0,0,0.0,0,894,0.0,0,7,7,7,7,,,,,,,,,,,,,849.0,605.0,605.0,684.7,495.9,8.6,7.4,-999999.0,-999999.0,849.0,198.0,102.0,153.9,77.9,-999999.0,-999999.0,-999999.0,0.0,-999999.0
050625,CA,050625,CEDARS-SINAI MEDICAL CENTER,8700 BEVERLY BLVD,LOS ANGELES,90048,Short Term,06037,POINT (-118.380122 34.075496),[C050625-A],20230623,20210402,1,5842,5709,5247,5116,5069,111,77,0,0,5380,1127,728.0,831.0,591.0,31,16.0,0.0,0.0,0.0,7,7,7,7,7,7,7,7,7,7,7,7,7,7,7,7,7,7,7,10,0,-999999,-999999,0,-999999,-999999,-999999,-999999,0.0,0,34,18,0,-999999,0,-999999,-999999,6,4,-999999,-999999.0,0,1677,0.0,0,7,7,7,7,2150.0,,199.0,,382.0,,14484.0,,4410.0,,621.0,,834.6,815.6,749.6,730.9,724.1,15.9,11.0,0.0,0.0,768.6,161.0,104.0,118.7,84.4,4.4,-999999.0,0.0,0.0,0.0
330005,NY,330005,KALEIDA HEALTH,100 HIGH STREET,BUFFALO,14210,Short Term,36029,POINT (-78.865984 42.900906),"[C330005-B, C330005-A]",20230623,20210402,1,6853,6853,6328,4638,4638,652,645,0,0,6328,1505,1505.0,986.0,986.0,197,192.0,0.0,0.0,0.0,7,7,7,7,7,7,7,7,7,7,7,7,7,7,7,7,7,7,7,73,0,0,8,11,16,13,14,11,0.0,0,227,87,0,-999999,4,9,6,19,20,27,0.0,0,1940,0.0,0,7,7,7,7,6.0,,67.0,,66.0,,4524.0,,1999.0,,445.0,,979.0,979.0,904.0,662.6,662.6,93.1,92.1,0.0,0.0,904.0,215.0,215.0,140.9,140.9,28.1,27.4,0.0,0.0,0.0
330024,NY,330024,MOUNT SINAI HOSPITAL,ONE GUSTAVE L LEVY PLACE,NEW YORK,10029,Short Term,36061,POINT (-73.953392 40.790390),"[C330024-B, C330024-A]",20230623,20210402,1,11991,11081,9345,7296,6672,1139,917,20,0,10255,1806,1659.0,919.0,811.0,284,237.0,0.0,0.0,0.0,7,7,7,7,7,7,7,7,7,7,7,7,7,7,7,7,7,7,7,88,0,4,7,12,15,20,15,15,0.0,0,866,18,-999999,-999999,-999999,-999999,4,-999999,5,-999999,0.0,-999999,3813,0.0,0,7,7,7,7,3007.0,,1467.0,,459.0,,15872.0,,11634.0,,762.0,,1713.0,1583.0,1335.0,1042.3,953.1,162.7,131.0,-999999.0,0.0,1465.0,258.0,237.0,131.3,115.9,40.6,33.9,0.0,0.0,0.0
330059,NY,330059,MONTEFIORE MEDICAL CENTER,111 EAST 210TH STREET,BRONX,10467,Short Term,36005,POINT (-73.879897 40.879872),"[C330059-C, C330059-B, C330059-A, C330059-D]",20230623,20210402,1,11473,10094,10094,9056,8240,1366,1366,12,12,11473,1442,861.0,1243.0,791.0,300,300.0,0.0,0.0,0.0,7,7,7,7,7,7,7,7,7,7,7,7,7,7,7,7,7,7,7,148,0,7,19,13,31,28,23,21,6.0,6,1947,0,0,0,0,0,0,0,0,0,0.0,0,4579,0.0,0,7,7,7,7,,,,,,,,,,,,,1639.0,1442.0,1442.0,1293.7,1177.1,195.1,195.1,-999999.0,-999999.0,1639.0,206.0,123.0,177.6,113.0,42.9,42.9,0.0,0.0,0.0
330101,NY,330101,NEW YORK-PRESBYTERIAN HOSPITAL,525 EAST 68TH STREET,NEW YORK,10065,Short Term,36061,POINT (-73.954509 40.764355),"[C330101-A, C330101-H, C330101-D, C330101-F, C330101-G, C330101-C, C330101-E]",20230623,20210402,1,24878,20468,18676,17026,14111,2598,2049,232,87,22750,3759,2248.0,3161.0,1941.0,641,562.0,0.0,0.0,0.0,7,7,7,7,7,7,7,7,7,7,7,7,7,7,7,7,7,7,7,172,-999999,12,17,14,24,37,39,27,0.0,5,511,133,0,9,20,10,22,28,24,20,0.0,15,6184,0.0,0,7,7,7,7,,,,,,,,,,,,,3554.0,2924.0,2668.0,2432.3,2015.9,371.1,292.7,33.1,12.4,3250.0,537.0,321.1,451.6,277.3,91.6,80.3,0.0,0.0,0.0
330214,NY,330214,NYU LANGONE HOSPITALS,550 FIRST AVENUE,NEW YORK,10016,Short Term,36061,POINT (-73.974303 40.742311),"[C330214-B, C330214-A, C330214-C, C330214-D]",20230623,20210402,1,16814,14280,12320,10893,8791,1479,1437,36,23,15036,2730,1785.0,2187.0,1427.0,378,368.0,0.0,0.0,0.0,7,7,7,7,7,7,7,7,7,7,7,7,7,7,7,7,7,7,7,179,-999999,17,16,17,32,38,28,30,,-999999,2181,29,-999999,0,-999999,-999999,5,5,5,6,,9,4796,0.0,0,7,7,7,7,8980.0,,10819.0,,903.0,,30554.0,,11853.0,,31630.0,,2402.0,2040.0,1760.0,1556.1,1255.9,211.3,205.3,5.1,-999999.0,2148.0,390.0,255.0,312.4,203.9,54.0,52.6,0.0,0.0,0.0
330285,NY,330285,STRONG MEMORIAL HOSPITAL,601 ELMWOOD AVE,ROCHESTER,14642,Short Term,36055,POINT (-77.623587 43.122832),[C330285-A],20230623,20210402,1,9352,8316,7378,6206,5176,196,175,15,12,8414,1127,931.0,858.0,718.0,30,25.0,0.0,0.0,0.0,7,7,7,7,7,7,7,7,7,7,7,7,7,7,7,7,7,7,7,22,0,-999999,-999999,5,5,-999999,6,0,0.0,4,63,14,0,-999999,0,-999999,-999999,-999999,-999999,-999999,0.0,4,2107,0.0,0,7,7,7,7,2902.0,,3680.0,,370.0,,13858.0,,2182.0,,15227.0,,1336.0,1188.0,1054.0,886.6,739.4,28.0,25.0,-999999.0,-999999.0,1202.0,161.0,133.0,122.6,102.6,4.3,-999999.0,0.0,0.0,0.0
050025,CA,050025,UC SAN DIEGO HEALTH HILLCREST - HILLCREST MED CTR,200 WEST ARBOR DRIVE,SAN DIEGO,92103,Short Term,06073,POINT (-117.165844 32.754258),"[C050025-A, C050025-B]",20240308,20210404,1,5810,5250,4508,3913,3735,160,139,-999999,0,5068,1183,707.0,733.0,555.0,38,37.0,0.0,0.0,0.0,7,7,7,7,7,7,7,7,7,7,7,7,7,7,7,7,7,7,7,8,0,0,-999999,0,0,-999999,-999999,-999999,0.0,0,441,9,0,4,4,0,0,0,-999999,0,0.0,0,1477,0.0,0,7,7,7,7,5978.0,,10896.0,,206.0,,10395.0,,2568.0,,479.0,,830.0,750.0,644.0,559.0,533.6,22.9,19.9,-999999.0,0.0,724.0,169.0,101.0,104.7,79.3,5.4,5.3,0.0,0.0,0.0
050262,CA,050262,RONALD REAGAN UCLA MEDICAL CENTER,757 WESTWOOD PLAZA,LOS ANGELES,90095,Short Term,06037,POINT (-118.446328 34.066455),[C050262-A],20240308,20210404,1,3220,2744,2513,2764,2420,41,33,-999999,0,2989,1106,784.0,979.0,730.0,25,24.0,0.0,0.0,0.0,7,7,7,7,7,7,7,7,7,7,7,7,7,7,7,7,7,7,7,-999999,0,0,-999999,0,-999999,0,0,0,0.0,0,112,0,0,0,0,0,0,0,0,0,0.0,0,924,0.0,0,7,7,7,7,123.0,,196.0,,319.0,,17655.0,,7122.0,,20174.0,,460.0,392.0,359.0,394.9,345.7,5.9,4.7,-999999.0,0.0,427.0,158.0,112.0,139.9,104.3,-999999.0,-999999.0,0.0,0.0,0.0
050373,CA,050373,LOS ANGELES GENERAL MEDICAL CENTER,"2051 MARENGO ST, ROOM C2K100",LOS ANGELES,90033,Short Term,06037,POINT (-118.206478 34.056278),[C050373-A],20240308,20210404,1,4360,3942,3861,3487,3266,225,213,-999999,0,4279,955,683.0,731.0,569.0,27,23.0,0.0,0.0,0.0,7,7,7,7,7,7,7,7,7,7,7,7,7,7,7,7,7,7,7,46,0,8,5,15,7,7,-999999,-999999,0.0,0,99,-999999,0,-999999,-999999,0,0,0,0,0,0.0,0,2866,0.0,0,7,7,7,7,,,,,,,,,,,,,622.9,563.1,551.6,498.1,466.6,32.1,30.4,-999999.0,0.0,611.3,136.4,97.6,104.4,81.3,-999999.0,-999999.0,0.0,0.0,0.0
050441,CA,050441,STANFORD HEALTH CARE,300 PASTEUR DRIVE,STANFORD,94305,Short Term,06085,POINT (-122.175944 37.433018),[C050441-A],20240308,20210404,1,4412,4293,4293,3938,3938,206,198,0,0,4293,693,693.0,587.0,587.0,65,63.0,0.0,0.0,0.0,7,7,7,7,7,7,7,7,7,7,7,7,7,7,7,7,7,7,7,16,0,-999999,5,-999999,-999999,0,4,-999999,0.0,0,54,189,0,9,30,17,22,35,43,33,0.0,-999999,1416,0.0,0,7,7,7,7,5.0,,23733.0,,117.0,,37.0,,8440.0,,80.0,,630.3,613.3,613.3,562.6,562.6,29.4,28.3,0.0,0.0,613.3,99.0,99.0,83.9,83.9,9.3,9.0,0.0,0.0,0.0
050454,CA,050454,UCSF MEDICAL CENTER,"505 PARNASSUS AVE, BOX 0296",SAN FRANCISCO,94143,Short Term,06075,POINT (-122.457544 37.762452),"[C050454-C, C050454-B, C050454-D, C050454-A]",20240308,20210404,1,5943,4235,4235,4799,3472,53,49,8,8,5943,1386,714.0,1070.0,541.0,13,13.0,27.0,0.0,0.0,7,7,7,7,7,7,7,7,7,7,7,7,7,7,7,7,7,7,7,6,0,0,0,0,-999999,0,-999999,-999999,0.0,0,10,-999999,0,0,0,0,0,-999999,0,0,0.0,0,893,0.0,0,7,7,7,7,,,,,,,,,,,,,849.0,605.0,605.0,685.6,496.0,7.6,7.0,-999999.0,-999999.0,849.0,198.0,102.0,152.9,77.3,-999999.0,-999999.0,-999999.0,0.0,0.0
050625,CA,050625,CEDARS-SINAI MEDICAL CENTER,8700 BEVERLY BLVD,LOS ANGELES,90048,Short Term,06037,POINT (-118.380016 34.076549),[C050625-A],20240308,20210404,1,5765,5632,5170,5033,4988,117,82,0,0,5303,1127,728.0,826.0,592.0,34,17.0,0.0,0.0,0.0,7,7,7,7,7,7,7,7,7,7,7,7,7,7,7,7,7,7,7,12,0,-999999,-999999,-999999,-999999,-999999,-999999,-999999,0.0,0,33,16,0,-999999,0,-999999,0,5,4,-999999,-999999.0,0,1675,0.0,0,7,7,7,7,2150.0,,199.0,,382.0,,14484.0,,4410.0,,621.0,,823.6,804.6,738.6,719.0,712.6,16.7,11.7,0.0,0.0,757.6,161.0,104.0,118.0,84.6,4.9,-999999.0,0.0,0.0,0.0
330005,NY,330005,KALEIDA HEALTH,100 HIGH STREET,BUFFALO,14210,Short Term,36029,POINT (-78.865984 42.900906),"[C330005-C, C330005-B, C330005-A]",20240308,20210404,1,6853,6853,6328,4754,4754,706,695,0,0,6328,1505,1505.0,1002.0,1002.0,215,207.0,0.0,0.0,0.0,7,7,7,7,7,7,7,7,7,7,7,7,7,7,7,7,7,7,7,71,0,-999999,5,12,12,14,12,13,0.0,0,225,97,0,-999999,7,11,7,20,23,28,0.0,0,1987,0.0,0,7,7,7,7,6.0,,67.0,,66.0,,4524.0,,1999.0,,445.0,,979.0,979.0,904.0,679.1,679.1,100.9,99.3,0.0,0.0,904.0,215.0,215.0,143.1,143.1,30.7,29.6,0.0,0.0,0.0
330024,NY,330024,MOUNT SINAI HOSPITAL,ONE GUSTAVE L LEVY PLACE,NEW YORK,10029,Short Term,36061,POINT (-73.953392 40.790390),"[C330024-B, C330024-A]",20240308,20210404,1,11991,11081,9345,7371,6731,1134,920,25,0,10255,1806,1659.0,920.0,813.0,284,240.0,0.0,0.0,0.0,7,7,7,7,7,7,7,7,7,7,7,7,7,7,7,7,7,7,7,90,0,5,7,14,15,14,16,19,0.0,0,899,12,0,0,-999999,-999999,-999999,-999999,-999999,-999999,0.0,-999999,3975,0.0,0,7,7,7,7,3007.0,,1467.0,,459.0,,15872.0,,11634.0,,762.0,,1713.0,1583.0,1335.0,1053.0,961.6,162.0,131.4,-999999.0,0.0,1465.0,258.0,237.0,131.4,116.1,40.6,34.3,0.0,0.0,0.0
330059,NY,330059,MONTEFIORE MEDICAL CENTER,111 EAST 210TH STREET,BRONX,10467,Short Term,36005,POINT (-73.879896 40.879872),"[C330059-C, C330059-B, C330059-A, C330059-D]",20240308,20210404,1,11473,10094,10094,9023,8197,1273,1273,13,13,11473,1442,861.0,1241.0,799.0,294,294.0,0.0,0.0,0.0,7,7,7,7,7,7,7,7,7,7,7,7,7,7,7,7,7,7,7,149,0,11,16,15,27,30,25,18,7.0,7,2016,0,0,0,0,0,0,0,0,0,0.0,0,4698,0.0,0,7,7,7,7,,,,,,,,,,,,,1639.0,1442.0,1442.0,1289.0,1171.0,181.9,181.9,-999999.0,-999999.0,1639.0,206.0,123.0,177.3,114.1,42.0,42.0,0.0,0.0,0.0
330101,NY,330101,NEW YORK-PRESBYTERIAN HOSPITAL,525 EAST 68TH STREET,NEW YORK,10065,Short Term,36061,POINT (-73.954509 40.764355),"[C330101-A, C330101-H, C330101-D, C330101-F, C330101-G, C330101-C, C330101-E]",20240308,20210404,1,24878,20468,18676,17120,14206,2579,2018,211,95,22750,3759,2249.0,3175.0,1958.0,635,555.0,0.0,0.0,0.0,7,7,7,7,7,7,7,7,7,7,7,7,7,7,7,7,7,7,7,161,-999999,12,15,15,26,33,32,27,0.0,11,495,145,-999999,13,22,13,24,32,21,19,0.0,11,6313,0.0,0,7,7,7,7,,,,,,,,,,,,,3554.0,2924.0,2668.0,2445.7,2029.4,368.4,288.3,30.1,13.6,3250.0,537.0,321.3,453.6,279.7,90.7,79.3,0.0,0.0,0.0
330214,NY,330214,NYU LANGONE HOSPITALS,550 FIRST AVENUE,NEW YORK,10016,Short Term,36061,POINT (-73.974303 40.742311),"[C330214-B, C330214-A, C330214-C, C330214-D]",20240308,20210404,1,16814,14280,12320,10855,8794,1440,1408,31,20,15036,2730,1785.0,2218.0,1474.0,393,385.0,0.0,0.0,0.0,7,7,7,7,7,7,7,7,7,7,7,7,7,7,7,7,7,7,7,155,-999999,16,17,16,29,21,24,30,,-999999,2174,23,-999999,0,-999999,0,-999999,6,-999999,7,,8,4651,0.0,0,7,7,7,7,8980.0,,10819.0,,903.0,,30554.0,,11853.0,,31630.0,,2402.0,2040.0,1760.0,1550.7,1256.3,205.7,201.1,4.4,-999999.0,2148.0,390.0,255.0,316.9,210.6,56.1,55.0,0.0,0.0,0.0
330285,NY,330285,STRONG MEMORIAL HOSPITAL,601 ELMWOOD AVE,ROCHESTER,14642,Short Term,36055,POINT (-77.623587 43.122832),[C330285-A],20240308,20210404,1,9352,8316,7378,6247,5190,206,182,19,15,8414,1127,931.0,851.0,709.0,31,27.0,0.0,0.0,0.0,7,7,7,7,7,7,7,7,7,7,7,7,7,7,7,7,7,7,7,24,0,-999999,-999999,5,5,4,-999999,-999999,0.0,-999999,65,16,0,-999999,-999999,-999999,4,4,-999999,-999999,0.0,5,2133,0.0,0,7,7,7,7,2902.0,,3680.0,,370.0,,13858.0,,2182.0,,15227.0,,1336.0,1188.0,1054.0,892.4,741.4,29.4,26.0,-999999.0,-999999.0,1202.0,161.0,133.0,121.6,101.3,4.4,-999999.0,0.0,0.0,0.0
050025,CA,050025,UC SAN DIEGO HEALTH HILLCREST - HILLCREST MED CTR,200 WEST ARBOR DRIVE,SAN DIEGO,92103,Short Term,06073,POINT (-117.165844 32.754258),"[C050025-A, C050025-B]",20230623,20210409,1,5810,5250,4508,3869,3712,138,124,-999999,0,5068,1183,707.0,746.0,589.0,35,33.0,0.0,0.0,0.0,7,7,7,7,7,7,7,7,7,7,7,7,7,7,7,7,7,7,7,12,0,0,5,-999999,-999999,-999999,0,-999999,0.0,0,446,4,0,-999999,-999999,0,0,0,0,0,0.0,0,1509,0.0,0,7,7,7,7,5550.0,,24196.0,,151.0,,10475.0,,2530.0,,474.0,,830.0,750.0,644.0,552.7,530.3,19.7,17.7,-999999.0,0.0,724.0,169.0,101.0,106.6,84.1,5.0,4.7,0.0,0.0,0.0
050262,CA,050262,RONALD REAGAN UCLA MEDICAL CENTER,757 WESTWOOD PLAZA,LOS ANGELES,90095,Short Term,06037,POINT (-118.44562 34.06617),[C050262-A],20230623,20210409,1,3220,2744,2513,2789,2424,65,49,0,0,2989,1106,784.0,1001.0,730.0,32,32.0,0.0,0.0,0.0,7,7,7,7,7,7,7,7,7,7,7,7,7,7,7,7,7,7,7,-999999,0,0,0,0,-999999,-999999,0,0,0.0,0,120,0,0,0,0,0,0,0,0,0,0.0,0,952,0.0,0,7,7,7,7,84.0,,127.0,,211.0,,17739.0,,7053.0,,20301.0,,460.0,392.0,359.0,398.4,346.3,9.3,7.0,0.0,0.0,427.0,158.0,112.0,143.0,104.3,4.6,4.6,0.0,0.0,0.0
050373,CA,050373,LAC+USC MEDICAL CENTER,"1200 N STATE ST, ROOM C2K100",LOS ANGELES,90033,Short Term,06037,POINT (-118.208376 34.057996),[C050373-A],20230623,20210409,1,5017,4596,4477,3999,3786,197,184,0,0,4898,2020,1711.0,1234.0,1078.0,25,25.0,0.0,0.0,0.0,7,7,7,7,7,7,7,7,7,7,7,7,7,7,7,7,7,7,7,59,-999999,10,9,13,15,7,-999999,-999999,0.0,17,126,4,0,-999999,-999999,0,0,-999999,-999999,0,0.0,0,3016,0.0,0,7,7,7,7,2385.0,,1065.0,,118.0,,7050.0,,7506.0,,301.0,,716.7,656.6,639.6,571.3,540.9,28.1,26.3,0.0,0.0,699.7,288.6,244.4,176.3,154.0,-999999.0,-999999.0,0.0,0.0,0.0
050441,CA,050441,STANFORD HEALTH CARE,300 PASTEUR DRIVE,STANFORD,94305,Short Term,06085,POINT (-122.175944 37.433018),[C050441-A],20230623,20210409,1,4448,4329,4328,4063,4063,207,195,0,0,4328,693,693.0,599.0,599.0,44,43.0,0.0,0.0,0.0,7,7,7,7,7,7,7,7,7,7,7,7,7,7,7,7,7,7,7,20,0,-999999,-999999,4,4,-999999,4,-999999,0.0,0,58,177,0,10,21,13,26,39,29,39,0.0,0,1573,0.0,0,7,7,7,7,0.0,,21516.0,,148.0,,36.0,,8350.0,,112.0,,635.4,618.4,618.3,580.4,580.4,29.6,27.9,0.0,0.0,618.3,99.0,99.0,85.6,85.6,6.3,6.1,0.0,0.0,0.0
050454,CA,050454,UCSF MEDICAL CENTER,"505 PARNASSUS AVE, BOX 0296",SAN FRANCISCO,94143,Short Term,06075,POINT (-122.457544 37.762452),"[C050454-C, C050454-B, C050454-D, C050454-A]",20230623,20210409,1,5943,4235,4235,4928,3566,50,50,12,12,5943,1386,714.0,1119.0,555.0,18,18.0,23.0,0.0,0.0,7,7,7,7,7,7,7,7,7,7,7,7,7,7,7,7,7,7,7,6,0,0,-999999,0,-999999,-999999,-999999,-999999,0.0,-999999,14,0,0,0,0,0,0,0,0,0,0.0,0,933,0.0,0,7,7,7,7,,,,,,,,,,,,,849.0,605.0,605.0,704.0,509.4,7.1,7.1,-999999.0,-999999.0,849.0,198.0,102.0,159.9,79.3,-999999.0,-999999.0,-999999.0,0.0,0.0
050625,CA,050625,CEDARS-SINAI MEDICAL CENTER,8700 BEVERLY BLVD,LOS ANGELES,90048,Short Term,06037,POINT (-118.380122 34.075496),[C050625-A],20230623,20210409,1,5745,5612,5150,5098,5045,114,89,0,0,5283,1127,728.0,830.0,606.0,27,23.0,0.0,0.0,0.0,7,7,7,7,7,7,7,7,7,7,7,7,7,7,7,7,7,7,7,16,0,-999999,-999999,4,4,-999999,-999999,0,0.0,0,29,8,0,0,0,-999999,0,-999999,-999999,4,0.0,0,1699,0.0,0,7,7,7,7,923.0,,1619.0,,431.0,,14575.0,,4133.0,,743.0,,820.7,801.7,735.7,728.3,720.7,16.3,12.7,0.0,0.0,754.7,161.0,104.0,118.6,86.6,-999999.0,-999999.0,0.0,0.0,0.0
330005,NY,330005,KALEIDA HEALTH,100 HIGH STREET,BUFFALO,14210,Short Term,36029,POINT (-78.865984 42.900906),"[C330005-B, C330005-A]",20230623,20210409,1,6853,6853,6328,4945,4945,812,808,0,0,6328,1505,1505.0,1019.0,1019.0,221,218.0,0.0,0.0,0.0,7,7,7,7,7,7,7,7,7,7,7,7,7,7,7,7,7,7,7,72,0,7,4,8,15,17,10,11,0.0,0,243,109,0,-999999,11,7,13,21,24,25,6.0,0,2068,0.0,0,7,7,7,7,25.0,,15.0,,56.0,,4535.0,,1953.0,,481.0,,979.0,979.0,904.0,706.4,706.4,116.0,115.4,0.0,0.0,904.0,215.0,215.0,145.6,145.6,31.6,31.1,0.0,0.0,0.0
330024,NY,330024,MOUNT SINAI HOSPITAL,ONE GUSTAVE L LEVY PLACE,NEW YORK,10029,Short Term,36061,POINT (-73.953392 40.790390),"[C330024-B, C330024-A]",20230623,20210409,1,11991,11081,9345,7587,6917,1078,850,27,-999999,10255,1806,1659.0,971.0,849.0,167,161.0,0.0,0.0,0.0,7,7,7,7,7,7,7,7,7,7,7,7,7,7,7,7,7,7,7,66,0,-999999,6,5,14,17,9,12,0.0,-999999,868,17,0,-999999,4,-999999,-999999,-999999,-999999,-999999,0.0,-999999,4031,0.0,0,7,7,7,7,1877.0,,1332.0,,414.0,,16107.0,,11451.0,,720.0,,1713.0,1583.0,1335.0,1083.9,988.1,154.0,121.4,-999999.0,-999999.0,1465.0,258.0,237.0,138.7,121.3,23.9,23.0,0.0,0.0,0.0
330059,NY,330059,MONTEFIORE MEDICAL CENTER,111 EAST 210TH STREET,BRONX,10467,Short Term,36005,POINT (-73.879897 40.879872),"[C330059-C, C330059-B, C330059-A, C330059-D]",20230623,20210409,1,11473,10094,10094,9074,8226,1144,1144,17,17,11473,1442,861.0,1243.0,805.0,268,267.0,0.0,0.0,0.0,7,7,7,7,7,7,7,7,7,7,7,7,7,7,7,7,7,7,7,134,0,8,19,11,27,19,22,23,5.0,5,2010,0,0,0,0,0,0,0,0,0,0.0,0,4839,0.0,0,7,7,7,7,,,,,,,,,,,,,1639.0,1442.0,1442.0,1296.3,1175.1,163.4,163.4,-999999.0,-999999.0,1639.0,206.0,123.0,177.6,115.0,38.3,38.1,0.0,0.0,0.0
330101,NY,330101,NEW YORK-PRESBYTERIAN HOSPITAL,525 EAST 68TH STREET,NEW YORK,10065,Short Term,36061,POINT (-73.954509 40.764355),"[C330101-A, C330101-H, C330101-D, C330101-F, C330101-G, C330101-C, C330101-E]",20230623,20210409,1,24878,20468,18676,17194,14342,2459,1872,142,87,22750,3759,2241.0,3166.0,1950.0,548,484.0,0.0,0.0,0.0,7,7,7,7,7,7,7,7,7,7,7,7,7,7,7,7,7,7,7,145,-999999,12,18,23,24,27,17,21,0.0,9,471,147,-999999,16,15,20,22,24,20,27,0.0,5,6389,0.0,0,7,7,7,7,,,,,,,,,,,,,3554.0,2924.0,2668.0,2456.3,2048.9,351.3,267.4,20.3,12.4,3250.0,537.0,320.1,452.3,278.6,78.3,69.1,0.0,0.0,0.0
330214,NY,330214,NYU LANGONE HOSPITALS,550 FIRST AVENUE,NEW YORK,10016,Short Term,36061,POINT (-73.974303 40.742311),"[C330214-B, C330214-A, C330214-C, C330214-D]",20230623,20210409,1,16814,14280,12320,10859,8831,1293,1269,18,9,15036,2730,1785.0,2244.0,1515.0,380,378.0,0.0,0.0,0.0,7,7,7,7,7,7,7,7,7,7,7,7,7,7,7,7,7,7,7,146,-999999,12,19,19,12,23,27,31,,-999999,2182,13,0,-999999,-999999,-999999,-999999,-999999,-999999,-999999,-999999.0,12,4736,0.0,0,7,7,7,7,8921.0,,12138.0,,822.0,,30847.0,,11684.0,,31883.0,,2402.0,2040.0,1760.0,1551.3,1261.6,184.7,181.3,-999999.0,-999999.0,2148.0,390.0,255.0,320.6,216.4,54.3,54.0,0.0,0.0,0.0
330285,NY,330285,STRONG MEMORIAL HOSPITAL,601 ELMWOOD AVE,ROCHESTER,14642,Short Term,36055,POINT (-77.623587 43.122832),[C330285-A],20230623,20210409,1,9352,8316,7378,6392,5351,257,231,21,17,8414,1127,931.0,857.0,719.0,57,57.0,0.0,0.0,0.0,7,7,7,7,7,7,7,7,7,7,7,7,7,7,7,7,7,7,7,30,-999999,-999999,-999999,5,5,-999999,5,4,0.0,0,86,19,0,-999999,5,-999999,5,5,0,0,0.0,4,2185,0.0,0,7,7,7,7,2416.0,,2093.0,,285.0,,13985.0,,2024.0,,15385.0,,1336.0,1188.0,1054.0,913.1,764.4,36.7,33.0,-999999.0,-999999.0,1202.0,161.0,133.0,122.4,102.7,8.1,8.1,0.0,0.0,0.0
050025,CA,050025,UC SAN DIEGO HEALTH HILLCREST - HILLCREST MED CTR,200 WEST ARBOR DRIVE,SAN DIEGO,92103,Short Term,06073,POINT (-117.165844 32.754258),"[C050025-A, C050025-B]",20240308,20210411,1,5810,5250,4508,3927,3771,140,127,-999999,0,5068,1183,707.0,758.0,602.0,36,33.0,0.0,0.0,0.0,7,7,7,7,7,7,7,7,7,7,7,7,7,7,7,7,7,7,7,11,0,0,5,-999999,-999999,-999999,0,0,0.0,0,437,5,0,-999999,4,0,0,0,0,0,0.0,0,1492,0.0,0,7,7,7,7,5550.0,,24196.0,,151.0,,10475.0,,2530.0,,474.0,,830.0,750.0,644.0,561.0,538.7,20.0,18.1,-999999.0,0.0,724.0,169.0,101.0,108.3,86.0,5.1,4.7,0.0,0.0,0.0
050262,CA,050262,RONALD REAGAN UCLA MEDICAL CENTER,757 WESTWOOD PLAZA,LOS ANGELES,90095,Short Term,06037,POINT (-118.446328 34.066455),[C050262-A],20240308,20210411,1,3220,2744,2513,2808,2431,73,54,0,0,2989,1106,784.0,1010.0,733.0,33,32.0,0.0,0.0,0.0,7,7,7,7,7,7,7,7,7,7,7,7,7,7,7,7,7,7,7,-999999,0,0,0,0,-999999,-999999,0,0,0.0,0,143,0,0,0,0,0,0,0,0,0,0.0,0,988,0.0,0,7,7,7,7,84.0,,127.0,,211.0,,17739.0,,7053.0,,20301.0,,460.0,392.0,359.0,401.1,347.3,10.4,7.7,0.0,0.0,427.0,158.0,112.0,144.3,104.7,4.7,4.6,0.0,0.0,0.0
050373,CA,050373,LOS ANGELES GENERAL MEDICAL CENTER,"2051 MARENGO ST, ROOM C2K100",LOS ANGELES,90033,Short Term,06037,POINT (-118.206478 34.056278),[C050373-A],20240308,20210411,1,5030,4605,4477,3995,3785,201,184,0,0,4902,2008,1699.0,1228.0,1074.0,25,25.0,0.0,0.0,0.0,7,7,7,7,7,7,7,7,7,7,7,7,7,7,7,7,7,7,7,56,-999999,11,10,8,12,9,-999999,-999999,0.0,18,121,6,0,-999999,-999999,-999999,-999999,-999999,-999999,0,0.0,0,3012,0.0,0,7,7,7,7,2385.0,,1065.0,,118.0,,7050.0,,7506.0,,301.0,,718.6,657.9,639.6,570.7,540.7,28.7,26.3,0.0,0.0,700.3,286.9,242.7,175.4,153.4,-999999.0,-999999.0,0.0,0.0,0.0
050441,CA,050441,STANFORD HEALTH CARE,300 PASTEUR DRIVE,STANFORD,94305,Short Term,06085,POINT (-122.175944 37.433018),[C050441-A],20240308,20210411,1,4449,4330,4329,4082,4082,199,186,0,0,4329,693,693.0,598.0,598.0,35,34.0,0.0,0.0,0.0,7,7,7,7,7,7,7,7,7,7,7,7,7,7,7,7,7,7,7,17,0,-999999,-999999,4,4,-999999,-999999,-999999,0.0,0,56,226,0,14,26,20,30,48,40,48,0.0,0,1594,0.0,0,7,7,7,7,0.0,,21516.0,,148.0,,36.0,,8350.0,,112.0,,635.6,618.6,618.4,583.1,583.1,28.4,26.6,0.0,0.0,618.4,99.0,99.0,85.4,85.4,5.0,4.9,0.0,0.0,0.0
050454,CA,050454,UCSF MEDICAL CENTER,"505 PARNASSUS AVE, BOX 0296",SAN FRANCISCO,94143,Short Term,06075,POINT (-122.457544 37.762452),"[C050454-C, C050454-B, C050454-D, C050454-A]",20240308,20210411,1,5943,4235,4235,4937,3562,62,62,13,13,5943,1386,714.0,1136.0,567.0,23,23.0,23.0,0.0,0.0,7,7,7,7,7,7,7,7,7,7,7,7,7,7,7,7,7,7,7,7,0,-999999,-999999,0,-999999,-999999,0,0,0.0,-999999,17,0,0,0,0,0,0,0,0,0,0.0,0,971,0.0,0,7,7,7,7,,,,,,,,,,,,,849.0,605.0,605.0,705.3,508.9,8.9,8.9,-999999.0,-999999.0,849.0,198.0,102.0,162.3,81.0,-999999.0,-999999.0,-999999.0,0.0,0.0
050625,CA,050625,CEDARS-SINAI MEDICAL CENTER,8700 BEVERLY BLVD,LOS ANGELES,90048,Short Term,06037,POINT (-118.380016 34.076549),[C050625-A],20240308,20210411,1,5846,5713,5251,5233,5170,116,90,0,0,5384,1127,728.0,866.0,629.0,22,20.0,0.0,0.0,0.0,7,7,7,7,7,7,7,7,7,7,7,7,7,7,7,7,7,7,7,16,0,-999999,-999999,-999999,5,-999999,-999999,0,0.0,0,30,10,0,0,0,-999999,-999999,-999999,-999999,5,0.0,0,1736,0.0,0,7,7,7,7,923.0,,1619.0,,431.0,,14575.0,,4133.0,,743.0,,835.1,816.1,750.1,747.6,738.6,16.6,12.9,0.0,0.0,769.1,161.0,104.0,123.7,89.9,-999999.0,-999999.0,0.0,0.0,0.0
330005,NY,330005,KALEIDA HEALTH,100 HIGH STREET,BUFFALO,14210,Short Term,36029,POINT (-78.865984 42.900906),"[C330005-C, C330005-B, C330005-A]",20240308,20210411,1,6853,6853,6328,5000,5000,846,846,0,0,6328,1505,1505.0,1026.0,1026.0,224,224.0,0.0,0.0,0.0,7,7,7,7,7,7,7,7,7,7,7,7,7,7,7,7,7,7,7,71,0,7,-999999,6,19,17,12,7,0.0,0,258,110,0,4,7,8,15,21,22,27,6.0,0,2065,0.0,0,7,7,7,7,25.0,,15.0,,56.0,,4535.0,,1953.0,,481.0,,979.0,979.0,904.0,714.3,714.3,120.9,120.9,0.0,0.0,904.0,215.0,215.0,146.6,146.6,32.0,32.0,0.0,0.0,0.0
330024,NY,330024,MOUNT SINAI HOSPITAL,ONE GUSTAVE L LEVY PLACE,NEW YORK,10029,Short Term,36061,POINT (-73.953392 40.790390),"[C330024-B, C330024-A]",20240308,20210411,1,11991,11081,9345,7626,6941,1091,832,26,-999999,10255,1806,1659.0,967.0,833.0,163,160.0,0.0,0.0,0.0,7,7,7,7,7,7,7,7,7,7,7,7,7,7,7,7,7,7,7,57,0,-999999,8,-999999,12,16,6,11,0.0,-999999,890,28,0,-999999,-999999,4,5,7,4,4,0.0,-999999,3943,0.0,0,7,7,7,7,1877.0,,1332.0,,414.0,,16107.0,,11451.0,,720.0,,1713.0,1583.0,1335.0,1089.4,991.6,155.9,118.9,-999999.0,-999999.0,1465.0,258.0,237.0,138.1,119.0,23.3,22.9,0.0,0.0,0.0
330059,NY,330059,MONTEFIORE MEDICAL CENTER,111 EAST 210TH STREET,BRONX,10467,Short Term,36005,POINT (-73.879896 40.879872),"[C330059-C, C330059-B, C330059-A, C330059-D]",20240308,20210411,1,11473,10094,10094,9131,8289,1131,1131,16,16,11473,1442,861.0,1240.0,801.0,242,240.0,0.0,0.0,0.0,7,7,7,7,7,7,7,7,7,7,7,7,7,7,7,7,7,7,7,132,0,4,15,14,32,19,23,21,4.0,4,2032,0,0,0,0,0,0,0,0,0,0.0,0,4751,0.0,0,7,7,7,7,,,,,,,,,,,,,1639.0,1442.0,1442.0,1304.4,1184.1,161.6,161.6,-999999.0,-999999.0,1639.0,206.0,123.0,177.1,114.4,34.6,34.3,0.0,0.0,0.0
330101,NY,330101,NEW YORK-PRESBYTERIAN HOSPITAL,525 EAST 68TH STREET,NEW YORK,10065,Short Term,36061,POINT (-73.954509 40.764355),"[C330101-A, C330101-H, C330101-D, C330101-F, C330101-G, C330101-C, C330101-E]",20240308,20210411,1,24878,20468,18676,17353,14458,2388,1802,118,69,22750,3759,2240.0,3152.0,1940.0,520,461.0,0.0,0.0,0.0,7,7,7,7,7,7,7,7,7,7,7,7,7,7,7,7,7,7,7,159,-999999,17,22,24,26,30,16,21,0.0,5,480,136,-999999,11,11,18,21,26,22,25,0.0,8,6483,0.0,0,7,7,7,7,,,,,,,,,,,,,3554.0,2924.0,2668.0,2479.0,2065.4,341.1,257.4,16.9,9.9,3250.0,537.0,320.0,450.3,277.1,74.3,65.9,0.0,0.0,0.0
330214,NY,330214,NYU LANGONE HOSPITALS,550 FIRST AVENUE,NEW YORK,10016,Short Term,36061,POINT (-73.974303 40.742311),"[C330214-B, C330214-A, C330214-C, C330214-D]",20240308,20210411,1,16814,14280,12320,10846,8798,1241,1215,24,9,15036,2730,1785.0,2243.0,1497.0,365,362.0,0.0,0.0,0.0,7,7,7,7,7,7,7,7,7,7,7,7,7,7,7,7,7,7,7,149,-999999,11,16,19,19,24,28,30,,-999999,2196,11,0,-999999,0,-999999,-999999,-999999,0,0,-999999.0,19,4989,0.0,0,7,7,7,7,8921.0,,12138.0,,822.0,,30847.0,,11684.0,,31883.0,,2402.0,2040.0,1760.0,1549.4,1256.9,177.3,173.6,-999999.0,-999999.0,2148.0,390.0,255.0,320.4,213.9,52.1,51.7,0.0,0.0,0.0
330285,NY,330285,STRONG MEMORIAL HOSPITAL,601 ELMWOOD AVE,ROCHESTER,14642,Short Term,36055,POINT (-77.623587 43.122832),[C330285-A],20240308,20210411,1,9352,8316,7378,6418,5360,283,254,16,12,8414,1127,931.0,860.0,728.0,72,72.0,0.0,0.0,0.0,7,7,7,7,7,7,7,7,7,7,7,7,7,7,7,7,7,7,7,29,-999999,-999999,-999999,5,6,4,6,-999999,0.0,0,97,25,-999999,-999999,6,-999999,4,6,-999999,-999999,0.0,7,2155,0.0,0,7,7,7,7,2416.0,,2093.0,,285.0,,13985.0,,2024.0,,15385.0,,1336.0,1188.0,1054.0,916.9,765.7,40.4,36.3,-999999.0,-999999.0,1202.0,161.0,133.0,122.9,104.0,10.3,10.3,0.0,0.0,0.0
050025,CA,050025,UC SAN DIEGO HEALTH HILLCREST - HILLCREST MED CTR,200 WEST ARBOR DRIVE,SAN DIEGO,92103,Short Term,06073,POINT (-117.165844 32.754258),"[C050025-A, C050025-B]",20230623,20210416,1,5810,5250,4508,3987,3812,175,153,-999999,0,5068,1183,707.0,777.0,602.0,41,37.0,0.0,0.0,0.0,7,7,7,7,7,7,7,7,7,7,7,7,7,7,7,7,7,7,7,12,0,-999999,-999999,-999999,4,-999999,-999999,-999999,0.0,0,441,9,0,-999999,-999999,0,-999999,-999999,-999999,0,0.0,0,1484,0.0,0,7,7,7,7,9261.0,,8982.0,,128.0,,10569.0,,2494.0,,434.0,,830.0,750.0,644.0,569.6,544.6,25.0,21.9,-999999.0,0.0,724.0,169.0,101.0,111.0,86.0,5.9,5.3,0.0,0.0,0.0
050262,CA,050262,RONALD REAGAN UCLA MEDICAL CENTER,757 WESTWOOD PLAZA,LOS ANGELES,90095,Short Term,06037,POINT (-118.44562 34.06617),[C050262-A],20230623,20210416,1,3220,2744,2513,2796,2439,67,54,0,0,2989,1106,784.0,999.0,738.0,31,30.0,0.0,0.0,0.0,7,7,7,7,7,7,7,7,7,7,7,7,7,7,7,7,7,7,7,0,0,0,0,0,0,0,0,0,0.0,0,137,0,0,0,0,0,0,0,0,0,0.0,0,1005,0.0,0,7,7,7,7,83.0,,69.0,,152.0,,17822.0,,7106.0,,20370.0,,460.0,392.0,359.0,399.4,348.4,9.6,7.7,0.0,0.0,427.0,158.0,112.0,142.7,105.4,4.4,4.3,0.0,0.0,0.0
050373,CA,050373,LAC+USC MEDICAL CENTER,"1200 N STATE ST, ROOM C2K100",LOS ANGELES,90033,Short Term,06037,POINT (-118.208376 34.057996),[C050373-A],20230623,20210416,1,4480,4049,3916,3311,3122,203,189,-999999,0,4347,948,677.0,692.0,547.0,24,24.0,0.0,0.0,0.0,7,7,7,7,7,7,7,7,7,7,7,7,7,7,7,7,7,7,7,33,-999999,4,6,6,6,8,0,-999999,0.0,-999999,92,6,0,-999999,0,-999999,-999999,0,0,-999999,0.0,0,2962,0.0,0,7,7,7,7,876.0,,767.0,,19.0,,7091.0,,7452.0,,271.0,,640.0,578.4,559.4,473.0,446.0,29.0,27.0,-999999.0,0.0,621.0,135.4,96.7,98.9,78.1,-999999.0,-999999.0,0.0,0.0,0.0
050441,CA,050441,STANFORD HEALTH CARE,300 PASTEUR DRIVE,STANFORD,94305,Short Term,06085,POINT (-122.175944 37.433018),[C050441-A],20230623,20210416,1,4424,4305,4305,4048,4048,163,159,0,0,4305,693,693.0,584.0,584.0,31,31.0,0.0,0.0,0.0,7,7,7,7,7,7,7,7,7,7,7,7,7,7,7,7,7,7,7,10,0,-999999,-999999,-999999,-999999,-999999,-999999,0,0.0,0,37,267,-999999,24,42,22,24,51,47,56,0.0,0,1529,0.0,0,7,7,7,7,0.0,,41260.0,,11.0,,40.0,,8296.0,,71.0,,632.0,615.0,615.0,578.3,578.3,23.3,22.7,0.0,0.0,615.0,99.0,99.0,83.4,83.4,4.4,4.4,0.0,0.0,0.0
050454,CA,050454,UCSF MEDICAL CENTER,"505 PARNASSUS AVE, BOX 0296",SAN FRANCISCO,94143,Short Term,06075,POINT (-122.457544 37.762452),"[C050454-C, C050454-B, C050454-D, C050454-A]",20230623,20210416,1,5943,4235,4235,4929,3539,74,74,14,14,5943,1386,714.0,1098.0,582.0,33,33.0,19.0,0.0,0.0,7,7,7,7,7,7,7,7,7,7,7,7,7,7,7,7,7,7,7,8,0,-999999,4,-999999,0,0,0,0,0.0,-999999,17,0,0,0,0,0,0,0,0,0,0.0,0,946,0.0,1,7,7,7,7,,,,,,,,,,,,,849.0,605.0,605.0,704.1,505.6,10.6,10.6,-999999.0,-999999.0,849.0,198.0,102.0,156.9,83.1,4.7,4.7,-999999.0,0.0,0.0
050625,CA,050625,CEDARS-SINAI MEDICAL CENTER,8700 BEVERLY BLVD,LOS ANGELES,90048,Short Term,06037,POINT (-118.380122 34.075496),[C050625-A],20230623,20210416,1,6020,5887,5425,5460,5361,101,74,0,0,5558,1128,729.0,906.0,669.0,16,14.0,0.0,0.0,0.0,7,7,7,7,7,7,7,7,7,7,7,7,7,7,7,7,7,7,7,9,0,-999999,0,0,-999999,-999999,0,-999999,0.0,0,28,10,0,0,0,0,-999999,-999999,-999999,4,-999999.0,0,1852,0.0,0,7,7,7,7,1189.0,,1056.0,,237.0,,14856.0,,3996.0,,603.0,,860.0,841.0,775.0,780.0,765.9,14.4,10.6,0.0,0.0,794.0,161.1,104.1,129.4,95.6,-999999.0,-999999.0,0.0,0.0,0.0
330005,NY,330005,KALEIDA HEALTH,100 HIGH STREET,BUFFALO,14210,Short Term,36029,POINT (-78.865984 42.900906),"[C330005-B, C330005-A]",20230623,20210416,1,6853,6853,6328,5077,5075,906,906,0,0,6328,1505,1505.0,1056.0,1056.0,252,252.0,0.0,0.0,0.0,7,7,7,7,7,7,7,7,7,7,7,7,7,7,7,7,7,7,7,68,0,5,8,11,22,9,7,6,0.0,0,251,89,0,6,8,9,14,12,13,27,0.0,5,2036,0.0,0,7,7,7,7,41.0,,14.0,,77.0,,4595.0,,1936.0,,17.0,,979.0,979.0,904.0,725.3,725.0,129.4,129.4,0.0,0.0,904.0,215.0,215.0,150.9,150.9,36.0,36.0,0.0,0.0,0.0
330024,NY,330024,MOUNT SINAI HOSPITAL,ONE GUSTAVE L LEVY PLACE,NEW YORK,10029,Short Term,36061,POINT (-73.953392 40.790390),"[C330024-B, C330024-A]",20230623,20210416,1,11991,11081,9345,7636,6898,1018,775,26,-999999,10255,1806,1659.0,947.0,817.0,163,153.0,0.0,0.0,0.0,7,7,7,7,7,7,7,7,7,7,7,7,7,7,7,7,7,7,7,51,0,4,5,5,13,13,5,6,0.0,0,959,37,0,-999999,4,-999999,9,6,8,6,0.0,4,4031,0.0,0,7,7,7,7,2073.0,,1313.0,,294.0,,16288.0,,11342.0,,657.0,,1713.0,1583.0,1335.0,1090.9,985.4,145.4,110.7,-999999.0,-999999.0,1465.0,258.0,237.0,135.3,116.7,23.3,21.9,0.0,0.0,0.0
330059,NY,330059,MONTEFIORE MEDICAL CENTER,111 EAST 210TH STREET,BRONX,10467,Short Term,36005,POINT (-73.879897 40.879872),"[C330059-C, C330059-B, C330059-A, C330059-D]",20230623,20210416,1,11473,10094,10094,9237,8342,1045,1045,17,17,11473,1442,861.0,1258.0,790.0,178,177.0,0.0,0.0,0.0,7,7,7,7,7,7,7,7,7,7,7,7,7,7,7,7,7,7,7,106,0,-999999,9,12,31,17,17,13,5.0,-999999,2032,0,0,0,0,0,0,0,0,0,0.0,0,4821,0.0,0,7,7,7,7,,,,,,,,,,,,,1639.0,1442.0,1442.0,1319.6,1191.7,149.3,149.3,-999999.0,-999999.0,1639.0,206.0,123.0,179.7,112.9,25.4,25.3,0.0,0.0,0.0
330101,NY,330101,NEW YORK-PRESBYTERIAN HOSPITAL,525 EAST 68TH STREET,NEW YORK,10065,Short Term,36061,POINT (-73.954509 40.764355),"[C330101-A, C330101-H, C330101-D, C330101-F, C330101-G, C330101-C, C330101-E]",20230623,20210416,1,24878,20468,18676,17744,14760,2245,1586,101,50,22750,3759,2240.0,3111.0,1916.0,487,423.0,0.0,0.0,0.0,7,7,7,7,7,7,7,7,7,7,7,7,7,7,7,7,7,7,7,122,0,17,15,15,20,21,17,17,0.0,5,436,153,-999999,8,16,13,28,37,28,22,0.0,12,6652,0.0,0,7,7,7,7,,,,,,,,,,,,,3554.0,2924.0,2668.0,2534.9,2108.6,320.7,226.6,14.4,7.1,3250.0,537.0,320.0,444.4,273.7,69.6,60.4,0.0,0.0,0.0
330214,NY,330214,NYU LANGONE HOSPITALS,550 FIRST AVENUE,NEW YORK,10016,Short Term,36061,POINT (-73.974303 40.742311),"[C330214-B, C330214-A, C330214-C, C330214-D]",20230623,20210416,1,16854,14280,12320,10804,8761,1070,1046,21,12,15076,2730,1785.0,2231.0,1481.0,344,338.0,0.0,0.0,0.0,7,7,7,7,7,7,7,7,7,7,7,7,7,7,7,7,7,7,7,120,0,12,11,14,26,15,21,21,,6,2125,12,0,-999999,0,-999999,-999999,-999999,0,-999999,-999999.0,11,5035,0.0,0,7,7,7,7,9161.0,,9105.0,,723.0,,31141.0,,11547.0,,32042.0,,2407.7,2040.0,1760.0,1543.4,1251.6,152.9,149.4,-999999.0,-999999.0,2153.7,390.0,255.0,318.7,211.6,49.1,48.3,0.0,0.0,0.0
330285,NY,330285,STRONG MEMORIAL HOSPITAL,601 ELMWOOD AVE,ROCHESTER,14642,Short Term,36055,POINT (-77.623587 43.122832),[C330285-A],20230623,20210416,1,9352,8316,7378,6314,5252,372,345,10,7,8414,1127,931.0,853.0,734.0,100,100.0,0.0,0.0,0.0,7,7,7,7,7,7,7,7,7,7,7,7,7,7,7,7,7,7,7,33,-999999,-999999,6,-999999,7,8,-999999,-999999,0.0,0,78,21,-999999,-999999,4,-999999,-999999,5,-999999,-999999,0.0,11,2086,0.0,0,7,7,7,7,3019.0,,1450.0,,498.0,,14296.0,,1837.0,,15572.0,,1336.0,1188.0,1054.0,902.0,750.3,53.1,49.3,-999999.0,-999999.0,1202.0,161.0,133.0,121.9,104.9,14.3,14.3,0.0,0.0,0.0
050025,CA,050025,UC SAN DIEGO HEALTH HILLCREST - HILLCREST MED CTR,200 WEST ARBOR DRIVE,SAN DIEGO,92103,Short Term,06073,POINT (-117.165844 32.754258),"[C050025-A, C050025-B]",20240308,20210418,1,5810,5250,4508,4003,3820,187,154,4,0,5068,1183,707.0,789.0,606.0,41,36.0,0.0,0.0,0.0,7,7,7,7,7,7,7,7,7,7,7,7,7,7,7,7,7,7,7,14,0,-999999,-999999,-999999,4,-999999,-999999,-999999,0.0,0,451,14,-999999,-999999,-999999,0,-999999,5,-999999,0,0.0,0,1488,0.0,0,7,7,7,7,9261.0,,8982.0,,128.0,,10569.0,,2494.0,,434.0,,830.0,750.0,644.0,571.9,545.7,26.7,22.0,-999999.0,0.0,724.0,169.0,101.0,112.7,86.6,5.9,5.1,0.0,0.0,0.0
050262,CA,050262,RONALD REAGAN UCLA MEDICAL CENTER,757 WESTWOOD PLAZA,LOS ANGELES,90095,Short Term,06037,POINT (-118.446328 34.066455),[C050262-A],20240308,20210418,1,3220,2744,2513,2815,2463,63,53,0,0,2989,1106,784.0,1001.0,740.0,30,30.0,0.0,0.0,0.0,7,7,7,7,7,7,7,7,7,7,7,7,7,7,7,7,7,7,7,0,0,0,0,0,0,0,0,0,0.0,0,133,0,0,0,0,0,0,0,0,0,0.0,0,981,0.0,0,7,7,7,7,83.0,,69.0,,152.0,,17822.0,,7106.0,,20370.0,,460.0,392.0,359.0,402.1,351.9,9.0,7.6,0.0,0.0,427.0,158.0,112.0,143.0,105.7,4.3,4.3,0.0,0.0,0.0
050373,CA,050373,LOS ANGELES GENERAL MEDICAL CENTER,"2051 MARENGO ST, ROOM C2K100",LOS ANGELES,90033,Short Term,06037,POINT (-118.206478 34.056278),[C050373-A],20240308,20210418,1,4498,4066,3928,3306,3100,192,182,-999999,-999999,4360,961,691.0,711.0,553.0,25,25.0,0.0,0.0,0.0,7,7,7,7,7,7,7,7,7,7,7,7,7,7,7,7,7,7,7,23,0,-999999,-999999,4,8,5,0,-999999,0.0,0,94,4,0,-999999,0,0,-999999,0,0,-999999,0.0,0,2943,0.0,0,7,7,7,7,876.0,,767.0,,19.0,,7091.0,,7452.0,,271.0,,642.6,580.9,561.1,472.3,442.9,27.4,26.0,-999999.0,-999999.0,622.9,137.3,98.7,101.6,79.0,-999999.0,-999999.0,0.0,0.0,0.0
050441,CA,050441,STANFORD HEALTH CARE,300 PASTEUR DRIVE,STANFORD,94305,Short Term,06085,POINT (-122.175944 37.433018),[C050441-A],20240308,20210418,1,4437,4318,4318,4089,4089,160,154,0,0,4318,693,693.0,597.0,597.0,33,32.0,0.0,0.0,0.0,7,7,7,7,7,7,7,7,7,7,7,7,7,7,7,7,7,7,7,14,0,-999999,-999999,4,-999999,-999999,0,-999999,0.0,0,40,256,-999999,22,38,22,26,46,49,51,0.0,0,1538,0.0,0,7,7,7,7,0.0,,41260.0,,11.0,,40.0,,8296.0,,71.0,,633.9,616.9,616.9,584.1,584.1,22.9,22.0,0.0,0.0,616.9,99.0,99.0,85.3,85.3,4.7,4.6,0.0,0.0,0.0
050454,CA,050454,UCSF MEDICAL CENTER,"505 PARNASSUS AVE, BOX 0296",SAN FRANCISCO,94143,Short Term,06075,POINT (-122.457544 37.762452),"[C050454-C, C050454-B, C050454-D, C050454-A]",20240308,20210418,1,5943,4235,4235,4914,3548,72,72,15,15,5943,1386,714.0,1084.0,575.0,31,31.0,19.0,0.0,0.0,7,7,7,7,7,7,7,7,7,7,7,7,7,7,7,7,7,7,7,7,0,-999999,-999999,-999999,0,0,-999999,-999999,0.0,-999999,12,0,0,0,0,0,0,0,0,0,0.0,0,910,-999999.0,1,7,7,7,7,,,,,,,,,,,,,849.0,605.0,605.0,702.0,506.9,10.3,10.3,-999999.0,-999999.0,849.0,198.0,102.0,154.9,82.1,4.4,4.4,-999999.0,0.0,0.0
050625,CA,050625,CEDARS-SINAI MEDICAL CENTER,8700 BEVERLY BLVD,LOS ANGELES,90048,Short Term,06037,POINT (-118.380016 34.076549),[C050625-A],20240308,20210418,1,5992,5859,5529,5481,5376,96,64,-999999,-999999,5662,1128,729.0,933.0,677.0,20,14.0,0.0,0.0,0.0,7,7,7,7,7,7,7,7,7,7,7,7,7,7,7,7,7,7,7,7,0,-999999,0,0,-999999,-999999,-999999,-999999,0.0,-999999,32,13,0,0,-999999,-999999,-999999,-999999,-999999,4,-999999.0,0,1872,0.0,0,7,7,7,7,1189.0,,1056.0,,237.0,,14856.0,,3996.0,,603.0,,856.0,837.0,789.9,783.0,768.0,13.7,9.1,-999999.0,-999999.0,808.9,161.1,104.1,133.3,96.7,-999999.0,-999999.0,0.0,0.0,0.0
330005,NY,330005,KALEIDA HEALTH,100 HIGH STREET,BUFFALO,14210,Short Term,36029,POINT (-78.865984 42.900906),"[C330005-C, C330005-B, C330005-A]",20240308,20210418,1,6853,6853,6328,5066,5064,889,889,0,0,6328,1505,1505.0,1057.0,1057.0,255,255.0,0.0,0.0,0.0,7,7,7,7,7,7,7,7,7,7,7,7,7,7,7,7,7,7,7,65,0,-999999,8,13,18,10,6,7,0.0,0,244,82,0,5,11,6,10,12,11,27,0.0,5,1975,0.0,0,7,7,7,7,41.0,,14.0,,77.0,,4595.0,,1936.0,,17.0,,979.0,979.0,904.0,723.7,723.4,127.0,127.0,0.0,0.0,904.0,215.0,215.0,151.0,151.0,36.4,36.4,0.0,0.0,0.0
330024,NY,330024,MOUNT SINAI HOSPITAL,ONE GUSTAVE L LEVY PLACE,NEW YORK,10029,Short Term,36061,POINT (-73.953392 40.790390),"[C330024-B, C330024-A]",20240308,20210418,1,11991,11081,9345,7599,6884,942,726,20,-999999,10255,1806,1659.0,952.0,827.0,155,144.0,0.0,0.0,0.0,7,7,7,7,7,7,7,7,7,7,7,7,7,7,7,7,7,7,7,44,0,5,-999999,4,11,10,6,5,0.0,0,925,26,0,-999999,4,-999999,7,-999999,5,4,0.0,-999999,4035,0.0,0,7,7,7,7,2073.0,,1313.0,,294.0,,16288.0,,11342.0,,657.0,,1713.0,1583.0,1335.0,1085.6,983.4,134.6,103.7,-999999.0,-999999.0,1465.0,258.0,237.0,136.0,118.1,22.1,20.6,0.0,0.0,0.0
330059,NY,330059,MONTEFIORE MEDICAL CENTER,111 EAST 210TH STREET,BRONX,10467,Short Term,36005,POINT (-73.879896 40.879872),"[C330059-C, C330059-B, C330059-A, C330059-D]",20240308,20210418,1,11473,10094,10094,9229,8337,986,986,54,19,11473,1442,861.0,1252.0,790.0,179,179.0,0.0,0.0,0.0,7,7,7,7,7,7,7,7,7,7,7,7,7,7,7,7,7,7,7,109,0,9,12,10,23,16,19,12,8.0,6,2018,0,0,0,0,0,0,0,0,0,0.0,0,4853,0.0,1,7,7,7,7,,,,,,,,,,,,,1639.0,1442.0,1442.0,1318.4,1191.0,140.9,140.9,7.7,-999999.0,1639.0,206.0,123.0,178.9,112.9,25.6,25.6,0.0,0.0,0.0
330101,NY,330101,NEW YORK-PRESBYTERIAN HOSPITAL,525 EAST 68TH STREET,NEW YORK,10065,Short Term,36061,POINT (-73.954509 40.764355),"[C330101-A, C330101-H, C330101-D, C330101-F, C330101-G, C330101-C, C330101-E]",20240308,20210418,1,24878,20468,18676,17727,14748,2153,1520,97,48,22750,3759,2242.0,3098.0,1894.0,472,412.0,-999999.0,0.0,0.0,7,7,7,7,7,7,7,7,7,7,7,7,7,7,7,7,7,7,7,100,0,12,13,17,14,16,14,14,0.0,5,421,161,-999999,10,19,14,27,38,29,23,0.0,12,6608,-999999.0,0,7,7,7,7,,,,,,,,,,,,,3554.0,2924.0,2668.0,2532.4,2106.9,307.6,217.1,13.9,6.9,3250.0,537.0,320.3,442.6,270.6,67.4,58.9,-999999.0,0.0,0.0
330214,NY,330214,NYU LANGONE HOSPITALS,550 FIRST AVENUE,NEW YORK,10016,Short Term,36061,POINT (-73.974303 40.742311),"[C330214-B, C330214-A, C330214-C, C330214-D]",20240308,20210418,1,16874,14280,12320,10912,8826,997,974,17,11,15096,2730,1785.0,2242.0,1491.0,336,330.0,0.0,0.0,0.0,7,7,7,7,7,7,7,7,7,7,7,7,7,7,7,7,7,7,7,116,0,9,10,13,20,21,25,18,,7,2076,12,0,0,0,-999999,-999999,-999999,-999999,-999999,-999999.0,7,4985,0.0,0,7,7,7,7,9161.0,,9105.0,,723.0,,31141.0,,11547.0,,32042.0,,2410.6,2040.0,1760.0,1558.9,1260.9,142.4,139.1,-999999.0,-999999.0,2156.6,390.0,255.0,320.3,213.0,48.0,47.1,0.0,0.0,0.0
330285,NY,330285,STRONG MEMORIAL HOSPITAL,601 ELMWOOD AVE,ROCHESTER,14642,Short Term,36055,POINT (-77.623587 43.122832),[C330285-A],20240308,20210418,1,9352,8316,7378,6276,5219,382,362,16,12,8414,1127,931.0,844.0,732.0,106,105.0,0.0,0.0,0.0,7,7,7,7,7,7,7,7,7,7,7,7,7,7,7,7,7,7,7,32,-999999,-999999,7,4,5,8,-999999,-999999,0.0,-999999,79,15,-999999,-999999,-999999,-999999,5,4,-999999,0,0.0,9,2119,0.0,0,7,7,7,7,3019.0,,1450.0,,498.0,,14296.0,,1837.0,,15572.0,,1336.0,1188.0,1054.0,896.6,745.6,54.6,51.7,-999999.0,-999999.0,1202.0,161.0,133.0,120.6,104.6,15.1,15.0,0.0,0.0,0.0
050025,CA,050025,UC SAN DIEGO HEALTH HILLCREST - HILLCREST MED CTR,200 WEST ARBOR DRIVE,SAN DIEGO,92103,Short Term,06073,POINT (-117.165844 32.754258),"[C050025-A, C050025-B]",20230623,20210423,1,5810,5250,4508,4077,3887,129,102,6,0,5068,1183,707.0,819.0,629.0,32,27.0,-999999.0,0.0,0.0,7,7,7,7,7,7,7,7,7,7,7,7,7,7,7,7,7,7,7,7,0,-999999,-999999,-999999,-999999,-999999,-999999,-999999,0.0,0,463,14,-999999,-999999,7,0,0,-999999,-999999,0,0.0,0,1505,0.0,0,7,7,7,7,14785.0,,9749.0,,125.0,,10661.0,,2473.0,,366.0,,830.0,750.0,644.0,582.4,555.3,18.4,14.6,-999999.0,0.0,724.0,169.0,101.0,117.0,89.9,4.6,-999999.0,-999999.0,0.0,0.0
050262,CA,050262,RONALD REAGAN UCLA MEDICAL CENTER,757 WESTWOOD PLAZA,LOS ANGELES,90095,Short Term,06037,POINT (-118.44562 34.06617),[C050262-A],20230623,20210423,1,3220,2744,2513,2837,2497,49,42,0,0,2989,1106,784.0,997.0,735.0,37,37.0,0.0,0.0,0.0,7,7,7,7,7,7,7,7,7,7,7,7,7,7,7,7,7,7,7,0,0,0,0,0,0,0,0,0,0.0,0,143,0,0,0,0,0,0,0,0,0,0.0,0,935,0.0,0,7,7,7,7,83.0,,69.0,,152.0,,17822.0,,7106.0,,20370.0,,460.0,392.0,359.0,405.3,356.7,7.0,6.0,0.0,0.0,427.0,158.0,112.0,142.4,105.0,5.3,5.3,0.0,0.0,0.0
050373,CA,050373,LAC+USC MEDICAL CENTER,"1200 N STATE ST, ROOM C2K100",LOS ANGELES,90033,Short Term,06037,POINT (-118.208376 34.057996),[C050373-A],20230623,20210423,1,4409,3979,3851,3496,3234,201,194,8,7,4281,952,680.0,776.0,590.0,35,34.0,0.0,0.0,0.0,7,7,7,7,7,7,7,7,7,7,7,7,7,7,7,7,7,7,7,49,0,4,11,11,12,9,-999999,0,0.0,-999999,107,-999999,0,-999999,0,0,-999999,0,0,0,0.0,0,2988,0.0,0,7,7,7,7,1063.0,,483.0,,61.0,,7405.0,,8187.0,,272.0,,629.9,568.4,550.1,499.4,462.0,28.7,27.7,-999999.0,-999999.0,611.6,136.0,97.1,110.9,84.3,5.0,4.9,0.0,0.0,0.0
050441,CA,050441,STANFORD HEALTH CARE,300 PASTEUR DRIVE,STANFORD,94305,Short Term,06085,POINT (-122.175944 37.433018),[C050441-A],20230623,20210423,1,4447,4328,4328,4188,4188,151,142,0,0,4328,693,693.0,599.0,599.0,32,31.0,0.0,0.0,0.0,7,7,7,7,7,7,7,7,7,7,7,7,7,7,7,7,7,7,7,14,0,-999999,-999999,4,-999999,0,-999999,-999999,0.0,0,47,224,-999999,15,35,20,33,33,42,44,0.0,-999999,1584,0.0,0,7,7,7,7,0.0,,28311.0,,121.0,,60.0,,8339.0,,61.0,,635.3,618.3,618.3,598.3,598.3,21.6,20.3,0.0,0.0,618.3,99.0,99.0,85.6,85.6,4.6,4.4,0.0,0.0,0.0
050454,CA,050454,UCSF MEDICAL CENTER,"505 PARNASSUS AVE, BOX 0296",SAN FRANCISCO,94143,Short Term,06075,POINT (-122.457544 37.762452),"[C050454-C, C050454-B, C050454-D, C050454-A]",20230623,20210423,1,5943,4235,4235,4871,3586,70,70,9,9,5943,1400,714.0,1010.0,549.0,25,25.0,19.0,0.0,53.0,7,7,7,7,7,7,7,7,7,7,7,7,7,7,7,7,7,7,7,4,0,0,0,-999999,-999999,0,-999999,-999999,0.0,0,-999999,0,0,0,0,0,0,0,0,0,0.0,0,918,-999999.0,0,7,7,7,7,,,,,,,,,,,,,849.0,605.0,605.0,695.9,512.3,10.0,10.0,-999999.0,-999999.0,849.0,200.0,102.0,144.3,78.4,-999999.0,-999999.0,-999999.0,0.0,7.6
050625,CA,050625,CEDARS-SINAI MEDICAL CENTER,8700 BEVERLY BLVD,LOS ANGELES,90048,Short Term,06037,POINT (-118.380122 34.075496),[C050625-A],20230623,20210423,1,5945,5812,5812,5499,5405,87,58,-999999,-999999,5945,1127,728.0,991.0,674.0,29,18.0,0.0,0.0,0.0,7,7,7,7,7,7,7,7,7,7,7,7,7,7,7,7,7,7,7,10,-999999,0,5,0,0,-999999,-999999,-999999,0.0,-999999,27,14,0,0,-999999,-999999,-999999,-999999,-999999,5,0.0,-999999,1823,0.0,0,7,7,7,7,216.0,,2385.0,,151.0,,14962.0,,3945.0,,548.0,,849.3,830.3,830.3,785.6,772.1,12.4,8.3,-999999.0,-999999.0,849.3,161.0,104.0,141.6,96.3,4.1,-999999.0,0.0,0.0,0.0
330005,NY,330005,KALEIDA HEALTH,100 HIGH STREET,BUFFALO,14210,Short Term,36029,POINT (-78.865984 42.900906),"[C330005-B, C330005-A]",20230623,20210423,1,6853,6853,6328,4885,4885,678,674,0,0,6328,1505,1505.0,1022.0,1022.0,226,226.0,0.0,0.0,0.0,7,7,7,7,7,7,7,7,7,7,7,7,7,7,7,7,7,7,7,57,0,-999999,7,10,10,13,12,-999999,0.0,0,198,87,0,-999999,6,7,6,17,23,27,0.0,0,1922,0.0,0,7,7,7,7,63.0,,0.0,,94.0,,4677.0,,1934.0,,-999999.0,,979.0,979.0,904.0,697.9,697.9,96.9,96.3,0.0,0.0,904.0,215.0,215.0,146.0,146.0,32.3,32.3,0.0,0.0,0.0
330024,NY,330024,MOUNT SINAI HOSPITAL,ONE GUSTAVE L LEVY PLACE,NEW YORK,10029,Short Term,36061,POINT (-73.953392 40.790390),"[C330024-B, C330024-A]",20230623,20210423,1,11991,11081,9345,7373,6737,845,619,16,-999999,10255,1806,1659.0,939.0,819.0,139,122.0,0.0,0.0,0.0,7,7,7,7,7,7,7,7,7,7,7,7,7,7,7,7,7,7,7,34,0,-999999,5,-999999,7,4,5,9,0.0,-999999,834,39,-999999,5,5,-999999,4,5,11,5,0.0,-999999,3856,0.0,0,7,7,7,7,1676.0,,936.0,,278.0,,16468.0,,11251.0,,590.0,,1713.0,1583.0,1335.0,1053.3,962.4,120.7,88.4,-999999.0,-999999.0,1465.0,258.0,237.0,134.1,117.0,19.9,17.4,0.0,0.0,0.0
330059,NY,330059,MONTEFIORE MEDICAL CENTER,111 EAST 210TH STREET,BRONX,10467,Short Term,36005,POINT (-73.879897 40.879872),"[C330059-C, C330059-B, C330059-A, C330059-D]",20230623,20210423,1,11473,10094,10094,9162,8344,819,819,52,17,11473,1442,861.0,1171.0,744.0,171,171.0,0.0,0.0,0.0,7,7,7,7,7,7,7,7,7,7,7,7,7,7,7,7,7,7,7,89,0,13,9,11,14,11,18,9,4.0,4,2083,0,0,0,0,0,0,0,0,0,0.0,0,4881,0.0,1,7,7,7,7,,,,,,,,,,,,,1639.0,1442.0,1442.0,1308.9,1192.0,117.0,117.0,7.4,-999999.0,1639.0,206.0,123.0,167.3,106.3,24.4,24.4,0.0,0.0,0.0
330101,NY,330101,NEW YORK-PRESBYTERIAN HOSPITAL,525 EAST 68TH STREET,NEW YORK,10065,Short Term,36061,POINT (-73.954509 40.764355),"[C330101-A, C330101-H, C330101-D, C330101-F, C330101-G, C330101-C, C330101-E]",20230623,20210423,1,24878,20468,18676,17607,14627,1940,1336,74,34,22750,3759,2253.0,3089.0,1839.0,441,385.0,-999999.0,0.0,0.0,7,7,7,7,7,7,7,7,7,7,7,7,7,7,7,7,7,7,7,86,0,7,11,15,12,18,7,16,0.0,6,354,144,0,13,18,16,18,33,28,18,0.0,5,6450,-999999.0,0,7,7,7,7,,,,,,,,,,,,,3554.0,2924.0,2668.0,2515.3,2089.6,277.1,190.9,10.6,4.9,3250.0,537.0,321.9,441.3,262.7,63.0,55.0,-999999.0,0.0,0.0
330214,NY,330214,NYU LANGONE HOSPITALS,550 FIRST AVENUE,NEW YORK,10016,Short Term,36061,POINT (-73.974303 40.742311),"[C330214-B, C330214-A, C330214-C, C330214-D]",20230623,20210423,1,16834,14280,12320,10905,8807,890,853,21,11,15056,2730,1785.0,2242.0,1503.0,310,299.0,0.0,0.0,0.0,7,7,7,7,7,7,7,7,7,7,7,7,7,7,7,7,7,7,7,94,0,9,10,11,13,15,21,15,,5,1975,16,0,-999999,0,-999999,-999999,-999999,6,-999999,0.0,9,4871,0.0,0,7,7,7,7,9293.0,,4882.0,,614.0,,31378.0,,11461.0,,32176.0,,2404.9,2040.0,1760.0,1557.9,1258.1,127.1,121.9,-999999.0,-999999.0,2150.9,390.0,255.0,320.3,214.7,44.3,42.7,0.0,0.0,0.0
330285,NY,330285,STRONG MEMORIAL HOSPITAL,601 ELMWOOD AVE,ROCHESTER,14642,Short Term,36055,POINT (-77.623587 43.122832),[C330285-A],20230623,20210423,1,9352,8316,7378,6346,5224,395,367,25,18,8414,1127,931.0,826.0,715.0,95,91.0,0.0,0.0,0.0,7,7,7,7,7,7,7,7,7,7,7,7,7,7,7,7,7,7,7,41,0,-999999,6,-999999,5,14,7,-999999,0.0,-999999,91,23,-999999,-999999,-999999,5,5,5,-999999,0,0.0,9,2224,0.0,0,7,7,7,7,2268.0,,185.0,,243.0,,14501.0,,4669.0,,15610.0,,1336.0,1188.0,1054.0,906.6,746.3,56.4,52.4,-999999.0,-999999.0,1202.0,161.0,133.0,118.0,102.1,13.6,13.0,0.0,0.0,0.0
050025,CA,050025,UC SAN DIEGO HEALTH HILLCREST - HILLCREST MED CTR,200 WEST ARBOR DRIVE,SAN DIEGO,92103,Short Term,06073,POINT (-117.165844 32.754258),"[C050025-A, C050025-B]",20240308,20210425,1,5810,5250,4508,4018,3827,102,87,-999999,0,5068,1183,707.0,815.0,624.0,29,26.0,-999999.0,0.0,0.0,7,7,7,7,7,7,7,7,7,7,7,7,7,7,7,7,7,7,7,5,0,-999999,0,0,-999999,0,-999999,-999999,0.0,0,462,10,0,0,7,0,-999999,-999999,-999999,0,0.0,0,1503,0.0,0,7,7,7,7,14785.0,,9749.0,,125.0,,10661.0,,2473.0,,366.0,,830.0,750.0,644.0,574.0,546.7,14.6,12.4,-999999.0,0.0,724.0,169.0,101.0,116.4,89.1,4.1,-999999.0,-999999.0,0.0,0.0
050262,CA,050262,RONALD REAGAN UCLA MEDICAL CENTER,757 WESTWOOD PLAZA,LOS ANGELES,90095,Short Term,06037,POINT (-118.446328 34.066455),[C050262-A],20240308,20210425,1,3220,2744,2513,2816,2492,49,41,0,0,2989,1106,784.0,978.0,728.0,40,40.0,0.0,0.0,0.0,7,7,7,7,7,7,7,7,7,7,7,7,7,7,7,7,7,7,7,-999999,0,0,-999999,0,0,0,0,0,0.0,0,140,0,0,0,0,0,0,0,0,0,0.0,0,929,0.0,0,7,7,7,7,83.0,,69.0,,152.0,,17822.0,,7106.0,,20370.0,,460.0,392.0,359.0,402.3,356.0,7.0,5.9,0.0,0.0,427.0,158.0,112.0,139.7,104.0,5.7,5.7,0.0,0.0,0.0
050373,CA,050373,LOS ANGELES GENERAL MEDICAL CENTER,"2051 MARENGO ST, ROOM C2K100",LOS ANGELES,90033,Short Term,06037,POINT (-118.206478 34.056278),[C050373-A],20240308,20210425,1,4405,3988,3852,3513,3249,209,202,10,9,4269,954,680.0,789.0,601.0,36,35.0,0.0,0.0,0.0,7,7,7,7,7,7,7,7,7,7,7,7,7,7,7,7,7,7,7,58,0,-999999,10,15,14,14,-999999,0,0.0,-999999,96,-999999,0,0,0,0,-999999,0,0,0,0.0,0,2979,0.0,0,7,7,7,7,1063.0,,483.0,,61.0,,7405.0,,8187.0,,272.0,,629.3,569.7,550.3,501.9,464.1,29.9,28.9,-999999.0,-999999.0,609.9,136.3,97.1,112.7,85.9,5.1,5.0,0.0,0.0,0.0
050441,CA,050441,STANFORD HEALTH CARE,300 PASTEUR DRIVE,STANFORD,94305,Short Term,06085,POINT (-122.175944 37.433018),[C050441-A],20240308,20210425,1,4438,4319,4319,4181,4181,139,130,0,0,4319,693,693.0,584.0,584.0,30,28.0,0.0,0.0,0.0,7,7,7,7,7,7,7,7,7,7,7,7,7,7,7,7,7,7,7,12,0,-999999,5,-999999,0,-999999,-999999,-999999,0.0,0,43,242,-999999,19,40,17,32,38,39,55,0.0,-999999,1596,0.0,0,7,7,7,7,0.0,,28311.0,,121.0,,60.0,,8339.0,,61.0,,634.0,617.0,617.0,597.3,597.3,19.9,18.6,0.0,0.0,617.0,99.0,99.0,83.4,83.4,4.3,4.0,0.0,0.0,0.0
050454,CA,050454,UCSF MEDICAL CENTER,"505 PARNASSUS AVE, BOX 0296",SAN FRANCISCO,94143,Short Term,06075,POINT (-122.457544 37.762452),"[C050454-C, C050454-B, C050454-D, C050454-A]",20240308,20210425,1,5943,4235,4235,4859,3579,61,61,7,7,5943,1400,714.0,1016.0,547.0,24,24.0,28.0,0.0,82.0,7,7,7,7,7,7,7,7,7,7,7,7,7,7,7,7,7,7,7,-999999,0,0,0,0,-999999,0,0,0,0.0,0,4,0,0,0,0,0,0,0,0,0,0.0,0,977,0.0,0,7,7,7,7,,,,,,,,,,,,,849.0,605.0,605.0,694.1,511.3,8.7,8.7,-999999.0,-999999.0,849.0,200.0,102.0,145.1,78.1,-999999.0,-999999.0,4.0,0.0,11.7
050625,CA,050625,CEDARS-SINAI MEDICAL CENTER,8700 BEVERLY BLVD,LOS ANGELES,90048,Short Term,06037,POINT (-118.380016 34.076549),[C050625-A],20240308,20210425,1,5942,5809,5809,5465,5368,85,60,-999999,0,5942,1127,728.0,974.0,668.0,31,21.0,0.0,0.0,0.0,7,7,7,7,7,7,7,7,7,7,7,7,7,7,7,7,7,7,7,12,-999999,0,6,-999999,-999999,-999999,-999999,0,0.0,0,28,13,0,0,-999999,0,-999999,-999999,-999999,4,0.0,-999999,1776,0.0,0,7,7,7,7,216.0,,2385.0,,151.0,,14962.0,,3945.0,,548.0,,848.9,829.9,829.9,780.7,766.9,12.1,8.6,-999999.0,0.0,848.9,161.0,104.0,139.1,95.4,4.4,-999999.0,0.0,0.0,0.0
330005,NY,330005,KALEIDA HEALTH,100 HIGH STREET,BUFFALO,14210,Short Term,36029,POINT (-78.865984 42.900906),"[C330005-C, C330005-B, C330005-A]",20240308,20210425,1,6853,6853,6328,4796,4796,603,597,0,0,6328,1505,1505.0,1013.0,1013.0,213,212.0,0.0,0.0,0.0,7,7,7,7,7,7,7,7,7,7,7,7,7,7,7,7,7,7,7,50,0,-999999,6,9,9,9,12,4,0.0,0,185,93,0,0,-999999,9,7,19,29,27,0.0,0,1960,0.0,0,7,7,7,7,63.0,,0.0,,94.0,,4677.0,,1934.0,,-999999.0,,979.0,979.0,904.0,685.1,685.1,86.1,85.3,0.0,0.0,904.0,215.0,215.0,144.7,144.7,30.4,30.3,0.0,0.0,0.0
330024,NY,330024,MOUNT SINAI HOSPITAL,ONE GUSTAVE L LEVY PLACE,NEW YORK,10029,Short Term,36061,POINT (-73.953392 40.790390),"[C330024-B, C330024-A]",20240308,20210425,1,11991,11081,9345,7303,6665,816,586,23,-999999,10255,1806,1659.0,932.0,809.0,141,123.0,0.0,0.0,0.0,7,7,7,7,7,7,7,7,7,7,7,7,7,7,7,7,7,7,7,32,0,-999999,5,-999999,7,4,4,8,0.0,-999999,833,41,-999999,6,6,-999999,4,5,12,4,0.0,-999999,3935,0.0,0,7,7,7,7,1676.0,,936.0,,278.0,,16468.0,,11251.0,,590.0,,1713.0,1583.0,1335.0,1043.3,952.1,116.6,83.7,-999999.0,-999999.0,1465.0,258.0,237.0,133.1,115.6,20.1,17.6,0.0,0.0,0.0
330059,NY,330059,MONTEFIORE MEDICAL CENTER,111 EAST 210TH STREET,BRONX,10467,Short Term,36005,POINT (-73.879896 40.879872),"[C330059-C, C330059-B, C330059-A, C330059-D]",20240308,20210425,1,11473,10094,10094,9122,8341,738,738,12,12,11473,1442,861.0,1146.0,736.0,151,151.0,0.0,0.0,0.0,7,7,7,7,7,7,7,7,7,7,7,7,7,7,7,7,7,7,7,67,0,8,5,9,13,10,9,12,-999999.0,-999999,2059,0,0,0,0,0,0,0,0,0,0.0,0,4875,0.0,0,7,7,7,7,,,,,,,,,,,,,1639.0,1442.0,1442.0,1303.1,1191.6,105.4,105.4,-999999.0,-999999.0,1639.0,206.0,123.0,163.7,105.1,21.6,21.6,0.0,0.0,0.0
330101,NY,330101,NEW YORK-PRESBYTERIAN HOSPITAL,525 EAST 68TH STREET,NEW YORK,10065,Short Term,36061,POINT (-73.954509 40.764355),"[C330101-A, C330101-H, C330101-D, C330101-F, C330101-G, C330101-C, C330101-E]",20240308,20210425,1,24878,20468,18676,17630,14605,1815,1241,71,34,22750,3759,2257.0,3087.0,1836.0,420,367.0,0.0,0.0,0.0,7,7,7,7,7,7,7,7,7,7,7,7,7,7,7,7,7,7,7,79,0,6,11,13,13,14,8,14,0.0,5,346,132,0,11,15,14,22,27,27,16,0.0,4,6538,0.0,0,7,7,7,7,,,,,,,,,,,,,3554.0,2924.0,2668.0,2518.6,2086.4,259.3,177.3,10.1,4.9,3250.0,537.0,322.4,441.0,262.3,60.0,52.4,0.0,0.0,0.0
330214,NY,330214,NYU LANGONE HOSPITALS,550 FIRST AVENUE,NEW YORK,10016,Short Term,36061,POINT (-73.974303 40.742311),"[C330214-B, C330214-A, C330214-C, C330214-D]",20240308,20210425,1,16814,14280,12320,10756,8682,817,778,19,11,15036,2730,1785.0,2232.0,1490.0,284,272.0,0.0,0.0,0.0,7,7,7,7,7,7,7,7,7,7,7,7,7,7,7,7,7,7,7,74,0,10,11,11,11,7,10,14,0.0,5,1949,18,0,-999999,-999999,0,-999999,-999999,4,5,0.0,7,4892,0.0,0,7,7,7,7,9293.0,,4882.0,,614.0,,31378.0,,11461.0,,32176.0,,2402.0,2040.0,1760.0,1536.6,1240.3,116.7,111.1,-999999.0,-999999.0,2148.0,390.0,255.0,318.9,212.9,40.6,38.9,0.0,0.0,0.0
330285,NY,330285,STRONG MEMORIAL HOSPITAL,601 ELMWOOD AVE,ROCHESTER,14642,Short Term,36055,POINT (-77.623587 43.122832),[C330285-A],20240308,20210425,1,9352,8316,7378,6424,5287,391,362,24,19,8414,1127,931.0,832.0,715.0,89,86.0,0.0,0.0,0.0,7,7,7,7,7,7,7,7,7,7,7,7,7,7,7,7,7,7,7,41,0,-999999,6,-999999,5,12,9,-999999,0.0,5,87,23,-999999,-999999,-999999,5,4,4,-999999,0,0.0,7,2231,0.0,0,7,7,7,7,2268.0,,185.0,,243.0,,14501.0,,4669.0,,15610.0,,1336.0,1188.0,1054.0,917.7,755.3,55.9,51.7,-999999.0,-999999.0,1202.0,161.0,133.0,118.9,102.1,12.7,12.3,0.0,0.0,0.0
050025,CA,050025,UC SAN DIEGO HEALTH HILLCREST - HILLCREST MED CTR,200 WEST ARBOR DRIVE,SAN DIEGO,92103,Short Term,06073,POINT (-117.165844 32.754258),"[C050025-A, C050025-B]",20230623,20210430,1,5816,5256,4514,3970,3803,106,87,-999999,0,5074,1189,713.0,802.0,635.0,27,25.0,0.0,0.0,0.0,7,7,7,7,7,7,7,7,7,7,7,7,7,7,7,7,7,7,7,6,0,-999999,0,-999999,0,0,-999999,0,0.0,0,493,11,0,4,4,0,-999999,-999999,-999999,0,0.0,0,1804,0.0,0,7,7,7,7,17914.0,,3680.0,,109.0,,10750.0,,2446.0,,307.0,,830.9,750.9,644.9,567.1,543.3,15.1,12.4,-999999.0,0.0,724.9,169.9,101.9,114.6,90.7,-999999.0,-999999.0,0.0,0.0,0.0
050262,CA,050262,RONALD REAGAN UCLA MEDICAL CENTER,757 WESTWOOD PLAZA,LOS ANGELES,90095,Short Term,06037,POINT (-118.44562 34.06617),[C050262-A],20230623,20210430,1,3220,2744,2513,2753,2442,60,51,0,0,2989,1106,784.0,964.0,726.0,38,38.0,0.0,0.0,0.0,7,7,7,7,7,7,7,7,7,7,7,7,7,7,7,7,7,7,7,-999999,0,0,-999999,0,-999999,0,0,-999999,-999999.0,0,136,0,0,0,0,0,0,0,0,0,-999999.0,0,976,0.0,0,7,7,7,7,83.0,,69.0,,152.0,,17822.0,,7106.0,,20370.0,,460.0,392.0,359.0,393.3,348.9,8.6,7.3,0.0,0.0,427.0,158.0,112.0,137.7,103.7,5.4,5.4,0.0,0.0,0.0
050373,CA,050373,LAC+USC MEDICAL CENTER,"1200 N STATE ST, ROOM C2K100",LOS ANGELES,90033,Short Term,06037,POINT (-118.208376 34.057996),[C050373-A],20230623,20210430,1,4451,4045,3910,3432,3194,185,176,11,10,4316,977,704.0,705.0,543.0,27,26.0,0.0,0.0,0.0,7,7,7,7,7,7,7,7,7,7,7,7,7,7,7,7,7,7,7,47,-999999,10,5,7,10,10,4,0,0.0,-999999,84,6,0,0,-999999,-999999,-999999,0,-999999,0,0.0,0,3008,0.0,0,7,7,7,7,868.0,,479.0,,85.0,,7348.0,,7823.0,,238.0,,635.9,577.9,558.6,490.3,456.3,26.4,25.1,-999999.0,-999999.0,616.6,139.6,100.6,100.7,77.6,-999999.0,-999999.0,0.0,0.0,0.0
050441,CA,050441,STANFORD HEALTH CARE,300 PASTEUR DRIVE,STANFORD,94305,Short Term,06085,POINT (-122.175944 37.433018),[C050441-A],20230623,20210430,1,4448,4329,4329,4206,4206,128,114,0,0,4340,693,693.0,603.0,603.0,31,27.0,0.0,0.0,0.0,7,7,7,7,7,7,7,7,7,7,7,7,7,7,7,7,7,7,7,8,-999999,-999999,-999999,0,-999999,-999999,-999999,0,0.0,0,40,275,-999999,23,43,27,33,47,49,51,0.0,-999999,1623,0.0,0,7,7,7,7,0.0,,21468.0,,111.0,,75.0,,8314.0,,36.0,,635.4,618.4,618.4,600.9,600.9,18.3,16.3,0.0,0.0,620.0,99.0,99.0,86.1,86.1,4.4,-999999.0,0.0,0.0,0.0
050454,CA,050454,UCSF MEDICAL CENTER,"505 PARNASSUS AVE, BOX 0296",SAN FRANCISCO,94143,Short Term,06075,POINT (-122.457544 37.762452),"[C050454-C, C050454-B, C050454-D, C050454-A]",20230623,20210430,1,5943,4235,4235,4630,3447,35,35,4,4,5943,1386,714.0,891.0,508.0,21,21.0,53.0,0.0,44.0,7,7,7,7,7,7,7,7,7,7,7,7,7,7,7,7,7,7,7,0,0,0,0,0,0,0,0,0,0.0,-999999,8,0,0,0,0,0,0,0,0,0,0.0,0,930,-999999.0,0,7,7,7,7,,,,,,,,,,,,,849.0,605.0,605.0,661.4,492.4,5.0,5.0,-999999.0,-999999.0,849.0,198.0,102.0,127.3,72.6,-999999.0,-999999.0,7.6,0.0,6.3
050625,CA,050625,CEDARS-SINAI MEDICAL CENTER,8700 BEVERLY BLVD,LOS ANGELES,90048,Short Term,06037,POINT (-118.380122 34.075496),[C050625-A],20230623,20210430,1,5834,5701,5701,5390,5289,87,53,0,0,5834,1127,728.0,874.0,621.0,30,20.0,0.0,0.0,0.0,7,7,7,7,7,7,7,7,7,7,7,7,7,7,7,7,7,7,7,10,0,0,-999999,-999999,-999999,-999999,-999999,-999999,0.0,0,33,14,0,0,-999999,-999999,-999999,-999999,4,4,0.0,0,1794,0.0,0,7,7,7,7,1817.0,,1726.0,,222.0,,15131.0,,3886.0,,438.0,,833.4,814.4,814.4,770.0,755.6,12.4,7.6,0.0,0.0,833.4,161.0,104.0,124.9,88.7,4.3,-999999.0,0.0,0.0,0.0
330005,NY,330005,KALEIDA HEALTH,100 HIGH STREET,BUFFALO,14210,Short Term,36029,POINT (-78.865984 42.900906),"[C330005-B, C330005-A]",20230623,20210430,1,6853,6853,6328,4793,4793,552,547,0,0,6328,1505,1505.0,970.0,970.0,177,176.0,0.0,0.0,0.0,7,7,7,7,7,7,7,7,7,7,7,7,7,7,7,7,7,7,7,39,0,0,4,6,7,8,7,7,0.0,0,189,109,0,-999999,-999999,10,10,21,33,29,0.0,0,1948,0.0,0,7,7,7,7,71.0,,0.0,,60.0,,4737.0,,1934.0,,298.0,,979.0,979.0,904.0,684.7,684.7,78.9,78.1,0.0,0.0,904.0,215.0,215.0,138.6,138.6,25.3,25.1,0.0,0.0,0.0
330024,NY,330024,MOUNT SINAI HOSPITAL,ONE GUSTAVE L LEVY PLACE,NEW YORK,10029,Short Term,36061,POINT (-73.953392 40.790390),"[C330024-B, C330024-A]",20230623,20210430,1,11991,11081,9345,7382,6679,739,536,21,-999999,10255,1806,1659.0,908.0,785.0,131,121.0,0.0,0.0,0.0,7,7,7,7,7,7,7,7,7,7,7,7,7,7,7,7,7,7,7,31,0,0,4,5,-999999,6,7,8,0.0,0,775,14,-999999,4,-999999,-999999,-999999,-999999,-999999,-999999,0.0,-999999,3854,0.0,0,7,7,7,7,1230.0,,653.0,,229.0,,16629.0,,11182.0,,508.0,,1713.0,1583.0,1335.0,1054.6,954.1,105.6,76.6,-999999.0,-999999.0,1465.0,258.0,237.0,129.7,112.1,18.7,17.3,0.0,0.0,0.0
330059,NY,330059,MONTEFIORE MEDICAL CENTER,111 EAST 210TH STREET,BRONX,10467,Short Term,36005,POINT (-73.879897 40.879872),"[C330059-C, C330059-B, C330059-A, C330059-D]",20230623,20210430,1,11473,10094,10094,8993,8243,529,529,10,10,11473,1442,861.0,1138.0,746.0,128,128.0,0.0,0.0,0.0,7,7,7,7,7,7,7,7,7,7,7,7,7,7,7,7,7,7,7,55,0,-999999,5,9,9,14,4,7,-999999.0,4,1958,0,0,0,0,0,0,0,0,0,0.0,0,4782,0.0,0,7,7,7,7,,,,,,,,,,,,,1639.0,1442.0,1442.0,1284.7,1177.6,75.6,75.6,-999999.0,-999999.0,1639.0,206.0,123.0,162.6,106.6,18.3,18.3,0.0,0.0,0.0
330101,NY,330101,NEW YORK-PRESBYTERIAN HOSPITAL,525 EAST 68TH STREET,NEW YORK,10065,Short Term,36061,POINT (-73.954509 40.764355),"[C330101-A, C330101-H, C330101-D, C330101-F, C330101-G, C330101-C, C330101-E]",20230623,20210430,1,24878,20468,18676,17629,14472,1446,1001,52,26,22750,3759,2252.0,3097.0,1807.0,330,287.0,0.0,0.0,0.0,7,7,7,7,7,7,7,7,7,7,7,7,7,7,7,7,7,7,7,67,0,5,12,11,10,13,5,11,0.0,-999999,330,128,0,10,10,8,27,24,28,21,0.0,7,6749,0.0,0,7,7,7,7,,,,,,,,,,,,,3554.0,2924.0,2668.0,2518.4,2067.4,206.6,143.0,7.4,-999999.0,3250.0,537.0,321.7,442.4,258.1,47.1,41.0,0.0,0.0,0.0
330214,NY,330214,NYU LANGONE HOSPITALS,550 FIRST AVENUE,NEW YORK,10016,Short Term,36061,POINT (-73.974303 40.742311),"[C330214-B, C330214-A, C330214-C, C330214-D]",20230623,20210430,1,16790,14256,12296,10698,8517,599,575,9,6,15012,2730,1785.0,2266.0,1478.0,207,204.0,0.0,0.0,0.0,7,7,7,7,7,7,7,7,7,7,7,7,7,7,7,7,7,7,7,61,0,10,13,11,10,4,-999999,12,0.0,4,1933,14,-999999,-999999,-999999,-999999,0,-999999,0,-999999,0.0,-999999,4862,0.0,0,7,7,7,7,10476.0,,2969.0,,680.0,,31625.0,,11353.0,,32259.0,,2398.6,2036.6,1756.6,1528.3,1216.7,85.6,82.1,-999999.0,-999999.0,2144.6,390.0,255.0,323.7,211.1,29.6,29.1,0.0,0.0,0.0
330285,NY,330285,STRONG MEMORIAL HOSPITAL,601 ELMWOOD AVE,ROCHESTER,14642,Short Term,36055,POINT (-77.623587 43.122832),[C330285-A],20230623,20210430,1,9352,8316,7378,6486,5365,370,347,30,28,8414,1127,931.0,848.0,720.0,77,76.0,0.0,0.0,0.0,7,7,7,7,7,7,7,7,7,7,7,7,7,7,7,7,7,7,7,27,-999999,-999999,-999999,5,8,-999999,7,-999999,0.0,6,84,17,0,-999999,-999999,-999999,-999999,4,-999999,-999999,0.0,-999999,2142,0.0,0,7,7,7,7,2038.0,,144.0,,1337.0,,15166.0,,3981.0,,16282.0,,1336.0,1188.0,1054.0,926.6,766.4,52.9,49.6,4.3,4.0,1202.0,161.0,133.0,121.1,102.9,11.0,10.9,0.0,0.0,0.0
050025,CA,050025,UC SAN DIEGO HEALTH HILLCREST - HILLCREST MED CTR,200 WEST ARBOR DRIVE,SAN DIEGO,92103,Short Term,06073,POINT (-117.165844 32.754258),"[C050025-A, C050025-B]",20240308,20210502,1,5816,5256,4514,3981,3828,102,83,-999999,0,5074,1189,713.0,794.0,641.0,25,23.0,0.0,0.0,0.0,7,7,7,7,7,7,7,7,7,7,7,7,7,7,7,7,7,7,7,6,0,-999999,-999999,-999999,0,0,-999999,0,0.0,0,497,11,0,5,-999999,0,-999999,-999999,-999999,0,0.0,0,1911,0.0,0,7,7,7,7,17914.0,,3680.0,,109.0,,10750.0,,2446.0,,307.0,,830.9,750.9,644.9,568.7,546.9,14.6,11.9,-999999.0,0.0,724.9,169.9,101.9,113.4,91.6,-999999.0,-999999.0,0.0,0.0,0.0
050262,CA,050262,RONALD REAGAN UCLA MEDICAL CENTER,757 WESTWOOD PLAZA,LOS ANGELES,90095,Short Term,06037,POINT (-118.446328 34.066455),[C050262-A],20240308,20210502,1,3220,2744,2513,2742,2428,63,55,0,0,2989,1106,784.0,973.0,729.0,39,39.0,0.0,0.0,0.0,7,7,7,7,7,7,7,7,7,7,7,7,7,7,7,7,7,7,7,-999999,0,0,0,0,-999999,0,0,-999999,-999999.0,0,147,0,0,0,0,0,0,0,0,0,-999999.0,0,972,0.0,0,7,7,7,7,83.0,,69.0,,152.0,,17822.0,,7106.0,,20370.0,,460.0,392.0,359.0,391.7,346.9,9.0,7.9,0.0,0.0,427.0,158.0,112.0,139.0,104.1,5.6,5.6,0.0,0.0,0.0
050373,CA,050373,LOS ANGELES GENERAL MEDICAL CENTER,"2051 MARENGO ST, ROOM C2K100",LOS ANGELES,90033,Short Term,06037,POINT (-118.206478 34.056278),[C050373-A],20240308,20210502,1,4449,4033,3910,3464,3246,193,184,9,8,4326,971,699.0,688.0,539.0,29,28.0,0.0,0.0,0.0,7,7,7,7,7,7,7,7,7,7,7,7,7,7,7,7,7,7,7,51,-999999,14,7,7,12,6,4,0,0.0,0,96,7,0,0,-999999,-999999,-999999,-999999,-999999,0,0.0,0,3005,0.0,0,7,7,7,7,868.0,,479.0,,85.0,,7348.0,,7823.0,,238.0,,635.6,576.1,558.6,494.9,463.7,27.6,26.3,-999999.0,-999999.0,618.0,138.7,99.9,98.3,77.0,4.1,4.0,0.0,0.0,0.0
050441,CA,050441,STANFORD HEALTH CARE,300 PASTEUR DRIVE,STANFORD,94305,Short Term,06085,POINT (-122.175944 37.433018),[C050441-A],20240308,20210502,1,4457,4338,4338,4224,4224,129,117,0,0,4349,693,693.0,623.0,623.0,32,29.0,0.0,0.0,0.0,7,7,7,7,7,7,7,7,7,7,7,7,7,7,7,7,7,7,7,9,-999999,0,0,0,-999999,-999999,-999999,-999999,0.0,0,36,259,-999999,24,39,26,35,47,41,46,0.0,-999999,1605,0.0,0,7,7,7,7,0.0,,21468.0,,111.0,,75.0,,8314.0,,36.0,,636.7,619.7,619.7,603.4,603.4,18.4,16.7,0.0,0.0,621.3,99.0,99.0,89.0,89.0,4.6,4.1,0.0,0.0,0.0
050454,CA,050454,UCSF MEDICAL CENTER,"505 PARNASSUS AVE, BOX 0296",SAN FRANCISCO,94143,Short Term,06075,POINT (-122.457544 37.762452),"[C050454-C, C050454-B, C050454-D, C050454-A]",20240308,20210502,1,5943,4235,4235,4536,3399,36,33,6,6,5943,1386,714.0,873.0,492.0,22,22.0,51.0,0.0,15.0,7,7,7,7,7,7,7,7,7,7,7,7,7,7,7,7,7,7,7,-999999,0,0,-999999,0,0,0,0,0,0.0,-999999,7,0,0,0,0,0,0,0,0,0,0.0,0,919,-999999.0,0,7,7,7,7,,,,,,,,,,,,,849.0,605.0,605.0,648.0,485.6,5.1,4.7,-999999.0,-999999.0,849.0,198.0,102.0,124.7,70.3,-999999.0,-999999.0,7.3,0.0,-999999.0
050625,CA,050625,CEDARS-SINAI MEDICAL CENTER,8700 BEVERLY BLVD,LOS ANGELES,90048,Short Term,06037,POINT (-118.380016 34.076549),[C050625-A],20240308,20210502,1,5815,5682,5682,5401,5309,78,51,-999999,-999999,5815,1127,728.0,854.0,614.0,24,18.0,0.0,0.0,0.0,7,7,7,7,7,7,7,7,7,7,7,7,7,7,7,7,7,7,7,10,0,-999999,-999999,0,-999999,-999999,-999999,-999999,0.0,0,32,11,0,0,0,-999999,0,-999999,-999999,5,0.0,0,1826,0.0,0,7,7,7,7,1817.0,,1726.0,,222.0,,15131.0,,3886.0,,438.0,,830.7,811.7,811.7,771.6,758.4,11.1,7.3,-999999.0,-999999.0,830.7,161.0,104.0,122.0,87.7,-999999.0,-999999.0,0.0,0.0,0.0
330005,NY,330005,KALEIDA HEALTH,100 HIGH STREET,BUFFALO,14210,Short Term,36029,POINT (-78.865984 42.900906),"[C330005-C, C330005-B, C330005-A]",20240308,20210502,1,6853,6853,6328,4793,4793,546,543,0,0,6328,1505,1505.0,944.0,944.0,169,169.0,0.0,0.0,0.0,7,7,7,7,7,7,7,7,7,7,7,7,7,7,7,7,7,7,7,40,0,0,6,8,6,8,7,5,0.0,0,184,99,0,-999999,4,7,11,17,27,30,0.0,0,1923,0.0,0,7,7,7,7,71.0,,0.0,,60.0,,4737.0,,1934.0,,298.0,,979.0,979.0,904.0,684.7,684.7,78.0,77.6,0.0,0.0,904.0,215.0,215.0,134.9,134.9,24.1,24.1,0.0,0.0,0.0
330024,NY,330024,MOUNT SINAI HOSPITAL,ONE GUSTAVE L LEVY PLACE,NEW YORK,10029,Short Term,36061,POINT (-73.953392 40.790390),"[C330024-B, C330024-A]",20240308,20210502,1,11991,11081,9345,7415,6697,734,522,15,0,10255,1806,1659.0,901.0,783.0,121,111.0,0.0,0.0,0.0,7,7,7,7,7,7,7,7,7,7,7,7,7,7,7,7,7,7,7,30,0,0,5,4,0,6,9,6,0.0,0,760,16,-999999,-999999,-999999,5,-999999,0,0,-999999,0.0,-999999,3706,0.0,0,7,7,7,7,1230.0,,653.0,,229.0,,16629.0,,11182.0,,508.0,,1713.0,1583.0,1335.0,1059.3,956.7,104.9,74.6,-999999.0,0.0,1465.0,258.0,237.0,128.7,111.9,17.3,15.9,0.0,0.0,0.0
330059,NY,330059,MONTEFIORE MEDICAL CENTER,111 EAST 210TH STREET,BRONX,10467,Short Term,36005,POINT (-73.879896 40.879872),"[C330059-C, C330059-B, C330059-A, C330059-D]",20240308,20210502,1,11473,10094,10094,8904,8123,479,479,11,11,11473,1442,861.0,1132.0,726.0,124,124.0,0.0,0.0,0.0,7,7,7,7,7,7,7,7,7,7,7,7,7,7,7,7,7,7,7,56,0,-999999,7,10,10,15,4,4,-999999.0,4,1952,0,0,0,0,0,0,0,0,0,0.0,0,4814,0.0,0,7,7,7,7,,,,,,,,,,,,,1639.0,1442.0,1442.0,1272.0,1160.4,68.4,68.4,-999999.0,-999999.0,1639.0,206.0,123.0,161.7,103.7,17.7,17.7,0.0,0.0,0.0
330101,NY,330101,NEW YORK-PRESBYTERIAN HOSPITAL,525 EAST 68TH STREET,NEW YORK,10065,Short Term,36061,POINT (-73.954509 40.764355),"[C330101-A, C330101-H, C330101-D, C330101-F, C330101-G, C330101-C, C330101-E]",20240308,20210502,1,24878,20468,18676,17480,14347,1362,893,47,23,22750,3759,2246.0,3096.0,1788.0,295,251.0,0.0,0.0,0.0,7,7,7,7,7,7,7,7,7,7,7,7,7,7,7,7,7,7,7,63,0,4,10,9,10,12,5,13,0.0,-999999,297,131,0,13,10,12,22,24,28,22,0.0,7,6637,0.0,0,7,7,7,7,,,,,,,,,,,,,3554.0,2924.0,2668.0,2497.1,2049.6,194.6,127.6,6.7,-999999.0,3250.0,537.0,320.9,442.3,255.4,42.1,35.9,0.0,0.0,0.0
330214,NY,330214,NYU LANGONE HOSPITALS,550 FIRST AVENUE,NEW YORK,10016,Short Term,36061,POINT (-73.974303 40.742311),"[C330214-B, C330214-A, C330214-C, C330214-D]",20240308,20210502,1,16778,14244,12284,10711,8533,563,542,13,9,15000,2730,1785.0,2254.0,1462.0,193,191.0,0.0,0.0,0.0,7,7,7,7,7,7,7,7,7,7,7,7,7,7,7,7,7,7,7,63,0,10,13,9,6,9,4,12,,4,1933,12,-999999,0,-999999,-999999,0,4,0,-999999,,5,4801,0.0,0,7,7,7,7,10476.0,,2969.0,,680.0,,31625.0,,11353.0,,32259.0,,2396.9,2034.9,1754.9,1530.1,1219.0,80.4,77.4,-999999.0,-999999.0,2142.9,390.0,255.0,322.0,208.9,27.6,27.3,0.0,0.0,0.0
330285,NY,330285,STRONG MEMORIAL HOSPITAL,601 ELMWOOD AVE,ROCHESTER,14642,Short Term,36055,POINT (-77.623587 43.122832),[C330285-A],20240308,20210502,1,9352,8316,7378,6423,5323,362,333,29,27,8414,1127,931.0,843.0,718.0,75,74.0,0.0,0.0,0.0,7,7,7,7,7,7,7,7,7,7,7,7,7,7,7,7,7,7,7,29,-999999,-999999,-999999,-999999,8,-999999,7,-999999,-999999.0,-999999,93,22,0,-999999,4,-999999,-999999,7,-999999,-999999,0.0,-999999,2013,0.0,0,7,7,7,7,2038.0,,144.0,,1337.0,,15166.0,,3981.0,,16282.0,,1336.0,1188.0,1054.0,917.6,760.4,51.7,47.6,4.1,-999999.0,1202.0,161.0,133.0,120.4,102.6,10.7,10.6,0.0,0.0,0.0
050025,CA,050025,UC SAN DIEGO HEALTH HILLCREST - HILLCREST MED CTR,200 WEST ARBOR DRIVE,SAN DIEGO,92103,Short Term,06073,POINT (-117.165844 32.754258),"[C050025-A, C050025-B]",20230623,20210507,1,5810,5250,4508,4035,3884,107,85,-999999,0,5068,1183,707.0,783.0,632.0,32,29.0,0.0,0.0,0.0,7,7,7,7,7,7,7,7,7,7,7,7,7,7,7,7,7,7,7,4,0,0,-999999,0,-999999,0,-999999,0,0.0,0,466,13,0,4,-999999,-999999,-999999,-999999,-999999,0,0.0,0,1741,0.0,0,7,7,7,7,18750.0,,3974.0,,88.0,,10812.0,,2430.0,,274.0,,830.0,750.0,644.0,576.4,554.9,15.3,12.1,-999999.0,0.0,724.0,169.0,101.0,111.9,90.3,4.6,4.1,0.0,0.0,0.0
050262,CA,050262,RONALD REAGAN UCLA MEDICAL CENTER,757 WESTWOOD PLAZA,LOS ANGELES,90095,Short Term,06037,POINT (-118.44562 34.06617),[C050262-A],20230623,20210507,1,3220,2744,2513,2782,2444,60,53,0,0,2989,1106,784.0,993.0,738.0,32,32.0,0.0,0.0,0.0,7,7,7,7,7,7,7,7,7,7,7,7,7,7,7,7,7,7,7,0,0,0,0,0,0,0,0,0,0.0,0,128,0,0,0,0,0,0,0,0,0,0.0,0,978,0.0,0,7,7,7,7,83.0,,69.0,,152.0,,17822.0,,7106.0,,20370.0,,460.0,392.0,359.0,397.4,349.1,8.6,7.6,0.0,0.0,427.0,158.0,112.0,141.9,105.4,4.6,4.6,0.0,0.0,0.0
050373,CA,050373,LAC+USC MEDICAL CENTER,"1200 N STATE ST, ROOM C2K100",LOS ANGELES,90033,Short Term,06037,POINT (-118.208376 34.057996),[C050373-A],20230623,20210507,1,4400,3964,3857,3467,3269,197,190,7,7,4293,944,665.0,689.0,548.0,38,38.0,0.0,0.0,0.0,7,7,7,7,7,7,7,7,7,7,7,7,7,7,7,7,7,7,7,47,0,6,5,9,18,4,-999999,-999999,0.0,0,88,-999999,0,0,0,0,0,-999999,0,0,0.0,0,2935,0.0,0,7,7,7,7,709.0,,300.0,,43.0,,7433.0,,7756.0,,238.0,,628.6,566.3,551.0,495.3,467.0,28.1,27.1,-999999.0,-999999.0,613.3,134.9,95.0,98.4,78.3,5.4,5.4,0.0,0.0,0.0
050441,CA,050441,STANFORD HEALTH CARE,300 PASTEUR DRIVE,STANFORD,94305,Short Term,06085,POINT (-122.175944 37.433018),[C050441-A],20230623,20210507,1,4436,4317,4317,4148,4148,137,124,0,0,4317,693,693.0,617.0,617.0,37,34.0,0.0,0.0,0.0,7,7,7,7,7,7,7,7,7,7,7,7,7,7,7,7,7,7,7,11,0,-999999,-999999,-999999,-999999,-999999,-999999,-999999,0.0,0,38,247,0,24,44,16,34,50,31,48,0.0,0,1572,0.0,0,7,7,7,7,0.0,,23236.0,,102.0,,94.0,,8343.0,,8.0,,633.7,616.7,616.7,592.6,592.6,19.6,17.7,0.0,0.0,616.7,99.0,99.0,88.1,88.1,5.3,4.9,0.0,0.0,0.0
050454,CA,050454,UCSF MEDICAL CENTER,"505 PARNASSUS AVE, BOX 0296",SAN FRANCISCO,94143,Short Term,06075,POINT (-122.457544 37.762452),"[C050454-C, C050454-B, C050454-D, C050454-A]",20230623,20210507,1,5943,4235,4235,4653,3503,47,39,16,14,5943,1386,714.0,1082.0,542.0,22,20.0,45.0,0.0,0.0,7,7,7,7,7,7,7,7,7,7,7,7,7,7,7,7,7,7,7,4,0,0,-999999,-999999,0,0,0,0,0.0,0,6,-999999,0,0,-999999,0,0,0,0,0,0.0,0,989,-999999.0,0,7,7,7,7,,,,,,,,,,,,,849.0,605.0,605.0,664.7,500.4,6.7,5.6,-999999.0,-999999.0,849.0,198.0,102.0,154.6,77.4,-999999.0,-999999.0,6.4,0.0,0.0
050625,CA,050625,CEDARS-SINAI MEDICAL CENTER,8700 BEVERLY BLVD,LOS ANGELES,90048,Short Term,06037,POINT (-118.380122 34.075496),[C050625-A],20230623,20210507,1,5799,5666,5666,5373,5302,70,46,5,5,5799,1127,728.0,844.0,635.0,15,12.0,0.0,0.0,0.0,7,7,7,7,7,7,7,7,7,7,7,7,7,7,7,7,7,7,7,6,0,-999999,-999999,0,-999999,-999999,0,-999999,0.0,0,34,14,0,0,-999999,-999999,-999999,-999999,-999999,6,0.0,0,1832,0.0,0,7,7,7,7,1149.0,,1170.0,,154.0,,15329.0,,3703.0,,427.0,,828.4,809.4,809.4,767.6,757.4,10.0,6.6,-999999.0,-999999.0,828.4,161.0,104.0,120.6,90.7,-999999.0,-999999.0,0.0,0.0,0.0
330005,NY,330005,KALEIDA HEALTH,100 HIGH STREET,BUFFALO,14210,Short Term,36029,POINT (-78.865984 42.900906),"[C330005-B, C330005-A]",20230623,20210507,1,6853,6853,6328,4719,4719,473,473,0,0,6328,1505,1505.0,904.0,904.0,150,150.0,0.0,0.0,0.0,7,7,7,7,7,7,7,7,7,7,7,7,7,7,7,7,7,7,7,31,0,-999999,5,8,6,-999999,7,-999999,0.0,0,115,45,0,-999999,4,-999999,8,5,11,13,0.0,0,1868,0.0,0,7,7,7,7,18.0,,7.0,,54.0,,4765.0,,1908.0,,203.0,,979.0,979.0,904.0,674.1,674.1,67.6,67.6,0.0,0.0,904.0,215.0,215.0,129.1,129.1,21.4,21.4,0.0,0.0,0.0
330024,NY,330024,MOUNT SINAI HOSPITAL,ONE GUSTAVE L LEVY PLACE,NEW YORK,10029,Short Term,36061,POINT (-73.953392 40.790390),"[C330024-B, C330024-A]",20230623,20210507,1,11991,11081,9345,7237,6561,662,464,9,-999999,10255,1806,1659.0,883.0,772.0,87,81.0,0.0,0.0,0.0,7,7,7,7,7,7,7,7,7,7,7,7,7,7,7,7,7,7,7,23,0,-999999,5,-999999,-999999,5,5,4,0.0,-999999,707,16,0,-999999,-999999,-999999,4,-999999,0,4,0.0,-999999,3546,0.0,0,7,7,7,7,1258.0,,482.0,,182.0,,16735.0,,11108.0,,481.0,,1713.0,1583.0,1335.0,1033.9,937.3,94.6,66.3,-999999.0,-999999.0,1465.0,258.0,237.0,126.1,110.3,12.4,11.6,0.0,0.0,0.0
330059,NY,330059,MONTEFIORE MEDICAL CENTER,111 EAST 210TH STREET,BRONX,10467,Short Term,36005,POINT (-73.879897 40.879872),"[C330059-C, C330059-B, C330059-A, C330059-D]",20230623,20210507,1,11473,10094,10094,8803,7964,392,392,5,5,11473,1442,861.0,1141.0,705.0,111,111.0,0.0,0.0,0.0,7,7,7,7,7,7,7,7,7,7,7,7,7,7,7,7,7,7,7,50,0,5,8,5,5,11,5,10,-999999.0,-999999,1837,0,0,0,0,0,0,0,0,0,0.0,0,4586,0.0,0,7,7,7,7,,,,,,,,,,,,,1639.0,1442.0,1442.0,1257.6,1137.7,56.0,56.0,-999999.0,-999999.0,1639.0,206.0,123.0,163.0,100.7,15.9,15.9,0.0,0.0,0.0
330101,NY,330101,NEW YORK-PRESBYTERIAN HOSPITAL,525 EAST 68TH STREET,NEW YORK,10065,Short Term,36061,POINT (-73.954509 40.764355),"[C330101-A, C330101-H, C330101-D, C330101-F, C330101-G, C330101-C, C330101-E]",20230623,20210507,1,24878,20468,18676,17241,14164,1226,697,55,30,22750,3759,2244.0,3039.0,1742.0,228,179.0,0.0,0.0,0.0,7,7,7,7,7,7,7,7,7,7,7,7,7,7,7,7,7,7,7,56,0,-999999,10,7,6,8,7,15,0.0,4,265,147,-999999,14,11,20,21,28,31,21,0.0,7,6422,0.0,0,7,7,7,7,,,,,,,,,,,,,3554.0,2924.0,2668.0,2463.0,2023.4,175.1,99.6,7.9,4.3,3250.0,537.0,320.6,434.1,248.9,32.6,25.6,0.0,0.0,0.0
330214,NY,330214,NYU LANGONE HOSPITALS,550 FIRST AVENUE,NEW YORK,10016,Short Term,36061,POINT (-73.974303 40.742311),"[C330214-B, C330214-A, C330214-C, C330214-D]",20230623,20210507,1,16836,14302,12342,10820,8653,518,501,18,7,15058,2730,1785.0,2186.0,1411.0,177,170.0,0.0,0.0,0.0,7,7,7,7,7,7,7,7,7,7,7,7,7,7,7,7,7,7,7,59,0,6,6,8,6,11,11,11,,-999999,1827,11,-999999,-999999,-999999,-999999,-999999,-999999,-999999,-999999,,11,4785,0.0,0,7,7,7,7,8769.0,,2256.0,,657.0,,31905.0,,11189.0,,32464.0,,2405.1,2043.1,1763.1,1545.7,1236.1,74.0,71.6,-999999.0,-999999.0,2151.1,390.0,255.0,312.3,201.6,25.3,24.3,0.0,0.0,0.0
330285,NY,330285,STRONG MEMORIAL HOSPITAL,601 ELMWOOD AVE,ROCHESTER,14642,Short Term,36055,POINT (-77.623587 43.122832),[C330285-A],20230623,20210507,1,9352,8316,7378,6276,5236,307,275,21,12,8414,1127,931.0,829.0,716.0,83,82.0,0.0,0.0,0.0,7,7,7,7,7,7,7,7,7,7,7,7,7,7,7,7,7,7,7,41,-999999,-999999,11,4,6,6,7,-999999,-999999.0,-999999,79,28,-999999,-999999,5,-999999,-999999,6,4,-999999,0.0,18,1984,0.0,0,7,7,7,7,3335.0,,66.0,,134.0,,15300.0,,3981.0,,16282.0,,1336.0,1188.0,1054.0,896.6,748.0,43.9,39.3,-999999.0,-999999.0,1202.0,161.0,133.0,118.4,102.3,11.9,11.7,0.0,0.0,0.0
050025,CA,050025,UC SAN DIEGO HEALTH HILLCREST - HILLCREST MED CTR,200 WEST ARBOR DRIVE,SAN DIEGO,92103,Short Term,06073,POINT (-117.165844 32.754258),"[C050025-A, C050025-B]",20240308,20210509,1,5810,5250,4508,4081,3916,123,96,-999999,0,5068,1183,707.0,796.0,631.0,39,34.0,0.0,0.0,0.0,7,7,7,7,7,7,7,7,7,7,7,7,7,7,7,7,7,7,7,7,0,0,-999999,-999999,-999999,0,-999999,0,0.0,0,448,15,-999999,-999999,4,-999999,-999999,-999999,-999999,0,0.0,0,1686,0.0,0,7,7,7,7,18750.0,,3974.0,,88.0,,10812.0,,2430.0,,274.0,,830.0,750.0,644.0,583.0,559.4,17.6,13.7,-999999.0,0.0,724.0,169.0,101.0,113.7,90.1,5.6,4.9,0.0,0.0,0.0
050262,CA,050262,RONALD REAGAN UCLA MEDICAL CENTER,757 WESTWOOD PLAZA,LOS ANGELES,90095,Short Term,06037,POINT (-118.446328 34.066455),[C050262-A],20240308,20210509,1,3220,2744,2513,2797,2452,53,45,0,0,2989,1106,784.0,993.0,738.0,25,24.0,0.0,0.0,0.0,7,7,7,7,7,7,7,7,7,7,7,7,7,7,7,7,7,7,7,0,0,0,0,0,0,0,0,0,0.0,0,127,0,0,0,0,0,0,0,0,0,0.0,0,985,0.0,0,7,7,7,7,83.0,,69.0,,152.0,,17822.0,,7106.0,,20370.0,,460.0,392.0,359.0,399.6,350.3,7.6,6.4,0.0,0.0,427.0,158.0,112.0,141.9,105.4,-999999.0,-999999.0,0.0,0.0,0.0
050373,CA,050373,LOS ANGELES GENERAL MEDICAL CENTER,"2051 MARENGO ST, ROOM C2K100",LOS ANGELES,90033,Short Term,06037,POINT (-118.206478 34.056278),[C050373-A],20240308,20210509,1,4411,3973,3856,3400,3193,182,177,7,7,4294,952,671.0,658.0,522.0,33,33.0,0.0,0.0,0.0,7,7,7,7,7,7,7,7,7,7,7,7,7,7,7,7,7,7,7,46,-999999,-999999,8,10,14,4,-999999,-999999,0.0,0,90,0,0,0,0,0,0,0,0,0,0.0,0,2930,0.0,0,7,7,7,7,709.0,,300.0,,43.0,,7433.0,,7756.0,,238.0,,630.1,567.6,550.9,485.7,456.1,26.0,25.3,-999999.0,-999999.0,613.4,136.0,95.9,94.0,74.6,4.7,4.7,0.0,0.0,0.0
050441,CA,050441,STANFORD HEALTH CARE,300 PASTEUR DRIVE,STANFORD,94305,Short Term,06085,POINT (-122.175944 37.433018),[C050441-A],20240308,20210509,1,4443,4324,4324,4156,4156,134,122,0,0,4324,693,693.0,622.0,622.0,34,32.0,0.0,0.0,0.0,7,7,7,7,7,7,7,7,7,7,7,7,7,7,7,7,7,7,7,9,0,-999999,-999999,-999999,-999999,0,0,-999999,0.0,0,40,258,0,17,49,19,34,43,39,57,0.0,0,1552,0.0,0,7,7,7,7,0.0,,23236.0,,102.0,,94.0,,8343.0,,8.0,,634.7,617.7,617.7,593.7,593.7,19.1,17.4,0.0,0.0,617.7,99.0,99.0,88.9,88.9,4.9,4.6,0.0,0.0,0.0
050454,CA,050454,UCSF MEDICAL CENTER,"505 PARNASSUS AVE, BOX 0296",SAN FRANCISCO,94143,Short Term,06075,POINT (-122.457544 37.762452),"[C050454-C, C050454-B, C050454-D, C050454-A]",20240308,20210509,1,5943,4235,4235,4696,3538,51,44,17,13,5943,1386,714.0,1110.0,566.0,24,20.0,38.0,0.0,0.0,7,7,7,7,7,7,7,7,7,7,7,7,7,7,7,7,7,7,7,5,0,0,-999999,-999999,-999999,0,0,0,0.0,0,7,-999999,0,-999999,-999999,0,0,0,0,0,0.0,0,946,0.0,0,7,7,7,7,,,,,,,,,,,,,849.0,605.0,605.0,670.9,505.4,7.3,6.3,-999999.0,-999999.0,849.0,198.0,102.0,158.6,80.9,-999999.0,-999999.0,5.4,0.0,0.0
050625,CA,050625,CEDARS-SINAI MEDICAL CENTER,8700 BEVERLY BLVD,LOS ANGELES,90048,Short Term,06037,POINT (-118.380016 34.076549),[C050625-A],20240308,20210509,1,5753,5620,5620,5310,5231,76,42,4,4,5753,1127,728.0,843.0,646.0,14,10.0,0.0,0.0,0.0,7,7,7,7,7,7,7,7,7,7,7,7,7,7,7,7,7,7,7,4,0,0,-999999,0,-999999,-999999,0,0,-999999.0,-999999,32,17,0,0,-999999,0,-999999,4,-999999,5,0.0,0,1822,0.0,0,7,7,7,7,1149.0,,1170.0,,154.0,,15329.0,,3703.0,,427.0,,821.9,802.9,802.9,758.6,747.3,10.9,6.0,-999999.0,-999999.0,821.9,161.0,104.0,120.4,92.3,-999999.0,-999999.0,0.0,0.0,0.0
330005,NY,330005,KALEIDA HEALTH,100 HIGH STREET,BUFFALO,14210,Short Term,36029,POINT (-78.865984 42.900906),"[C330005-C, C330005-B, C330005-A]",20240308,20210509,1,6853,6853,6328,4666,4666,434,432,0,0,6328,1505,1505.0,897.0,897.0,132,132.0,0.0,0.0,0.0,7,7,7,7,7,7,7,7,7,7,7,7,7,7,7,7,7,7,7,25,0,-999999,-999999,4,7,-999999,5,-999999,0.0,0,93,29,0,-999999,-999999,0,7,-999999,7,6,0.0,0,1880,0.0,0,7,7,7,7,18.0,,7.0,,54.0,,4765.0,,1908.0,,203.0,,979.0,979.0,904.0,666.6,666.6,62.0,61.7,0.0,0.0,904.0,215.0,215.0,128.1,128.1,18.9,18.9,0.0,0.0,0.0
330024,NY,330024,MOUNT SINAI HOSPITAL,ONE GUSTAVE L LEVY PLACE,NEW YORK,10029,Short Term,36061,POINT (-73.953392 40.790390),"[C330024-B, C330024-A]",20240308,20210509,1,11991,11081,9345,7166,6522,636,452,11,6,10255,1806,1659.0,877.0,769.0,84,79.0,0.0,0.0,0.0,7,7,7,7,7,7,7,7,7,7,7,7,7,7,7,7,7,7,7,24,0,-999999,5,-999999,-999999,-999999,6,6,0.0,-999999,672,10,0,-999999,-999999,0,5,-999999,0,-999999,0.0,0,3583,0.0,0,7,7,7,7,1258.0,,482.0,,182.0,,16735.0,,11108.0,,481.0,,1713.0,1583.0,1335.0,1023.7,931.7,90.9,64.6,-999999.0,-999999.0,1465.0,258.0,237.0,125.3,109.9,12.0,11.3,0.0,0.0,0.0
330059,NY,330059,MONTEFIORE MEDICAL CENTER,111 EAST 210TH STREET,BRONX,10467,Short Term,36005,POINT (-73.879896 40.879872),"[C330059-C, C330059-B, C330059-A, C330059-D]",20240308,20210509,1,11473,10094,10094,8795,7935,379,379,5,5,11473,1442,861.0,1159.0,703.0,108,105.0,0.0,0.0,0.0,7,7,7,7,7,7,7,7,7,7,7,7,7,7,7,7,7,7,7,44,0,4,8,-999999,5,8,5,8,-999999.0,-999999,1802,0,0,0,0,0,0,0,0,0,0.0,0,4587,0.0,0,7,7,7,7,,,,,,,,,,,,,1639.0,1442.0,1442.0,1256.4,1133.6,54.1,54.1,-999999.0,-999999.0,1639.0,206.0,123.0,165.6,100.4,15.4,15.0,0.0,0.0,0.0
330101,NY,330101,NEW YORK-PRESBYTERIAN HOSPITAL,525 EAST 68TH STREET,NEW YORK,10065,Short Term,36061,POINT (-73.954509 40.764355),"[C330101-A, C330101-H, C330101-D, C330101-F, C330101-G, C330101-C, C330101-E]",20240308,20210509,1,24878,20468,18676,17352,14234,1176,641,62,30,22750,3759,2252.0,3034.0,1735.0,215,160.0,0.0,0.0,0.0,7,7,7,7,7,7,7,7,7,7,7,7,7,7,7,7,7,7,7,49,-999999,4,7,5,-999999,7,8,14,0.0,5,262,147,-999999,13,14,14,23,25,35,21,0.0,8,6474,0.0,0,7,7,7,7,,,,,,,,,,,,,3554.0,2924.0,2668.0,2478.9,2033.4,168.0,91.6,8.9,4.3,3250.0,537.0,321.7,433.4,247.9,30.7,22.9,0.0,0.0,0.0
330214,NY,330214,NYU LANGONE HOSPITALS,550 FIRST AVENUE,NEW YORK,10016,Short Term,36061,POINT (-73.974303 40.742311),"[C330214-B, C330214-A, C330214-C, C330214-D]",20240308,20210509,1,16868,14334,12374,10689,8557,468,456,14,5,15090,2730,1785.0,2192.0,1417.0,167,159.0,0.0,0.0,0.0,7,7,7,7,7,7,7,7,7,7,7,7,7,7,7,7,7,7,7,51,0,6,4,7,7,4,12,11,,-999999,1795,9,-999999,-999999,-999999,0,-999999,-999999,-999999,0,,9,4805,0.0,0,7,7,7,7,8769.0,,2256.0,,657.0,,31905.0,,11189.0,,32464.0,,2409.7,2047.7,1767.7,1527.0,1222.4,66.9,65.1,-999999.0,-999999.0,2155.7,390.0,255.0,313.1,202.4,23.9,22.7,0.0,0.0,0.0
330285,NY,330285,STRONG MEMORIAL HOSPITAL,601 ELMWOOD AVE,ROCHESTER,14642,Short Term,36055,POINT (-77.623587 43.122832),[C330285-A],20240308,20210509,1,9352,8316,7378,6307,5255,287,259,17,7,8414,1127,931.0,841.0,720.0,85,83.0,0.0,0.0,0.0,7,7,7,7,7,7,7,7,7,7,7,7,7,7,7,7,7,7,7,40,-999999,-999999,9,6,6,8,5,-999999,0.0,-999999,74,23,-999999,-999999,5,-999999,-999999,-999999,4,-999999,0.0,19,2130,0.0,0,7,7,7,7,3335.0,,66.0,,134.0,,15300.0,,3981.0,,16282.0,,1336.0,1188.0,1054.0,901.0,750.7,41.0,37.0,-999999.0,-999999.0,1202.0,161.0,133.0,120.1,102.9,12.1,11.9,0.0,0.0,0.0
050025,CA,050025,UC SAN DIEGO HEALTH HILLCREST - HILLCREST MED CTR,200 WEST ARBOR DRIVE,SAN DIEGO,92103,Short Term,06073,POINT (-117.165844 32.754258),"[C050025-A, C050025-B]",20230623,20210514,1,5810,5250,4508,4174,3999,137,116,-999999,0,5068,1183,707.0,812.0,637.0,45,41.0,0.0,0.0,0.0,7,7,7,7,7,7,7,7,7,7,7,7,7,7,7,7,7,7,7,9,-999999,0,-999999,-999999,-999999,0,0,0,0.0,0,407,13,-999999,-999999,7,-999999,-999999,-999999,-999999,0,0.0,0,1627,0.0,0,7,7,7,7,11093.0,,5300.0,,78.0,,10847.0,,2401.0,,265.0,,830.0,750.0,644.0,596.3,571.3,19.6,16.6,-999999.0,0.0,724.0,169.0,101.0,116.0,91.0,6.4,5.9,0.0,0.0,0.0
050262,CA,050262,RONALD REAGAN UCLA MEDICAL CENTER,757 WESTWOOD PLAZA,LOS ANGELES,90095,Short Term,06037,POINT (-118.44562 34.06617),[C050262-A],20230623,20210514,1,3220,2744,2513,2803,2447,39,32,0,0,2989,1106,784.0,976.0,741.0,21,20.0,0.0,0.0,0.0,7,7,7,7,7,7,7,7,7,7,7,7,7,7,7,7,7,7,7,0,0,0,0,0,0,0,0,0,0.0,0,129,0,0,0,0,0,0,0,0,0,0.0,0,923,0.0,0,7,7,7,7,625.0,,324.0,,949.0,,18447.0,,6776.0,,20694.0,,460.0,392.0,359.0,400.4,349.6,5.6,4.6,0.0,0.0,427.0,158.0,112.0,139.4,105.9,-999999.0,-999999.0,0.0,0.0,0.0
050373,CA,050373,LAC+USC MEDICAL CENTER,"1200 N STATE ST, ROOM C2K100",LOS ANGELES,90033,Short Term,06037,POINT (-118.208376 34.057996),[C050373-A],20230623,20210514,1,4436,3997,3878,3453,3229,187,176,14,14,4317,966,686.0,641.0,501.0,22,22.0,0.0,0.0,0.0,7,7,7,7,7,7,7,7,7,7,7,7,7,7,7,7,7,7,7,55,-999999,4,11,19,10,6,-999999,-999999,0.0,-999999,105,4,0,0,-999999,0,-999999,-999999,0,-999999,0.0,0,2968,0.0,0,7,7,7,7,459.0,,344.0,,32.0,,7491.0,,7729.0,,232.0,,633.7,571.0,554.0,493.3,461.3,26.7,25.1,-999999.0,-999999.0,616.7,138.0,98.0,91.6,71.6,-999999.0,-999999.0,0.0,0.0,0.0
050441,CA,050441,STANFORD HEALTH CARE,300 PASTEUR DRIVE,STANFORD,94305,Short Term,06085,POINT (-122.175944 37.433018),[C050441-A],20230623,20210514,1,4491,4372,4372,4251,4251,141,136,0,0,4372,693,693.0,612.0,612.0,29,27.0,0.0,0.0,0.0,7,7,7,7,7,7,7,7,7,7,7,7,7,7,7,7,7,7,7,11,0,-999999,-999999,-999999,-999999,-999999,-999999,0,0.0,0,45,252,-999999,12,36,24,33,42,38,66,0.0,0,1553,0.0,0,7,7,7,7,0.0,,32742.0,,87.0,,77.0,,8363.0,,10.0,,641.6,624.6,624.6,607.3,607.3,20.1,19.4,0.0,0.0,624.6,99.0,99.0,87.4,87.4,4.1,-999999.0,0.0,0.0,0.0
050454,CA,050454,UCSF MEDICAL CENTER,"505 PARNASSUS AVE, BOX 0296",SAN FRANCISCO,94143,Short Term,06075,POINT (-122.457544 37.762452),"[C050454-C, C050454-B, C050454-D, C050454-A]",20230623,20210514,1,5943,4235,4235,4644,3485,55,48,22,18,5943,1386,714.0,1108.0,540.0,32,25.0,28.0,0.0,0.0,7,7,7,7,7,7,7,7,7,7,7,7,7,7,7,7,7,7,7,6,0,0,-999999,-999999,-999999,0,0,0,0.0,-999999,7,-999999,0,-999999,0,0,0,0,0,0,0.0,0,886,0.0,0,7,7,7,7,,,,,,,,,,,,,849.0,605.0,605.0,663.4,497.9,7.9,6.9,-999999.0,-999999.0,849.0,198.0,102.0,158.3,77.1,4.6,-999999.0,4.0,0.0,0.0
050625,CA,050625,CEDARS-SINAI MEDICAL CENTER,8700 BEVERLY BLVD,LOS ANGELES,90048,Short Term,06037,POINT (-118.380122 34.075496),[C050625-A],20230623,20210514,1,5705,5572,5572,5297,5197,76,42,-999999,-999999,5705,1127,728.0,881.0,684.0,11,8.0,0.0,0.0,0.0,7,7,7,7,7,7,7,7,7,7,7,7,7,7,7,7,7,7,7,7,0,0,-999999,0,-999999,-999999,0,-999999,-999999.0,-999999,19,9,0,0,-999999,0,-999999,-999999,-999999,-999999,0.0,0,1760,0.0,0,7,7,7,7,1785.0,,586.0,,119.0,,15419.0,,3665.0,,375.0,,815.0,796.0,796.0,756.7,742.4,10.9,6.0,-999999.0,-999999.0,815.0,161.0,104.0,125.9,97.7,-999999.0,-999999.0,0.0,0.0,0.0
330005,NY,330005,KALEIDA HEALTH,100 HIGH STREET,BUFFALO,14210,Short Term,36029,POINT (-78.865984 42.900906),"[C330005-B, C330005-A]",20230623,20210514,1,6853,6853,6328,4597,4597,349,344,0,0,6328,1505,1505.0,928.0,928.0,119,119.0,0.0,0.0,0.0,7,7,7,7,7,7,7,7,7,7,7,7,7,7,7,7,7,7,7,19,0,-999999,-999999,-999999,6,6,-999999,-999999,0.0,0,74,4,0,0,0,0,-999999,0,0,-999999,0.0,0,1930,0.0,0,7,7,7,7,12.0,,11.0,,48.0,,4780.0,,1871.0,,318.0,,979.0,979.0,904.0,656.7,656.7,49.9,49.1,0.0,0.0,904.0,215.0,215.0,132.6,132.6,17.0,17.0,0.0,0.0,0.0
330024,NY,330024,MOUNT SINAI HOSPITAL,ONE GUSTAVE L LEVY PLACE,NEW YORK,10029,Short Term,36061,POINT (-73.953392 40.790390),"[C330024-B, C330024-A]",20230623,20210514,1,11991,11081,9345,7144,6503,584,398,18,9,10255,1797,1650.0,901.0,779.0,76,66.0,0.0,0.0,0.0,7,7,7,7,7,7,7,7,7,7,7,7,7,7,7,7,7,7,7,16,0,0,-999999,0,-999999,-999999,-999999,4,0.0,0,686,16,0,-999999,-999999,-999999,4,-999999,-999999,-999999,0.0,-999999,3929,0.0,0,7,7,7,7,828.0,,756.0,,157.0,,16840.0,,11057.0,,433.0,,1713.0,1583.0,1335.0,1020.6,929.0,83.4,56.9,-999999.0,-999999.0,1465.0,256.7,235.7,128.7,111.3,10.9,9.4,0.0,0.0,0.0
330059,NY,330059,MONTEFIORE MEDICAL CENTER,111 EAST 210TH STREET,BRONX,10467,Short Term,36005,POINT (-73.879897 40.879872),"[C330059-C, C330059-B, C330059-A, C330059-D]",20230623,20210514,1,11473,10094,10094,8608,7743,333,333,15,15,11473,1442,861.0,1150.0,660.0,89,86.0,0.0,0.0,0.0,7,7,7,7,7,7,7,7,7,7,7,7,7,7,7,7,7,7,7,34,0,-999999,-999999,-999999,9,-999999,4,6,4.0,4,1815,0,0,0,0,0,0,0,0,0,0.0,0,4968,0.0,0,7,7,7,7,,,,,,,,,,,,,1639.0,1442.0,1442.0,1229.7,1106.1,47.6,47.6,-999999.0,-999999.0,1639.0,206.0,123.0,164.3,94.3,12.7,12.3,0.0,0.0,0.0
330101,NY,330101,NEW YORK-PRESBYTERIAN HOSPITAL,525 EAST 68TH STREET,NEW YORK,10065,Short Term,36061,POINT (-73.954509 40.764355),"[C330101-A, C330101-H, C330101-D, C330101-F, C330101-G, C330101-C, C330101-E]",20230623,20210514,1,24878,20468,18676,17457,14317,1095,518,59,21,22750,3759,2257.0,3031.0,1744.0,200,142.0,0.0,0.0,0.0,7,7,7,7,7,7,7,7,7,7,7,7,7,7,7,7,7,7,7,39,-999999,4,4,-999999,4,4,9,10,0.0,-999999,269,167,-999999,7,26,16,30,24,31,32,0.0,10,6504,0.0,0,7,7,7,7,,,,,,,,,,,,,3554.0,2924.0,2668.0,2493.9,2045.3,156.4,74.0,8.4,-999999.0,3250.0,537.0,322.4,433.0,249.1,28.6,20.3,0.0,0.0,0.0
330214,NY,330214,NYU LANGONE HOSPITALS,550 FIRST AVENUE,NEW YORK,10016,Short Term,36061,POINT (-73.974303 40.742311),"[C330214-B, C330214-A, C330214-C, C330214-D]",20230623,20210514,1,16820,14286,12326,10352,8351,367,348,7,4,15042,2730,1785.0,2099.0,1365.0,113,108.0,0.0,0.0,0.0,7,7,7,7,7,7,7,7,7,7,7,7,7,7,7,7,7,7,7,44,-999999,4,4,7,7,7,8,6,,-999999,1938,14,0,-999999,0,-999999,-999999,-999999,4,-999999,,4,5078,0.0,0,7,7,7,7,6287.0,,3197.0,,513.0,,32026.0,,11057.0,,32556.0,,2402.9,2040.9,1760.9,1478.9,1193.0,52.4,49.7,-999999.0,-999999.0,2148.9,390.0,255.0,299.9,195.0,16.1,15.4,0.0,0.0,0.0
330285,NY,330285,STRONG MEMORIAL HOSPITAL,601 ELMWOOD AVE,ROCHESTER,14642,Short Term,36055,POINT (-77.623587 43.122832),[C330285-A],20230623,20210514,1,9352,8316,7378,6404,5293,264,244,11,8,8414,1127,931.0,874.0,735.0,85,83.0,0.0,0.0,0.0,7,7,7,7,7,7,7,7,7,7,7,7,7,7,7,7,7,7,7,36,-999999,4,-999999,5,-999999,15,-999999,-999999,0.0,4,80,13,0,-999999,5,0,-999999,-999999,-999999,-999999,0.0,4,2261,0.0,0,7,7,7,7,327.0,,912.0,,67.0,,15303.0,,3917.0,,16346.0,,1336.0,1188.0,1054.0,914.9,756.1,37.7,34.9,-999999.0,-999999.0,1202.0,161.0,133.0,124.9,105.0,12.1,11.9,0.0,0.0,0.0
050025,CA,050025,UC SAN DIEGO HEALTH HILLCREST - HILLCREST MED CTR,200 WEST ARBOR DRIVE,SAN DIEGO,92103,Short Term,06073,POINT (-117.165844 32.754258),"[C050025-A, C050025-B]",20240308,20210516,1,5810,5250,4508,4176,3996,138,115,-999999,0,5068,1183,707.0,813.0,633.0,46,44.0,0.0,0.0,0.0,7,7,7,7,7,7,7,7,7,7,7,7,7,7,7,7,7,7,7,6,-999999,0,-999999,-999999,-999999,0,0,0,0.0,0,408,16,0,-999999,9,0,-999999,-999999,-999999,0,0.0,0,1608,0.0,0,7,7,7,7,11093.0,,5300.0,,78.0,,10847.0,,2401.0,,265.0,,830.0,750.0,644.0,596.6,570.9,19.7,16.4,-999999.0,0.0,724.0,169.0,101.0,116.1,90.4,6.6,6.3,0.0,0.0,0.0
050262,CA,050262,RONALD REAGAN UCLA MEDICAL CENTER,757 WESTWOOD PLAZA,LOS ANGELES,90095,Short Term,06037,POINT (-118.446328 34.066455),[C050262-A],20240308,20210516,1,3220,2744,2513,2681,2333,44,33,0,0,2989,1106,784.0,969.0,745.0,26,22.0,0.0,0.0,0.0,7,7,7,7,7,7,7,7,7,7,7,7,7,7,7,7,7,7,7,0,0,0,0,0,0,0,0,0,0.0,0,119,0,0,0,0,0,0,0,0,0,0.0,0,913,0.0,0,7,7,7,7,625.0,,324.0,,949.0,,18447.0,,6776.0,,20694.0,,460.0,392.0,359.0,383.0,333.3,6.3,4.7,0.0,0.0,427.0,158.0,112.0,138.4,106.4,-999999.0,-999999.0,0.0,0.0,0.0
050373,CA,050373,LOS ANGELES GENERAL MEDICAL CENTER,"2051 MARENGO ST, ROOM C2K100",LOS ANGELES,90033,Short Term,06037,POINT (-118.206478 34.056278),[C050373-A],20240308,20210516,1,4376,3933,3834,3417,3188,178,164,16,16,4277,948,668.0,644.0,497.0,23,23.0,0.0,0.0,0.0,7,7,7,7,7,7,7,7,7,7,7,7,7,7,7,7,7,7,7,43,0,-999999,7,14,10,6,-999999,-999999,0.0,-999999,92,6,0,-999999,-999999,0,-999999,-999999,0,-999999,0.0,0,2976,0.0,0,7,7,7,7,459.0,,344.0,,32.0,,7491.0,,7729.0,,232.0,,625.1,561.9,547.7,488.1,455.4,25.4,23.4,-999999.0,-999999.0,611.0,135.4,95.4,92.0,71.0,-999999.0,-999999.0,0.0,0.0,0.0
050441,CA,050441,STANFORD HEALTH CARE,300 PASTEUR DRIVE,STANFORD,94305,Short Term,06085,POINT (-122.175944 37.433018),[C050441-A],20240308,20210516,1,4480,4361,4361,4224,4224,148,141,0,0,4361,693,693.0,581.0,581.0,35,32.0,0.0,0.0,0.0,7,7,7,7,7,7,7,7,7,7,7,7,7,7,7,7,7,7,7,12,0,-999999,-999999,-999999,-999999,-999999,-999999,0,0.0,0,45,247,-999999,15,28,24,30,52,39,57,0.0,0,1619,0.0,0,7,7,7,7,0.0,,32742.0,,87.0,,77.0,,8363.0,,10.0,,640.0,623.0,623.0,603.4,603.4,21.1,20.1,0.0,0.0,623.0,99.0,99.0,83.0,83.0,5.0,4.6,0.0,0.0,0.0
050454,CA,050454,UCSF MEDICAL CENTER,"505 PARNASSUS AVE, BOX 0296",SAN FRANCISCO,94143,Short Term,06075,POINT (-122.457544 37.762452),"[C050454-C, C050454-B, C050454-D, C050454-A]",20240308,20210516,1,5943,4235,4235,4603,3457,55,48,24,22,5943,1386,714.0,1108.0,535.0,31,24.0,31.0,0.0,0.0,7,7,7,7,7,7,7,7,7,7,7,7,7,7,7,7,7,7,7,6,0,0,-999999,-999999,-999999,-999999,0,0,0.0,-999999,8,0,0,0,0,0,0,0,0,0,0.0,0,897,-999999.0,0,7,7,7,7,,,,,,,,,,,,,849.0,605.0,605.0,657.6,493.9,7.9,6.9,-999999.0,-999999.0,849.0,198.0,102.0,158.3,76.4,4.4,-999999.0,4.4,0.0,0.0
050625,CA,050625,CEDARS-SINAI MEDICAL CENTER,8700 BEVERLY BLVD,LOS ANGELES,90048,Short Term,06037,POINT (-118.380016 34.076549),[C050625-A],20240308,20210516,1,5770,5637,5637,5380,5287,70,43,-999999,-999999,5770,1127,728.0,884.0,684.0,14,12.0,0.0,0.0,0.0,7,7,7,7,7,7,7,7,7,7,7,7,7,7,7,7,7,7,7,7,0,0,-999999,-999999,-999999,-999999,-999999,-999999,0.0,0,15,7,0,0,0,0,4,-999999,-999999,0,0.0,0,1730,0.0,0,7,7,7,7,1785.0,,586.0,,119.0,,15419.0,,3665.0,,375.0,,824.3,805.3,805.3,768.6,755.3,10.0,6.1,-999999.0,-999999.0,824.3,161.0,104.0,126.3,97.7,-999999.0,-999999.0,0.0,0.0,0.0
330005,NY,330005,KALEIDA HEALTH,100 HIGH STREET,BUFFALO,14210,Short Term,36029,POINT (-78.865984 42.900906),"[C330005-C, C330005-B, C330005-A]",20240308,20210516,1,6853,6853,6328,4633,4633,312,309,0,0,6328,1505,1505.0,942.0,942.0,118,118.0,0.0,0.0,0.0,7,7,7,7,7,7,7,7,7,7,7,7,7,7,7,7,7,7,7,20,0,-999999,-999999,-999999,5,7,-999999,-999999,0.0,0,74,5,0,-999999,0,0,-999999,-999999,0,-999999,0.0,0,1943,0.0,0,7,7,7,7,12.0,,11.0,,48.0,,4780.0,,1871.0,,318.0,,979.0,979.0,904.0,661.9,661.9,44.6,44.1,0.0,0.0,904.0,215.0,215.0,134.6,134.6,16.9,16.9,0.0,0.0,0.0
330024,NY,330024,MOUNT SINAI HOSPITAL,ONE GUSTAVE L LEVY PLACE,NEW YORK,10029,Short Term,36061,POINT (-73.953392 40.790390),"[C330024-B, C330024-A]",20240308,20210516,1,11991,11081,9345,7217,6534,593,384,16,8,10255,1779,1632.0,904.0,773.0,69,59.0,0.0,0.0,0.0,7,7,7,7,7,7,7,7,7,7,7,7,7,7,7,7,7,7,7,15,0,0,-999999,0,4,4,-999999,5,0.0,0,701,27,0,4,5,-999999,-999999,5,6,-999999,0.0,-999999,3897,0.0,0,7,7,7,7,828.0,,756.0,,157.0,,16840.0,,11057.0,,433.0,,1713.0,1583.0,1335.0,1031.0,933.4,84.7,54.9,-999999.0,-999999.0,1465.0,254.1,233.1,129.1,110.4,9.9,8.4,0.0,0.0,0.0
330059,NY,330059,MONTEFIORE MEDICAL CENTER,111 EAST 210TH STREET,BRONX,10467,Short Term,36005,POINT (-73.879896 40.879872),"[C330059-C, C330059-B, C330059-A, C330059-D]",20240308,20210516,1,11473,10094,10094,8605,7767,322,322,16,16,11473,1442,861.0,1127.0,650.0,80,80.0,0.0,0.0,0.0,7,7,7,7,7,7,7,7,7,7,7,7,7,7,7,7,7,7,7,36,0,-999999,-999999,5,8,4,6,6,-999999.0,-999999,1716,0,0,0,0,0,0,0,0,0,0.0,0,4971,0.0,0,7,7,7,7,,,,,,,,,,,,,1639.0,1442.0,1442.0,1229.3,1109.6,46.0,46.0,-999999.0,-999999.0,1639.0,206.0,123.0,161.0,92.9,11.4,11.4,0.0,0.0,0.0
330101,NY,330101,NEW YORK-PRESBYTERIAN HOSPITAL,525 EAST 68TH STREET,NEW YORK,10065,Short Term,36061,POINT (-73.954509 40.764355),"[C330101-A, C330101-H, C330101-D, C330101-F, C330101-G, C330101-C, C330101-E]",20240308,20210516,1,25364,20430,18682,17361,14251,1126,499,53,20,23060,3634,2028.0,2600.0,1501.0,213,122.0,0.0,0.0,0.0,7,7,7,7,7,7,7,7,7,7,7,6,6,6,7,6,7,7,7,42,-999999,-999999,7,-999999,4,5,8,11,0.0,-999999,296,182,-999999,8,22,16,33,32,29,41,0.0,7,6537,0.0,0,7,7,7,7,,,,,,,,,,,,,3623.4,2918.6,2668.9,2480.1,2035.9,160.9,71.3,7.6,-999999.0,3294.3,519.1,338.0,433.3,250.2,30.4,20.3,0.0,0.0,0.0
330214,NY,330214,NYU LANGONE HOSPITALS,550 FIRST AVENUE,NEW YORK,10016,Short Term,36061,POINT (-73.974303 40.742311),"[C330214-B, C330214-A, C330214-C, C330214-D]",20240308,20210516,1,16788,14254,12294,10580,8542,360,325,8,-999999,15010,2730,1785.0,2081.0,1365.0,96,91.0,0.0,0.0,0.0,7,7,7,7,7,7,7,7,7,7,7,7,7,7,7,7,7,7,7,44,-999999,-999999,8,6,8,9,5,4,,-999999,1964,17,0,-999999,-999999,-999999,4,-999999,-999999,-999999,,5,5174,0.0,0,7,7,7,7,6287.0,,3197.0,,513.0,,32026.0,,11057.0,,32556.0,,2398.3,2036.3,1756.3,1511.4,1220.3,51.4,46.4,-999999.0,-999999.0,2144.3,390.0,255.0,297.3,195.0,13.7,13.0,0.0,0.0,0.0
330285,NY,330285,STRONG MEMORIAL HOSPITAL,601 ELMWOOD AVE,ROCHESTER,14642,Short Term,36055,POINT (-77.623587 43.122832),[C330285-A],20240308,20210516,1,9352,8316,7378,6390,5305,266,247,17,12,8414,1127,931.0,870.0,731.0,89,88.0,0.0,0.0,0.0,7,7,7,7,7,7,7,7,7,7,7,7,7,7,7,7,7,7,7,39,-999999,6,5,5,-999999,11,-999999,4,0.0,5,76,15,0,-999999,-999999,-999999,-999999,-999999,-999999,-999999,0.0,5,2261,0.0,0,7,7,7,7,327.0,,912.0,,67.0,,15303.0,,3917.0,,16346.0,,1336.0,1188.0,1054.0,912.9,757.9,38.0,35.3,-999999.0,-999999.0,1202.0,161.0,133.0,124.3,104.4,12.7,12.6,0.0,0.0,0.0
050025,CA,050025,UC SAN DIEGO HEALTH HILLCREST - HILLCREST MED CTR,200 WEST ARBOR DRIVE,SAN DIEGO,92103,Short Term,06073,POINT (-117.165844 32.754258),"[C050025-A, C050025-B]",20230623,20210521,1,5813,5253,4511,4035,3840,130,106,-999999,-999999,5071,1186,710.0,820.0,625.0,47,44.0,0.0,0.0,0.0,7,7,7,7,7,7,7,7,7,7,7,7,7,7,7,7,7,7,7,4,0,0,-999999,0,-999999,0,0,0,0.0,0,407,14,-999999,-999999,7,0,-999999,0,-999999,0,0.0,0,1559,0.0,0,7,7,7,7,6775.0,,2857.0,,45.0,,10870.0,,2386.0,,256.0,,830.4,750.4,644.4,576.4,548.6,18.6,15.1,-999999.0,-999999.0,724.4,169.4,101.4,117.1,89.3,6.7,6.3,0.0,0.0,0.0
050262,CA,050262,RONALD REAGAN UCLA MEDICAL CENTER,757 WESTWOOD PLAZA,LOS ANGELES,90095,Short Term,06037,POINT (-118.44562 34.06617),[C050262-A],20230623,20210521,1,3220,2744,2513,2686,2324,52,38,0,0,2989,1106,784.0,971.0,745.0,26,20.0,0.0,0.0,0.0,7,7,7,7,7,7,7,7,7,7,7,7,7,7,7,7,7,7,7,-999999,0,0,0,-999999,0,0,0,0,0.0,0,134,0,0,0,0,0,0,0,0,0,0.0,0,960,0.0,0,7,7,7,7,85.0,,110.0,,195.0,,18532.0,,6596.0,,2357.0,,460.0,392.0,359.0,383.7,332.0,7.4,5.4,0.0,0.0,427.0,158.0,112.0,138.7,106.4,-999999.0,-999999.0,0.0,0.0,0.0
050373,CA,050373,LAC+USC MEDICAL CENTER,"1200 N STATE ST, ROOM C2K100",LOS ANGELES,90033,Short Term,06037,POINT (-118.208376 34.057996),[C050373-A],20230623,20210521,1,4350,3901,3805,3314,3070,144,128,12,10,4254,907,629.0,631.0,484.0,17,16.0,0.0,0.0,0.0,7,7,7,7,7,7,7,7,7,7,7,7,7,7,7,7,7,7,7,33,0,5,4,6,10,6,-999999,-999999,0.0,0,100,6,0,-999999,-999999,-999999,-999999,0,0,0,0.0,0,3071,0.0,0,7,7,7,7,510.0,,215.0,,53.0,,7568.0,,7637.0,,221.0,,621.4,557.3,543.6,473.4,438.6,20.6,18.3,-999999.0,-999999.0,607.7,129.6,89.9,90.1,69.1,-999999.0,-999999.0,0.0,0.0,0.0
050441,CA,050441,STANFORD HEALTH CARE,300 PASTEUR DRIVE,STANFORD,94305,Short Term,06085,POINT (-122.175944 37.433018),[C050441-A],20230623,20210521,1,4501,4382,4382,4247,4247,121,111,0,0,4382,693,693.0,577.0,577.0,45,40.0,0.0,0.0,0.0,7,7,7,7,7,7,7,7,7,7,7,7,7,7,7,7,7,7,7,7,0,-999999,-999999,-999999,-999999,-999999,-999999,0,0.0,0,28,227,-999999,11,27,23,33,38,48,46,0.0,0,1625,0.0,0,7,7,7,7,0.0,,11574.0,,60.0,,53.0,,8368.0,,7.0,,643.0,626.0,626.0,606.7,606.7,17.3,15.9,0.0,0.0,626.0,99.0,99.0,82.4,82.4,6.4,5.7,0.0,0.0,0.0
050454,CA,050454,UCSF MEDICAL CENTER,"505 PARNASSUS AVE, BOX 0296",SAN FRANCISCO,94143,Short Term,06075,POINT (-122.457544 37.762452),"[C050454-C, C050454-B, C050454-D, C050454-A]",20230623,20210521,1,5943,4235,4235,4514,3408,58,51,17,17,5943,1386,714.0,1100.0,543.0,32,24.0,41.0,0.0,0.0,7,7,7,7,7,7,7,7,7,7,7,7,7,7,7,7,7,7,7,-999999,0,0,0,0,-999999,-999999,0,0,0.0,0,4,0,0,0,0,0,0,0,0,0,0.0,0,935,-999999.0,0,7,7,7,7,,,,,,,,,,,,,849.0,605.0,605.0,644.9,486.9,8.3,7.3,-999999.0,-999999.0,849.0,198.0,102.0,157.1,77.6,4.6,-999999.0,5.9,0.0,0.0
050625,CA,050625,CEDARS-SINAI MEDICAL CENTER,8700 BEVERLY BLVD,LOS ANGELES,90048,Short Term,06037,POINT (-118.380122 34.075496),[C050625-A],20230623,20210521,1,5804,5671,5671,5375,5293,64,44,0,0,5804,1127,728.0,858.0,653.0,22,21.0,0.0,0.0,0.0,7,7,7,7,7,7,7,7,7,7,7,7,7,7,7,7,7,7,7,7,0,-999999,-999999,-999999,0,-999999,-999999,0,0.0,0,18,13,0,0,-999999,-999999,-999999,5,-999999,-999999,0.0,0,1785,0.0,0,7,7,7,7,1992.0,,964.0,,114.0,,15499.0,,3629.0,,331.0,,829.1,810.1,810.1,767.9,756.1,9.1,6.3,0.0,0.0,829.1,161.0,104.0,122.6,93.3,-999999.0,-999999.0,0.0,0.0,0.0
330005,NY,330005,KALEIDA HEALTH,100 HIGH STREET,BUFFALO,14210,Short Term,36029,POINT (-78.865984 42.900906),"[C330005-B, C330005-A]",20230623,20210521,1,6853,6853,6328,4734,4734,237,237,0,0,6328,1505,1505.0,966.0,966.0,96,96.0,0.0,0.0,0.0,7,7,7,7,7,7,7,7,7,7,7,7,7,7,7,7,7,7,7,13,0,-999999,-999999,0,4,4,-999999,0,0.0,0,70,7,0,-999999,-999999,0,0,-999999,-999999,0,0.0,0,1948,0.0,0,7,7,7,7,0.0,,8.0,,10.0,,4690.0,,1810.0,,307.0,,979.0,979.0,904.0,676.3,676.3,33.9,33.9,0.0,0.0,904.0,215.0,215.0,138.0,138.0,13.7,13.7,0.0,0.0,0.0
330024,NY,330024,MOUNT SINAI HOSPITAL,ONE GUSTAVE L LEVY PLACE,NEW YORK,10029,Short Term,36061,POINT (-73.953392 40.790390),"[C330024-B, C330024-A]",20230623,20210521,1,11991,11081,9345,7329,6578,613,381,14,4,10255,1743,1596.0,887.0,749.0,76,71.0,0.0,0.0,0.0,7,7,7,7,7,7,7,7,7,7,7,7,7,7,7,7,7,7,7,22,0,-999999,-999999,-999999,-999999,-999999,5,8,0.0,-999999,701,37,0,-999999,6,4,5,7,10,-999999,0.0,-999999,3859,0.0,0,7,7,7,7,601.0,,610.0,,166.0,,16928.0,,10983.0,,431.0,,1713.0,1583.0,1335.0,1047.0,939.7,87.6,54.4,-999999.0,-999999.0,1465.0,249.0,228.0,126.7,107.0,10.9,10.1,0.0,0.0,0.0
330059,NY,330059,MONTEFIORE MEDICAL CENTER,111 EAST 210TH STREET,BRONX,10467,Short Term,36005,POINT (-73.879897 40.879872),"[C330059-C, C330059-B, C330059-A, C330059-D]",20230623,20210521,1,11473,10094,10094,8762,7923,278,278,9,9,11473,1442,861.0,1105.0,665.0,58,57.0,0.0,0.0,0.0,7,7,7,7,7,7,7,7,7,7,7,7,7,7,7,7,7,7,7,29,0,-999999,-999999,-999999,4,6,8,-999999,-999999.0,-999999,1807,0,0,0,0,0,0,0,0,0,0.0,0,4992,0.0,0,7,7,7,7,,,,,,,,,,,,,1639.0,1442.0,1442.0,1251.7,1131.9,39.7,39.7,-999999.0,-999999.0,1639.0,206.0,123.0,157.9,95.0,8.3,8.1,0.0,0.0,0.0
330101,NY,330101,NEW YORK-PRESBYTERIAN HOSPITAL,525 EAST 68TH STREET,NEW YORK,10065,Short Term,36061,POINT (-73.954509 40.764355),"[C330101-A, C330101-H, C330101-D, C330101-F, C330101-G, C330101-C, C330101-E]",20230623,20210521,1,25268,19322,17770,17161,14082,1005,433,52,18,22744,3158,1379.0,1743.0,1016.0,201,77.0,0.0,0.0,0.0,7,7,7,7,7,7,7,7,7,7,7,4,4,4,7,4,7,7,7,34,0,4,5,4,-999999,7,5,7,0.0,-999999,274,150,-999999,8,15,10,22,30,26,38,0.0,4,6763,0.0,0,7,7,7,7,,,,,,,,,,,,,3609.7,2760.3,2538.6,2451.6,2011.7,143.6,61.9,7.4,-999999.0,3249.1,451.1,344.8,435.8,254.0,28.7,19.3,0.0,0.0,0.0
330214,NY,330214,NYU LANGONE HOSPITALS,550 FIRST AVENUE,NEW YORK,10016,Short Term,36061,POINT (-73.974303 40.742311),"[C330214-B, C330214-A, C330214-C, C330214-D]",20230623,20210521,1,16772,14238,12278,10696,8654,334,300,12,6,14994,2751,1806.0,2129.0,1408.0,76,64.0,0.0,0.0,0.0,7,7,7,7,7,7,7,7,7,7,7,7,7,7,7,7,7,7,7,46,0,4,13,-999999,5,9,6,6,,-999999,2011,15,0,-999999,4,-999999,-999999,0,4,-999999,,5,5077,0.0,0,7,7,7,7,4065.0,,2751.0,,566.0,,32226.0,,10937.0,,32746.0,,2396.0,2034.0,1754.0,1528.0,1236.3,47.7,42.9,-999999.0,-999999.0,2142.0,393.0,258.0,304.1,201.1,10.9,9.1,0.0,0.0,0.0
330285,NY,330285,STRONG MEMORIAL HOSPITAL,601 ELMWOOD AVE,ROCHESTER,14642,Short Term,36055,POINT (-77.623587 43.122832),[C330285-A],20230623,20210521,1,9352,8316,7378,6397,5354,265,246,22,16,8414,1127,931.0,854.0,718.0,86,86.0,0.0,0.0,0.0,7,7,7,7,7,7,7,7,7,7,7,7,7,7,7,7,7,7,7,37,0,5,6,6,7,4,5,4,0.0,6,62,15,0,-999999,-999999,-999999,-999999,-999999,-999999,-999999,0.0,4,2307,0.0,0,7,7,7,7,146.0,,204.0,,17.0,,15316.0,,3913.0,,16350.0,,1336.0,1188.0,1054.0,913.9,764.9,37.9,35.1,-999999.0,-999999.0,1202.0,161.0,133.0,122.0,102.6,12.3,12.3,0.0,0.0,0.0
050025,CA,050025,UC SAN DIEGO HEALTH HILLCREST - HILLCREST MED CTR,200 WEST ARBOR DRIVE,SAN DIEGO,92103,Short Term,06073,POINT (-117.165844 32.754258),"[C050025-A, C050025-B]",20240308,20210523,1,5813,5253,4511,3992,3807,118,101,6,4,5071,1186,710.0,819.0,634.0,48,44.0,0.0,0.0,0.0,7,7,7,7,7,7,7,7,7,7,7,7,7,7,7,7,7,7,7,-999999,0,0,-999999,0,-999999,0,0,0,0.0,0,390,7,-999999,0,4,0,-999999,0,0,0,0.0,0,1553,0.0,0,7,7,7,7,6775.0,,2857.0,,45.0,,10870.0,,2386.0,,256.0,,830.4,750.4,644.4,570.3,543.9,16.9,14.4,-999999.0,-999999.0,724.4,169.4,101.4,117.0,90.6,6.9,6.3,0.0,0.0,0.0
050262,CA,050262,RONALD REAGAN UCLA MEDICAL CENTER,757 WESTWOOD PLAZA,LOS ANGELES,90095,Short Term,06037,POINT (-118.446328 34.066455),[C050262-A],20240308,20210523,1,3220,2744,2513,2798,2426,43,34,0,0,2989,1106,784.0,973.0,747.0,18,16.0,0.0,0.0,0.0,7,7,7,7,7,7,7,7,7,7,7,7,7,7,7,7,7,7,7,-999999,0,0,0,-999999,0,0,0,0,0.0,0,133,0,0,0,0,0,0,0,0,0,0.0,0,966,0.0,0,7,7,7,7,85.0,,110.0,,195.0,,18532.0,,6596.0,,2357.0,,460.0,392.0,359.0,399.7,346.6,6.1,4.9,0.0,0.0,427.0,158.0,112.0,139.0,106.7,-999999.0,-999999.0,0.0,0.0,0.0
050373,CA,050373,LOS ANGELES GENERAL MEDICAL CENTER,"2051 MARENGO ST, ROOM C2K100",LOS ANGELES,90033,Short Term,06037,POINT (-118.206478 34.056278),[C050373-A],20240308,20210523,1,4376,3928,3817,3365,3129,142,128,10,8,4265,896,618.0,648.0,502.0,15,14.0,0.0,0.0,0.0,7,7,7,7,7,7,7,7,7,7,7,7,7,7,7,7,7,7,7,41,0,6,4,8,10,8,-999999,-999999,0.0,-999999,97,4,0,0,-999999,-999999,-999999,0,0,0,0.0,0,3091,0.0,0,7,7,7,7,510.0,,215.0,,53.0,,7568.0,,7637.0,,221.0,,625.1,561.1,545.3,480.7,447.0,20.3,18.3,-999999.0,-999999.0,609.3,128.0,88.3,92.6,71.7,-999999.0,-999999.0,0.0,0.0,0.0
050441,CA,050441,STANFORD HEALTH CARE,300 PASTEUR DRIVE,STANFORD,94305,Short Term,06085,POINT (-122.175944 37.433018),[C050441-A],20240308,20210523,1,4587,4468,4468,4349,4349,114,105,0,0,4468,694,694.0,611.0,611.0,43,39.0,0.0,0.0,0.0,7,7,7,7,7,7,7,7,7,7,7,7,7,7,7,7,7,7,7,6,0,-999999,-999999,0,-999999,0,-999999,-999999,0.0,0,26,217,0,11,27,21,38,32,43,45,0.0,0,1609,0.0,0,7,7,7,7,0.0,,11574.0,,60.0,,53.0,,8368.0,,7.0,,655.3,638.3,638.3,621.3,621.3,16.3,15.0,0.0,0.0,638.3,99.1,99.1,87.3,87.3,6.1,5.6,0.0,0.0,0.0
050454,CA,050454,UCSF MEDICAL CENTER,"505 PARNASSUS AVE, BOX 0296",SAN FRANCISCO,94143,Short Term,06075,POINT (-122.457544 37.762452),"[C050454-C, C050454-B, C050454-D, C050454-A]",20240308,20210523,1,5943,4235,4235,4531,3412,54,48,16,16,5943,1386,714.0,1084.0,531.0,28,22.0,46.0,0.0,0.0,7,7,7,7,7,7,7,7,7,7,7,7,7,7,7,7,7,7,7,0,0,0,0,0,0,0,0,0,0.0,0,-999999,0,0,0,0,0,0,0,0,0,0.0,0,940,4.0,0,7,7,7,7,,,,,,,,,,,,,849.0,605.0,605.0,647.3,487.4,7.7,6.9,-999999.0,-999999.0,849.0,198.0,102.0,154.9,75.9,4.0,-999999.0,6.6,0.0,0.0
050625,CA,050625,CEDARS-SINAI MEDICAL CENTER,8700 BEVERLY BLVD,LOS ANGELES,90048,Short Term,06037,POINT (-118.380016 34.076549),[C050625-A],20240308,20210523,1,5742,5609,5609,5308,5227,63,46,0,0,5742,1127,728.0,857.0,651.0,25,23.0,0.0,0.0,0.0,7,7,7,7,7,7,7,7,7,7,7,7,7,7,7,7,7,7,7,6,0,-999999,-999999,0,0,-999999,-999999,0,0.0,0,19,11,0,0,-999999,-999999,0,5,-999999,-999999,0.0,0,1788,0.0,0,7,7,7,7,1992.0,,964.0,,114.0,,15499.0,,3629.0,,331.0,,820.3,801.3,801.3,758.3,746.7,9.0,6.6,0.0,0.0,820.3,161.0,104.0,122.4,93.0,-999999.0,-999999.0,0.0,0.0,0.0
330005,NY,330005,KALEIDA HEALTH,100 HIGH STREET,BUFFALO,14210,Short Term,36029,POINT (-78.865984 42.900906),"[C330005-C, C330005-B, C330005-A]",20240308,20210523,1,6853,6853,6328,4713,4713,214,213,0,0,6328,1505,1505.0,949.0,949.0,81,80.0,0.0,0.0,0.0,7,7,7,7,7,7,7,7,7,7,7,7,7,7,7,7,7,7,7,10,0,-999999,-999999,0,4,-999999,-999999,0,0.0,0,63,7,0,-999999,-999999,-999999,0,-999999,-999999,0,0.0,0,1936,0.0,0,7,7,7,7,0.0,,8.0,,10.0,,4690.0,,1810.0,,307.0,,979.0,979.0,904.0,673.3,673.3,30.6,30.4,0.0,0.0,904.0,215.0,215.0,135.6,135.6,11.6,11.4,0.0,0.0,0.0
330024,NY,330024,MOUNT SINAI HOSPITAL,ONE GUSTAVE L LEVY PLACE,NEW YORK,10029,Short Term,36061,POINT (-73.953392 40.790390),"[C330024-B, C330024-A]",20240308,20210523,1,11991,11081,9345,7270,6531,589,374,13,-999999,10255,1743,1596.0,880.0,748.0,79,73.0,0.0,0.0,0.0,7,7,7,7,7,7,7,7,7,7,7,7,7,7,7,7,7,7,7,19,0,-999999,4,-999999,-999999,0,5,6,0.0,-999999,709,29,-999999,-999999,4,-999999,6,5,6,-999999,0.0,-999999,3940,0.0,0,7,7,7,7,601.0,,610.0,,166.0,,16928.0,,10983.0,,431.0,,1713.0,1583.0,1335.0,1038.6,933.0,84.1,53.4,-999999.0,-999999.0,1465.0,249.0,228.0,125.7,106.9,11.3,10.4,0.0,0.0,0.0
330059,NY,330059,MONTEFIORE MEDICAL CENTER,111 EAST 210TH STREET,BRONX,10467,Short Term,36005,POINT (-73.879896 40.879872),"[C330059-C, C330059-B, C330059-A, C330059-D]",20240308,20210523,1,11473,10094,10094,8763,7917,242,242,8,8,11473,1442,861.0,1115.0,674.0,45,44.0,0.0,0.0,0.0,7,7,7,7,7,7,7,7,7,7,7,7,7,7,7,7,7,7,7,24,0,0,-999999,-999999,5,-999999,7,-999999,-999999.0,-999999,1853,0,0,0,0,0,0,0,0,0,0.0,0,5033,0.0,0,7,7,7,7,,,,,,,,,,,,,1639.0,1442.0,1442.0,1251.9,1131.0,34.6,34.6,-999999.0,-999999.0,1639.0,206.0,123.0,159.3,96.3,6.4,6.3,0.0,0.0,0.0
330101,NY,330101,NEW YORK-PRESBYTERIAN HOSPITAL,525 EAST 68TH STREET,NEW YORK,10065,Short Term,36061,POINT (-73.954509 40.764355),"[C330101-A, C330101-H, C330101-D, C330101-F, C330101-G, C330101-C, C330101-E]",20240308,20210523,1,24782,19360,17764,17159,14089,937,400,54,19,22434,3283,1609.0,2161.0,1261.0,193,92.0,0.0,0.0,0.0,7,7,7,7,7,7,7,7,7,7,7,5,5,5,7,5,7,7,7,32,0,5,-999999,-999999,-999999,8,5,7,0.0,-999999,273,156,0,4,18,17,24,30,27,36,0.0,6,6784,0.0,0,7,7,7,7,,,,,,,,,,,,,3540.3,2765.7,2537.7,2451.3,2012.7,133.9,57.1,7.7,-999999.0,3204.9,469.0,321.8,432.2,252.2,27.6,18.4,0.0,0.0,0.0
330214,NY,330214,NYU LANGONE HOSPITALS,550 FIRST AVENUE,NEW YORK,10016,Short Term,36061,POINT (-73.974303 40.742311),"[C330214-B, C330214-A, C330214-C, C330214-D]",20240308,20210523,1,16772,14238,12278,10552,8549,314,294,11,5,14994,2765,1820.0,2124.0,1401.0,63,53.0,0.0,0.0,0.0,7,7,7,7,7,7,7,7,7,7,7,7,7,7,7,7,7,7,7,43,0,5,9,-999999,4,8,7,8,,-999999,2005,13,0,-999999,-999999,-999999,0,0,6,-999999,,5,5033,0.0,0,7,7,7,7,4065.0,,2751.0,,566.0,,32226.0,,10937.0,,32746.0,,2396.0,2034.0,1754.0,1507.4,1221.3,44.9,42.0,-999999.0,-999999.0,2142.0,395.0,260.0,303.4,200.1,9.0,7.6,0.0,0.0,0.0
330285,NY,330285,STRONG MEMORIAL HOSPITAL,601 ELMWOOD AVE,ROCHESTER,14642,Short Term,36055,POINT (-77.623587 43.122832),[C330285-A],20240308,20210523,1,9352,8316,7378,6351,5295,259,245,17,13,8414,1127,931.0,848.0,709.0,75,75.0,0.0,0.0,0.0,7,7,7,7,7,7,7,7,7,7,7,7,7,7,7,7,7,7,7,34,-999999,4,5,5,7,5,5,-999999,0.0,6,55,11,0,-999999,-999999,-999999,-999999,-999999,-999999,-999999,0.0,-999999,2298,0.0,0,7,7,7,7,146.0,,204.0,,17.0,,15316.0,,3913.0,,16350.0,,1336.0,1188.0,1054.0,907.3,756.4,37.0,35.0,-999999.0,-999999.0,1202.0,161.0,133.0,121.1,101.3,10.7,10.7,0.0,0.0,0.0
050025,CA,050025,UC SAN DIEGO HEALTH HILLCREST - HILLCREST MED CTR,200 WEST ARBOR DRIVE,SAN DIEGO,92103,Short Term,06073,POINT (-117.165844 32.754258),"[C050025-A, C050025-B]",20230623,20210528,1,5810,5250,4508,3933,3754,101,88,9,7,5068,1183,707.0,790.0,611.0,56,52.0,0.0,0.0,0.0,7,7,7,7,7,7,7,7,7,7,7,7,7,7,7,7,7,7,7,-999999,0,0,-999999,0,0,0,0,0,0.0,0,403,6,0,-999999,-999999,0,-999999,0,0,0,0.0,0,1670,0.0,0,7,7,7,7,7424.0,,850.0,,58.0,,10904.0,,2375.0,,230.0,,830.0,750.0,644.0,561.9,536.3,14.4,12.6,-999999.0,-999999.0,724.0,169.0,101.0,112.9,87.3,8.0,7.4,0.0,0.0,0.0
050262,CA,050262,RONALD REAGAN UCLA MEDICAL CENTER,757 WESTWOOD PLAZA,LOS ANGELES,90095,Short Term,06037,POINT (-118.44562 34.06617),[C050262-A],20230623,20210528,1,3220,2744,2513,2734,2427,26,19,0,0,2989,1106,784.0,945.0,749.0,7,7.0,0.0,0.0,0.0,7,7,7,7,7,7,7,7,7,7,7,7,7,7,7,7,7,7,7,0,0,0,0,0,0,0,0,0,0.0,0,139,0,0,0,0,0,0,0,0,0,0.0,0,1013,0.0,0,7,7,7,7,59.0,,0.0,,59.0,,18591.0,,6641.0,,2357.0,,460.0,392.0,359.0,390.6,346.7,-999999.0,-999999.0,0.0,0.0,427.0,158.0,112.0,135.0,107.0,-999999.0,-999999.0,0.0,0.0,0.0
050373,CA,050373,LAC+USC MEDICAL CENTER,"1200 N STATE ST, ROOM C2K100",LOS ANGELES,90033,Short Term,06037,POINT (-118.208376 34.057996),[C050373-A],20230623,20210528,1,4428,3986,3885,3367,3154,143,134,11,11,4327,951,671.0,665.0,518.0,16,16.0,0.0,0.0,0.0,7,7,7,7,7,7,7,7,7,7,7,7,7,7,7,7,7,7,7,50,-999999,12,4,5,10,10,5,-999999,0.0,-999999,73,4,0,-999999,0,0,0,-999999,0,-999999,0.0,0,3099,0.0,0,7,7,7,7,116.0,,97.0,,31.0,,7598.0,,7570.0,,209.0,,632.6,569.4,555.0,481.0,450.6,20.4,19.1,-999999.0,-999999.0,618.1,135.9,95.9,95.0,74.0,-999999.0,-999999.0,0.0,0.0,0.0
050441,CA,050441,STANFORD HEALTH CARE,300 PASTEUR DRIVE,STANFORD,94305,Short Term,06085,POINT (-122.175944 37.433018),[C050441-A],20230623,20210528,1,4525,4406,4406,4225,4225,109,98,0,0,4406,694,694.0,625.0,625.0,43,39.0,0.0,0.0,0.0,7,7,7,7,7,7,7,7,7,7,7,7,7,7,7,7,7,7,7,6,-999999,0,-999999,0,0,0,-999999,-999999,0.0,0,32,224,-999999,8,31,23,29,49,37,44,0.0,0,1687,0.0,0,7,7,7,7,0.0,,4756.0,,51.0,,37.0,,8303.0,,14.0,,646.4,629.4,629.4,603.6,603.6,15.6,14.0,0.0,0.0,629.4,99.1,99.1,89.3,89.3,6.1,5.6,0.0,0.0,0.0
050454,CA,050454,UCSF MEDICAL CENTER,"505 PARNASSUS AVE, BOX 0296",SAN FRANCISCO,94143,Short Term,06075,POINT (-122.457544 37.762452),"[C050454-C, C050454-B, C050454-D, C050454-A]",20230623,20210528,1,5943,4235,4235,4404,3306,35,34,11,11,5943,1375,710.0,1068.0,499.0,23,23.0,46.0,0.0,0.0,7,7,7,7,7,7,7,7,7,7,7,7,7,7,7,7,7,7,7,0,0,0,0,0,0,0,0,0,0.0,0,9,0,0,0,0,0,0,0,0,0,0.0,0,908,-999999.0,0,7,7,7,7,,,,,,,,,,,,,849.0,605.0,605.0,629.1,472.3,5.0,4.9,-999999.0,-999999.0,849.0,196.4,101.4,152.6,71.3,-999999.0,-999999.0,6.6,0.0,0.0
050625,CA,050625,CEDARS-SINAI MEDICAL CENTER,8700 BEVERLY BLVD,LOS ANGELES,90048,Short Term,06037,POINT (-118.380122 34.075496),[C050625-A],20230623,20210528,1,5663,5530,5530,5145,5079,59,42,0,0,5663,1128,729.0,843.0,622.0,25,16.0,0.0,0.0,0.0,7,7,7,7,7,7,7,7,7,7,7,7,7,7,7,7,7,7,7,-999999,0,0,-999999,0,0,-999999,0,0,0.0,0,12,5,0,0,-999999,0,0,-999999,-999999,-999999,0.0,0,1814,0.0,0,7,7,7,7,1157.0,,346.0,,98.0,,15559.0,,3591.0,,309.0,,809.0,790.0,790.0,735.0,725.6,8.4,6.0,0.0,0.0,809.0,161.1,104.1,120.4,88.9,-999999.0,-999999.0,0.0,0.0,0.0
330005,NY,330005,KALEIDA HEALTH,100 HIGH STREET,BUFFALO,14210,Short Term,36029,POINT (-78.865984 42.900906),"[C330005-B, C330005-A]",20230623,20210528,1,6853,6853,6328,4446,4446,136,132,0,0,6328,1505,1505.0,868.0,868.0,51,49.0,0.0,0.0,0.0,7,7,7,7,7,7,7,7,7,7,7,7,7,7,7,7,7,7,7,7,0,-999999,0,-999999,-999999,-999999,0,-999999,0.0,0,36,-999999,0,-999999,0,-999999,0,-999999,0,0,0.0,0,1991,0.0,0,7,7,7,7,-999999.0,,4.0,,0.0,,4783.0,,1860.0,,326.0,,979.0,979.0,904.0,635.1,635.1,19.4,18.9,0.0,0.0,904.0,215.0,215.0,124.0,124.0,7.3,7.0,0.0,0.0,0.0
330024,NY,330024,MOUNT SINAI HOSPITAL,ONE GUSTAVE L LEVY PLACE,NEW YORK,10029,Short Term,36061,POINT (-73.953392 40.790390),"[C330024-B, C330024-A]",20230623,20210528,1,11691,10781,9045,7020,6321,563,327,6,0,9955,1443,1301.0,875.0,775.0,72,64.0,0.0,0.0,0.0,7,7,7,7,7,7,7,7,7,7,7,7,7,7,7,7,7,7,7,8,0,0,-999999,0,-999999,-999999,-999999,-999999,0.0,0,613,15,-999999,-999999,-999999,-999999,-999999,-999999,-999999,-999999,0.0,0,3871,0.0,0,7,7,7,7,494.0,,380.0,,104.0,,17004.0,,10939.0,,405.0,,1670.1,1540.1,1292.1,1002.9,903.0,80.4,46.7,-999999.0,0.0,1422.1,206.1,185.9,125.0,110.7,10.3,9.1,0.0,0.0,0.0
330059,NY,330059,MONTEFIORE MEDICAL CENTER,111 EAST 210TH STREET,BRONX,10467,Short Term,36005,POINT (-73.879897 40.879872),"[C330059-C, C330059-B, C330059-A, C330059-D]",20230623,20210528,1,11473,10094,10094,8639,7803,205,205,5,5,11473,1442,861.0,1108.0,665.0,38,38.0,0.0,0.0,0.0,7,7,7,7,7,7,7,7,7,7,7,7,7,7,7,7,7,7,7,22,-999999,-999999,-999999,-999999,8,-999999,-999999,-999999,-999999.0,-999999,1710,0,0,0,0,0,0,0,0,0,0.0,0,4746,0.0,0,7,7,7,7,,,,,,,,,,,,,1639.0,1442.0,1442.0,1234.1,1114.7,29.3,29.3,-999999.0,-999999.0,1639.0,206.0,123.0,158.3,95.0,5.4,5.4,0.0,0.0,0.0
330101,NY,330101,NEW YORK-PRESBYTERIAN HOSPITAL,525 EAST 68TH STREET,NEW YORK,10065,Short Term,36061,POINT (-73.954509 40.764355),"[C330101-A, C330101-H, C330101-D, C330101-F, C330101-G, C330101-C, C330101-E]",20230623,20210528,1,24874,20457,18665,16653,13646,929,371,49,17,22746,3762,2256.0,2970.0,1707.0,185,115.0,0.0,0.0,0.0,7,7,7,7,7,7,7,7,7,7,7,7,7,7,7,7,5,5,5,39,0,4,6,4,5,6,6,8,0.0,-999999,298,170,0,6,16,18,24,39,30,37,0.0,6,6496,0.0,0,7,7,7,7,,,,,,,,,,,,,3553.4,2922.4,2666.4,2379.0,1949.4,132.7,53.0,7.0,-999999.0,3249.4,537.4,322.3,424.3,243.9,26.4,16.4,0.0,0.0,0.0
330214,NY,330214,NYU LANGONE HOSPITALS,550 FIRST AVENUE,NEW YORK,10016,Short Term,36061,POINT (-73.974303 40.742311),"[C330214-B, C330214-A, C330214-C, C330214-D]",20230623,20210528,1,16772,14238,12278,10233,8265,243,213,4,0,14994,2779,1834.0,2075.0,1359.0,47,46.0,0.0,0.0,0.0,7,7,7,7,7,7,7,7,7,7,7,7,7,7,7,7,7,7,7,28,0,-999999,5,5,-999999,-999999,4,6,0.0,0,1751,6,0,-999999,-999999,-999999,0,0,-999999,-999999,0.0,5,4908,0.0,0,7,7,7,7,2045.0,,1030.0,,294.0,,32384.0,,10825.0,,32870.0,,2396.0,2034.0,1754.0,1461.9,1180.7,34.7,30.4,-999999.0,0.0,2142.0,397.0,262.0,296.4,194.1,6.7,6.6,0.0,0.0,0.0
330285,NY,330285,STRONG MEMORIAL HOSPITAL,601 ELMWOOD AVE,ROCHESTER,14642,Short Term,36055,POINT (-77.623587 43.122832),[C330285-A],20230623,20210528,1,9352,8316,7378,6057,5033,207,197,14,9,8414,1127,931.0,821.0,671.0,47,47.0,0.0,0.0,0.0,7,7,7,7,7,7,7,7,7,7,7,7,7,7,7,7,7,7,7,23,-999999,-999999,-999999,5,-999999,4,4,0,0.0,8,47,9,-999999,-999999,-999999,-999999,-999999,0,-999999,0,0.0,4,2192,0.0,0,7,7,7,7,3165.0,,0.0,,0.0,,15316.0,,3913.0,,16350.0,,1336.0,1188.0,1054.0,865.3,719.0,29.6,28.1,-999999.0,-999999.0,1202.0,161.0,133.0,117.3,95.9,6.7,6.7,0.0,0.0,0.0
050025,CA,050025,UC SAN DIEGO HEALTH HILLCREST - HILLCREST MED CTR,200 WEST ARBOR DRIVE,SAN DIEGO,92103,Short Term,06073,POINT (-117.165844 32.754258),"[C050025-A, C050025-B]",20240308,20210530,1,5810,5250,4508,3963,3780,100,80,9,7,5068,1183,707.0,787.0,604.0,54,49.0,0.0,0.0,0.0,7,7,7,7,7,7,7,7,7,7,7,7,7,7,7,7,7,7,7,-999999,0,0,-999999,0,0,0,0,0,0.0,0,419,9,0,-999999,-999999,-999999,-999999,0,-999999,0,0.0,0,1696,0.0,0,7,7,7,7,7424.0,,850.0,,58.0,,10904.0,,2375.0,,230.0,,830.0,750.0,644.0,566.1,540.0,14.3,11.4,-999999.0,-999999.0,724.0,169.0,101.0,112.4,86.3,7.7,7.0,0.0,0.0,0.0
050262,CA,050262,RONALD REAGAN UCLA MEDICAL CENTER,757 WESTWOOD PLAZA,LOS ANGELES,90095,Short Term,06037,POINT (-118.446328 34.066455),[C050262-A],20240308,20210530,1,3220,2744,2513,2713,2432,32,22,-999999,0,2989,1106,784.0,946.0,754.0,12,11.0,0.0,0.0,0.0,7,7,7,7,7,7,7,7,7,7,7,7,7,7,7,7,7,7,7,0,0,0,0,0,0,0,0,0,0.0,0,140,0,0,0,0,0,0,0,0,0,0.0,0,1042,0.0,0,7,7,7,7,59.0,,0.0,,59.0,,18591.0,,6641.0,,2357.0,,460.0,392.0,359.0,387.6,347.4,4.6,-999999.0,-999999.0,0.0,427.0,158.0,112.0,135.1,107.7,-999999.0,-999999.0,0.0,0.0,0.0
050373,CA,050373,LOS ANGELES GENERAL MEDICAL CENTER,"2051 MARENGO ST, ROOM C2K100",LOS ANGELES,90033,Short Term,06037,POINT (-118.206478 34.056278),[C050373-A],20240308,20210530,1,4452,4009,3903,3364,3152,152,135,11,11,4346,968,686.0,673.0,521.0,18,18.0,0.0,0.0,0.0,7,7,7,7,7,7,7,7,7,7,7,7,7,7,7,7,7,7,7,51,-999999,13,-999999,5,12,9,5,-999999,0.0,-999999,86,7,0,-999999,0,-999999,-999999,-999999,0,-999999,0.0,0,3154,0.0,0,7,7,7,7,116.0,,97.0,,31.0,,7598.0,,7570.0,,209.0,,636.0,572.7,557.6,480.6,450.3,21.7,19.3,-999999.0,-999999.0,620.9,138.3,98.0,96.1,74.4,-999999.0,-999999.0,0.0,0.0,0.0
050441,CA,050441,STANFORD HEALTH CARE,300 PASTEUR DRIVE,STANFORD,94305,Short Term,06085,POINT (-122.175944 37.433018),[C050441-A],20240308,20210530,1,4473,4354,4354,4173,4173,109,96,0,0,4354,693,693.0,613.0,613.0,45,41.0,-999999.0,0.0,0.0,7,7,7,7,7,7,7,7,7,7,7,7,7,7,7,7,7,7,7,4,-999999,0,0,0,-999999,0,0,-999999,0.0,0,29,228,4,8,37,25,24,54,36,40,0.0,0,1709,-999999.0,0,7,7,7,7,0.0,,4756.0,,51.0,,37.0,,8303.0,,14.0,,639.0,622.0,622.0,596.1,596.1,15.6,13.7,0.0,0.0,622.0,99.0,99.0,87.6,87.6,6.4,5.9,-999999.0,0.0,0.0
050454,CA,050454,UCSF MEDICAL CENTER,"505 PARNASSUS AVE, BOX 0296",SAN FRANCISCO,94143,Short Term,06075,POINT (-122.457544 37.762452),"[C050454-C, C050454-B, C050454-D, C050454-A]",20240308,20210530,1,5943,4235,4235,4382,3308,30,30,7,7,5943,1373,708.0,1076.0,500.0,25,25.0,42.0,0.0,0.0,7,7,7,7,7,7,7,7,7,7,7,7,7,7,7,7,7,7,7,0,0,0,0,0,0,0,0,0,0.0,0,8,0,0,0,0,0,0,0,0,0,0.0,0,938,-999999.0,0,7,7,7,7,,,,,,,,,,,,,849.0,605.0,605.0,626.0,472.6,4.3,4.3,-999999.0,-999999.0,849.0,196.1,101.1,153.7,71.4,-999999.0,-999999.0,6.0,0.0,0.0
050625,CA,050625,CEDARS-SINAI MEDICAL CENTER,8700 BEVERLY BLVD,LOS ANGELES,90048,Short Term,06037,POINT (-118.380016 34.076549),[C050625-A],20240308,20210530,1,5707,5574,5574,5193,5134,53,34,0,0,5707,1128,729.0,851.0,622.0,18,10.0,0.0,0.0,0.0,7,7,7,7,7,7,7,7,7,7,7,7,7,7,7,7,7,7,7,-999999,0,-999999,-999999,0,0,0,0,0,0.0,0,11,6,0,0,-999999,0,0,-999999,-999999,0,0.0,0,1835,0.0,0,7,7,7,7,1157.0,,346.0,,98.0,,15559.0,,3591.0,,309.0,,815.3,796.3,796.3,741.9,733.4,7.6,4.9,0.0,0.0,815.3,161.1,104.1,121.6,88.9,-999999.0,-999999.0,0.0,0.0,0.0
330005,NY,330005,KALEIDA HEALTH,100 HIGH STREET,BUFFALO,14210,Short Term,36029,POINT (-78.865984 42.900906),"[C330005-C, C330005-B, C330005-A]",20240308,20210530,1,6853,6853,6328,4457,4457,110,104,0,0,6328,1505,1505.0,883.0,883.0,49,46.0,0.0,0.0,0.0,7,7,7,7,7,7,7,7,7,7,7,7,7,7,7,7,7,7,7,5,0,-999999,0,-999999,0,-999999,0,-999999,0.0,0,33,4,0,0,0,0,0,-999999,-999999,0,0.0,0,1994,0.0,0,7,7,7,7,-999999.0,,4.0,,0.0,,4783.0,,1860.0,,326.0,,979.0,979.0,904.0,636.7,636.7,15.7,14.9,0.0,0.0,904.0,215.0,215.0,126.1,126.1,7.0,6.6,0.0,0.0,0.0
330024,NY,330024,MOUNT SINAI HOSPITAL,ONE GUSTAVE L LEVY PLACE,NEW YORK,10029,Short Term,36061,POINT (-73.953392 40.790390),"[C330024-B, C330024-A]",20240308,20210530,1,11491,10581,8845,7031,6358,540,290,7,-999999,9755,1243,1101.0,872.0,767.0,69,59.0,0.0,0.0,0.0,7,7,7,7,7,7,7,7,7,7,7,7,7,7,7,7,7,7,7,5,0,0,0,0,-999999,-999999,-999999,0,0.0,-999999,574,25,0,6,5,-999999,5,-999999,-999999,4,0.0,0,3817,0.0,0,7,7,7,7,494.0,,380.0,,104.0,,17004.0,,10939.0,,405.0,,1641.6,1511.6,1263.6,1004.4,908.3,77.1,41.4,-999999.0,-999999.0,1393.6,177.6,157.3,124.6,109.6,9.9,8.4,0.0,0.0,0.0
330059,NY,330059,MONTEFIORE MEDICAL CENTER,111 EAST 210TH STREET,BRONX,10467,Short Term,36005,POINT (-73.879896 40.879872),"[C330059-C, C330059-B, C330059-A, C330059-D]",20240308,20210530,1,11473,10094,10094,8676,7824,183,183,5,5,11473,1442,861.0,1112.0,669.0,45,45.0,0.0,0.0,0.0,7,7,7,7,7,7,7,7,7,7,7,7,7,7,7,7,7,7,7,18,-999999,-999999,0,0,7,-999999,-999999,-999999,-999999.0,-999999,1666,0,0,0,0,0,0,0,0,0,0.0,0,4742,0.0,0,7,7,7,7,,,,,,,,,,,,,1639.0,1442.0,1442.0,1239.4,1117.7,26.1,26.1,-999999.0,-999999.0,1639.0,206.0,123.0,158.9,95.6,6.4,6.4,0.0,0.0,0.0
330101,NY,330101,NEW YORK-PRESBYTERIAN HOSPITAL,525 EAST 68TH STREET,NEW YORK,10065,Short Term,36061,POINT (-73.954509 40.764355),"[C330101-A, C330101-H, C330101-D, C330101-F, C330101-G, C330101-C, C330101-E]",20240308,20210530,1,24870,20446,18654,16771,13720,915,367,40,12,22742,3765,2243.0,2981.0,1709.0,172,109.0,0.0,0.0,0.0,7,7,7,7,7,7,7,7,7,7,7,7,7,7,7,7,3,3,3,37,0,4,8,-999999,4,4,6,8,0.0,0,244,138,0,9,15,10,19,31,27,27,0.0,4,6468,0.0,0,7,7,7,7,,,,,,,,,,,,,3552.9,2920.9,2664.9,2395.9,1960.0,130.7,52.4,5.7,-999999.0,3248.9,537.9,320.4,425.9,244.1,24.6,15.6,0.0,0.0,0.0
330214,NY,330214,NYU LANGONE HOSPITALS,550 FIRST AVENUE,NEW YORK,10016,Short Term,36061,POINT (-73.974303 40.742311),"[C330214-B, C330214-A, C330214-C, C330214-D]",20240308,20210530,1,16772,14238,12278,10323,8280,216,185,8,0,14994,2779,1834.0,2092.0,1363.0,50,45.0,0.0,0.0,0.0,7,7,7,7,7,7,7,7,7,7,7,7,7,7,7,7,7,7,7,21,0,-999999,5,5,4,-999999,-999999,-999999,0.0,0,1751,6,0,0,-999999,-999999,0,0,-999999,-999999,0.0,7,4943,0.0,0,7,7,7,7,2045.0,,1030.0,,294.0,,32384.0,,10825.0,,32870.0,,2396.0,2034.0,1754.0,1474.7,1182.9,30.9,26.4,-999999.0,0.0,2142.0,397.0,262.0,298.9,194.7,7.1,6.4,0.0,0.0,0.0
330285,NY,330285,STRONG MEMORIAL HOSPITAL,601 ELMWOOD AVE,ROCHESTER,14642,Short Term,36055,POINT (-77.623587 43.122832),[C330285-A],20240308,20210530,1,9352,8316,7378,6043,5049,180,167,16,10,8414,1127,931.0,818.0,669.0,38,38.0,0.0,0.0,0.0,7,7,7,7,7,7,7,7,7,7,7,7,7,7,7,7,7,7,7,23,-999999,-999999,-999999,5,4,4,-999999,-999999,0.0,6,40,10,-999999,-999999,-999999,-999999,-999999,0,-999999,0,0.0,4,2218,0.0,0,7,7,7,7,3165.0,,0.0,,0.0,,15316.0,,3913.0,,16350.0,,1336.0,1188.0,1054.0,863.3,721.3,25.7,23.9,-999999.0,-999999.0,1202.0,161.0,133.0,116.9,95.6,5.4,5.4,0.0,0.0,0.0
050025,CA,050025,UC SAN DIEGO HEALTH HILLCREST - HILLCREST MED CTR,200 WEST ARBOR DRIVE,SAN DIEGO,92103,Short Term,06073,POINT (-117.165844 32.754258),"[C050025-A, C050025-B]",20230623,20210604,1,5810,5250,4508,4060,3878,95,68,8,7,5068,1183,707.0,807.0,625.0,40,37.0,0.0,0.0,0.0,7,7,7,7,7,7,7,7,7,7,7,7,7,7,7,7,7,7,7,-999999,0,-999999,-999999,-999999,0,0,0,0,0.0,0,386,13,0,-999999,4,-999999,4,-999999,-999999,0,0.0,0,1613,0.0,0,7,7,7,7,8790.0,,431.0,,44.0,,10944.0,,2366.0,,207.0,,830.0,750.0,644.0,580.0,554.0,13.6,9.7,-999999.0,-999999.0,724.0,169.0,101.0,115.3,89.3,5.7,5.3,0.0,0.0,0.0
050262,CA,050262,RONALD REAGAN UCLA MEDICAL CENTER,757 WESTWOOD PLAZA,LOS ANGELES,90095,Short Term,06037,POINT (-118.44562 34.06617),[C050262-A],20230623,20210604,1,3220,2744,2513,2712,2411,54,41,-999999,0,2989,1106,784.0,951.0,734.0,27,26.0,0.0,0.0,0.0,7,7,7,7,7,7,7,7,7,7,7,7,7,7,7,7,7,7,7,-999999,0,0,-999999,-999999,0,0,0,0,0.0,0,129,0,0,0,0,0,0,0,0,0,0.0,0,1025,0.0,0,7,7,7,7,,,,,,,,,,,,,460.0,392.0,359.0,387.4,344.4,7.7,5.9,-999999.0,0.0,427.0,158.0,112.0,135.9,104.9,-999999.0,-999999.0,0.0,0.0,0.0
050373,CA,050373,LAC+USC MEDICAL CENTER,"1200 N STATE ST, ROOM C2K100",LOS ANGELES,90033,Short Term,06037,POINT (-118.208376 34.057996),[C050373-A],20230623,20210604,1,4454,4010,3893,3472,3298,142,129,-999999,-999999,4337,974,691.0,699.0,568.0,13,13.0,0.0,0.0,0.0,7,7,7,7,7,7,7,7,7,7,7,7,7,7,7,7,7,7,7,43,-999999,-999999,-999999,5,11,12,4,5,0.0,-999999,62,4,0,0,0,-999999,-999999,-999999,0,0,0.0,0,3183,0.0,0,7,7,7,7,508.0,,150.0,,22.0,,7656.0,,7627.0,,200.0,,636.3,572.9,556.1,496.0,471.1,20.3,18.4,-999999.0,-999999.0,619.6,139.1,98.7,99.9,81.1,-999999.0,-999999.0,0.0,0.0,0.0
050441,CA,050441,STANFORD HEALTH CARE,300 PASTEUR DRIVE,STANFORD,94305,Short Term,06085,POINT (-122.175944 37.433018),[C050441-A],20230623,20210604,1,4541,4422,4422,4365,4365,123,108,0,0,4422,693,693.0,638.0,638.0,47,47.0,-999999.0,0.0,0.0,7,7,7,7,7,7,7,7,7,7,7,7,7,7,7,7,7,7,7,6,0,0,-999999,0,-999999,-999999,0,0,0.0,0,27,231,-999999,16,38,18,34,51,39,33,0.0,-999999,1672,-999999.0,0,7,7,7,7,0.0,,3792.0,,31.0,,22.0,,8276.0,,9.0,,648.7,631.7,631.7,623.6,623.6,17.6,15.4,0.0,0.0,631.7,99.0,99.0,91.1,91.1,6.7,6.7,-999999.0,0.0,0.0
050454,CA,050454,UCSF MEDICAL CENTER,"505 PARNASSUS AVE, BOX 0296",SAN FRANCISCO,94143,Short Term,06075,POINT (-122.457544 37.762452),"[C050454-C, C050454-B, C050454-D, C050454-A]",20230623,20210604,1,5943,4235,4235,4577,3473,35,32,5,5,5943,1377,711.0,1114.0,525.0,19,19.0,32.0,0.0,0.0,7,7,7,7,7,7,7,7,7,7,7,7,7,7,7,7,7,7,7,-999999,0,0,0,0,0,-999999,-999999,0,0.0,-999999,-999999,0,0,0,0,0,0,0,0,0,0.0,0,968,-999999.0,0,7,7,7,7,,,,,,,,,,,,,849.0,605.0,605.0,653.9,496.1,5.0,4.6,-999999.0,-999999.0,849.0,196.7,101.6,159.1,75.0,-999999.0,-999999.0,4.6,0.0,0.0
050625,CA,050625,CEDARS-SINAI MEDICAL CENTER,8700 BEVERLY BLVD,LOS ANGELES,90048,Short Term,06037,POINT (-118.380122 34.075496),[C050625-A],20230623,20210604,1,5859,5726,5726,5481,5408,40,24,-999999,0,5859,1127,728.0,876.0,649.0,15,10.0,0.0,0.0,0.0,7,7,7,7,7,7,7,7,7,7,7,7,7,7,7,7,7,7,7,-999999,0,-999999,-999999,0,0,0,0,0,0.0,0,15,6,0,-999999,-999999,0,0,-999999,-999999,-999999,0.0,0,1808,0.0,0,7,7,7,7,587.0,,114.0,,49.0,,15649.0,,3573.0,,237.0,,837.0,818.0,818.0,783.0,772.6,5.7,-999999.0,-999999.0,0.0,837.0,161.0,104.0,125.1,92.7,-999999.0,-999999.0,0.0,0.0,0.0
330005,NY,330005,KALEIDA HEALTH,100 HIGH STREET,BUFFALO,14210,Short Term,36029,POINT (-78.865984 42.900906),"[C330005-B, C330005-A]",20230623,20210604,1,6853,6853,6328,4602,4602,81,75,0,0,6328,1505,1505.0,935.0,935.0,45,42.0,0.0,0.0,0.0,7,7,7,7,7,7,7,7,7,7,7,7,7,7,7,7,7,7,7,4,0,0,0,-999999,-999999,-999999,-999999,0,0.0,0,35,8,0,0,0,-999999,-999999,-999999,-999999,0,0.0,0,2049,0.0,0,7,7,7,7,-999999.0,,-999999.0,,11.0,,4786.0,,1852.0,,331.0,,979.0,979.0,904.0,657.4,657.4,11.6,10.7,0.0,0.0,904.0,215.0,215.0,133.6,133.6,6.4,6.0,0.0,0.0,0.0
330024,NY,330024,MOUNT SINAI HOSPITAL,ONE GUSTAVE L LEVY PLACE,NEW YORK,10029,Short Term,36061,POINT (-73.953392 40.790390),"[C330024-B, C330024-A]",20230623,20210604,1,11291,10381,8645,7392,6702,445,225,13,6,9555,1043,896.0,859.0,725.0,48,39.0,0.0,0.0,0.0,7,7,7,7,7,7,7,7,7,7,7,7,7,7,7,7,7,7,7,7,0,0,-999999,0,-999999,-999999,-999999,-999999,0.0,-999999,659,28,0,6,6,0,5,5,4,-999999,0.0,0,4059,0.0,0,7,7,7,7,696.0,,406.0,,110.0,,17063.0,,10901.0,,386.0,,1613.0,1483.0,1235.0,1056.0,957.4,63.6,32.1,-999999.0,-999999.0,1365.0,149.0,128.0,122.7,103.6,6.9,5.6,0.0,0.0,0.0
330059,NY,330059,MONTEFIORE MEDICAL CENTER,111 EAST 210TH STREET,BRONX,10467,Short Term,36005,POINT (-73.879897 40.879872),"[C330059-C, C330059-B, C330059-A, C330059-D]",20230623,20210604,1,11473,10094,10094,8822,7944,140,140,8,8,11473,1442,861.0,1155.0,698.0,51,51.0,0.0,0.0,0.0,7,7,7,7,7,7,7,7,7,7,7,7,7,7,7,7,7,7,7,25,0,4,0,-999999,4,6,-999999,5,-999999.0,-999999,1778,0,0,0,0,0,0,0,0,0,0.0,0,5004,0.0,0,7,7,7,7,,,,,,,,,,,,,1639.0,1442.0,1442.0,1260.3,1134.9,20.0,20.0,-999999.0,-999999.0,1639.0,206.0,123.0,165.0,99.7,7.3,7.3,0.0,0.0,0.0
330101,NY,330101,NEW YORK-PRESBYTERIAN HOSPITAL,525 EAST 68TH STREET,NEW YORK,10065,Short Term,36061,POINT (-73.954509 40.764355),"[C330101-A, C330101-H, C330101-D, C330101-F, C330101-G, C330101-C, C330101-E]",20230623,20210604,1,24848,20417,18625,17739,14544,844,339,38,10,22720,3768,2228.0,3004.0,1719.0,159,95.0,,,,7,7,7,7,7,7,7,7,7,7,7,7,7,7,7,7,0,0,0,27,0,-999999,9,-999999,-999999,5,4,4,0.0,-999999,224,148,0,14,20,9,25,19,31,30,0.0,6,6758,,0,7,7,7,7,,,,,,,,,,,,,3549.7,2916.7,2660.7,2534.1,2077.7,120.6,48.4,5.4,-999999.0,3245.7,538.3,318.3,429.1,245.6,22.7,13.6,,,
330214,NY,330214,NYU LANGONE HOSPITALS,550 FIRST AVENUE,NEW YORK,10016,Short Term,36061,POINT (-73.974303 40.742311),"[C330214-B, C330214-A, C330214-C, C330214-D]",20230623,20210604,1,16772,14238,12278,10742,8610,184,166,11,-999999,14994,2779,1834.0,2223.0,1441.0,45,38.0,0.0,0.0,0.0,7,7,7,7,7,7,7,7,7,7,7,7,7,7,7,7,7,7,7,27,0,-999999,7,-999999,4,4,-999999,6,,-999999,1859,10,0,0,-999999,0,-999999,-999999,5,-999999,,7,5193,0.0,0,7,7,7,7,3904.0,,1393.0,,468.0,,32542.0,,10841.0,,32959.0,,2396.0,2034.0,1754.0,1534.6,1230.0,26.3,23.7,-999999.0,-999999.0,2142.0,397.0,262.0,317.6,205.9,6.4,5.4,0.0,0.0,0.0
330285,NY,330285,STRONG MEMORIAL HOSPITAL,601 ELMWOOD AVE,ROCHESTER,14642,Short Term,36055,POINT (-77.623587 43.122832),[C330285-A],20230623,20210604,1,9352,8316,7378,6175,5249,153,140,9,6,8414,1127,931.0,836.0,697.0,38,37.0,0.0,0.0,0.0,7,7,7,7,7,7,7,7,7,7,7,7,7,7,7,7,7,7,7,35,-999999,6,8,4,4,-999999,5,4,0.0,-999999,32,9,-999999,-999999,-999999,-999999,-999999,-999999,-999999,0,0.0,-999999,2387,0.0,0,7,7,7,7,931.0,,0.0,,52.0,,15368.0,,3913.0,,16350.0,,1336.0,1188.0,1054.0,882.1,749.9,21.9,20.0,-999999.0,-999999.0,1202.0,161.0,133.0,119.4,99.6,5.4,5.3,0.0,0.0,0.0
050025,CA,050025,UC SAN DIEGO HEALTH HILLCREST - HILLCREST MED CTR,200 WEST ARBOR DRIVE,SAN DIEGO,92103,Short Term,06073,POINT (-117.165844 32.754258),"[C050025-A, C050025-B]",20240308,20210606,1,5810,5250,4508,4059,3866,86,63,7,7,5068,1183,707.0,822.0,629.0,34,33.0,0.0,0.0,0.0,7,7,7,7,7,7,7,7,7,7,7,7,7,7,7,7,7,7,7,-999999,0,-999999,0,-999999,0,0,0,0,0.0,0,381,13,0,-999999,5,-999999,4,-999999,0,0,0.0,0,1609,0.0,0,7,7,7,7,8790.0,,431.0,,44.0,,10944.0,,2366.0,,207.0,,830.0,750.0,644.0,579.9,552.3,12.3,9.0,-999999.0,-999999.0,724.0,169.0,101.0,117.4,89.9,4.9,4.7,0.0,0.0,0.0
050262,CA,050262,RONALD REAGAN UCLA MEDICAL CENTER,757 WESTWOOD PLAZA,LOS ANGELES,90095,Short Term,06037,POINT (-118.446328 34.066455),[C050262-A],20240308,20210606,1,3220,2744,2513,2719,2410,55,45,0,0,2989,1106,784.0,940.0,725.0,27,27.0,0.0,0.0,0.0,7,7,7,7,7,7,7,7,7,7,7,7,7,7,7,7,7,7,7,-999999,0,0,-999999,-999999,0,0,0,0,0.0,0,126,0,0,0,0,0,0,0,0,0,0.0,0,997,0.0,0,7,7,7,7,,,,,,,,,,,,,460.0,392.0,359.0,388.4,344.3,7.9,6.4,0.0,0.0,427.0,158.0,112.0,134.3,103.6,-999999.0,-999999.0,0.0,0.0,0.0
050373,CA,050373,LOS ANGELES GENERAL MEDICAL CENTER,"2051 MARENGO ST, ROOM C2K100",LOS ANGELES,90033,Short Term,06037,POINT (-118.206478 34.056278),[C050373-A],20240308,20210606,1,4440,4003,3891,3502,3338,130,121,-999999,-999999,4328,967,691.0,689.0,573.0,14,13.0,0.0,0.0,0.0,7,7,7,7,7,7,7,7,7,7,7,7,7,7,7,7,7,7,7,42,-999999,-999999,4,6,11,10,-999999,4,0.0,-999999,59,-999999,0,0,0,0,0,-999999,-999999,0,0.0,0,3190,0.0,0,7,7,7,7,508.0,,150.0,,22.0,,7656.0,,7627.0,,200.0,,634.3,571.9,555.9,500.3,476.9,18.6,17.3,-999999.0,-999999.0,618.3,138.1,98.7,98.4,81.9,-999999.0,-999999.0,0.0,0.0,0.0
050441,CA,050441,STANFORD HEALTH CARE,300 PASTEUR DRIVE,STANFORD,94305,Short Term,06085,POINT (-122.175944 37.433018),[C050441-A],20240308,20210606,1,4564,4445,4445,4388,4388,120,105,0,0,4445,693,693.0,645.0,645.0,54,53.0,0.0,0.0,0.0,7,7,7,7,7,7,7,7,7,7,7,7,7,7,7,7,7,7,7,5,0,0,-999999,0,-999999,-999999,0,0,0.0,0,27,195,-999999,14,33,12,30,37,38,30,0.0,-999999,1631,0.0,0,7,7,7,7,0.0,,3792.0,,31.0,,22.0,,8276.0,,9.0,,652.0,635.0,635.0,626.9,626.9,17.1,15.0,0.0,0.0,635.0,99.0,99.0,92.1,92.1,7.7,7.6,0.0,0.0,0.0
050454,CA,050454,UCSF MEDICAL CENTER,"505 PARNASSUS AVE, BOX 0296",SAN FRANCISCO,94143,Short Term,06075,POINT (-122.457544 37.762452),"[C050454-C, C050454-B, C050454-D, C050454-A]",20240308,20210606,1,5943,4235,4235,4628,3490,36,33,9,8,5943,1379,713.0,1116.0,527.0,18,18.0,33.0,0.0,0.0,7,7,7,7,7,7,7,7,7,7,7,7,7,7,7,7,7,7,7,-999999,0,-999999,0,0,0,-999999,-999999,0,0.0,-999999,-999999,0,0,0,0,0,0,0,0,0,0.0,0,927,-999999.0,0,7,7,7,7,,,,,,,,,,,,,849.0,605.0,605.0,661.1,498.6,5.1,4.7,-999999.0,-999999.0,849.0,197.0,101.9,159.4,75.3,-999999.0,-999999.0,4.7,0.0,0.0
050625,CA,050625,CEDARS-SINAI MEDICAL CENTER,8700 BEVERLY BLVD,LOS ANGELES,90048,Short Term,06037,POINT (-118.380016 34.076549),[C050625-A],20240308,20210606,1,5888,5755,5755,5528,5443,42,24,-999999,0,5888,1127,728.0,864.0,648.0,18,10.0,0.0,0.0,0.0,7,7,7,7,7,7,7,7,7,7,7,7,7,7,7,7,7,7,7,4,0,0,-999999,0,0,0,-999999,-999999,0.0,0,14,5,0,-999999,-999999,0,-999999,0,0,-999999,0.0,0,1803,0.0,0,7,7,7,7,587.0,,114.0,,49.0,,15649.0,,3573.0,,237.0,,841.1,822.1,822.1,789.7,777.6,6.0,-999999.0,-999999.0,0.0,841.1,161.0,104.0,123.4,92.6,-999999.0,-999999.0,0.0,0.0,0.0
330005,NY,330005,KALEIDA HEALTH,100 HIGH STREET,BUFFALO,14210,Short Term,36029,POINT (-78.865984 42.900906),"[C330005-C, C330005-B, C330005-A]",20240308,20210606,1,6853,6853,6328,4647,4647,76,72,0,0,6328,1505,1505.0,939.0,939.0,39,37.0,0.0,0.0,0.0,7,7,7,7,7,7,7,7,7,7,7,7,7,7,7,7,7,7,7,6,0,0,0,-999999,-999999,-999999,-999999,0,0.0,0,38,6,0,0,0,-999999,-999999,-999999,-999999,0,0.0,0,2057,0.0,0,7,7,7,7,-999999.0,,-999999.0,,11.0,,4786.0,,1852.0,,331.0,,979.0,979.0,904.0,663.9,663.9,10.9,10.3,0.0,0.0,904.0,215.0,215.0,134.1,134.1,5.6,5.3,0.0,0.0,0.0
330024,NY,330024,MOUNT SINAI HOSPITAL,ONE GUSTAVE L LEVY PLACE,NEW YORK,10029,Short Term,36061,POINT (-73.953392 40.790390),"[C330024-B, C330024-A]",20240308,20210606,1,11291,10381,8645,7450,6736,419,208,12,6,9555,1043,896.0,848.0,721.0,42,33.0,0.0,0.0,0.0,7,7,7,7,7,7,7,7,7,7,7,7,7,7,7,7,7,7,7,7,0,0,-999999,0,-999999,-999999,-999999,-999999,0.0,-999999,655,21,0,-999999,4,0,-999999,5,7,-999999,0.0,-999999,4165,0.0,0,7,7,7,7,696.0,,406.0,,110.0,,17063.0,,10901.0,,386.0,,1613.0,1483.0,1235.0,1064.3,962.3,59.9,29.7,-999999.0,-999999.0,1365.0,149.0,128.0,121.1,103.0,6.0,4.7,0.0,0.0,0.0
330059,NY,330059,MONTEFIORE MEDICAL CENTER,111 EAST 210TH STREET,BRONX,10467,Short Term,36005,POINT (-73.879896 40.879872),"[C330059-C, C330059-B, C330059-A, C330059-D]",20240308,20210606,1,11473,10094,10094,8852,7966,145,145,6,6,11473,1442,861.0,1172.0,707.0,51,51.0,0.0,0.0,0.0,7,7,7,7,7,7,7,7,7,7,7,7,7,7,7,7,7,7,7,24,-999999,-999999,0,-999999,4,6,4,4,0.0,0,1856,0,0,0,0,0,0,0,0,0,0.0,0,5133,0.0,0,7,7,7,7,,,,,,,,,,,,,1639.0,1442.0,1442.0,1264.6,1138.0,20.7,20.7,-999999.0,-999999.0,1639.0,206.0,123.0,167.4,101.0,7.3,7.3,0.0,0.0,0.0
330101,NY,330101,NEW YORK-PRESBYTERIAN HOSPITAL,525 EAST 68TH STREET,NEW YORK,10065,Short Term,36061,POINT (-73.954509 40.764355),"[C330101-A, C330101-H, C330101-D, C330101-F, C330101-G, C330101-C, C330101-E]",20240308,20210606,1,24852,20428,18636,17787,14575,848,336,45,12,22724,3765,2232.0,2987.0,1703.0,161,90.0,,,,7,7,7,7,7,7,7,7,7,7,7,7,7,7,7,7,0,0,0,24,0,0,6,-999999,-999999,6,4,-999999,0.0,-999999,256,177,0,13,26,13,25,27,33,40,0.0,10,6914,,0,7,7,7,7,,,,,,,,,,,,,3550.3,2918.3,2662.3,2541.0,2082.1,121.1,48.0,6.4,-999999.0,3246.3,537.9,318.9,426.7,243.3,23.0,12.9,,,
330214,NY,330214,NYU LANGONE HOSPITALS,550 FIRST AVENUE,NEW YORK,10016,Short Term,36061,POINT (-73.974303 40.742311),"[C330214-B, C330214-A, C330214-C, C330214-D]",20240308,20210606,1,16772,14238,12278,10735,8603,175,159,8,5,14994,2779,1834.0,2242.0,1450.0,42,38.0,0.0,0.0,0.0,7,7,7,7,7,7,7,7,7,7,7,7,7,7,7,7,6,6,6,29,0,-999999,9,-999999,-999999,4,5,6,0.0,-999999,1861,9,0,0,-999999,0,-999999,-999999,4,0,0.0,5,5161,0.0,0,7,7,7,7,3904.0,,1393.0,,468.0,,32542.0,,10841.0,,32959.0,,2396.0,2034.0,1754.0,1533.6,1229.0,25.0,22.7,-999999.0,-999999.0,2142.0,397.0,262.0,320.3,207.1,6.0,5.4,0.0,0.0,0.0
330285,NY,330285,STRONG MEMORIAL HOSPITAL,601 ELMWOOD AVE,ROCHESTER,14642,Short Term,36055,POINT (-77.623587 43.122832),[C330285-A],20240308,20210606,1,9352,8316,7378,6126,5224,152,135,10,4,8414,1127,931.0,814.0,682.0,42,41.0,0.0,0.0,0.0,7,7,7,7,7,7,7,7,7,7,7,7,7,7,7,7,7,7,7,37,-999999,7,9,5,-999999,-999999,7,4,0.0,-999999,31,14,-999999,-999999,-999999,-999999,5,-999999,0,0,0.0,6,2378,0.0,0,7,7,7,7,931.0,,0.0,,52.0,,15368.0,,3913.0,,16350.0,,1336.0,1188.0,1054.0,875.1,746.3,21.7,19.3,-999999.0,-999999.0,1202.0,161.0,133.0,116.3,97.4,6.0,5.9,0.0,0.0,0.0
050025,CA,050025,UC SAN DIEGO HEALTH HILLCREST - HILLCREST MED CTR,200 WEST ARBOR DRIVE,SAN DIEGO,92103,Short Term,06073,POINT (-117.165844 32.754258),"[C050025-A, C050025-B]",20230623,20210611,1,5810,5250,4508,4057,3832,68,51,9,7,5068,1183,707.0,848.0,623.0,27,25.0,0.0,0.0,0.0,7,7,7,7,7,7,7,7,7,7,7,7,7,7,7,7,7,7,7,-999999,0,0,0,0,-999999,0,0,0,0.0,0,387,8,0,-999999,4,-999999,-999999,0,0,0,0.0,0,1671,0.0,0,7,7,7,7,10423.0,,480.0,,26.0,,10968.0,,2364.0,,192.0,,830.0,750.0,644.0,579.6,547.4,9.7,7.3,-999999.0,-999999.0,724.0,169.0,101.0,121.1,89.0,-999999.0,-999999.0,0.0,0.0,0.0
050262,CA,050262,RONALD REAGAN UCLA MEDICAL CENTER,757 WESTWOOD PLAZA,LOS ANGELES,90095,Short Term,06037,POINT (-118.44562 34.06617),[C050262-A],20230623,20210611,1,3220,2744,2513,2731,2419,43,36,0,0,2989,1106,784.0,979.0,735.0,25,25.0,0.0,0.0,0.0,7,7,7,7,7,7,7,7,7,7,7,7,7,7,7,7,7,7,7,0,0,0,0,0,0,0,0,0,0.0,0,125,0,0,0,0,0,0,0,0,0,0.0,0,994,0.0,0,7,7,7,7,,,,,,,,,,,,,460.0,392.0,359.0,390.1,345.6,6.1,5.1,0.0,0.0,427.0,158.0,112.0,139.9,105.0,-999999.0,-999999.0,0.0,0.0,0.0
050373,CA,050373,LAC+USC MEDICAL CENTER,"1200 N STATE ST, ROOM C2K100",LOS ANGELES,90033,Short Term,06037,POINT (-118.208376 34.057996),[C050373-A],20230623,20210611,1,4461,4045,3907,3518,3343,112,102,0,0,4323,948,694.0,698.0,589.0,22,21.0,0.0,0.0,0.0,7,7,7,7,7,7,7,7,7,7,7,7,7,7,7,7,7,7,7,47,0,4,6,9,15,7,6,0,0.0,0,67,-999999,0,-999999,0,0,0,-999999,-999999,0,0.0,0,3250,0.0,0,7,7,7,7,209.0,,160.0,,28.0,,7738.0,,7588.0,,193.0,,637.3,577.9,558.1,502.6,477.6,16.0,14.6,0.0,0.0,617.6,135.4,99.1,99.7,84.1,-999999.0,-999999.0,0.0,0.0,0.0
050441,CA,050441,STANFORD HEALTH CARE,300 PASTEUR DRIVE,STANFORD,94305,Short Term,06085,POINT (-122.175944 37.433018),[C050441-A],20230623,20210611,1,4537,4418,4418,4327,4327,109,98,0,0,4418,713,713.0,630.0,630.0,50,47.0,0.0,0.0,0.0,7,7,7,7,7,7,7,7,7,7,7,7,7,7,7,7,7,7,7,4,-999999,0,0,0,-999999,0,0,-999999,0.0,0,24,201,-999999,14,37,14,27,30,47,31,0.0,-999999,1622,0.0,0,7,7,7,7,0.0,,3172.0,,-999999.0,,0.0,,8279.0,,-999999.0,,648.1,631.1,631.1,618.1,618.1,15.6,14.0,0.0,0.0,631.1,101.9,101.9,90.0,90.0,7.1,6.7,0.0,0.0,0.0
050454,CA,050454,UCSF MEDICAL CENTER,"505 PARNASSUS AVE, BOX 0296",SAN FRANCISCO,94143,Short Term,06075,POINT (-122.457544 37.762452),"[C050454-C, C050454-B, C050454-D, C050454-A]",20230623,20210611,1,5943,4235,4235,4645,3485,39,39,26,19,5943,1386,714.0,1113.0,520.0,15,15.0,36.0,0.0,56.0,7,7,7,7,7,7,7,7,7,7,7,7,7,7,7,7,7,7,7,-999999,0,-999999,0,0,0,0,0,0,0.0,0,10,0,0,0,0,0,0,0,0,0,0.0,0,971,0.0,0,7,7,7,7,,,,,,,,,,,,,849.0,605.0,605.0,663.6,497.9,5.6,5.6,-999999.0,-999999.0,849.0,198.0,102.0,159.0,74.3,-999999.0,-999999.0,5.1,0.0,8.0
050625,CA,050625,CEDARS-SINAI MEDICAL CENTER,8700 BEVERLY BLVD,LOS ANGELES,90048,Short Term,06037,POINT (-118.380122 34.075496),[C050625-A],20230623,20210611,1,5837,5704,5704,5514,5422,41,21,0,0,5837,1127,728.0,865.0,664.0,9,-999999.0,0.0,0.0,0.0,7,7,7,7,7,7,7,7,7,7,7,7,7,7,7,7,7,7,7,4,0,0,0,0,-999999,0,-999999,-999999,0.0,0,16,5,0,0,-999999,0,-999999,-999999,0,-999999,0.0,0,1789,0.0,0,7,7,7,7,960.0,,293.0,,38.0,,15672.0,,3556.0,,231.0,,833.9,814.9,814.9,787.7,774.6,5.9,-999999.0,0.0,0.0,833.9,161.0,104.0,123.6,94.9,-999999.0,-999999.0,0.0,0.0,0.0
330005,NY,330005,KALEIDA HEALTH,100 HIGH STREET,BUFFALO,14210,Short Term,36029,POINT (-78.865984 42.900906),"[C330005-B, C330005-A]",20230623,20210611,1,6853,6853,6328,4582,4582,46,40,0,0,6328,1505,1505.0,943.0,943.0,22,20.0,0.0,0.0,0.0,7,7,7,7,7,7,7,7,7,7,7,7,7,7,7,7,7,7,7,7,0,0,0,-999999,0,4,-999999,0,0.0,0,22,-999999,0,0,0,-999999,0,0,-999999,0,0.0,0,2002,0.0,0,7,7,7,7,8.0,,0.0,,33.0,,4792.0,,1823.0,,354.0,,979.0,979.0,904.0,654.6,654.6,6.6,5.7,0.0,0.0,904.0,215.0,215.0,134.7,134.7,-999999.0,-999999.0,0.0,0.0,0.0
330024,NY,330024,MOUNT SINAI HOSPITAL,ONE GUSTAVE L LEVY PLACE,NEW YORK,10029,Short Term,36061,POINT (-73.953392 40.790390),"[C330024-B, C330024-A]",20230623,20210611,1,11291,10381,8645,7539,6837,321,146,10,8,9555,1043,896.0,837.0,716.0,34,25.0,0.0,0.0,0.0,7,7,7,7,7,7,7,7,7,7,7,7,7,7,7,7,7,7,7,-999999,0,-999999,0,0,-999999,0,-999999,0,0.0,-999999,588,24,-999999,-999999,9,-999999,-999999,-999999,5,-999999,0.0,-999999,4178,0.0,0,7,7,7,7,657.0,,310.0,,129.0,,17138.0,,10855.0,,366.0,,1613.0,1483.0,1235.0,1077.0,976.7,45.9,20.9,-999999.0,-999999.0,1365.0,149.0,128.0,119.6,102.3,4.9,-999999.0,0.0,0.0,0.0
330059,NY,330059,MONTEFIORE MEDICAL CENTER,111 EAST 210TH STREET,BRONX,10467,Short Term,36005,POINT (-73.879897 40.879872),"[C330059-C, C330059-B, C330059-A, C330059-D]",20230623,20210611,1,11473,10094,10094,8984,8085,129,129,-999999,-999999,11473,1442,861.0,1191.0,712.0,46,46.0,0.0,0.0,0.0,7,7,7,7,7,7,7,7,7,7,7,7,7,7,7,7,7,7,7,12,-999999,-999999,-999999,-999999,-999999,-999999,-999999,-999999,0.0,0,1740,0,0,0,0,0,0,0,0,0,0.0,0,5076,0.0,0,7,7,7,7,,,,,,,,,,,,,1639.0,1442.0,1442.0,1283.4,1155.0,18.4,18.4,-999999.0,-999999.0,1639.0,206.0,123.0,170.1,101.7,6.6,6.6,0.0,0.0,0.0
330101,NY,330101,NEW YORK-PRESBYTERIAN HOSPITAL,525 EAST 68TH STREET,NEW YORK,10065,Short Term,36061,POINT (-73.954509 40.764355),"[C330101-A, C330101-H, C330101-D, C330101-F, C330101-G, C330101-C, C330101-E]",20230623,20210611,1,24788,20357,18565,17578,14403,863,292,44,11,22660,3750,2210.0,2949.0,1651.0,144,72.0,,,,7,7,7,7,7,7,7,7,7,7,7,7,7,7,7,7,0,0,0,20,0,0,-999999,4,-999999,6,-999999,-999999,0.0,0,260,179,-999999,11,19,22,23,33,36,33,0.0,8,7047,,0,7,7,7,7,,,,,,,,,,,,,3541.1,2908.1,2652.1,2511.1,2057.6,123.3,41.7,6.3,-999999.0,3237.1,535.7,315.7,421.3,235.9,20.6,10.3,,,
330214,NY,330214,NYU LANGONE HOSPITALS,550 FIRST AVENUE,NEW YORK,10016,Short Term,36061,POINT (-73.974303 40.742311),"[C330214-B, C330214-A, C330214-C, C330214-D]",20230623,20210611,1,16772,14238,12281,10631,8436,140,128,15,11,14994,2755,1810.0,2215.0,1401.0,38,36.0,0.0,0.0,0.0,7,7,7,7,7,7,7,7,7,7,7,7,7,7,7,7,1,1,1,21,0,4,6,-999999,-999999,-999999,4,-999999,0.0,-999999,1952,6,0,0,-999999,0,-999999,-999999,-999999,0,0.0,8,5120,0.0,0,7,7,7,7,2612.0,,808.0,,320.0,,32491.0,,10970.0,,32840.0,,2396.0,2034.0,1754.4,1518.7,1205.1,20.0,18.3,-999999.0,-999999.0,2142.0,393.6,258.6,316.4,200.1,5.4,5.1,0.0,0.0,0.0
330285,NY,330285,STRONG MEMORIAL HOSPITAL,601 ELMWOOD AVE,ROCHESTER,14642,Short Term,36055,POINT (-77.623587 43.122832),[C330285-A],20230623,20210611,1,9352,8316,7378,5996,5113,156,136,19,5,8414,1127,931.0,787.0,663.0,54,54.0,0.0,0.0,0.0,7,7,7,7,7,7,7,7,7,7,7,7,7,7,7,7,7,7,7,26,0,7,4,-999999,-999999,4,4,-999999,0.0,-999999,33,18,-999999,-999999,-999999,4,6,-999999,-999999,0,0.0,19,2277,0.0,0,7,7,7,7,172.0,,0.0,,0.0,,15368.0,,3913.0,,16350.0,,1336.0,1188.0,1054.0,856.6,730.4,22.3,19.4,-999999.0,-999999.0,1202.0,161.0,133.0,112.4,94.7,7.7,7.7,0.0,0.0,0.0
050025,CA,050025,UC SAN DIEGO HEALTH HILLCREST - HILLCREST MED CTR,200 WEST ARBOR DRIVE,SAN DIEGO,92103,Short Term,06073,POINT (-117.165844 32.754258),"[C050025-A, C050025-B]",20240308,20210613,1,5810,5250,4508,4048,3819,64,51,9,7,5068,1183,707.0,841.0,612.0,30,28.0,0.0,0.0,0.0,7,7,7,7,7,7,7,7,7,7,7,7,7,7,7,7,7,7,7,-999999,0,0,0,0,-999999,0,0,0,0.0,0,383,5,0,-999999,-999999,0,0,0,-999999,0,0.0,0,1672,0.0,0,7,7,7,7,10423.0,,480.0,,26.0,,10968.0,,2364.0,,192.0,,830.0,750.0,644.0,578.3,545.6,9.1,7.3,-999999.0,-999999.0,724.0,169.0,101.0,120.1,87.4,4.3,4.0,0.0,0.0,0.0
050262,CA,050262,RONALD REAGAN UCLA MEDICAL CENTER,757 WESTWOOD PLAZA,LOS ANGELES,90095,Short Term,06037,POINT (-118.446328 34.066455),[C050262-A],20240308,20210613,1,3220,2744,2513,2729,2407,41,34,0,0,2989,1106,784.0,995.0,733.0,23,23.0,0.0,0.0,0.0,7,7,7,7,7,7,7,7,7,7,7,7,7,7,7,7,7,7,7,0,0,0,0,0,0,0,0,0,0.0,0,131,0,0,0,0,0,0,0,0,0,0.0,0,1026,0.0,0,7,7,7,7,,,,,,,,,,,,,460.0,392.0,359.0,389.9,343.9,5.9,4.9,0.0,0.0,427.0,158.0,112.0,142.1,104.7,-999999.0,-999999.0,0.0,0.0,0.0
050373,CA,050373,LOS ANGELES GENERAL MEDICAL CENTER,"2051 MARENGO ST, ROOM C2K100",LOS ANGELES,90033,Short Term,06037,POINT (-118.206478 34.056278),[C050373-A],20240308,20210613,1,4457,4044,3907,3536,3363,92,87,0,0,4320,942,693.0,693.0,588.0,17,17.0,0.0,0.0,0.0,7,7,7,7,7,7,7,7,7,7,7,7,7,7,7,7,7,7,7,45,0,-999999,5,7,14,9,5,-999999,0.0,0,52,-999999,0,-999999,0,0,0,0,0,0,0.0,0,3315,0.0,0,7,7,7,7,209.0,,160.0,,28.0,,7738.0,,7588.0,,193.0,,636.7,577.7,558.1,505.1,480.4,13.1,12.4,0.0,0.0,617.1,134.6,99.0,99.0,84.0,-999999.0,-999999.0,0.0,0.0,0.0
050441,CA,050441,STANFORD HEALTH CARE,300 PASTEUR DRIVE,STANFORD,94305,Short Term,06085,POINT (-122.175944 37.433018),[C050441-A],20240308,20210613,1,4504,4385,4385,4294,4294,112,104,0,0,4385,733,733.0,626.0,626.0,44,42.0,0.0,0.0,0.0,7,7,7,7,7,7,7,7,7,7,7,7,7,7,7,7,7,7,7,8,-999999,-999999,0,-999999,-999999,-999999,0,-999999,0.0,0,33,201,-999999,15,35,15,28,35,42,30,0.0,0,1624,0.0,0,7,7,7,7,0.0,,3172.0,,-999999.0,,0.0,,8279.0,,-999999.0,,643.4,626.4,626.4,613.4,613.4,16.0,14.9,0.0,0.0,626.4,104.7,104.7,89.4,89.4,6.3,6.0,0.0,0.0,0.0
050454,CA,050454,UCSF MEDICAL CENTER,"505 PARNASSUS AVE, BOX 0296",SAN FRANCISCO,94143,Short Term,06075,POINT (-122.457544 37.762452),"[C050454-C, C050454-B, C050454-D, C050454-A]",20240308,20210613,1,5943,4235,4171,4629,3494,52,48,24,17,5879,1386,714.0,1104.0,512.0,16,16.0,40.0,0.0,92.0,7,7,7,7,7,7,7,7,7,7,7,7,7,7,7,7,7,7,7,0,0,0,0,0,0,0,0,0,0.0,0,11,0,0,0,0,0,0,0,0,0,0.0,0,975,0.0,0,7,7,7,7,,,,,,,,,,,,,849.0,605.0,595.9,661.3,499.1,7.4,6.9,-999999.0,-999999.0,839.9,198.0,102.0,157.7,73.1,-999999.0,-999999.0,5.7,0.0,13.1
050625,CA,050625,CEDARS-SINAI MEDICAL CENTER,8700 BEVERLY BLVD,LOS ANGELES,90048,Short Term,06037,POINT (-118.380016 34.076549),[C050625-A],20240308,20210613,1,5818,5685,5685,5474,5386,45,25,0,0,5818,1127,728.0,868.0,670.0,6,-999999.0,0.0,0.0,0.0,7,7,7,7,7,7,7,7,7,7,7,7,7,7,7,7,7,7,7,6,0,0,-999999,-999999,-999999,-999999,0,-999999,0.0,0,22,7,0,0,0,-999999,-999999,-999999,0,-999999,0.0,0,1803,0.0,0,7,7,7,7,960.0,,293.0,,38.0,,15672.0,,3556.0,,231.0,,831.1,812.1,812.1,782.0,769.4,6.4,-999999.0,0.0,0.0,831.1,161.0,104.0,124.0,95.7,-999999.0,-999999.0,0.0,0.0,0.0
330005,NY,330005,KALEIDA HEALTH,100 HIGH STREET,BUFFALO,14210,Short Term,36029,POINT (-78.865984 42.900906),"[C330005-C, C330005-B, C330005-A]",20240308,20210613,1,6853,6853,6328,4517,4517,35,27,0,0,6328,1505,1505.0,917.0,917.0,18,16.0,0.0,0.0,0.0,7,7,7,7,7,7,7,7,7,7,7,7,7,7,7,7,7,7,7,5,0,0,0,0,0,4,-999999,0,0.0,0,11,-999999,0,0,0,-999999,0,0,-999999,0,0.0,0,1994,0.0,0,7,7,7,7,8.0,,0.0,,33.0,,4792.0,,1823.0,,354.0,,979.0,979.0,904.0,645.3,645.3,5.0,-999999.0,0.0,0.0,904.0,215.0,215.0,131.0,131.0,-999999.0,-999999.0,0.0,0.0,0.0
330024,NY,330024,MOUNT SINAI HOSPITAL,ONE GUSTAVE L LEVY PLACE,NEW YORK,10029,Short Term,36061,POINT (-73.953392 40.790390),"[C330024-B, C330024-A]",20240308,20210613,1,11291,10381,8645,7581,6898,280,131,8,6,9555,1043,896.0,857.0,729.0,27,22.0,0.0,0.0,0.0,7,7,7,7,7,7,7,7,7,7,7,7,7,7,7,7,7,7,7,6,0,-999999,0,0,-999999,0,-999999,0,0.0,-999999,595,20,-999999,-999999,6,4,-999999,-999999,-999999,-999999,0.0,0,4139,0.0,0,7,7,7,7,657.0,,310.0,,129.0,,17138.0,,10855.0,,366.0,,1613.0,1483.0,1235.0,1083.0,985.4,40.0,18.7,-999999.0,-999999.0,1365.0,149.0,128.0,122.4,104.1,-999999.0,-999999.0,0.0,0.0,0.0
330059,NY,330059,MONTEFIORE MEDICAL CENTER,111 EAST 210TH STREET,BRONX,10467,Short Term,36005,POINT (-73.879896 40.879872),"[C330059-C, C330059-B, C330059-A, C330059-D]",20240308,20210613,1,11473,10094,10094,8988,8098,113,113,-999999,-999999,11473,1442,861.0,1196.0,714.0,40,40.0,0.0,0.0,0.0,7,7,7,7,7,7,7,7,7,7,7,7,7,7,7,7,7,7,7,11,0,-999999,-999999,-999999,4,-999999,0,-999999,0.0,0,1674,0,0,0,0,0,0,0,0,0,0.0,0,4921,0.0,0,7,7,7,7,,,,,,,,,,,,,1639.0,1442.0,1442.0,1284.0,1156.9,16.1,16.1,-999999.0,-999999.0,1639.0,206.0,123.0,170.9,102.0,5.7,5.7,0.0,0.0,0.0
330101,NY,330101,NEW YORK-PRESBYTERIAN HOSPITAL,525 EAST 68TH STREET,NEW YORK,10065,Short Term,36061,POINT (-73.954509 40.764355),"[C330101-A, C330101-H, C330101-D, C330101-F, C330101-G, C330101-C, C330101-E]",20240308,20210613,1,24710,20265,18473,17530,14407,855,261,44,9,22582,3744,2190.0,2967.0,1661.0,126,59.0,,,,7,7,7,7,7,7,7,7,7,7,7,7,7,7,7,7,0,0,0,15,0,0,-999999,-999999,-999999,5,-999999,-999999,0.0,-999999,291,187,-999999,10,16,26,28,34,41,30,0.0,8,7067,,0,7,7,7,7,,,,,,,,,,,,,3530.0,2895.0,2639.0,2504.3,2058.1,122.1,37.3,6.3,-999999.0,3226.0,534.9,312.9,423.9,237.3,18.0,8.4,,,
330214,NY,330214,NYU LANGONE HOSPITALS,550 FIRST AVENUE,NEW YORK,10016,Short Term,36061,POINT (-73.974303 40.742311),"[C330214-B, C330214-A, C330214-C, C330214-D]",20240308,20210613,1,16772,14238,12281,10655,8485,131,118,17,9,14994,2743,1798.0,2198.0,1383.0,32,31.0,,,,7,7,7,7,7,7,7,7,7,7,7,7,7,7,7,7,0,0,0,22,0,5,-999999,-999999,4,-999999,4,-999999,,-999999,1972,8,0,-999999,-999999,0,0,-999999,-999999,-999999,-999999.0,9,5243,,0,7,7,7,7,2612.0,,808.0,,320.0,,32491.0,,10970.0,,32840.0,,2396.0,2034.0,1754.4,1522.1,1212.1,18.7,16.9,-999999.0,-999999.0,2142.0,391.9,256.9,314.0,197.6,4.6,4.4,,,
330285,NY,330285,STRONG MEMORIAL HOSPITAL,601 ELMWOOD AVE,ROCHESTER,14642,Short Term,36055,POINT (-77.623587 43.122832),[C330285-A],20240308,20210613,1,9352,8316,7378,5984,5108,153,135,18,4,8414,1127,931.0,816.0,690.0,52,52.0,0.0,0.0,0.0,7,7,7,7,7,7,7,7,7,7,7,7,7,7,7,7,7,7,7,18,0,5,4,-999999,-999999,4,-999999,-999999,0.0,-999999,37,14,-999999,-999999,-999999,-999999,4,-999999,-999999,-999999,0.0,18,2281,0.0,0,7,7,7,7,172.0,,0.0,,0.0,,15368.0,,3913.0,,16350.0,,1336.0,1188.0,1054.0,854.9,729.7,21.9,19.3,-999999.0,-999999.0,1202.0,161.0,133.0,116.6,98.6,7.4,7.4,0.0,0.0,0.0
050025,CA,050025,UC SAN DIEGO HEALTH HILLCREST - HILLCREST MED CTR,200 WEST ARBOR DRIVE,SAN DIEGO,92103,Short Term,06073,POINT (-117.165844 32.754258),"[C050025-A, C050025-B]",20230623,20210618,1,5810,5250,4508,4054,3845,70,56,9,7,5068,1186,707.0,804.0,595.0,38,35.0,0.0,0.0,0.0,7,7,7,7,7,7,7,7,7,7,7,7,7,7,7,7,7,7,7,-999999,0,0,0,-999999,0,0,0,0,0.0,0,383,7,0,0,-999999,-999999,-999999,-999999,-999999,0,0.0,0,1624,0.0,0,7,7,7,7,7074.0,,198.0,,23.0,,10962.0,,2359.0,,187.0,,830.0,750.0,644.0,579.1,549.3,10.0,8.0,-999999.0,-999999.0,724.0,169.4,101.0,114.9,85.0,5.4,5.0,0.0,0.0,0.0
050262,CA,050262,RONALD REAGAN UCLA MEDICAL CENTER,757 WESTWOOD PLAZA,LOS ANGELES,90095,Short Term,06037,POINT (-118.44562 34.06617),[C050262-A],20230623,20210618,1,3220,2744,2513,2768,2422,37,30,0,0,2989,1106,784.0,997.0,743.0,20,20.0,0.0,0.0,0.0,7,7,7,7,7,7,7,7,7,7,7,7,7,7,7,7,7,7,7,0,0,0,0,0,0,0,0,0,0.0,0,150,0,0,0,0,0,0,0,0,0,0.0,0,1037,0.0,0,7,7,7,7,313.0,,169.0,,482.0,,18904.0,,6633.0,,2210.0,,460.0,392.0,359.0,395.4,346.0,5.3,4.3,0.0,0.0,427.0,158.0,112.0,142.4,106.1,-999999.0,-999999.0,0.0,0.0,0.0
050373,CA,050373,LAC+USC MEDICAL CENTER,"1200 N STATE ST, ROOM C2K100",LOS ANGELES,90033,Short Term,06037,POINT (-118.208376 34.057996),[C050373-A],20230623,20210618,1,4470,4036,3899,3565,3378,76,67,-999999,0,4333,915,649.0,699.0,577.0,10,8.0,0.0,0.0,0.0,7,7,7,7,7,7,7,7,7,7,7,7,7,7,7,7,7,7,7,38,0,-999999,4,5,12,10,-999999,-999999,0.0,0,42,4,0,0,-999999,0,-999999,-999999,0,0,0.0,0,3277,0.0,0,7,7,7,7,62.0,,77.0,,34.0,,7839.0,,7525.0,,194.0,,638.6,576.6,557.0,509.3,482.6,10.9,9.6,-999999.0,0.0,619.0,130.7,92.7,99.9,82.4,-999999.0,-999999.0,0.0,0.0,0.0
050441,CA,050441,STANFORD HEALTH CARE,300 PASTEUR DRIVE,STANFORD,94305,Short Term,06085,POINT (-122.175944 37.433018),[C050441-A],20230623,20210618,1,4530,4411,4411,4349,4349,112,104,0,0,4411,813,813.0,655.0,655.0,49,45.0,0.0,0.0,0.0,7,7,7,7,7,7,7,7,7,7,7,7,7,7,7,7,7,7,7,6,0,-999999,0,-999999,-999999,-999999,0,0,0.0,0,32,185,-999999,12,42,14,25,32,30,27,0.0,0,1676,0.0,0,7,7,7,7,0.0,,1919.0,,0.0,,0.0,,8259.0,,0.0,,647.1,630.1,630.1,621.3,621.3,16.0,14.9,0.0,0.0,630.1,116.1,116.1,93.6,93.6,7.0,6.4,0.0,0.0,0.0
050454,CA,050454,UCSF MEDICAL CENTER,"505 PARNASSUS AVE, BOX 0296",SAN FRANCISCO,94143,Short Term,06075,POINT (-122.457544 37.762452),"[C050454-C, C050454-B, C050454-D, C050454-A]",20230623,20210618,1,5943,4235,4171,4571,3459,70,61,9,8,5879,1386,714.0,1072.0,502.0,19,18.0,44.0,0.0,113.0,7,7,7,7,7,7,7,7,7,7,7,7,7,7,7,7,7,7,7,-999999,0,0,0,0,-999999,0,0,0,0.0,28,5,0,0,0,0,0,0,0,0,0,0.0,0,927,0.0,0,7,7,7,7,,,,,,,,,,,,,849.0,605.0,595.9,653.0,494.1,10.0,8.7,-999999.0,-999999.0,839.9,198.0,102.0,153.1,71.7,-999999.0,-999999.0,6.3,0.0,16.1
050625,CA,050625,CEDARS-SINAI MEDICAL CENTER,8700 BEVERLY BLVD,LOS ANGELES,90048,Short Term,06037,POINT (-118.380122 34.075496),[C050625-A],20230623,20210618,1,5855,5722,5722,5468,5410,57,41,0,0,5855,1127,732.0,890.0,683.0,9,7.0,0.0,0.0,0.0,7,7,7,7,7,7,7,7,7,7,7,7,7,7,7,7,7,7,7,9,0,0,4,-999999,-999999,-999999,0,-999999,0.0,0,21,5,0,0,-999999,-999999,-999999,-999999,0,-999999,0.0,0,1795,0.0,0,7,7,7,7,330.0,,233.0,,34.0,,15704.0,,3542.0,,213.0,,836.4,817.4,817.4,781.1,772.9,8.1,5.9,0.0,0.0,836.4,161.0,104.6,127.1,97.6,-999999.0,-999999.0,0.0,0.0,0.0
330005,NY,330005,KALEIDA HEALTH,100 HIGH STREET,BUFFALO,14210,Short Term,36029,POINT (-78.865984 42.900906),"[C330005-B, C330005-A]",20230623,20210618,1,6853,6853,6328,4493,4493,21,16,0,0,6328,1505,1505.0,863.0,863.0,12,10.0,0.0,0.0,0.0,7,7,7,7,7,7,7,7,7,7,7,7,7,7,7,7,7,7,7,0,0,0,0,0,0,0,0,0,0.0,0,-999999,-999999,0,0,0,0,0,0,-999999,-999999,0.0,0,1962,0.0,0,7,7,7,7,6.0,,-999999.0,,20.0,,4802.0,,1813.0,,354.0,,979.0,979.0,904.0,641.9,641.9,-999999.0,-999999.0,0.0,0.0,904.0,215.0,215.0,123.3,123.3,-999999.0,-999999.0,0.0,0.0,0.0
330024,NY,330024,MOUNT SINAI HOSPITAL,ONE GUSTAVE L LEVY PLACE,NEW YORK,10029,Short Term,36061,POINT (-73.953392 40.790390),"[C330024-B, C330024-A]",20230623,20210618,1,11291,10381,8645,7476,6829,268,108,4,0,9555,1042,895.0,859.0,730.0,17,15.0,0.0,0.0,0.0,7,7,7,7,7,7,7,7,7,7,7,7,7,7,7,7,7,7,7,5,0,-999999,0,-999999,-999999,0,-999999,-999999,0.0,0,625,16,0,-999999,-999999,4,-999999,-999999,-999999,4,0.0,0,4134,0.0,0,7,7,7,7,390.0,,279.0,,113.0,,17195.0,,10792.0,,380.0,,1613.0,1483.0,1235.0,1068.0,975.6,38.3,15.4,-999999.0,0.0,1365.0,148.9,127.9,122.7,104.3,-999999.0,-999999.0,0.0,0.0,0.0
330059,NY,330059,MONTEFIORE MEDICAL CENTER,111 EAST 210TH STREET,BRONX,10467,Short Term,36005,POINT (-73.879897 40.879872),"[C330059-C, C330059-B, C330059-A, C330059-D]",20230623,20210618,1,11473,10094,10094,8939,8014,86,86,0,0,11473,1442,861.0,1235.0,693.0,23,23.0,0.0,0.0,0.0,7,7,7,7,7,7,7,7,7,7,7,7,7,7,7,7,7,7,7,12,0,-999999,-999999,0,5,-999999,-999999,-999999,0.0,0,1737,0,0,0,0,0,0,0,0,0,0.0,0,4971,0.0,0,7,7,7,7,,,,,,,,,,,,,1639.0,1442.0,1442.0,1277.0,1144.9,12.3,12.3,0.0,0.0,1639.0,206.0,123.0,176.4,99.0,-999999.0,-999999.0,0.0,0.0,0.0
330101,NY,330101,NEW YORK-PRESBYTERIAN HOSPITAL,525 EAST 68TH STREET,NEW YORK,10065,Short Term,36061,POINT (-73.954509 40.764355),"[C330101-A, C330101-H, C330101-D, C330101-F, C330101-G, C330101-C, C330101-E]",20230623,20210618,1,24578,20119,18327,17397,14301,792,191,35,-999999,22450,3738,2175.0,2967.0,1676.0,105,46.0,,,,7,7,7,7,7,7,7,7,7,7,7,7,7,7,7,7,0,0,0,14,-999999,4,-999999,0,-999999,-999999,-999999,-999999,0.0,-999999,331,192,0,12,25,20,30,31,42,32,0.0,13,6993,,0,7,7,7,7,,,,,,,,,,,,,3511.1,2874.1,2618.1,2485.3,2043.0,113.1,27.3,5.0,-999999.0,3207.1,534.0,310.7,423.9,239.4,15.0,6.6,,,
330214,NY,330214,NYU LANGONE HOSPITALS,550 FIRST AVENUE,NEW YORK,10016,Short Term,36061,POINT (-73.974303 40.742311),"[C330214-B, C330214-A, C330214-C, C330214-D]",20230623,20210618,1,16772,14238,12278,10935,8954,121,115,25,12,14994,2736,1791.0,2174.0,1407.0,19,19.0,,,,7,7,7,7,7,7,7,7,7,7,7,7,7,7,7,7,0,0,0,23,0,-999999,-999999,-999999,5,-999999,-999999,5,,4,2028,5,0,-999999,0,0,0,0,-999999,-999999,-999999.0,10,5342,,0,7,7,7,7,2612.0,,808.0,,320.0,,32491.0,,10970.0,,32840.0,,2396.0,2034.0,1754.0,1562.1,1279.1,17.3,16.4,-999999.0,-999999.0,2142.0,390.9,255.9,310.6,201.0,-999999.0,-999999.0,,,
330285,NY,330285,STRONG MEMORIAL HOSPITAL,601 ELMWOOD AVE,ROCHESTER,14642,Short Term,36055,POINT (-77.623587 43.122832),[C330285-A],20230623,20210618,1,9352,8316,7378,6092,5124,107,98,11,5,8414,1127,931.0,852.0,712.0,30,30.0,0.0,0.0,0.0,7,7,7,7,7,7,7,7,7,7,7,7,7,7,7,7,7,7,7,14,0,-999999,-999999,0,-999999,-999999,-999999,-999999,0.0,-999999,21,7,-999999,-999999,0,0,-999999,-999999,-999999,-999999,0.0,5,2293,0.0,0,7,7,7,7,19.0,,0.0,,0.0,,15368.0,,3913.0,,16350.0,,1336.0,1188.0,1054.0,870.3,732.0,15.3,14.0,-999999.0,-999999.0,1202.0,161.0,133.0,121.7,101.7,4.3,4.3,0.0,0.0,0.0
050025,CA,050025,UC SAN DIEGO HEALTH HILLCREST - HILLCREST MED CTR,200 WEST ARBOR DRIVE,SAN DIEGO,92103,Short Term,06073,POINT (-117.165844 32.754258),"[C050025-A, C050025-B]",20240308,20210620,1,5810,5250,4508,4034,3837,76,56,9,7,5068,1186,707.0,798.0,601.0,38,35.0,0.0,0.0,0.0,7,7,7,7,7,7,7,7,7,7,7,7,7,7,7,7,7,7,7,-999999,0,0,0,-999999,0,0,0,-999999,0.0,0,367,12,0,-999999,-999999,-999999,-999999,4,0,0,0.0,0,1613,0.0,0,7,7,7,7,7074.0,,198.0,,23.0,,10962.0,,2359.0,,187.0,,830.0,750.0,644.0,576.3,548.1,10.9,8.0,-999999.0,-999999.0,724.0,169.4,101.0,114.0,85.9,5.4,5.0,0.0,0.0,0.0
050262,CA,050262,RONALD REAGAN UCLA MEDICAL CENTER,757 WESTWOOD PLAZA,LOS ANGELES,90095,Short Term,06037,POINT (-118.446328 34.066455),[C050262-A],20240308,20210620,1,3220,2744,2513,2784,2436,38,31,0,0,2989,1106,784.0,999.0,753.0,25,25.0,0.0,0.0,0.0,7,7,7,7,7,7,7,7,7,7,7,7,7,7,7,7,7,7,7,0,0,0,0,0,0,0,0,0,0.0,0,153,0,0,0,0,0,0,0,0,0,0.0,0,1002,0.0,0,7,7,7,7,313.0,,169.0,,482.0,,18904.0,,6633.0,,2210.0,,460.0,392.0,359.0,397.7,348.0,5.4,4.4,0.0,0.0,427.0,158.0,112.0,142.7,107.6,-999999.0,-999999.0,0.0,0.0,0.0
050373,CA,050373,LOS ANGELES GENERAL MEDICAL CENTER,"2051 MARENGO ST, ROOM C2K100",LOS ANGELES,90033,Short Term,06037,POINT (-118.206478 34.056278),[C050373-A],20240308,20210620,1,4498,4054,3924,3581,3357,89,72,-999999,0,4368,922,646.0,720.0,582.0,11,9.0,0.0,0.0,0.0,7,7,7,7,7,7,7,7,7,7,7,7,7,7,7,7,7,7,7,31,0,0,4,5,8,9,-999999,-999999,0.0,0,51,10,0,-999999,-999999,-999999,-999999,-999999,-999999,0,0.0,0,3217,0.0,0,7,7,7,7,62.0,,77.0,,34.0,,7839.0,,7525.0,,194.0,,642.6,579.1,560.6,511.6,479.6,12.7,10.3,-999999.0,0.0,624.0,131.7,92.3,102.9,83.1,-999999.0,-999999.0,0.0,0.0,0.0
050441,CA,050441,STANFORD HEALTH CARE,300 PASTEUR DRIVE,STANFORD,94305,Short Term,06085,POINT (-122.175944 37.433018),[C050441-A],20240308,20210620,1,4572,4453,4453,4391,4391,109,97,0,0,4453,833,833.0,654.0,654.0,49,42.0,0.0,0.0,0.0,7,7,7,7,7,7,7,7,7,7,7,7,7,7,7,7,7,7,7,-999999,0,0,0,-999999,-999999,0,0,0,0.0,0,24,222,-999999,15,47,21,29,34,41,32,0.0,0,1721,0.0,0,7,7,7,7,0.0,,1919.0,,0.0,,0.0,,8259.0,,0.0,,653.1,636.1,636.1,627.3,627.3,15.6,13.9,0.0,0.0,636.1,119.0,119.0,93.4,93.4,7.0,6.0,0.0,0.0,0.0
050454,CA,050454,UCSF MEDICAL CENTER,"505 PARNASSUS AVE, BOX 0296",SAN FRANCISCO,94143,Short Term,06075,POINT (-122.457544 37.762452),"[C050454-C, C050454-B, C050454-D, C050454-A]",20240308,20210620,1,5943,4235,4235,4579,3458,71,60,8,8,5943,1386,714.0,1066.0,495.0,19,17.0,41.0,0.0,110.0,7,7,7,7,7,7,7,7,7,7,7,7,7,7,7,7,7,7,7,-999999,0,0,0,0,-999999,0,0,0,0.0,56,4,-999999,0,-999999,0,0,0,0,-999999,0,0.0,0,934,0.0,0,7,7,7,7,,,,,,,,,,,,,849.0,605.0,605.0,654.1,494.0,10.1,8.6,-999999.0,-999999.0,849.0,198.0,102.0,152.3,70.7,-999999.0,-999999.0,5.9,0.0,15.7
050625,CA,050625,CEDARS-SINAI MEDICAL CENTER,8700 BEVERLY BLVD,LOS ANGELES,90048,Short Term,06037,POINT (-118.380016 34.076549),[C050625-A],20240308,20210620,1,5785,5652,5652,5376,5324,56,43,0,0,5785,1135,740.0,878.0,659.0,10,8.0,0.0,0.0,0.0,7,7,7,7,7,7,7,7,7,7,7,7,7,7,7,7,7,7,7,7,0,0,-999999,-999999,-999999,0,0,0,0.0,0,16,4,0,0,-999999,0,-999999,0,0,-999999,-999999.0,0,1824,0.0,0,7,7,7,7,330.0,,233.0,,34.0,,15704.0,,3542.0,,213.0,,826.4,807.4,807.4,768.0,760.6,8.0,6.1,0.0,0.0,826.4,162.1,105.7,125.4,94.1,-999999.0,-999999.0,0.0,0.0,0.0
330005,NY,330005,KALEIDA HEALTH,100 HIGH STREET,BUFFALO,14210,Short Term,36029,POINT (-78.865984 42.900906),"[C330005-C, C330005-B, C330005-A]",20240308,20210620,1,6853,6853,6328,4391,4391,14,12,0,0,6328,1505,1505.0,881.0,881.0,10,9.0,0.0,0.0,0.0,7,7,7,7,7,7,7,7,7,7,7,7,7,7,7,7,7,7,7,0,0,0,0,0,0,0,0,0,0.0,0,-999999,-999999,0,0,0,0,0,0,0,-999999,0.0,0,2010,0.0,0,7,7,7,7,6.0,,-999999.0,,20.0,,4802.0,,1813.0,,354.0,,979.0,979.0,904.0,627.3,627.3,-999999.0,-999999.0,0.0,0.0,904.0,215.0,215.0,125.9,125.9,-999999.0,-999999.0,0.0,0.0,0.0
330024,NY,330024,MOUNT SINAI HOSPITAL,ONE GUSTAVE L LEVY PLACE,NEW YORK,10029,Short Term,36061,POINT (-73.953392 40.790390),"[C330024-B, C330024-A]",20240308,20210620,1,11291,10381,8645,7440,6786,254,97,8,-999999,9555,1037,890.0,850.0,724.0,15,14.0,0.0,0.0,0.0,7,7,7,7,7,7,7,7,7,7,7,7,7,7,7,7,7,7,7,-999999,0,0,0,-999999,0,0,0,-999999,0.0,-999999,613,18,0,-999999,4,4,-999999,0,-999999,6,0.0,0,4159,0.0,0,7,7,7,7,390.0,,279.0,,113.0,,17195.0,,10792.0,,380.0,,1613.0,1483.0,1235.0,1062.9,969.4,36.3,13.9,-999999.0,-999999.0,1365.0,148.1,127.1,121.4,103.4,-999999.0,-999999.0,0.0,0.0,0.0
330059,NY,330059,MONTEFIORE MEDICAL CENTER,111 EAST 210TH STREET,BRONX,10467,Short Term,36005,POINT (-73.879896 40.879872),"[C330059-C, C330059-B, C330059-A, C330059-D]",20240308,20210620,1,11473,10094,10094,8893,7949,87,87,0,0,11473,1442,861.0,1225.0,667.0,25,25.0,0.0,0.0,0.0,7,7,7,7,7,7,7,7,7,7,7,7,7,7,7,7,7,7,7,13,0,-999999,-999999,0,-999999,-999999,-999999,-999999,0.0,0,1726,0,0,0,0,0,0,0,0,0,0.0,0,4930,0.0,0,7,7,7,7,,,,,,,,,,,,,1639.0,1442.0,1442.0,1270.4,1135.6,12.4,12.4,0.0,0.0,1639.0,206.0,123.0,175.0,95.3,-999999.0,-999999.0,0.0,0.0,0.0
330101,NY,330101,NEW YORK-PRESBYTERIAN HOSPITAL,525 EAST 68TH STREET,NEW YORK,10065,Short Term,36061,POINT (-73.954509 40.764355),"[C330101-A, C330101-H, C330101-D, C330101-F, C330101-G, C330101-C, C330101-E]",20240308,20210620,1,24560,20101,18309,17221,14138,771,173,29,0,22432,3738,2175.0,2931.0,1650.0,100,47.0,,,,7,7,7,7,7,7,7,7,7,7,7,7,7,7,7,7,0,0,0,15,-999999,5,-999999,-999999,-999999,-999999,-999999,-999999,0.0,0,291,183,0,15,26,17,25,34,37,29,0.0,9,6882,,0,7,7,7,7,,,,,,,,,,,,,3508.6,2871.6,2615.6,2460.1,2019.7,110.1,24.7,4.1,0.0,3204.6,534.0,310.7,418.7,235.7,14.3,6.7,,,
330214,NY,330214,NYU LANGONE HOSPITALS,550 FIRST AVENUE,NEW YORK,10016,Short Term,36061,POINT (-73.974303 40.742311),"[C330214-B, C330214-A, C330214-C, C330214-D]",20240308,20210620,1,16772,14238,12278,10890,8959,111,108,24,14,14994,2736,1791.0,2165.0,1415.0,16,15.0,,,,7,7,7,7,7,7,7,7,7,7,7,7,7,7,7,7,0,0,0,22,0,-999999,6,-999999,-999999,-999999,-999999,5,,-999999,1984,-999999,0,0,0,0,-999999,0,0,-999999,,8,5236,,0,7,7,7,7,2612.0,,808.0,,320.0,,32491.0,,10970.0,,32840.0,,2396.0,2034.0,1754.0,1555.7,1279.9,15.9,15.4,-999999.0,-999999.0,2142.0,390.9,255.9,309.3,202.1,-999999.0,-999999.0,,,
330285,NY,330285,STRONG MEMORIAL HOSPITAL,601 ELMWOOD AVE,ROCHESTER,14642,Short Term,36055,POINT (-77.623587 43.122832),[C330285-A],20240308,20210620,1,9352,8316,7378,6172,5135,90,83,9,7,8414,1127,931.0,848.0,705.0,24,24.0,0.0,0.0,0.0,7,7,7,7,7,7,7,7,7,7,7,7,7,7,7,7,7,7,7,17,0,-999999,-999999,0,-999999,4,-999999,4,0.0,-999999,18,6,-999999,0,0,-999999,-999999,-999999,-999999,0,0.0,-999999,2316,0.0,0,7,7,7,7,19.0,,0.0,,0.0,,15368.0,,3913.0,,16350.0,,1336.0,1188.0,1054.0,881.7,733.6,12.9,11.9,-999999.0,-999999.0,1202.0,161.0,133.0,121.1,100.7,-999999.0,-999999.0,0.0,0.0,0.0
050025,CA,050025,UC SAN DIEGO HEALTH HILLCREST - HILLCREST MED CTR,200 WEST ARBOR DRIVE,SAN DIEGO,92103,Short Term,06073,POINT (-117.165844 32.754258),"[C050025-A, C050025-B]",20230623,20210625,1,5811,5251,4509,4044,3867,86,62,7,7,5069,1184,708.0,809.0,632.0,32,30.0,0.0,0.0,0.0,7,7,7,7,7,7,7,7,7,7,7,7,7,7,7,7,7,7,7,5,0,0,-999999,0,-999999,0,0,-999999,0.0,0,359,12,0,-999999,5,-999999,-999999,-999999,0,0,0.0,0,1699,0.0,0,7,7,7,7,1887.0,,192.0,,11.0,,10962.0,,2352.0,,194.0,,830.1,750.1,644.1,577.7,552.4,12.3,8.9,-999999.0,-999999.0,724.1,169.1,101.1,115.6,90.3,4.6,4.3,0.0,0.0,0.0
050262,CA,050262,RONALD REAGAN UCLA MEDICAL CENTER,757 WESTWOOD PLAZA,LOS ANGELES,90095,Short Term,06037,POINT (-118.44562 34.06617),[C050262-A],20230623,20210625,1,3220,2744,2513,2814,2456,46,39,0,0,2989,1106,784.0,987.0,746.0,26,26.0,0.0,0.0,0.0,7,7,7,7,7,7,7,7,7,7,7,7,7,7,7,7,7,7,7,0,0,0,0,0,0,0,0,0,0.0,0,148,0,0,0,0,0,0,0,0,0,0.0,0,1015,0.0,0,7,7,7,7,313.0,,169.0,,482.0,,18904.0,,6633.0,,2210.0,,460.0,392.0,359.0,402.0,350.9,6.6,5.6,0.0,0.0,427.0,158.0,112.0,141.0,106.6,-999999.0,-999999.0,0.0,0.0,0.0
050373,CA,050373,LAC+USC MEDICAL CENTER,"1200 N STATE ST, ROOM C2K100",LOS ANGELES,90033,Short Term,06037,POINT (-118.208376 34.057996),[C050373-A],20230623,20210625,1,4491,4046,3934,3644,3410,83,67,-999999,0,4379,940,665.0,712.0,566.0,16,14.0,0.0,0.0,0.0,7,7,7,7,7,7,7,7,7,7,7,7,7,7,7,7,7,7,7,27,-999999,-999999,5,5,6,5,-999999,-999999,0.0,0,58,7,0,-999999,0,-999999,-999999,0,-999999,0,0.0,0,3286,0.0,0,7,7,7,7,188.0,,107.0,,9.0,,7913.0,,7358.0,,193.0,,641.6,578.0,562.0,520.6,487.1,11.9,9.6,-999999.0,0.0,625.6,134.3,95.0,101.7,80.9,-999999.0,-999999.0,0.0,0.0,0.0
050441,CA,050441,STANFORD HEALTH CARE,300 PASTEUR DRIVE,STANFORD,94305,Short Term,06085,POINT (-122.175944 37.433018),[C050441-A],20230623,20210625,1,4542,4440,4440,4380,4380,106,95,0,0,4440,833,833.0,641.0,641.0,42,36.0,0.0,0.0,0.0,7,7,7,7,7,7,7,7,7,7,7,7,7,7,7,7,7,7,7,5,0,-999999,-999999,-999999,0,-999999,-999999,0,0.0,0,26,207,0,21,29,24,29,30,39,35,0.0,0,1728,0.0,0,7,7,7,7,0.0,,1406.0,,0.0,,9.0,,20.0,,7182.0,,648.9,634.3,634.3,625.7,625.7,15.1,13.6,0.0,0.0,634.3,119.0,119.0,91.6,91.6,6.0,5.1,0.0,0.0,0.0
050454,CA,050454,UCSF MEDICAL CENTER,"505 PARNASSUS AVE, BOX 0296",SAN FRANCISCO,94143,Short Term,06075,POINT (-122.457544 37.762452),"[C050454-C, C050454-B, C050454-D, C050454-A]",20230623,20210625,1,5943,4235,4235,4698,3565,73,54,10,10,5943,1358,686.0,1053.0,488.0,25,22.0,36.0,0.0,107.0,7,7,7,7,7,7,7,7,7,7,7,7,7,7,7,7,7,7,7,-999999,0,-999999,0,-999999,0,0,0,0,0.0,29,5,-999999,0,-999999,0,0,0,0,-999999,0,0.0,0,947,-999999.0,0,7,7,7,7,,,,,,,,,,,,,849.0,605.0,605.0,671.1,509.3,10.4,7.7,-999999.0,-999999.0,849.0,194.0,98.0,150.4,69.7,-999999.0,-999999.0,5.1,0.0,15.3
050625,CA,050625,CEDARS-SINAI MEDICAL CENTER,8700 BEVERLY BLVD,LOS ANGELES,90048,Short Term,06037,POINT (-118.380122 34.075496),[C050625-A],20230623,20210625,1,5619,5486,5486,5161,5097,60,43,0,0,5619,1155,756.0,846.0,597.0,17,11.0,0.0,0.0,0.0,7,7,7,7,7,7,7,7,7,7,7,7,7,7,7,7,7,7,7,6,0,-999999,-999999,-999999,-999999,0,0,-999999,0.0,0,17,6,0,0,0,0,-999999,-999999,0,-999999,-999999.0,0,1911,0.0,0,7,7,7,7,587.0,,114.0,,49.0,,15656.0,,3566.0,,237.0,,802.7,783.7,783.7,737.3,728.1,8.6,6.1,0.0,0.0,802.7,165.0,108.0,120.9,85.3,-999999.0,-999999.0,0.0,0.0,0.0
330005,NY,330005,KALEIDA HEALTH,100 HIGH STREET,BUFFALO,14210,Short Term,36029,POINT (-78.865984 42.900906),"[C330005-B, C330005-A]",20230623,20210625,1,6853,6853,6328,4334,4334,7,7,0,0,6328,1505,1505.0,876.0,876.0,7,7.0,0.0,0.0,0.0,7,7,7,7,7,7,7,7,7,7,7,7,7,7,7,7,7,7,7,0,0,0,0,0,0,0,0,0,0.0,0,0,-999999,0,0,0,0,-999999,0,0,0,0.0,0,2055,0.0,0,7,7,7,7,21.0,,23.0,,22.0,,4799.0,,1797.0,,373.0,,979.0,979.0,904.0,619.1,619.1,-999999.0,-999999.0,0.0,0.0,904.0,215.0,215.0,125.1,125.1,-999999.0,-999999.0,0.0,0.0,0.0
330024,NY,330024,MOUNT SINAI HOSPITAL,ONE GUSTAVE L LEVY PLACE,NEW YORK,10029,Short Term,36061,POINT (-73.953392 40.790390),"[C330024-B, C330024-A]",20230623,20210625,1,11291,10381,8645,7439,6811,227,86,16,6,9555,1035,888.0,842.0,707.0,13,10.0,0.0,0.0,0.0,7,7,7,7,7,7,7,7,7,7,7,7,7,7,7,7,7,7,7,7,0,-999999,0,-999999,-999999,-999999,-999999,0,0.0,-999999,601,15,0,0,-999999,4,-999999,-999999,-999999,-999999,0.0,0,4383,0.0,0,7,7,7,7,378.0,,306.0,,104.0,,17240.0,,10736.0,,400.0,,1613.0,1483.0,1235.0,1062.7,973.0,32.4,12.3,-999999.0,-999999.0,1365.0,147.9,126.9,120.3,101.0,-999999.0,-999999.0,0.0,0.0,0.0
330059,NY,330059,MONTEFIORE MEDICAL CENTER,111 EAST 210TH STREET,BRONX,10467,Short Term,36005,POINT (-73.879897 40.879872),"[C330059-C, C330059-B, C330059-A, C330059-D]",20230623,20210625,1,11755,10094,10094,9050,8109,78,78,0,0,11473,1416,867.0,1201.0,701.0,33,33.0,0.0,0.0,0.0,7,7,7,7,7,7,7,7,7,7,7,7,7,7,7,7,7,7,7,10,0,-999999,-999999,-999999,0,-999999,-999999,0,0.0,0,1762,0,0,0,0,0,0,0,0,0,0.0,0,5091,0.0,1,7,7,7,7,,,,,,,,,,,,,1679.3,1442.0,1442.0,1292.9,1158.4,11.1,11.1,0.0,0.0,1639.0,202.3,123.9,171.6,100.1,4.7,4.7,0.0,0.0,0.0
330101,NY,330101,NEW YORK-PRESBYTERIAN HOSPITAL,525 EAST 68TH STREET,NEW YORK,10065,Short Term,36061,POINT (-73.954509 40.764355),"[C330101-A, C330101-H, C330101-D, C330101-F, C330101-G, C330101-C, C330101-E]",20230623,20210625,1,24542,20083,18291,16925,13904,662,149,18,-999999,22414,3738,2176.0,2913.0,1680.0,90,42.0,,,,7,7,7,7,7,7,7,7,7,7,7,7,7,7,7,7,0,0,0,13,0,-999999,-999999,-999999,-999999,-999999,-999999,-999999,0.0,-999999,234,178,0,16,24,25,28,39,23,23,0.0,-999999,6894,,0,7,7,7,7,,,,,,,,,,,,,3506.0,2869.0,2613.0,2417.9,1986.3,94.6,21.3,-999999.0,-999999.0,3202.0,534.0,310.9,416.1,240.0,12.9,6.0,,,
330214,NY,330214,NYU LANGONE HOSPITALS,550 FIRST AVENUE,NEW YORK,10016,Short Term,36061,POINT (-73.974303 40.742311),"[C330214-B, C330214-A, C330214-C, C330214-D]",20230623,20210625,1,16772,14238,12278,10962,8912,81,70,5,-999999,14994,2737,1792.0,2183.0,1419.0,18,15.0,0.0,0.0,0.0,7,7,7,7,7,7,7,7,7,7,7,7,7,7,7,7,1,1,1,18,0,9,5,-999999,-999999,-999999,0,0,0.0,0,2398,7,0,-999999,-999999,0,-999999,0,0,-999999,0.0,-999999,4767,0.0,0,7,7,7,7,1278.0,,615.0,,242.0,,32666.0,,11023.0,,32907.0,,2396.0,2034.0,1754.0,1566.0,1273.1,11.6,10.0,-999999.0,-999999.0,2142.0,391.0,256.0,311.9,202.7,-999999.0,-999999.0,0.0,0.0,0.0
330285,NY,330285,STRONG MEMORIAL HOSPITAL,601 ELMWOOD AVE,ROCHESTER,14642,Short Term,36055,POINT (-77.623587 43.122832),[C330285-A],20230623,20210625,1,9352,8316,7378,6129,5100,61,53,11,8,8414,1127,931.0,842.0,704.0,21,20.0,0.0,0.0,0.0,7,7,7,7,7,7,7,7,7,7,7,7,7,7,7,7,7,7,7,13,0,4,-999999,0,-999999,-999999,0,-999999,0.0,-999999,24,5,0,-999999,0,-999999,-999999,0,-999999,-999999,0.0,-999999,2251,0.0,0,7,7,7,7,10.0,,0.0,,0.0,,15368.0,,3913.0,,16350.0,,1336.0,1188.0,1054.0,875.6,728.6,8.7,7.6,-999999.0,-999999.0,1202.0,161.0,133.0,120.3,100.6,-999999.0,-999999.0,0.0,0.0,0.0
050025,CA,050025,UC SAN DIEGO HEALTH HILLCREST - HILLCREST MED CTR,200 WEST ARBOR DRIVE,SAN DIEGO,92103,Short Term,06073,POINT (-117.165844 32.754258),"[C050025-A, C050025-B]",20240308,20210627,1,5811,5251,4509,4043,3870,87,65,7,7,5069,1184,708.0,791.0,618.0,30,28.0,0.0,0.0,0.0,7,7,7,7,7,7,7,7,7,7,7,7,7,7,7,7,7,7,7,-999999,0,0,-999999,0,-999999,0,0,0,0.0,0,346,9,0,-999999,5,0,-999999,0,0,0,0.0,0,1724,0.0,0,7,7,7,7,1887.0,,192.0,,11.0,,10962.0,,2352.0,,194.0,,830.1,750.1,644.1,577.6,552.9,12.4,9.3,-999999.0,-999999.0,724.1,169.1,101.1,113.0,88.3,4.3,4.0,0.0,0.0,0.0
050262,CA,050262,RONALD REAGAN UCLA MEDICAL CENTER,757 WESTWOOD PLAZA,LOS ANGELES,90095,Short Term,06037,POINT (-118.446328 34.066455),[C050262-A],20240308,20210627,1,3220,2744,2513,2856,2480,44,37,0,0,2989,1106,784.0,991.0,736.0,20,20.0,0.0,0.0,0.0,7,7,7,7,7,7,7,7,7,7,7,7,7,7,7,7,7,7,7,0,0,0,0,0,0,0,0,0,0.0,0,160,0,0,0,0,0,0,0,0,0,0.0,0,1051,0.0,0,7,7,7,7,313.0,,169.0,,482.0,,18904.0,,6633.0,,2210.0,,460.0,392.0,359.0,408.0,354.3,6.3,5.3,0.0,0.0,427.0,158.0,112.0,141.6,105.1,-999999.0,-999999.0,0.0,0.0,0.0
050373,CA,050373,LOS ANGELES GENERAL MEDICAL CENTER,"2051 MARENGO ST, ROOM C2K100",LOS ANGELES,90033,Short Term,06037,POINT (-118.206478 34.056278),[C050373-A],20240308,20210627,1,4452,4009,3884,3587,3389,74,62,-999999,0,4327,950,677.0,692.0,558.0,17,15.0,0.0,0.0,0.0,7,7,7,7,7,7,7,7,7,7,7,7,7,7,7,7,7,7,7,31,-999999,-999999,4,4,8,9,-999999,-999999,0.0,0,67,-999999,0,-999999,0,0,0,0,0,0,0.0,0,3333,0.0,0,7,7,7,7,188.0,,107.0,,9.0,,7913.0,,7358.0,,193.0,,636.0,572.7,554.9,512.4,484.1,10.6,8.9,-999999.0,0.0,618.1,135.7,96.7,98.9,79.7,-999999.0,-999999.0,0.0,0.0,0.0
050441,CA,050441,STANFORD HEALTH CARE,300 PASTEUR DRIVE,STANFORD,94305,Short Term,06085,POINT (-122.175944 37.433018),[C050441-A],20240308,20210627,1,4508,4406,4406,4337,4337,95,87,0,0,4406,833,833.0,647.0,647.0,35,31.0,0.0,0.0,0.0,7,7,7,7,7,7,7,7,7,7,7,7,7,7,7,7,7,7,7,4,0,-999999,-999999,0,0,-999999,-999999,0,0.0,0,23,200,0,21,31,18,27,38,32,33,0.0,0,1702,0.0,0,7,7,7,7,0.0,,1406.0,,0.0,,9.0,,20.0,,7182.0,,644.0,629.4,629.4,619.6,619.6,13.6,12.4,0.0,0.0,629.4,119.0,119.0,92.4,92.4,5.0,4.4,0.0,0.0,0.0
050454,CA,050454,UCSF MEDICAL CENTER,"505 PARNASSUS AVE, BOX 0296",SAN FRANCISCO,94143,Short Term,06075,POINT (-122.457544 37.762452),"[C050454-C, C050454-B, C050454-D, C050454-A]",20240308,20210627,1,5943,4235,4235,4677,3554,75,50,9,8,5943,1330,658.0,1051.0,499.0,31,26.0,32.0,-999999.0,96.0,7,7,7,7,7,7,7,7,7,7,7,7,7,7,7,7,7,7,7,4,0,-999999,0,-999999,0,0,0,0,0.0,-999999,8,4,0,0,0,0,-999999,-999999,-999999,0,0.0,-999999,975,-999999.0,0,7,7,7,7,,,,,,,,,,,,,849.0,605.0,605.0,668.1,507.7,10.7,7.1,-999999.0,-999999.0,849.0,190.0,94.0,150.1,71.3,4.4,-999999.0,4.6,-999999.0,13.7
050625,CA,050625,CEDARS-SINAI MEDICAL CENTER,8700 BEVERLY BLVD,LOS ANGELES,90048,Short Term,06037,POINT (-118.380016 34.076549),[C050625-A],20240308,20210627,1,5599,5466,5466,5138,5073,63,43,0,0,5599,1155,756.0,861.0,600.0,22,14.0,0.0,0.0,0.0,7,7,7,7,7,7,7,7,7,7,7,7,7,7,7,7,7,7,7,4,0,-999999,-999999,0,-999999,0,0,-999999,0.0,0,15,4,0,0,0,0,0,-999999,0,-999999,0.0,0,1896,0.0,0,7,7,7,7,587.0,,114.0,,49.0,,15656.0,,3566.0,,237.0,,799.9,780.9,780.9,734.0,724.7,9.0,6.1,0.0,0.0,799.9,165.0,108.0,123.0,85.7,-999999.0,-999999.0,0.0,0.0,0.0
330005,NY,330005,KALEIDA HEALTH,100 HIGH STREET,BUFFALO,14210,Short Term,36029,POINT (-78.865984 42.900906),"[C330005-C, C330005-B, C330005-A]",20240308,20210627,1,6853,6853,6328,4345,4345,7,7,0,0,6328,1505,1505.0,859.0,859.0,7,7.0,0.0,0.0,0.0,7,7,7,7,7,7,7,7,7,7,7,7,7,7,7,7,7,7,7,0,0,0,0,0,0,0,0,0,0.0,0,0,-999999,0,0,0,0,-999999,0,0,0,0.0,0,2019,0.0,0,7,7,7,7,21.0,,23.0,,22.0,,4799.0,,1797.0,,373.0,,979.0,979.0,904.0,620.7,620.7,-999999.0,-999999.0,0.0,0.0,904.0,215.0,215.0,122.7,122.7,-999999.0,-999999.0,0.0,0.0,0.0
330024,NY,330024,MOUNT SINAI HOSPITAL,ONE GUSTAVE L LEVY PLACE,NEW YORK,10029,Short Term,36061,POINT (-73.953392 40.790390),"[C330024-B, C330024-A]",20240308,20210627,1,11291,10381,8645,7445,6806,221,87,14,7,9555,1040,893.0,838.0,700.0,14,8.0,0.0,0.0,0.0,7,7,7,7,7,7,7,7,7,7,7,7,7,7,7,7,7,7,7,8,0,-999999,0,-999999,-999999,-999999,-999999,0,0.0,0,599,12,0,-999999,0,-999999,-999999,-999999,-999999,0,0.0,0,4341,0.0,0,7,7,7,7,378.0,,306.0,,104.0,,17240.0,,10736.0,,400.0,,1613.0,1483.0,1235.0,1063.6,972.3,31.6,12.4,-999999.0,-999999.0,1365.0,148.6,127.6,119.7,100.0,-999999.0,-999999.0,0.0,0.0,0.0
330059,NY,330059,MONTEFIORE MEDICAL CENTER,111 EAST 210TH STREET,BRONX,10467,Short Term,36005,POINT (-73.879896 40.879872),"[C330059-C, C330059-B, C330059-A, C330059-D]",20240308,20210627,1,11755,10094,10094,9082,8145,75,75,0,0,11473,1416,867.0,1200.0,717.0,30,30.0,0.0,0.0,0.0,7,7,7,7,7,7,7,7,7,7,7,7,7,7,7,7,7,7,7,9,-999999,-999999,-999999,-999999,0,0,-999999,-999999,0.0,0,1777,0,0,0,0,0,0,0,0,0,0.0,0,5156,0.0,1,7,7,7,7,,,,,,,,,,,,,1679.3,1442.0,1442.0,1297.4,1163.6,10.7,10.7,0.0,0.0,1639.0,202.3,123.9,171.4,102.4,4.3,4.3,0.0,0.0,0.0
330101,NY,330101,NEW YORK-PRESBYTERIAN HOSPITAL,525 EAST 68TH STREET,NEW YORK,10065,Short Term,36061,POINT (-73.954509 40.764355),"[C330101-A, C330101-H, C330101-D, C330101-F, C330101-G, C330101-C, C330101-E]",20240308,20210627,1,24490,20031,18239,16918,13903,632,145,16,-999999,22362,3738,2188.0,2931.0,1722.0,81,38.0,,,,7,7,7,7,7,7,7,7,7,7,7,7,7,7,7,7,0,0,0,13,0,-999999,-999999,-999999,-999999,-999999,-999999,-999999,0.0,-999999,262,195,0,14,25,29,35,37,25,30,0.0,4,6857,,0,7,7,7,7,,,,,,,,,,,,,3498.6,2861.6,2605.6,2416.9,1986.1,90.3,20.7,-999999.0,-999999.0,3194.6,534.0,312.6,418.7,246.0,11.6,5.4,,,
330214,NY,330214,NYU LANGONE HOSPITALS,550 FIRST AVENUE,NEW YORK,10016,Short Term,36061,POINT (-73.974303 40.742311),"[C330214-B, C330214-A, C330214-C, C330214-D]",20240308,20210627,1,16772,14238,12278,10966,8864,86,73,-999999,0,14994,2737,1792.0,2189.0,1396.0,21,19.0,0.0,0.0,0.0,7,7,7,7,7,7,7,7,7,7,7,7,7,7,7,7,1,1,1,19,0,9,4,0,-999999,-999999,0,-999999,0.0,0,2443,6,0,-999999,-999999,0,-999999,0,0,-999999,0.0,-999999,4794,0.0,0,7,7,7,7,1278.0,,615.0,,242.0,,32666.0,,11023.0,,32907.0,,2396.0,2034.0,1754.0,1566.6,1266.3,12.3,10.4,-999999.0,0.0,2142.0,391.0,256.0,312.7,199.4,-999999.0,-999999.0,0.0,0.0,0.0
330285,NY,330285,STRONG MEMORIAL HOSPITAL,601 ELMWOOD AVE,ROCHESTER,14642,Short Term,36055,POINT (-77.623587 43.122832),[C330285-A],20240308,20210627,1,9352,8316,7378,6048,5065,53,46,9,7,8414,1127,931.0,827.0,692.0,22,20.0,0.0,0.0,0.0,7,7,7,7,7,7,7,7,7,7,7,7,7,7,7,7,7,7,7,12,0,4,-999999,0,-999999,-999999,-999999,-999999,0.0,-999999,23,5,0,-999999,0,-999999,0,-999999,0,-999999,0.0,5,2221,0.0,0,7,7,7,7,10.0,,0.0,,0.0,,15368.0,,3913.0,,16350.0,,1336.0,1188.0,1054.0,864.0,723.6,7.6,6.6,-999999.0,-999999.0,1202.0,161.0,133.0,118.1,98.9,-999999.0,-999999.0,0.0,0.0,0.0
050025,CA,050025,UC SAN DIEGO HEALTH HILLCREST - HILLCREST MED CTR,200 WEST ARBOR DRIVE,SAN DIEGO,92103,Short Term,06073,POINT (-117.165844 32.754258),"[C050025-A, C050025-B]",20230623,20210702,1,5810,5250,4508,4042,3853,89,68,7,7,5068,1183,707.0,764.0,575.0,26,25.0,0.0,0.0,0.0,7,7,7,7,7,7,7,7,7,7,7,7,7,7,7,7,7,7,7,-999999,0,0,0,-999999,-999999,0,-999999,0,0.0,0,366,13,0,-999999,4,0,4,-999999,-999999,0,0.0,0,1729,0.0,0,7,7,7,7,122.0,,35.0,,-999999.0,,10734.0,,2347.0,,193.0,,830.0,750.0,644.0,577.4,550.4,12.7,9.7,-999999.0,-999999.0,724.0,169.0,101.0,109.1,82.1,-999999.0,-999999.0,0.0,0.0,0.0
050262,CA,050262,RONALD REAGAN UCLA MEDICAL CENTER,757 WESTWOOD PLAZA,LOS ANGELES,90095,Short Term,06037,POINT (-118.44562 34.06617),[C050262-A],20230623,20210702,1,3220,2744,2513,2895,2495,44,37,0,0,2989,1106,784.0,1012.0,736.0,19,19.0,0.0,0.0,0.0,7,7,7,7,7,7,7,7,7,7,7,7,7,7,7,7,7,7,7,0,0,0,0,0,0,0,0,0,0.0,0,167,0,0,0,0,0,0,0,0,0,0.0,0,1053,0.0,0,7,7,7,7,129.0,,42.0,,42.0,,1944.0,,379.0,,-999999.0,,460.0,392.0,359.0,413.6,356.4,6.3,5.3,0.0,0.0,427.0,158.0,112.0,144.6,105.1,-999999.0,-999999.0,0.0,0.0,0.0
050373,CA,050373,LAC+USC MEDICAL CENTER,"1200 N STATE ST, ROOM C2K100",LOS ANGELES,90033,Short Term,06037,POINT (-118.208376 34.057996),[C050373-A],20230623,20210702,1,4420,3977,3842,3515,3338,76,67,-999999,-999999,4285,973,700.0,682.0,560.0,14,14.0,0.0,0.0,0.0,7,7,7,7,7,7,7,7,7,7,7,7,7,7,7,7,7,7,7,16,0,0,-999999,0,6,7,0,-999999,0.0,-999999,87,4,0,-999999,0,-999999,-999999,-999999,0,0,0.0,0,3199,0.0,0,7,7,7,7,66.0,,45.0,,9.0,,7751.0,,7274.0,,188.0,,631.4,568.1,548.9,502.1,476.9,10.9,9.6,-999999.0,-999999.0,612.1,139.0,100.0,97.4,80.0,-999999.0,-999999.0,0.0,0.0,0.0
050441,CA,050441,STANFORD HEALTH CARE,300 PASTEUR DRIVE,STANFORD,94305,Short Term,06085,POINT (-122.175944 37.433018),[C050441-A],20230623,20210702,1,4494,4375,4375,4236,4236,71,55,0,0,4375,833,833.0,631.0,631.0,18,11.0,0.0,0.0,0.0,7,7,7,7,7,7,7,7,7,7,7,7,7,7,7,7,7,7,7,5,0,0,-999999,-999999,-999999,-999999,0,0,0.0,0,35,174,-999999,13,31,12,31,39,21,26,0.0,-999999,1691,0.0,0,7,7,7,6,0.0,,300.0,,34.0,,14.0,,7113.0,,20.0,,642.0,625.0,625.0,605.1,605.1,10.1,7.9,0.0,0.0,625.0,119.0,119.0,90.1,90.1,-999999.0,-999999.0,0.0,0.0,0.0
050454,CA,050454,UCSF MEDICAL CENTER,"505 PARNASSUS AVE, BOX 0296",SAN FRANCISCO,94143,Short Term,06075,POINT (-122.457544 37.762452),"[C050454-C, C050454-B, C050454-D, C050454-A]",20230623,20210702,1,5943,4235,4235,4447,3372,81,46,4,-999999,5943,1302,630.0,1037.0,526.0,38,33.0,23.0,-999999.0,31.0,7,7,7,7,7,7,7,7,7,7,7,7,7,7,7,7,7,7,7,5,0,0,0,4,-999999,0,0,0,0.0,0,13,6,0,0,0,0,-999999,-999999,-999999,0,0.0,-999999,991,0.0,0,7,7,7,7,,,,,,,,,,,,,849.0,605.0,605.0,635.3,481.7,11.6,6.6,-999999.0,-999999.0,849.0,186.0,90.0,148.1,75.1,5.4,4.7,-999999.0,-999999.0,4.4
050625,CA,050625,CEDARS-SINAI MEDICAL CENTER,8700 BEVERLY BLVD,LOS ANGELES,90048,Short Term,06037,POINT (-118.380122 34.075496),[C050625-A],20230623,20210702,1,5617,5484,5484,5021,4968,77,46,0,0,5617,1155,756.0,859.0,574.0,30,17.0,0.0,0.0,0.0,7,7,7,7,7,7,7,7,7,7,7,7,7,7,7,7,7,7,7,6,0,-999999,-999999,0,-999999,-999999,0,0,0.0,0,49,7,0,-999999,0,-999999,0,-999999,-999999,-999999,-999999.0,0,1921,0.0,0,7,7,7,7,227.0,,186.0,,45.0,,15757.0,,3515.0,,187.0,,802.4,783.4,783.4,717.3,709.7,11.0,6.6,0.0,0.0,802.4,165.0,108.0,122.7,82.0,4.3,-999999.0,0.0,0.0,0.0
330005,NY,330005,KALEIDA HEALTH,100 HIGH STREET,BUFFALO,14210,Short Term,36029,POINT (-78.865984 42.900906),"[C330005-B, C330005-A]",20230623,20210702,1,6853,6853,6328,4313,4313,10,10,0,0,6328,1505,1505.0,877.0,877.0,7,7.0,0.0,0.0,0.0,7,7,7,7,7,7,7,7,7,7,7,7,7,7,7,7,7,7,7,-999999,0,0,0,0,0,-999999,0,-999999,0.0,0,-999999,0,0,0,0,0,0,0,0,0,0.0,0,2099,0.0,0,7,7,7,7,-999999.0,,-999999.0,,7.0,,3137.0,,1019.0,,269.0,,979.0,979.0,904.0,616.1,616.1,-999999.0,-999999.0,0.0,0.0,904.0,215.0,215.0,125.3,125.3,-999999.0,-999999.0,0.0,0.0,0.0
330024,NY,330024,MOUNT SINAI HOSPITAL,ONE GUSTAVE L LEVY PLACE,NEW YORK,10029,Short Term,36061,POINT (-73.953392 40.790390),"[C330024-B, C330024-A]",20230623,20210702,1,11291,10381,8645,7346,6640,209,77,12,8,9555,1043,896.0,836.0,693.0,19,9.0,0.0,0.0,0.0,7,7,7,7,7,7,7,7,7,7,7,7,7,7,7,7,7,7,7,7,0,-999999,0,0,0,-999999,-999999,-999999,0.0,-999999,623,14,0,4,-999999,-999999,-999999,-999999,-999999,-999999,0.0,-999999,4088,0.0,0,7,7,7,7,274.0,,188.0,,101.0,,17302.0,,10695.0,,393.0,,1613.0,1483.0,1235.0,1049.4,948.6,29.9,11.0,-999999.0,-999999.0,1365.0,149.0,128.0,119.4,99.0,-999999.0,-999999.0,0.0,0.0,0.0
330059,NY,330059,MONTEFIORE MEDICAL CENTER,111 EAST 210TH STREET,BRONX,10467,Short Term,36005,POINT (-73.879897 40.879872),"[C330059-C, C330059-B, C330059-A, C330059-D]",20230623,20210702,1,11473,10094,10094,8892,7981,59,59,-999999,-999999,11473,1442,861.0,1089.0,641.0,29,29.0,0.0,0.0,0.0,7,7,7,7,7,7,7,7,7,7,7,7,7,7,7,7,7,7,7,7,-999999,-999999,0,0,-999999,-999999,-999999,-999999,-999999.0,-999999,1720,0,0,0,0,0,0,0,0,0,0.0,0,4994,0.0,1,7,7,7,7,,,,,,,,,,,,,1639.0,1442.0,1442.0,1270.3,1140.1,8.4,8.4,-999999.0,-999999.0,1639.0,206.0,123.0,155.6,91.6,4.1,4.1,0.0,0.0,0.0
330101,NY,330101,NEW YORK-PRESBYTERIAN HOSPITAL,525 EAST 68TH STREET,NEW YORK,10065,Short Term,36061,POINT (-73.954509 40.764355),"[C330101-A, C330101-H, C330101-D, C330101-F, C330101-G, C330101-C, C330101-E]",20230623,20210702,1,24297,19838,18046,16872,13893,713,149,27,0,22169,3738,2195.0,2987.0,1742.0,83,36.0,,,,7,7,7,7,7,7,7,7,7,7,7,7,7,7,7,7,0,0,0,14,0,-999999,0,-999999,-999999,-999999,-999999,-999999,0.0,0,334,224,0,15,26,28,40,38,43,34,0.0,8,6759,,0,7,7,7,7,,,,,,,,,,,,,3471.0,2834.0,2578.0,2410.3,1984.7,101.9,21.3,-999999.0,0.0,3167.0,534.0,313.6,426.7,248.9,11.9,5.1,,,
330214,NY,330214,NYU LANGONE HOSPITALS,550 FIRST AVENUE,NEW YORK,10016,Short Term,36061,POINT (-73.974303 40.742311),"[C330214-B, C330214-A, C330214-C, C330214-D]",20230623,20210702,1,16772,14238,12278,10602,8724,109,99,8,4,14994,2737,1792.0,2084.0,1259.0,26,26.0,0.0,0.0,0.0,7,7,7,7,7,7,7,7,7,7,7,7,7,7,7,7,2,2,2,19,0,5,5,-999999,-999999,-999999,0,-999999,0.0,-999999,2018,5,0,-999999,0,0,0,0,-999999,-999999,0.0,4,5277,0.0,0,7,7,7,7,670.0,,364.0,,161.0,,32316.0,,11534.0,,32563.0,,2396.0,2034.0,1754.0,1514.6,1246.3,15.6,14.1,-999999.0,-999999.0,2142.0,391.0,256.0,297.7,179.9,-999999.0,-999999.0,0.0,0.0,0.0
330285,NY,330285,STRONG MEMORIAL HOSPITAL,601 ELMWOOD AVE,ROCHESTER,14642,Short Term,36055,POINT (-77.623587 43.122832),[C330285-A],20230623,20210702,1,9352,8316,7378,6024,5080,58,48,9,-999999,8414,1127,931.0,787.0,668.0,18,17.0,0.0,0.0,0.0,7,7,7,7,7,7,7,7,7,7,7,7,7,7,7,7,7,7,7,16,-999999,6,-999999,0,-999999,-999999,-999999,-999999,0.0,5,26,9,-999999,0,0,-999999,0,-999999,-999999,-999999,0.0,6,2292,0.0,0,7,7,7,7,47.0,,0.0,,0.0,,15368.0,,3913.0,,16350.0,,1336.0,1188.0,1054.0,860.6,725.7,8.3,6.9,-999999.0,-999999.0,1202.0,161.0,133.0,112.4,95.4,-999999.0,-999999.0,0.0,0.0,0.0
050025,CA,050025,UC SAN DIEGO HEALTH HILLCREST - HILLCREST MED CTR,200 WEST ARBOR DRIVE,SAN DIEGO,92103,Short Term,06073,POINT (-117.165844 32.754258),"[C050025-A, C050025-B]",20240308,20210704,1,5810,5250,4508,4100,3901,86,67,7,7,5068,1183,707.0,792.0,593.0,23,21.0,0.0,0.0,0.0,7,7,7,7,7,7,7,7,7,7,7,7,7,7,7,7,7,7,7,-999999,0,0,0,-999999,-999999,0,-999999,0,0.0,0,393,13,0,-999999,5,0,-999999,-999999,-999999,0,0.0,0,1728,0.0,0,7,7,7,7,122.0,,35.0,,-999999.0,,10734.0,,2347.0,,193.0,,830.0,750.0,644.0,585.7,557.3,12.3,9.6,-999999.0,-999999.0,724.0,169.0,101.0,113.1,84.7,-999999.0,-999999.0,0.0,0.0,0.0
050262,CA,050262,RONALD REAGAN UCLA MEDICAL CENTER,757 WESTWOOD PLAZA,LOS ANGELES,90095,Short Term,06037,POINT (-118.446328 34.066455),[C050262-A],20240308,20210704,1,3220,2744,2513,2899,2496,57,45,0,0,2989,1106,784.0,1023.0,745.0,26,24.0,0.0,0.0,0.0,7,7,7,7,7,7,7,7,7,7,7,7,7,7,7,7,7,7,7,0,0,0,0,0,0,0,0,0,0.0,0,148,0,0,0,0,0,0,0,0,0,0.0,0,1041,0.0,0,7,7,7,7,129.0,,42.0,,42.0,,1944.0,,379.0,,-999999.0,,460.0,392.0,359.0,414.1,356.6,8.1,6.4,0.0,0.0,427.0,158.0,112.0,146.1,106.4,-999999.0,-999999.0,0.0,0.0,0.0
050373,CA,050373,LOS ANGELES GENERAL MEDICAL CENTER,"2051 MARENGO ST, ROOM C2K100",LOS ANGELES,90033,Short Term,06037,POINT (-118.206478 34.056278),[C050373-A],20240308,20210704,1,4420,3979,3846,3519,3343,90,77,-999999,-999999,4287,966,696.0,693.0,570.0,15,14.0,0.0,0.0,0.0,7,7,7,7,7,7,7,7,7,7,7,7,7,7,7,7,7,7,7,11,0,0,-999999,-999999,5,-999999,0,-999999,0.0,-999999,88,7,0,-999999,-999999,-999999,-999999,-999999,-999999,0,0.0,0,3130,0.0,0,7,7,7,7,66.0,,45.0,,9.0,,7751.0,,7274.0,,188.0,,631.4,568.4,549.4,502.7,477.6,12.9,11.0,-999999.0,-999999.0,612.4,138.0,99.4,99.0,81.4,-999999.0,-999999.0,0.0,0.0,0.0
050441,CA,050441,STANFORD HEALTH CARE,300 PASTEUR DRIVE,STANFORD,94305,Short Term,06085,POINT (-122.175944 37.433018),[C050441-A],20240308,20210704,1,4477,4358,4358,4228,4228,71,48,0,0,4358,833,833.0,619.0,619.0,14,8.0,0.0,0.0,0.0,7,7,7,7,7,7,7,7,7,7,7,7,7,7,7,7,7,7,7,5,0,0,-999999,-999999,-999999,-999999,0,0,0.0,0,43,186,-999999,11,32,19,36,34,23,29,0.0,-999999,1719,0.0,0,7,7,7,6,0.0,,300.0,,34.0,,14.0,,7113.0,,20.0,,639.6,622.6,622.6,604.0,604.0,10.1,6.9,0.0,0.0,622.6,119.0,119.0,88.4,88.4,-999999.0,-999999.0,0.0,0.0,0.0
050454,CA,050454,UCSF MEDICAL CENTER,"505 PARNASSUS AVE, BOX 0296",SAN FRANCISCO,94143,Short Term,06075,POINT (-122.457544 37.762452),"[C050454-C, C050454-B, C050454-D, C050454-A]",20240308,20210704,1,5943,4235,4235,4430,3372,72,45,-999999,0,5943,1330,658.0,1034.0,538.0,34,32.0,24.0,-999999.0,9.0,7,7,7,7,7,7,7,7,7,7,7,7,7,7,7,7,7,7,7,-999999,0,0,0,-999999,-999999,0,0,0,0.0,0,14,4,0,-999999,0,0,-999999,0,-999999,0,0.0,-999999,950,-999999.0,0,7,7,7,7,,,,,,,,,,,,,849.0,605.0,605.0,632.9,481.7,10.3,6.4,-999999.0,0.0,849.0,190.0,94.0,147.7,76.9,4.9,4.6,-999999.0,-999999.0,-999999.0
050625,CA,050625,CEDARS-SINAI MEDICAL CENTER,8700 BEVERLY BLVD,LOS ANGELES,90048,Short Term,06037,POINT (-118.380016 34.076549),[C050625-A],20240308,20210704,1,5702,5569,5569,5135,5077,89,60,-999999,0,5702,1155,756.0,868.0,581.0,27,15.0,0.0,0.0,0.0,7,7,7,7,7,7,7,7,7,7,7,7,7,7,7,7,7,7,7,10,0,4,-999999,0,-999999,-999999,0,0,0.0,0,58,6,0,-999999,0,-999999,0,0,-999999,-999999,-999999.0,-999999,1934,0.0,0,7,7,7,7,227.0,,186.0,,45.0,,15757.0,,3515.0,,187.0,,814.6,795.6,795.6,733.6,725.3,12.7,8.6,-999999.0,0.0,814.6,165.0,108.0,124.0,83.0,-999999.0,-999999.0,0.0,0.0,0.0
330005,NY,330005,KALEIDA HEALTH,100 HIGH STREET,BUFFALO,14210,Short Term,36029,POINT (-78.865984 42.900906),"[C330005-C, C330005-B, C330005-A]",20240308,20210704,1,6853,6853,6328,4410,4410,14,14,0,0,6328,1505,1505.0,884.0,884.0,7,7.0,0.0,0.0,0.0,7,7,7,7,7,7,7,7,7,7,7,7,7,7,7,7,7,7,7,-999999,0,0,0,0,-999999,-999999,0,-999999,0.0,0,9,0,0,0,0,0,0,0,0,0,0.0,0,2132,0.0,0,7,7,7,7,-999999.0,,-999999.0,,7.0,,3137.0,,1019.0,,269.0,,979.0,979.0,904.0,630.0,630.0,-999999.0,-999999.0,0.0,0.0,904.0,215.0,215.0,126.3,126.3,-999999.0,-999999.0,0.0,0.0,0.0
330024,NY,330024,MOUNT SINAI HOSPITAL,ONE GUSTAVE L LEVY PLACE,NEW YORK,10029,Short Term,36061,POINT (-73.953392 40.790390),"[C330024-B, C330024-A]",20240308,20210704,1,11291,10381,8645,7330,6623,233,79,12,6,9555,1043,896.0,834.0,691.0,21,12.0,0.0,0.0,0.0,7,7,7,7,7,7,7,7,7,7,7,7,7,7,7,7,7,7,7,9,0,-999999,0,0,-999999,-999999,-999999,-999999,0.0,-999999,631,28,-999999,5,4,5,4,-999999,-999999,-999999,0.0,-999999,3987,0.0,0,7,7,7,7,274.0,,188.0,,101.0,,17302.0,,10695.0,,393.0,,1613.0,1483.0,1235.0,1047.1,946.1,33.3,11.3,-999999.0,-999999.0,1365.0,149.0,128.0,119.1,98.7,-999999.0,-999999.0,0.0,0.0,0.0
330059,NY,330059,MONTEFIORE MEDICAL CENTER,111 EAST 210TH STREET,BRONX,10467,Short Term,36005,POINT (-73.879896 40.879872),"[C330059-C, C330059-B, C330059-A, C330059-D]",20240308,20210704,1,11473,10094,10094,8970,8079,53,53,-999999,-999999,11473,1442,861.0,1079.0,633.0,30,30.0,0.0,0.0,0.0,7,7,7,7,7,7,7,7,7,7,7,7,7,7,7,7,7,7,7,9,0,-999999,-999999,-999999,-999999,-999999,0,-999999,-999999.0,-999999,1734,0,0,0,0,0,0,0,0,0,0.0,0,5002,0.0,1,7,7,7,7,,,,,,,,,,,,,1639.0,1442.0,1442.0,1281.4,1154.1,7.6,7.6,-999999.0,-999999.0,1639.0,206.0,123.0,154.1,90.4,4.3,4.3,0.0,0.0,0.0
330101,NY,330101,NEW YORK-PRESBYTERIAN HOSPITAL,525 EAST 68TH STREET,NEW YORK,10065,Short Term,36061,POINT (-73.954509 40.764355),"[C330101-A, C330101-H, C330101-D, C330101-F, C330101-G, C330101-C, C330101-E]",20240308,20210704,1,24227,19768,17976,17027,14023,743,154,29,0,22099,3738,2183.0,3019.0,1723.0,96,38.0,,,,7,7,7,7,7,7,7,7,7,7,7,7,7,7,7,7,0,0,0,16,0,-999999,0,-999999,-999999,6,-999999,-999999,0.0,0,336,217,0,16,25,27,37,38,44,30,0.0,7,6802,,0,7,7,7,7,,,,,,,,,,,,,3461.0,2824.0,2568.0,2432.4,2003.3,106.1,22.0,4.1,0.0,3157.0,534.0,311.9,431.3,246.1,13.7,5.4,,,
330214,NY,330214,NYU LANGONE HOSPITALS,550 FIRST AVENUE,NEW YORK,10016,Short Term,36061,POINT (-73.974303 40.742311),"[C330214-B, C330214-A, C330214-C, C330214-D]",20240308,20210704,1,16772,14238,12278,10646,8728,114,105,12,7,14994,2749,1804.0,2084.0,1273.0,26,26.0,0.0,0.0,0.0,7,7,7,7,7,7,7,7,7,7,7,7,7,7,7,7,3,3,3,18,0,4,4,-999999,-999999,-999999,-999999,-999999,0.0,-999999,2013,7,0,-999999,0,-999999,0,0,4,-999999,0.0,4,5291,0.0,0,7,7,7,7,670.0,,364.0,,161.0,,32316.0,,11534.0,,32563.0,,2396.0,2034.0,1754.0,1520.9,1246.9,16.3,15.0,-999999.0,-999999.0,2142.0,392.7,257.7,297.7,181.9,-999999.0,-999999.0,0.0,0.0,0.0
330285,NY,330285,STRONG MEMORIAL HOSPITAL,601 ELMWOOD AVE,ROCHESTER,14642,Short Term,36055,POINT (-77.623587 43.122832),[C330285-A],20240308,20210704,1,9352,8316,7378,6149,5206,66,57,11,-999999,8414,1127,931.0,797.0,681.0,17,17.0,0.0,0.0,0.0,7,7,7,7,7,7,7,7,7,7,7,7,7,7,7,7,7,7,7,20,-999999,9,4,0,-999999,4,0,-999999,0.0,4,30,6,-999999,0,0,-999999,0,-999999,-999999,-999999,0.0,5,2289,0.0,0,7,7,7,7,47.0,,0.0,,0.0,,15368.0,,3913.0,,16350.0,,1336.0,1188.0,1054.0,878.4,743.7,9.4,8.1,-999999.0,-999999.0,1202.0,161.0,133.0,113.9,97.3,-999999.0,-999999.0,0.0,0.0,0.0
050025,CA,050025,UC SAN DIEGO HEALTH HILLCREST - HILLCREST MED CTR,200 WEST ARBOR DRIVE,SAN DIEGO,92103,Short Term,06073,POINT (-117.165844 32.754258),"[C050025-A, C050025-B]",20230623,20210709,1,5811,5251,4509,4146,3948,82,69,7,7,5069,1183,707.0,818.0,619.0,25,24.0,0.0,0.0,0.0,7,7,7,7,7,7,7,7,7,7,7,7,7,7,7,7,7,7,7,5,0,0,-999999,-999999,0,0,-999999,0,0.0,0,379,10,0,-999999,-999999,-999999,0,-999999,-999999,0,0.0,0,1682,0.0,0,7,7,7,7,223.0,,86.0,,12.0,,10736.0,,2337.0,,200.0,,830.1,750.1,644.1,592.3,564.0,11.7,9.9,-999999.0,-999999.0,724.1,169.0,101.0,116.9,88.4,-999999.0,-999999.0,0.0,0.0,0.0
050262,CA,050262,RONALD REAGAN UCLA MEDICAL CENTER,757 WESTWOOD PLAZA,LOS ANGELES,90095,Short Term,06037,POINT (-118.44562 34.06617),[C050262-A],20230623,20210709,1,3220,2744,2513,2938,2516,83,71,0,0,2989,1106,784.0,1064.0,757.0,40,38.0,0.0,0.0,0.0,7,7,7,7,7,7,7,7,7,7,7,7,7,7,7,7,7,7,7,0,0,0,0,0,0,0,0,0,0.0,0,147,0,0,0,0,0,0,0,0,0,0.0,0,999,0.0,0,7,7,7,7,30.0,,28.0,,58.0,,20025.0,,5212.0,,2545.0,,460.0,392.0,359.0,419.7,359.4,11.9,10.1,0.0,0.0,427.0,158.0,112.0,152.0,108.1,5.7,5.4,0.0,0.0,0.0
050373,CA,050373,LAC+USC MEDICAL CENTER,"1200 N STATE ST, ROOM C2K100",LOS ANGELES,90033,Short Term,06037,POINT (-118.208376 34.057996),[C050373-A],20230623,20210709,1,4376,3940,3806,3514,3330,108,91,0,0,4242,919,654.0,683.0,560.0,18,17.0,0.0,0.0,0.0,7,7,7,7,7,7,7,7,7,7,7,7,7,7,7,7,7,7,7,13,0,4,-999999,-999999,-999999,-999999,0,-999999,0.0,0,95,9,0,-999999,-999999,-999999,0,-999999,-999999,0,0.0,0,3379,0.0,0,7,7,7,7,61.0,,86.0,,20.0,,7811.0,,7238.0,,180.0,,625.1,562.9,543.7,502.0,475.7,15.4,13.0,0.0,0.0,606.0,131.3,93.4,97.6,80.0,-999999.0,-999999.0,0.0,0.0,0.0
050441,CA,050441,STANFORD HEALTH CARE,300 PASTEUR DRIVE,STANFORD,94305,Short Term,06085,POINT (-122.175944 37.433018),[C050441-A],20230623,20210709,1,4427,4308,4308,4233,4233,75,55,0,0,4308,833,833.0,590.0,590.0,13,9.0,0.0,0.0,0.0,7,7,7,7,7,7,7,7,7,7,7,7,7,7,7,7,7,7,7,8,0,-999999,0,0,-999999,0,-999999,-999999,0.0,0,47,219,-999999,14,46,24,35,34,35,30,0.0,-999999,1751,0.0,0,7,7,7,7,0.0,,179.0,,39.0,,15.0,,6620.0,,24.0,,632.4,615.4,615.4,604.7,604.7,10.7,7.9,0.0,0.0,615.4,119.0,119.0,84.3,84.3,-999999.0,-999999.0,0.0,0.0,0.0
050454,CA,050454,UCSF MEDICAL CENTER,"505 PARNASSUS AVE, BOX 0296",SAN FRANCISCO,94143,Short Term,06075,POINT (-122.457544 37.762452),"[C050454-C, C050454-B, C050454-D, C050454-A]",20230623,20210709,1,5943,4235,4235,4525,3469,65,55,-999999,0,5943,1386,714.0,1004.0,513.0,31,31.0,24.0,0.0,0.0,7,7,7,7,7,7,7,7,7,7,7,7,7,7,7,7,7,7,7,-999999,0,0,0,0,0,0,0,-999999,0.0,0,17,-999999,0,-999999,0,0,0,0,-999999,0,0.0,0,999,-999999.0,0,7,7,7,7,,,,,,,,,,,,,849.0,605.0,605.0,646.4,495.6,9.3,7.9,-999999.0,0.0,849.0,198.0,102.0,143.4,73.3,4.4,4.4,-999999.0,0.0,0.0
050625,CA,050625,CEDARS-SINAI MEDICAL CENTER,8700 BEVERLY BLVD,LOS ANGELES,90048,Short Term,06037,POINT (-118.380122 34.075496),[C050625-A],20230623,20210709,1,5885,5752,5752,5560,5477,112,88,4,0,5885,1155,756.0,896.0,637.0,18,8.0,0.0,0.0,0.0,7,7,7,7,7,7,7,7,7,7,7,7,7,7,7,7,7,7,7,13,0,4,4,0,-999999,-999999,0,-999999,0.0,0,53,7,0,0,0,0,-999999,-999999,-999999,4,0.0,-999999,1873,0.0,0,7,7,7,7,256.0,,143.0,,32.0,,15773.0,,3490.0,,196.0,,840.7,821.7,821.7,794.3,782.4,16.0,12.6,-999999.0,0.0,840.7,165.0,108.0,128.0,91.0,-999999.0,-999999.0,0.0,0.0,0.0
330005,NY,330005,KALEIDA HEALTH,100 HIGH STREET,BUFFALO,14210,Short Term,36029,POINT (-78.865984 42.900906),"[C330005-B, C330005-A]",20230623,20210709,1,6853,6853,6328,4652,4652,16,16,0,0,6328,1505,1505.0,893.0,893.0,7,7.0,0.0,0.0,0.0,7,7,7,7,7,7,7,7,7,7,7,7,7,7,7,7,7,7,7,-999999,0,0,0,0,-999999,0,0,0,0.0,0,11,0,0,0,0,0,0,0,0,0,0.0,0,2106,0.0,0,7,7,7,7,7.0,,4.0,,11.0,,4800.0,,1778.0,,397.0,,979.0,979.0,904.0,664.6,664.6,-999999.0,-999999.0,0.0,0.0,904.0,215.0,215.0,127.6,127.6,-999999.0,-999999.0,0.0,0.0,0.0
330024,NY,330024,MOUNT SINAI HOSPITAL,ONE GUSTAVE L LEVY PLACE,NEW YORK,10029,Short Term,36061,POINT (-73.953392 40.790390),"[C330024-B, C330024-A]",20230623,20210709,1,11291,10381,8645,7463,6770,267,94,11,0,9555,1043,896.0,842.0,712.0,23,18.0,0.0,0.0,0.0,7,7,7,7,7,7,7,7,7,7,7,7,7,7,7,7,7,7,7,11,0,-999999,-999999,-999999,-999999,0,5,-999999,0.0,0,668,32,-999999,5,-999999,-999999,5,9,-999999,-999999,0.0,-999999,4068,0.0,0,7,7,7,7,288.0,,214.0,,99.0,,17359.0,,10655.0,,380.0,,1613.0,1483.0,1235.0,1066.1,967.1,38.1,13.4,-999999.0,0.0,1365.0,149.0,128.0,120.3,101.7,-999999.0,-999999.0,0.0,0.0,0.0
330059,NY,330059,MONTEFIORE MEDICAL CENTER,111 EAST 210TH STREET,BRONX,10467,Short Term,36005,POINT (-73.879897 40.879872),"[C330059-C, C330059-B, C330059-A, C330059-D]",20230623,20210709,1,11473,10094,10094,9129,8262,67,67,0,0,11473,1442,861.0,1168.0,686.0,26,26.0,0.0,0.0,0.0,7,7,7,7,7,7,7,7,7,7,7,7,7,7,7,7,7,7,7,16,0,-999999,5,-999999,-999999,0,-999999,-999999,0.0,0,1771,0,0,0,0,0,0,0,0,0,0.0,0,5231,0.0,0,7,7,7,7,,,,,,,,,,,,,1639.0,1442.0,1442.0,1304.1,1180.3,9.6,9.6,0.0,0.0,1639.0,206.0,123.0,166.9,98.0,-999999.0,-999999.0,0.0,0.0,0.0
330101,NY,330101,NEW YORK-PRESBYTERIAN HOSPITAL,525 EAST 68TH STREET,NEW YORK,10065,Short Term,36061,POINT (-73.954509 40.764355),"[C330101-A, C330101-H, C330101-D, C330101-F, C330101-G, C330101-C, C330101-E]",20230623,20210709,1,24115,19656,17864,17611,14456,673,174,25,0,21987,3738,2170.0,3123.0,1727.0,104,36.0,,,,7,7,7,7,7,7,7,7,7,7,7,7,7,7,7,7,0,0,0,17,0,-999999,-999999,4,-999999,4,-999999,-999999,0.0,0,282,183,0,12,22,23,29,34,38,25,0.0,6,7058,,0,7,7,7,7,,,,,,,,,,,,,3445.0,2808.0,2552.0,2515.9,2065.1,96.1,24.9,-999999.0,0.0,3141.0,534.0,310.0,446.1,246.7,14.9,5.1,,,
330214,NY,330214,NYU LANGONE HOSPITALS,550 FIRST AVENUE,NEW YORK,10016,Short Term,36061,POINT (-73.974303 40.742311),"[C330214-B, C330214-A, C330214-C, C330214-D]",20230623,20210709,1,16772,14238,12278,10896,8852,115,108,20,11,14994,2779,1834.0,2204.0,1422.0,27,27.0,0.0,0.0,0.0,7,7,7,7,7,7,7,7,7,7,7,7,7,7,7,7,2,2,2,30,0,-999999,-999999,-999999,6,8,8,-999999,0.0,-999999,1985,-999999,0,0,0,-999999,0,0,-999999,0,0.0,7,5362,0.0,1,7,7,7,7,746.0,,450.0,,260.0,,33008.0,,10763.0,,33289.0,,2396.0,2034.0,1754.0,1556.6,1264.6,16.4,15.4,-999999.0,-999999.0,2142.0,397.0,262.0,314.9,203.1,-999999.0,-999999.0,0.0,0.0,0.0
330285,NY,330285,STRONG MEMORIAL HOSPITAL,601 ELMWOOD AVE,ROCHESTER,14642,Short Term,36055,POINT (-77.623587 43.122832),[C330285-A],20230623,20210709,1,9352,8316,7378,6434,5466,77,70,10,4,8414,1127,931.0,834.0,703.0,14,14.0,0.0,0.0,0.0,7,7,7,7,7,7,7,7,7,7,7,7,7,7,7,7,7,7,7,20,-999999,7,4,0,-999999,4,0,-999999,0.0,-999999,19,-999999,0,0,0,-999999,0,-999999,0,-999999,0.0,6,2214,0.0,0,7,7,7,7,19.0,,0.0,,0.0,,15368.0,,3913.0,,16350.0,,1336.0,1188.0,1054.0,919.1,780.9,11.0,10.0,-999999.0,-999999.0,1202.0,161.0,133.0,119.1,100.4,-999999.0,-999999.0,0.0,0.0,0.0
050025,CA,050025,UC SAN DIEGO HEALTH HILLCREST - HILLCREST MED CTR,200 WEST ARBOR DRIVE,SAN DIEGO,92103,Short Term,06073,POINT (-117.165844 32.754258),"[C050025-A, C050025-B]",20240308,20210711,1,5811,5251,4509,4086,3899,94,77,5,5,5069,1183,707.0,801.0,613.0,33,31.0,0.0,0.0,0.0,7,7,7,7,7,7,7,7,7,7,7,7,7,7,7,7,7,7,7,8,0,0,-999999,-999999,0,0,-999999,-999999,0.0,0,385,12,0,-999999,-999999,-999999,0,5,-999999,0,0.0,0,1680,0.0,0,7,7,7,7,223.0,,86.0,,12.0,,10736.0,,2337.0,,200.0,,830.1,750.1,644.1,583.7,557.0,13.4,11.0,-999999.0,-999999.0,724.1,169.0,101.0,114.4,87.6,4.7,4.4,0.0,0.0,0.0
050262,CA,050262,RONALD REAGAN UCLA MEDICAL CENTER,757 WESTWOOD PLAZA,LOS ANGELES,90095,Short Term,06037,POINT (-118.446328 34.066455),[C050262-A],20240308,20210711,1,3220,2744,2513,2923,2509,97,90,-999999,-999999,2989,1106,784.0,1062.0,758.0,45,45.0,0.0,0.0,0.0,7,7,7,7,7,7,7,7,7,7,7,7,7,7,7,7,7,7,7,0,0,0,0,0,0,0,0,0,0.0,0,161,0,0,0,0,0,0,0,0,0,0.0,0,1006,0.0,0,7,7,7,7,30.0,,28.0,,58.0,,20025.0,,5212.0,,2545.0,,460.0,392.0,359.0,417.6,358.4,13.9,12.9,-999999.0,-999999.0,427.0,158.0,112.0,151.7,108.3,6.4,6.4,0.0,0.0,0.0
050373,CA,050373,LOS ANGELES GENERAL MEDICAL CENTER,"2051 MARENGO ST, ROOM C2K100",LOS ANGELES,90033,Short Term,06037,POINT (-118.206478 34.056278),[C050373-A],20240308,20210711,1,4398,3958,3829,3612,3409,109,97,-999999,0,4269,915,647.0,691.0,561.0,18,18.0,0.0,0.0,0.0,7,7,7,7,7,7,7,7,7,7,7,7,7,7,7,7,7,7,7,16,0,5,-999999,-999999,-999999,-999999,0,-999999,0.0,0,92,8,0,-999999,0,-999999,-999999,-999999,0,0,0.0,0,3415,0.0,0,7,7,7,7,61.0,,86.0,,20.0,,7811.0,,7238.0,,180.0,,628.3,565.4,547.0,516.0,487.0,15.6,13.9,-999999.0,0.0,609.9,130.7,92.4,98.7,80.1,-999999.0,-999999.0,0.0,0.0,0.0
050441,CA,050441,STANFORD HEALTH CARE,300 PASTEUR DRIVE,STANFORD,94305,Short Term,06085,POINT (-122.175944 37.433018),[C050441-A],20240308,20210711,1,4444,4325,4325,4250,4250,73,60,0,0,4325,833,833.0,593.0,593.0,18,12.0,0.0,0.0,0.0,7,7,7,7,7,7,7,7,7,7,7,7,7,7,7,7,7,7,7,10,0,-999999,0,-999999,4,0,-999999,-999999,0.0,0,54,218,0,20,43,22,33,37,33,30,0.0,-999999,1743,0.0,0,7,7,7,7,0.0,,179.0,,39.0,,15.0,,6620.0,,24.0,,634.9,617.9,617.9,607.1,607.1,10.4,8.6,0.0,0.0,617.9,119.0,119.0,84.7,84.7,-999999.0,-999999.0,0.0,0.0,0.0
050454,CA,050454,UCSF MEDICAL CENTER,"505 PARNASSUS AVE, BOX 0296",SAN FRANCISCO,94143,Short Term,06075,POINT (-122.457544 37.762452),"[C050454-C, C050454-B, C050454-D, C050454-A]",20240308,20210711,1,5943,4235,4235,4521,3464,68,62,-999999,-999999,5943,1386,714.0,990.0,498.0,37,37.0,15.0,0.0,0.0,7,7,7,7,7,7,7,7,7,7,7,7,7,7,7,7,7,7,7,4,0,0,0,-999999,0,0,0,-999999,0.0,0,20,-999999,0,0,-999999,0,0,0,0,0,0.0,0,1028,0.0,0,7,7,7,7,,,,,,,,,,,,,849.0,605.0,605.0,645.9,494.9,9.7,8.9,-999999.0,-999999.0,849.0,198.0,102.0,141.4,71.1,5.3,5.3,-999999.0,0.0,0.0
050625,CA,050625,CEDARS-SINAI MEDICAL CENTER,8700 BEVERLY BLVD,LOS ANGELES,90048,Short Term,06037,POINT (-118.380016 34.076549),[C050625-A],20240308,20210711,1,5852,5719,5719,5515,5435,133,99,-999999,0,5852,1155,756.0,892.0,645.0,17,8.0,0.0,0.0,0.0,7,7,7,7,7,7,7,7,7,7,7,7,7,7,7,7,7,7,7,15,0,-999999,-999999,0,-999999,-999999,-999999,-999999,0.0,0,77,15,0,0,0,-999999,-999999,-999999,-999999,7,0.0,0,1903,0.0,0,7,7,7,7,256.0,,143.0,,32.0,,15773.0,,3490.0,,196.0,,836.0,817.0,817.0,787.9,776.4,19.0,14.1,-999999.0,0.0,836.0,165.0,108.0,127.4,92.1,-999999.0,-999999.0,0.0,0.0,0.0
330005,NY,330005,KALEIDA HEALTH,100 HIGH STREET,BUFFALO,14210,Short Term,36029,POINT (-78.865984 42.900906),"[C330005-C, C330005-B, C330005-A]",20240308,20210711,1,6853,6853,6328,4677,4677,16,15,0,0,6328,1505,1505.0,898.0,898.0,7,7.0,0.0,0.0,0.0,7,7,7,7,7,7,7,7,7,7,7,7,7,7,7,7,7,7,7,-999999,0,0,0,-999999,0,0,0,0,0.0,0,10,-999999,0,0,0,-999999,0,0,0,-999999,0.0,0,2067,0.0,0,7,7,7,7,7.0,,4.0,,11.0,,4800.0,,1778.0,,397.0,,979.0,979.0,904.0,668.1,668.1,-999999.0,-999999.0,0.0,0.0,904.0,215.0,215.0,128.3,128.3,-999999.0,-999999.0,0.0,0.0,0.0
330024,NY,330024,MOUNT SINAI HOSPITAL,ONE GUSTAVE L LEVY PLACE,NEW YORK,10029,Short Term,36061,POINT (-73.953392 40.790390),"[C330024-B, C330024-A]",20240308,20210711,1,11291,10381,8645,7521,6842,271,93,11,0,9555,1043,896.0,847.0,722.0,28,19.0,0.0,0.0,0.0,7,7,7,7,7,7,7,7,7,7,7,7,7,7,7,7,7,7,7,10,0,0,-999999,-999999,0,-999999,4,-999999,0.0,0,750,17,0,-999999,-999999,0,-999999,9,-999999,-999999,0.0,-999999,4265,0.0,0,7,7,7,7,288.0,,214.0,,99.0,,17359.0,,10655.0,,380.0,,1613.0,1483.0,1235.0,1074.4,977.4,38.7,13.3,-999999.0,0.0,1365.0,149.0,128.0,121.0,103.1,4.0,-999999.0,0.0,0.0,0.0
330059,NY,330059,MONTEFIORE MEDICAL CENTER,111 EAST 210TH STREET,BRONX,10467,Short Term,36005,POINT (-73.879896 40.879872),"[C330059-C, C330059-B, C330059-A, C330059-D]",20240308,20210711,1,11473,10094,10094,9166,8293,79,79,0,0,11473,1442,861.0,1166.0,699.0,24,24.0,0.0,0.0,0.0,7,7,7,7,7,7,7,7,7,7,7,7,7,7,7,7,7,7,7,13,0,-999999,4,-999999,-999999,-999999,-999999,-999999,0.0,0,1780,0,0,0,0,0,0,0,0,0,0.0,0,5266,0.0,0,7,7,7,7,,,,,,,,,,,,,1639.0,1442.0,1442.0,1309.4,1184.7,11.3,11.3,0.0,0.0,1639.0,206.0,123.0,166.6,99.9,-999999.0,-999999.0,0.0,0.0,0.0
330101,NY,330101,NEW YORK-PRESBYTERIAN HOSPITAL,525 EAST 68TH STREET,NEW YORK,10065,Short Term,36061,POINT (-73.954509 40.764355),"[C330101-A, C330101-H, C330101-D, C330101-F, C330101-G, C330101-C, C330101-E]",20240308,20210711,1,24115,19656,17864,17628,14479,655,177,29,0,21987,3738,2170.0,3138.0,1737.0,101,37.0,,,,7,7,7,7,7,7,7,7,7,7,7,7,7,7,7,7,0,0,0,15,-999999,-999999,-999999,5,-999999,-999999,-999999,0,0.0,0,290,190,0,11,21,24,25,36,42,31,0.0,10,7115,,0,7,7,7,7,,,,,,,,,,,,,3445.0,2808.0,2552.0,2518.3,2068.4,93.6,25.3,4.1,0.0,3141.0,534.0,310.0,448.3,248.1,14.4,5.3,,,
330214,NY,330214,NYU LANGONE HOSPITALS,550 FIRST AVENUE,NEW YORK,10016,Short Term,36061,POINT (-73.974303 40.742311),"[C330214-B, C330214-A, C330214-C, C330214-D]",20240308,20210711,1,16772,14238,12278,10952,8928,117,112,16,8,14994,2779,1834.0,2210.0,1449.0,32,32.0,0.0,0.0,0.0,7,7,7,7,7,7,7,7,7,7,7,7,7,7,7,7,1,1,1,30,0,-999999,-999999,-999999,7,9,7,-999999,0.0,-999999,1973,-999999,0,0,0,-999999,0,0,0,0,0.0,7,5352,0.0,1,7,7,7,7,746.0,,450.0,,260.0,,33008.0,,10763.0,,33289.0,,2396.0,2034.0,1754.0,1564.6,1275.4,16.7,16.0,-999999.0,-999999.0,2142.0,397.0,262.0,315.7,207.0,4.6,4.6,0.0,0.0,0.0
330285,NY,330285,STRONG MEMORIAL HOSPITAL,601 ELMWOOD AVE,ROCHESTER,14642,Short Term,36055,POINT (-77.623587 43.122832),[C330285-A],20240308,20210711,1,9352,8316,7378,6437,5454,80,68,9,4,8414,1127,931.0,832.0,691.0,10,10.0,0.0,0.0,0.0,7,7,7,7,7,7,7,7,7,7,7,7,7,7,7,7,7,7,7,15,-999999,5,-999999,0,-999999,4,0,-999999,0.0,-999999,10,9,0,0,-999999,-999999,-999999,-999999,-999999,-999999,0.0,5,2226,0.0,0,7,7,7,7,19.0,,0.0,,0.0,,15368.0,,3913.0,,16350.0,,1336.0,1188.0,1054.0,919.6,779.1,11.4,9.7,-999999.0,-999999.0,1202.0,161.0,133.0,118.9,98.7,-999999.0,-999999.0,0.0,0.0,0.0
050025,CA,050025,UC SAN DIEGO HEALTH HILLCREST - HILLCREST MED CTR,200 WEST ARBOR DRIVE,SAN DIEGO,92103,Short Term,06073,POINT (-117.165844 32.754258),"[C050025-A, C050025-B]",20230623,20210716,1,5810,5250,4508,3907,3718,127,102,0,0,5068,1183,707.0,782.0,593.0,54,49.0,0.0,0.0,0.0,7,7,7,7,7,7,7,7,7,7,7,7,7,7,7,7,7,7,7,9,0,-999999,4,-999999,0,0,-999999,-999999,0.0,0,418,17,0,4,7,0,0,5,-999999,0,0.0,0,1676,0.0,0,7,7,7,7,105.0,,142.0,,10.0,,10725.0,,2332.0,,203.0,,830.0,750.0,644.0,558.1,531.1,18.1,14.6,0.0,0.0,724.0,169.0,101.0,111.7,84.7,7.7,7.0,0.0,0.0,0.0
050262,CA,050262,RONALD REAGAN UCLA MEDICAL CENTER,757 WESTWOOD PLAZA,LOS ANGELES,90095,Short Term,06037,POINT (-118.44562 34.06617),[C050262-A],20230623,20210716,1,3206,2741,2543,2887,2491,141,133,8,6,3008,1103,781.0,1018.0,748.0,64,63.0,0.0,0.0,0.0,7,7,7,7,7,7,7,7,7,7,7,7,7,7,7,7,6,6,6,0,0,0,0,0,0,0,0,0,0.0,0,147,0,0,0,0,0,0,0,0,0,0.0,0,1031,0.0,0,7,7,7,7,136.0,,129.0,,129.0,,20161.0,,5152.0,,2538.0,,458.0,391.6,363.3,412.4,355.9,20.1,19.0,-999999.0,-999999.0,429.7,157.6,111.6,145.4,106.9,9.1,9.0,0.0,0.0,0.0
050373,CA,050373,LAC+USC MEDICAL CENTER,"1200 N STATE ST, ROOM C2K100",LOS ANGELES,90033,Short Term,06037,POINT (-118.208376 34.057996),[C050373-A],20230623,20210716,1,4392,3951,3837,3667,3432,131,121,-999999,0,4278,900,639.0,711.0,554.0,22,22.0,0.0,0.0,0.0,7,7,7,7,7,7,7,7,7,7,7,7,7,7,7,7,7,7,7,21,0,-999999,4,6,4,-999999,-999999,-999999,0.0,0,88,7,0,-999999,-999999,-999999,-999999,-999999,-999999,0,0.0,0,3171,0.0,0,7,7,7,7,127.0,,151.0,,21.0,,7847.0,,7213.0,,173.0,,627.4,564.4,548.1,523.9,490.3,18.7,17.3,-999999.0,0.0,611.1,128.6,91.3,101.6,79.1,-999999.0,-999999.0,0.0,0.0,0.0
050441,CA,050441,STANFORD HEALTH CARE,300 PASTEUR DRIVE,STANFORD,94305,Short Term,06085,POINT (-122.175944 37.433018),[C050441-A],20230623,20210716,1,4542,4423,4423,4368,4368,70,56,0,0,4423,833,833.0,632.0,632.0,16,11.0,0.0,0.0,0.0,7,7,7,7,7,7,7,7,7,7,7,7,7,7,7,7,7,7,7,15,0,-999999,5,-999999,-999999,-999999,-999999,-999999,0.0,0,66,241,-999999,25,30,27,33,44,34,47,0.0,-999999,1743,0.0,0,7,7,7,7,0.0,,213.0,,75.0,,18.0,,5561.0,,57.0,,648.9,631.9,631.9,624.0,624.0,10.0,8.0,0.0,0.0,631.9,119.0,119.0,90.3,90.3,-999999.0,-999999.0,0.0,0.0,0.0
050454,CA,050454,UCSF MEDICAL CENTER,"505 PARNASSUS AVE, BOX 0296",SAN FRANCISCO,94143,Short Term,06075,POINT (-122.457544 37.762452),"[C050454-C, C050454-B, C050454-D, C050454-A]",20230623,20210716,1,5943,4235,4235,4603,3546,79,79,11,11,5943,1386,714.0,1017.0,525.0,62,56.0,0.0,0.0,0.0,7,7,7,7,7,7,7,7,7,7,7,7,7,7,7,7,7,7,7,9,0,-999999,0,-999999,-999999,-999999,-999999,-999999,0.0,-999999,32,-999999,0,0,-999999,0,0,0,0,0,0.0,0,990,0.0,0,7,7,7,7,,,,,,,,,,,,,849.0,605.0,605.0,657.6,506.6,11.3,11.3,-999999.0,-999999.0,849.0,198.0,102.0,145.3,75.0,8.9,8.0,0.0,0.0,0.0
050625,CA,050625,CEDARS-SINAI MEDICAL CENTER,8700 BEVERLY BLVD,LOS ANGELES,90048,Short Term,06037,POINT (-118.380122 34.075496),[C050625-A],20230623,20210716,1,5724,5591,5591,5338,5273,197,149,-999999,-999999,5724,1156,757.0,916.0,655.0,29,22.0,0.0,0.0,0.0,7,7,7,7,7,7,7,7,7,7,7,7,7,7,7,7,7,7,7,27,0,-999999,7,6,-999999,4,4,-999999,0.0,-999999,118,18,0,0,-999999,-999999,-999999,-999999,4,6,0.0,0,1971,0.0,0,7,7,7,7,255.0,,143.0,,33.0,,15772.0,,3491.0,,196.0,,817.7,798.7,798.7,762.6,753.3,28.1,21.3,-999999.0,-999999.0,817.7,165.1,108.1,130.9,93.6,4.1,-999999.0,0.0,0.0,0.0
330005,NY,330005,KALEIDA HEALTH,100 HIGH STREET,BUFFALO,14210,Short Term,36029,POINT (-78.865984 42.900906),"[C330005-B, C330005-A]",20230623,20210716,1,6853,6853,6328,4604,4604,37,35,0,0,6328,1505,1505.0,901.0,901.0,14,13.0,0.0,0.0,0.0,7,7,7,7,7,7,7,7,7,7,7,7,7,7,7,7,7,7,7,4,0,0,0,-999999,0,0,-999999,-999999,0.0,0,18,-999999,0,0,0,-999999,0,0,0,-999999,0.0,0,2055,0.0,0,7,7,7,7,5.0,,4.0,,6.0,,4793.0,,1773.0,,403.0,,979.0,979.0,904.0,657.7,657.7,5.3,5.0,0.0,0.0,904.0,215.0,215.0,128.7,128.7,-999999.0,-999999.0,0.0,0.0,0.0
330024,NY,330024,MOUNT SINAI HOSPITAL,ONE GUSTAVE L LEVY PLACE,NEW YORK,10029,Short Term,36061,POINT (-73.953392 40.790390),"[C330024-B, C330024-A]",20230623,20210716,1,11291,10381,8645,7451,6814,318,112,9,0,9555,1043,896.0,861.0,738.0,51,27.0,0.0,0.0,0.0,7,7,7,7,7,7,7,7,7,7,7,7,7,7,7,7,7,7,7,18,0,-999999,0,-999999,-999999,5,-999999,-999999,0.0,0,891,10,0,0,-999999,0,-999999,5,-999999,0,0.0,0,4423,0.0,0,7,7,7,7,244.0,,258.0,,95.0,,17421.0,,10618.0,,373.0,,1613.0,1483.0,1235.0,1064.4,973.4,45.4,16.0,-999999.0,0.0,1365.0,149.0,128.0,123.0,105.4,7.3,-999999.0,0.0,0.0,0.0
330059,NY,330059,MONTEFIORE MEDICAL CENTER,111 EAST 210TH STREET,BRONX,10467,Short Term,36005,POINT (-73.879897 40.879872),"[C330059-C, C330059-B, C330059-A, C330059-D]",20230623,20210716,1,11473,10094,10094,9179,8342,117,117,0,0,11473,1442,861.0,1097.0,677.0,29,29.0,-999999.0,0.0,0.0,7,7,7,7,7,7,7,7,7,7,7,7,7,7,7,7,7,7,7,20,0,-999999,-999999,4,5,4,-999999,-999999,0.0,0,1846,0,0,0,0,0,0,0,0,0,0.0,0,5175,-999999.0,0,7,7,7,7,,,,,,,,,,,,,1639.0,1442.0,1442.0,1311.3,1191.7,16.7,16.7,0.0,0.0,1639.0,206.0,123.0,156.7,96.7,4.1,4.1,-999999.0,0.0,0.0
330101,NY,330101,NEW YORK-PRESBYTERIAN HOSPITAL,525 EAST 68TH STREET,NEW YORK,10065,Short Term,36061,POINT (-73.954509 40.764355),"[C330101-A, C330101-H, C330101-D, C330101-F, C330101-G, C330101-C, C330101-E]",20230623,20210716,1,23998,19539,17747,17474,14355,647,167,31,0,21870,3738,2170.0,3050.0,1696.0,100,46.0,,,,7,7,7,7,7,7,7,7,7,7,7,7,7,7,7,7,0,0,0,16,-999999,-999999,4,-999999,-999999,4,-999999,-999999,0.0,0,290,178,-999999,8,20,27,20,31,38,33,0.0,10,7106,,0,7,7,7,7,,,,,,,,,,,,,3428.3,2791.3,2535.3,2496.3,2050.7,92.4,23.9,4.4,0.0,3124.3,534.0,310.0,435.7,242.3,14.3,6.6,,,
330214,NY,330214,NYU LANGONE HOSPITALS,550 FIRST AVENUE,NEW YORK,10016,Short Term,36061,POINT (-73.974303 40.742311),"[C330214-B, C330214-A, C330214-C, C330214-D]",20230623,20210716,1,16772,14238,12278,10798,8919,151,142,8,-999999,14994,2773,1828.0,2146.0,1402.0,45,43.0,0.0,0.0,0.0,7,7,7,7,7,7,7,7,7,7,7,7,7,7,7,7,1,1,1,26,0,6,0,4,6,-999999,-999999,5,0.0,-999999,2099,4,0,-999999,0,0,-999999,-999999,0,0,0.0,-999999,5445,0.0,0,7,7,7,7,691.0,,583.0,,318.0,,33272.0,,10381.0,,33661.0,,2396.0,2034.0,1754.0,1542.6,1274.1,21.6,20.3,-999999.0,-999999.0,2142.0,396.1,261.1,306.6,200.3,6.4,6.1,0.0,0.0,0.0
330285,NY,330285,STRONG MEMORIAL HOSPITAL,601 ELMWOOD AVE,ROCHESTER,14642,Short Term,36055,POINT (-77.623587 43.122832),[C330285-A],20230623,20210716,1,9352,8316,7378,6291,5311,63,46,12,12,8414,1127,931.0,817.0,664.0,0,0.0,0.0,0.0,0.0,7,7,7,7,7,7,7,7,7,7,7,7,7,7,7,7,7,7,7,9,0,-999999,-999999,-999999,0,-999999,-999999,-999999,0.0,-999999,13,16,0,0,-999999,-999999,-999999,4,4,-999999,0.0,-999999,2322,0.0,0,7,7,7,7,0.0,,0.0,,0.0,,15368.0,,3913.0,,16350.0,,1336.0,1188.0,1054.0,898.7,758.7,9.0,6.6,-999999.0,-999999.0,1202.0,161.0,133.0,116.7,94.9,0.0,0.0,0.0,0.0,0.0
050025,CA,050025,UC SAN DIEGO HEALTH HILLCREST - HILLCREST MED CTR,200 WEST ARBOR DRIVE,SAN DIEGO,92103,Short Term,06073,POINT (-117.165844 32.754258),"[C050025-A, C050025-B]",20240308,20210718,1,5810,5250,4508,3948,3752,146,120,-999999,0,5068,1183,707.0,790.0,594.0,55,50.0,0.0,0.0,0.0,7,7,7,7,7,7,7,7,7,7,7,7,7,7,7,7,7,7,7,10,0,-999999,8,0,0,0,-999999,0,0.0,0,424,15,0,4,7,-999999,0,-999999,-999999,0,0.0,-999999,1679,0.0,0,7,7,7,7,105.0,,142.0,,10.0,,10725.0,,2332.0,,203.0,,830.0,750.0,644.0,564.0,536.0,20.9,17.1,-999999.0,0.0,724.0,169.0,101.0,112.9,84.9,7.9,7.1,0.0,0.0,0.0
050262,CA,050262,RONALD REAGAN UCLA MEDICAL CENTER,757 WESTWOOD PLAZA,LOS ANGELES,90095,Short Term,06037,POINT (-118.446328 34.066455),[C050262-A],20240308,20210718,1,3203,2738,2540,2868,2483,146,138,8,7,3005,1100,778.0,999.0,736.0,66,65.0,0.0,0.0,0.0,7,7,7,7,7,7,7,7,7,7,7,7,7,7,7,7,6,6,6,0,0,0,0,0,0,0,0,0,0.0,0,140,0,0,0,0,0,0,0,0,0,0.0,0,1026,0.0,0,7,7,7,7,136.0,,129.0,,129.0,,20161.0,,5152.0,,2538.0,,457.6,391.1,362.9,409.7,354.7,20.9,19.7,-999999.0,-999999.0,429.3,157.1,111.1,142.7,105.1,9.4,9.3,0.0,0.0,0.0
050373,CA,050373,LOS ANGELES GENERAL MEDICAL CENTER,"2051 MARENGO ST, ROOM C2K100",LOS ANGELES,90033,Short Term,06037,POINT (-118.206478 34.056278),[C050373-A],20240308,20210718,1,4353,3919,3813,3594,3356,135,124,0,0,4247,881,632.0,725.0,555.0,28,28.0,0.0,0.0,0.0,7,7,7,7,7,7,7,7,7,7,7,7,7,7,7,7,7,7,7,19,0,-999999,-999999,5,-999999,-999999,-999999,-999999,0.0,0,95,7,0,-999999,-999999,0,-999999,-999999,-999999,0,0.0,0,3178,0.0,0,7,7,7,7,127.0,,151.0,,21.0,,7847.0,,7213.0,,173.0,,621.9,559.9,544.7,513.4,479.4,19.3,17.7,0.0,0.0,606.7,125.9,90.3,103.6,79.3,4.0,4.0,0.0,0.0,0.0
050441,CA,050441,STANFORD HEALTH CARE,300 PASTEUR DRIVE,STANFORD,94305,Short Term,06085,POINT (-122.175944 37.433018),[C050441-A],20240308,20210718,1,4572,4453,4453,4398,4398,78,65,0,0,4453,833,833.0,638.0,638.0,11,8.0,0.0,0.0,0.0,7,7,7,7,7,7,7,7,7,7,7,7,7,7,7,7,7,7,7,17,-999999,-999999,5,-999999,-999999,-999999,-999999,-999999,0.0,0,69,230,-999999,17,37,22,31,41,36,44,0.0,-999999,1748,0.0,0,7,7,7,7,0.0,,213.0,,75.0,,18.0,,5561.0,,57.0,,653.1,636.1,636.1,628.3,628.3,11.1,9.3,0.0,0.0,636.1,119.0,119.0,91.1,91.1,-999999.0,-999999.0,0.0,0.0,0.0
050454,CA,050454,UCSF MEDICAL CENTER,"505 PARNASSUS AVE, BOX 0296",SAN FRANCISCO,94143,Short Term,06075,POINT (-122.457544 37.762452),"[C050454-C, C050454-B, C050454-D, C050454-A]",20240308,20210718,1,5943,4235,4235,4635,3566,97,97,12,12,5943,1386,714.0,1044.0,539.0,69,63.0,0.0,0.0,0.0,7,7,7,7,7,7,7,7,7,7,7,7,7,7,7,7,6,6,6,10,0,-999999,0,0,-999999,-999999,-999999,-999999,0.0,-999999,34,0,0,0,0,0,0,0,0,0,0.0,0,980,0.0,0,7,7,7,7,,,,,,,,,,,,,849.0,605.0,605.0,662.1,509.4,13.9,13.9,-999999.0,-999999.0,849.0,198.0,102.0,149.1,77.0,9.9,9.0,0.0,0.0,0.0
050625,CA,050625,CEDARS-SINAI MEDICAL CENTER,8700 BEVERLY BLVD,LOS ANGELES,90048,Short Term,06037,POINT (-118.380016 34.076549),[C050625-A],20240308,20210718,1,5703,5570,5570,5336,5266,207,164,-999999,-999999,5703,1156,757.0,932.0,656.0,38,31.0,0.0,0.0,0.0,7,7,7,7,7,7,7,7,7,7,7,7,7,7,7,7,7,7,7,32,0,-999999,7,6,5,9,-999999,-999999,0.0,-999999,115,14,0,0,-999999,-999999,0,-999999,4,5,0.0,0,1956,0.0,0,7,7,7,7,255.0,,143.0,,33.0,,15772.0,,3491.0,,196.0,,814.7,795.7,795.7,762.3,752.3,29.6,23.4,-999999.0,-999999.0,814.7,165.1,108.1,133.1,93.7,5.4,4.4,0.0,0.0,0.0
330005,NY,330005,KALEIDA HEALTH,100 HIGH STREET,BUFFALO,14210,Short Term,36029,POINT (-78.865984 42.900906),"[C330005-C, C330005-B, C330005-A]",20240308,20210718,1,6853,6853,6328,4562,4562,55,54,0,0,6328,1505,1505.0,886.0,886.0,16,15.0,0.0,0.0,0.0,7,7,7,7,7,7,7,7,7,7,7,7,7,7,7,7,7,7,7,9,0,0,0,-999999,-999999,-999999,4,-999999,0.0,0,21,-999999,0,0,0,0,0,0,0,-999999,0.0,0,2054,0.0,0,7,7,7,7,5.0,,4.0,,6.0,,4793.0,,1773.0,,403.0,,979.0,979.0,904.0,651.7,651.7,7.9,7.7,0.0,0.0,904.0,215.0,215.0,126.6,126.6,-999999.0,-999999.0,0.0,0.0,0.0
330024,NY,330024,MOUNT SINAI HOSPITAL,ONE GUSTAVE L LEVY PLACE,NEW YORK,10029,Short Term,36061,POINT (-73.953392 40.790390),"[C330024-B, C330024-A]",20240308,20210718,1,11291,10381,8645,7345,6710,340,139,14,-999999,9555,1043,896.0,872.0,745.0,60,36.0,0.0,0.0,0.0,7,7,7,7,7,7,7,7,7,7,7,7,7,7,7,7,7,7,7,20,0,-999999,-999999,-999999,-999999,5,-999999,-999999,0.0,-999999,891,13,0,0,-999999,0,4,6,-999999,0,0.0,0,4410,0.0,0,7,7,7,7,244.0,,258.0,,95.0,,17421.0,,10618.0,,373.0,,1613.0,1483.0,1235.0,1049.3,958.6,48.6,19.9,-999999.0,-999999.0,1365.0,149.0,128.0,124.6,106.4,8.6,5.1,0.0,0.0,0.0
330059,NY,330059,MONTEFIORE MEDICAL CENTER,111 EAST 210TH STREET,BRONX,10467,Short Term,36005,POINT (-73.879896 40.879872),"[C330059-C, C330059-B, C330059-A, C330059-D]",20240308,20210718,1,11473,10094,10094,9133,8321,125,125,0,0,11473,1442,861.0,1097.0,663.0,34,34.0,-999999.0,0.0,0.0,7,7,7,7,7,7,7,7,7,7,7,7,7,7,7,7,7,7,7,25,0,-999999,-999999,7,7,-999999,-999999,-999999,0.0,0,1885,0,0,0,0,0,0,0,0,0,0.0,0,5293,-999999.0,0,7,7,7,7,,,,,,,,,,,,,1639.0,1442.0,1442.0,1304.7,1188.7,17.9,17.9,0.0,0.0,1639.0,206.0,123.0,156.7,94.7,4.9,4.9,-999999.0,0.0,0.0
330101,NY,330101,NEW YORK-PRESBYTERIAN HOSPITAL,525 EAST 68TH STREET,NEW YORK,10065,Short Term,36061,POINT (-73.954509 40.764355),"[C330101-A, C330101-H, C330101-D, C330101-F, C330101-G, C330101-C, C330101-E]",20240308,20210718,1,23910,19451,17659,17262,14171,637,167,26,0,21782,3738,2172.0,2998.0,1673.0,108,50.0,,,,7,7,7,7,7,7,7,7,7,7,7,7,7,7,7,7,0,0,0,21,0,-999999,5,0,-999999,7,-999999,-999999,0.0,0,295,173,-999999,8,24,23,20,33,32,32,0.0,5,7049,,0,7,7,7,7,,,,,,,,,,,,,3415.7,2778.7,2522.7,2466.0,2024.4,91.0,23.9,-999999.0,0.0,3111.7,534.0,310.3,428.3,239.0,15.4,7.1,,,
330214,NY,330214,NYU LANGONE HOSPITALS,550 FIRST AVENUE,NEW YORK,10016,Short Term,36061,POINT (-73.974303 40.742311),"[C330214-B, C330214-A, C330214-C, C330214-D]",20240308,20210718,1,16772,14238,12278,10760,8928,167,156,14,4,14994,2773,1828.0,2113.0,1347.0,46,44.0,0.0,0.0,0.0,7,7,7,7,7,7,7,7,7,7,7,7,7,7,7,7,1,1,1,30,0,5,-999999,5,7,-999999,-999999,5,0.0,-999999,2083,5,0,-999999,-999999,0,-999999,-999999,0,0,0.0,6,5511,0.0,0,7,7,7,7,691.0,,583.0,,318.0,,33272.0,,10381.0,,33661.0,,2396.0,2034.0,1754.0,1537.1,1275.4,23.9,22.3,-999999.0,-999999.0,2142.0,396.1,261.1,301.9,192.4,6.6,6.3,0.0,0.0,0.0
330285,NY,330285,STRONG MEMORIAL HOSPITAL,601 ELMWOOD AVE,ROCHESTER,14642,Short Term,36055,POINT (-77.623587 43.122832),[C330285-A],20240308,20210718,1,9352,8316,7378,6203,5217,55,35,12,12,8414,1127,931.0,827.0,677.0,0,0.0,0.0,0.0,0.0,7,7,7,7,7,7,7,7,7,7,7,7,7,7,7,7,7,7,7,10,0,-999999,-999999,-999999,0,0,-999999,-999999,0.0,-999999,17,19,0,0,-999999,-999999,-999999,6,-999999,-999999,0.0,-999999,2326,0.0,0,7,7,7,7,0.0,,0.0,,0.0,,15368.0,,3913.0,,16350.0,,1336.0,1188.0,1054.0,886.1,745.3,7.9,5.0,-999999.0,-999999.0,1202.0,161.0,133.0,118.1,96.7,0.0,0.0,0.0,0.0,0.0
050025,CA,050025,UC SAN DIEGO HEALTH HILLCREST - HILLCREST MED CTR,200 WEST ARBOR DRIVE,SAN DIEGO,92103,Short Term,06073,POINT (-117.165844 32.754258),"[C050025-A, C050025-B]",20230623,20210723,1,5810,5250,4508,4099,3915,196,168,-999999,0,5068,1183,707.0,790.0,607.0,53,51.0,0.0,0.0,0.0,7,7,7,7,7,7,7,7,7,7,7,7,7,7,7,7,7,7,7,17,0,0,6,5,0,-999999,-999999,-999999,0.0,0,489,14,0,-999999,8,-999999,-999999,-999999,0,0,0.0,-999999,1703,0.0,0,7,7,7,7,73.0,,134.0,,17.0,,10768.0,,2326.0,,212.0,,830.0,750.0,644.0,585.6,559.3,28.0,24.0,-999999.0,0.0,724.0,169.0,101.0,112.9,86.7,7.6,7.3,0.0,0.0,0.0
050262,CA,050262,RONALD REAGAN UCLA MEDICAL CENTER,757 WESTWOOD PLAZA,LOS ANGELES,90095,Short Term,06037,POINT (-118.44562 34.06617),[C050262-A],20230623,20210723,1,3202,2726,2495,2770,2406,164,157,11,11,2971,1088,766.0,953.0,690.0,73,73.0,0.0,0.0,0.0,7,7,7,7,7,7,7,7,7,7,7,7,7,7,7,7,7,7,7,0,0,0,0,0,0,0,0,0,0.0,0,153,0,0,0,0,0,0,0,0,0,0.0,0,1039,0.0,0,7,7,7,7,2691.0,,503.0,,503.0,,22852.0,,4733.0,,350.0,,457.4,389.4,356.4,395.7,343.7,23.4,22.4,-999999.0,-999999.0,424.4,155.4,109.4,136.1,98.6,10.4,10.4,0.0,0.0,0.0
050373,CA,050373,LAC+USC MEDICAL CENTER,"1200 N STATE ST, ROOM C2K100",LOS ANGELES,90033,Short Term,06037,POINT (-118.208376 34.057996),[C050373-A],20230623,20210723,1,4313,3902,3794,3508,3277,138,129,5,-999999,4205,882,652.0,777.0,610.0,52,52.0,0.0,0.0,0.0,7,7,7,7,7,7,7,7,7,7,7,7,7,7,7,7,7,7,7,15,0,-999999,5,-999999,-999999,-999999,-999999,-999999,0.0,-999999,83,6,0,-999999,-999999,0,-999999,-999999,0,0,0.0,0,3184,0.0,0,7,7,7,7,74.0,,179.0,,17.0,,7905.0,,7127.0,,189.0,,616.1,557.4,542.0,501.1,468.1,19.7,18.4,-999999.0,-999999.0,600.7,126.0,93.1,111.0,87.1,7.4,7.4,0.0,0.0,0.0
050441,CA,050441,STANFORD HEALTH CARE,300 PASTEUR DRIVE,STANFORD,94305,Short Term,06085,POINT (-122.175944 37.433018),[C050441-A],20230623,20210723,1,4578,4459,4459,4367,4367,68,59,0,0,4459,833,833.0,642.0,642.0,16,15.0,0.0,0.0,0.0,7,7,7,7,7,7,7,7,7,7,7,7,7,7,7,7,7,7,7,12,-999999,-999999,0,0,4,0,-999999,-999999,0.0,0,60,218,-999999,13,46,21,25,34,47,29,0.0,-999999,1721,0.0,0,7,7,7,7,0.0,,89.0,,91.0,,27914.0,,5197.0,,62.0,,654.0,637.0,637.0,623.9,623.9,9.7,8.4,0.0,0.0,637.0,119.0,119.0,91.7,91.7,-999999.0,-999999.0,0.0,0.0,0.0
050454,CA,050454,UCSF MEDICAL CENTER,"505 PARNASSUS AVE, BOX 0296",SAN FRANCISCO,94143,Short Term,06075,POINT (-122.457544 37.762452),"[C050454-C, C050454-B, C050454-D, C050454-A]",20230623,20210723,1,5943,4235,4235,4675,3578,175,174,18,17,5943,1386,714.0,1102.0,563.0,80,80.0,0.0,0.0,0.0,7,7,7,7,7,7,7,7,7,7,7,7,7,7,7,7,6,6,6,20,0,4,-999999,5,4,-999999,-999999,-999999,0.0,-999999,47,-999999,0,0,-999999,0,0,0,0,0,0.0,0,1038,0.0,0,7,7,7,7,,,,,,,,,,,,,849.0,605.0,605.0,667.9,511.1,25.0,24.9,-999999.0,-999999.0,849.0,198.0,102.0,157.4,80.4,11.4,11.4,0.0,0.0,0.0
050625,CA,050625,CEDARS-SINAI MEDICAL CENTER,8700 BEVERLY BLVD,LOS ANGELES,90048,Short Term,06037,POINT (-118.380122 34.075496),[C050625-A],20230623,20210723,1,5794,5661,5661,5473,5382,293,250,10,0,5794,1155,756.0,975.0,701.0,67,56.0,0.0,0.0,0.0,7,7,7,7,7,7,7,7,7,7,7,7,7,7,7,7,7,7,7,35,0,4,6,-999999,6,9,-999999,5,-999999.0,0,113,13,0,0,-999999,-999999,-999999,-999999,-999999,-999999,0.0,-999999,1899,0.0,0,7,7,7,7,153.0,,186.0,,36.0,,15808.0,,3430.0,,221.0,,827.7,808.7,808.7,781.9,768.9,41.9,35.7,-999999.0,0.0,827.7,165.0,108.0,139.3,100.1,9.6,8.0,0.0,0.0,0.0
330005,NY,330005,KALEIDA HEALTH,100 HIGH STREET,BUFFALO,14210,Short Term,36029,POINT (-78.865984 42.900906),"[C330005-B, C330005-A]",20230623,20210723,1,6853,6853,6328,4478,4478,84,82,0,0,6328,1505,1505.0,868.0,868.0,9,8.0,0.0,0.0,0.0,7,7,7,7,7,7,7,7,7,7,7,7,7,7,7,7,7,7,7,15,0,0,-999999,-999999,-999999,6,5,0,0.0,0,49,6,0,0,-999999,0,-999999,-999999,-999999,0,0.0,0,2026,0.0,0,7,7,7,7,5.0,,5.0,,10.0,,4794.0,,1763.0,,412.0,,979.0,979.0,904.0,639.7,639.7,12.0,11.7,0.0,0.0,904.0,215.0,215.0,124.0,124.0,-999999.0,-999999.0,0.0,0.0,0.0
330024,NY,330024,MOUNT SINAI HOSPITAL,ONE GUSTAVE L LEVY PLACE,NEW YORK,10029,Short Term,36061,POINT (-73.953392 40.790390),"[C330024-B, C330024-A]",20230623,20210723,1,11291,10381,8645,7201,6533,474,203,40,6,9555,1035,888.0,879.0,742.0,81,39.0,0.0,0.0,0.0,7,7,7,7,7,7,7,7,7,7,7,7,7,7,7,7,7,7,7,15,0,-999999,-999999,-999999,-999999,-999999,-999999,-999999,0.0,-999999,864,16,0,-999999,0,0,-999999,5,-999999,4,0.0,0,4276,0.0,0,7,7,7,7,195.0,,307.0,,124.0,,17483.0,,10556.0,,400.0,,1613.0,1483.0,1235.0,1028.7,933.3,67.7,29.0,5.7,-999999.0,1365.0,147.9,126.9,125.6,106.0,11.6,5.6,0.0,0.0,0.0
330059,NY,330059,MONTEFIORE MEDICAL CENTER,111 EAST 210TH STREET,BRONX,10467,Short Term,36005,POINT (-73.879897 40.879872),"[C330059-C, C330059-B, C330059-A, C330059-D]",20230623,20210723,1,11473,10094,10094,9176,8302,133,133,-999999,-999999,11473,1442,861.0,1175.0,668.0,36,36.0,0.0,0.0,0.0,7,7,7,7,7,7,7,7,7,7,7,7,7,7,7,7,7,7,7,27,0,-999999,6,-999999,7,-999999,-999999,-999999,-999999.0,-999999,1887,0,0,0,0,0,0,0,0,0,0.0,0,5319,0.0,0,7,7,7,7,,,,,,,,,,,,,1639.0,1442.0,1442.0,1310.9,1186.0,19.0,19.0,-999999.0,-999999.0,1639.0,206.0,123.0,167.9,95.4,5.1,5.1,0.0,0.0,0.0
330101,NY,330101,NEW YORK-PRESBYTERIAN HOSPITAL,525 EAST 68TH STREET,NEW YORK,10065,Short Term,36061,POINT (-73.954509 40.764355),"[C330101-A, C330101-H, C330101-D, C330101-F, C330101-G, C330101-C, C330101-E]",20230623,20210723,1,23423,19048,17280,17176,14119,718,211,30,-999999,21327,3682,2130.0,2957.0,1669.0,104,47.0,,,,7,7,7,7,7,7,7,7,7,7,7,7,7,7,7,7,0,0,0,39,-999999,6,-999999,4,7,9,4,6,0.0,-999999,382,192,0,6,22,12,32,45,32,43,0.0,5,6949,,0,7,7,7,7,,,,,,,,,,,,,3346.1,2721.1,2468.6,2453.7,2017.0,102.6,30.1,4.3,-999999.0,3046.7,526.0,304.3,422.4,238.4,14.9,6.7,,,
330214,NY,330214,NYU LANGONE HOSPITALS,550 FIRST AVENUE,NEW YORK,10016,Short Term,36061,POINT (-73.974303 40.742311),"[C330214-B, C330214-A, C330214-C, C330214-D]",20230623,20210723,1,16772,14238,12278,10814,8893,217,201,19,7,14994,2779,1834.0,2114.0,1315.0,44,44.0,0.0,0.0,0.0,7,7,7,7,7,7,7,7,7,7,7,7,7,7,7,7,1,1,1,32,0,-999999,6,5,8,7,0,-999999,0.0,-999999,2025,11,-999999,0,4,-999999,-999999,-999999,0,0,-999999.0,7,5508,0.0,0,7,7,7,7,380.0,,564.0,,209.0,,33535.0,,9975.0,,33930.0,,2396.0,2034.0,1754.0,1544.9,1270.4,31.0,28.7,-999999.0,-999999.0,2142.0,397.0,262.0,302.0,187.9,6.3,6.3,0.0,0.0,0.0
330285,NY,330285,STRONG MEMORIAL HOSPITAL,601 ELMWOOD AVE,ROCHESTER,14642,Short Term,36055,POINT (-77.623587 43.122832),[C330285-A],20230623,20210723,1,9352,8316,7378,6138,5146,45,27,9,-999999,8414,1127,931.0,862.0,720.0,-999999,-999999.0,0.0,0.0,0.0,7,7,7,7,7,7,7,7,7,7,7,7,7,7,7,7,7,7,7,12,0,-999999,5,-999999,0,-999999,-999999,-999999,0.0,-999999,33,14,0,-999999,-999999,0,-999999,4,-999999,-999999,0.0,4,2406,0.0,0,7,7,7,7,0.0,,24.0,,250.0,,15618.0,,3663.0,,16350.0,,1336.0,1188.0,1054.0,876.9,735.1,6.4,-999999.0,-999999.0,-999999.0,1202.0,161.0,133.0,123.1,102.9,-999999.0,-999999.0,0.0,0.0,0.0
050025,CA,050025,UC SAN DIEGO HEALTH HILLCREST - HILLCREST MED CTR,200 WEST ARBOR DRIVE,SAN DIEGO,92103,Short Term,06073,POINT (-117.165844 32.754258),"[C050025-A, C050025-B]",20240308,20210725,1,5810,5250,4508,4106,3916,213,185,-999999,0,5068,1183,707.0,798.0,609.0,57,57.0,0.0,0.0,0.0,7,7,7,7,7,7,7,7,7,7,7,7,7,7,7,7,7,7,7,16,0,-999999,-999999,5,0,-999999,-999999,-999999,0.0,0,514,16,0,-999999,8,-999999,-999999,-999999,-999999,0,0.0,0,1706,0.0,0,7,7,7,7,73.0,,134.0,,17.0,,10768.0,,2326.0,,212.0,,830.0,750.0,644.0,586.6,559.4,30.4,26.4,-999999.0,0.0,724.0,169.0,101.0,114.0,87.0,8.1,8.1,0.0,0.0,0.0
050262,CA,050262,RONALD REAGAN UCLA MEDICAL CENTER,757 WESTWOOD PLAZA,LOS ANGELES,90095,Short Term,06037,POINT (-118.446328 34.066455),[C050262-A],20240308,20210725,1,3199,2723,2492,2778,2407,173,167,11,11,2968,1085,763.0,958.0,695.0,80,80.0,0.0,0.0,0.0,7,7,7,7,7,7,7,7,7,7,7,7,7,7,7,7,7,7,7,0,0,0,0,0,0,0,0,0,0.0,0,157,0,0,0,0,0,0,0,0,0,0.0,0,1016,0.0,0,7,7,7,7,2691.0,,503.0,,503.0,,22852.0,,4733.0,,350.0,,457.0,389.0,356.0,396.9,343.9,24.7,23.9,-999999.0,-999999.0,424.0,155.0,109.0,136.9,99.3,11.4,11.4,0.0,0.0,0.0
050373,CA,050373,LOS ANGELES GENERAL MEDICAL CENTER,"2051 MARENGO ST, ROOM C2K100",LOS ANGELES,90033,Short Term,06037,POINT (-118.206478 34.056278),[C050373-A],20240308,20210725,1,4312,3912,3796,3475,3252,135,129,5,-999999,4196,886,662.0,764.0,609.0,51,51.0,0.0,0.0,0.0,7,7,7,7,7,7,7,7,7,7,7,7,7,7,7,7,7,7,7,14,0,-999999,4,-999999,-999999,-999999,-999999,-999999,0.0,-999999,73,5,0,0,-999999,0,-999999,-999999,-999999,0,0.0,0,3138,0.0,0,7,7,7,7,74.0,,179.0,,17.0,,7905.0,,7127.0,,189.0,,616.0,558.9,542.3,496.4,464.6,19.3,18.4,-999999.0,-999999.0,599.4,126.6,94.6,109.1,87.0,7.3,7.3,0.0,0.0,0.0
050441,CA,050441,STANFORD HEALTH CARE,300 PASTEUR DRIVE,STANFORD,94305,Short Term,06085,POINT (-122.175944 37.433018),[C050441-A],20240308,20210725,1,4607,4488,4488,4396,4396,79,62,0,0,4488,833,833.0,634.0,634.0,24,23.0,0.0,0.0,0.0,7,7,7,7,7,7,7,7,7,7,7,7,7,7,7,7,7,7,7,16,0,-999999,-999999,0,5,-999999,-999999,-999999,0.0,0,62,236,-999999,17,45,27,23,42,49,31,0.0,-999999,1751,0.0,0,7,7,7,7,0.0,,89.0,,91.0,,27914.0,,5197.0,,62.0,,658.1,641.1,641.1,628.0,628.0,11.3,8.9,0.0,0.0,641.1,119.0,119.0,90.6,90.6,-999999.0,-999999.0,0.0,0.0,0.0
050454,CA,050454,UCSF MEDICAL CENTER,"505 PARNASSUS AVE, BOX 0296",SAN FRANCISCO,94143,Short Term,06075,POINT (-122.457544 37.762452),"[C050454-C, C050454-B, C050454-D, C050454-A]",20240308,20210725,1,5943,4235,4235,4679,3573,198,197,19,16,5943,1386,714.0,1087.0,551.0,88,88.0,0.0,0.0,0.0,7,7,7,7,7,7,7,7,7,7,7,7,7,7,7,7,7,7,7,18,0,4,-999999,6,-999999,-999999,-999999,-999999,0.0,-999999,49,-999999,0,0,-999999,0,0,0,0,0,0.0,0,1041,0.0,0,7,7,7,7,,,,,,,,,,,,,849.0,605.0,605.0,668.4,510.4,28.3,28.1,-999999.0,-999999.0,849.0,198.0,102.0,155.3,78.7,12.6,12.6,0.0,0.0,0.0
050625,CA,050625,CEDARS-SINAI MEDICAL CENTER,8700 BEVERLY BLVD,LOS ANGELES,90048,Short Term,06037,POINT (-118.380016 34.076549),[C050625-A],20240308,20210725,1,5871,5738,5738,5555,5459,337,282,10,0,5871,1155,756.0,990.0,719.0,85,69.0,0.0,0.0,0.0,7,7,7,7,7,7,7,7,7,7,7,7,7,7,7,7,7,7,7,32,0,4,6,-999999,7,4,-999999,4,-999999.0,0,110,17,0,0,-999999,-999999,-999999,4,4,-999999,0.0,-999999,1869,0.0,0,7,7,7,7,153.0,,186.0,,36.0,,15808.0,,3430.0,,221.0,,838.7,819.7,819.7,793.6,779.9,48.1,40.3,-999999.0,0.0,838.7,165.0,108.0,141.4,102.7,12.1,9.9,0.0,0.0,0.0
330005,NY,330005,KALEIDA HEALTH,100 HIGH STREET,BUFFALO,14210,Short Term,36029,POINT (-78.865984 42.900906),"[C330005-C, C330005-B, C330005-A]",20240308,20210725,1,6853,6853,6328,4442,4442,86,84,0,0,6328,1505,1505.0,881.0,881.0,9,8.0,0.0,0.0,0.0,7,7,7,7,7,7,7,7,7,7,7,7,7,7,7,7,7,7,7,11,0,0,-999999,0,0,5,-999999,-999999,0.0,0,63,8,0,0,-999999,0,-999999,-999999,-999999,-999999,0.0,0,2091,0.0,0,7,7,7,7,5.0,,5.0,,10.0,,4794.0,,1763.0,,412.0,,979.0,979.0,904.0,634.6,634.6,12.3,12.0,0.0,0.0,904.0,215.0,215.0,125.9,125.9,-999999.0,-999999.0,0.0,0.0,0.0
330024,NY,330024,MOUNT SINAI HOSPITAL,ONE GUSTAVE L LEVY PLACE,NEW YORK,10029,Short Term,36061,POINT (-73.953392 40.790390),"[C330024-B, C330024-A]",20240308,20210725,1,11291,10381,8645,7178,6497,482,210,43,5,9555,1030,883.0,869.0,731.0,82,34.0,0.0,0.0,0.0,7,7,7,7,7,7,7,7,7,7,7,7,7,7,7,7,7,7,7,18,0,-999999,6,-999999,-999999,-999999,-999999,-999999,0.0,-999999,850,15,0,-999999,0,-999999,-999999,-999999,-999999,4,0.0,0,4169,0.0,0,7,7,7,7,195.0,,307.0,,124.0,,17483.0,,10556.0,,400.0,,1613.0,1483.0,1235.0,1025.4,928.1,68.9,30.0,6.1,-999999.0,1365.0,147.1,126.1,124.1,104.4,11.7,4.9,0.0,0.0,0.0
330059,NY,330059,MONTEFIORE MEDICAL CENTER,111 EAST 210TH STREET,BRONX,10467,Short Term,36005,POINT (-73.879896 40.879872),"[C330059-C, C330059-B, C330059-A, C330059-D]",20240308,20210725,1,11473,10094,10094,9189,8274,147,147,12,-999999,11473,1442,861.0,1200.0,682.0,38,38.0,0.0,0.0,0.0,7,7,7,7,7,7,7,7,7,7,7,7,7,7,7,7,7,7,7,29,0,-999999,8,0,6,-999999,-999999,-999999,4.0,4,1908,0,0,0,0,0,0,0,0,0,0.0,0,5201,0.0,0,7,7,7,7,,,,,,,,,,,,,1639.0,1442.0,1442.0,1312.7,1182.0,21.0,21.0,-999999.0,-999999.0,1639.0,206.0,123.0,171.4,97.4,5.4,5.4,0.0,0.0,0.0
330101,NY,330101,NEW YORK-PRESBYTERIAN HOSPITAL,525 EAST 68TH STREET,NEW YORK,10065,Short Term,36061,POINT (-73.954509 40.764355),"[C330101-A, C330101-H, C330101-D, C330101-F, C330101-G, C330101-C, C330101-E]",20240308,20210725,1,23047,18756,17012,17273,14246,745,247,32,8,20983,3626,2076.0,2992.0,1692.0,99,46.0,,,,7,7,7,7,7,7,7,7,7,7,7,7,7,7,7,7,0,0,0,43,-999999,7,-999999,6,8,7,-999999,9,0.0,4,394,187,0,10,21,12,31,37,36,40,0.0,5,7032,,0,7,7,7,7,,,,,,,,,,,,,3292.4,2679.4,2430.3,2467.6,2035.1,106.4,35.3,4.6,-999999.0,2997.6,518.0,296.6,427.4,241.7,14.1,6.6,,,
330214,NY,330214,NYU LANGONE HOSPITALS,550 FIRST AVENUE,NEW YORK,10016,Short Term,36061,POINT (-73.974303 40.742311),"[C330214-B, C330214-A, C330214-C, C330214-D]",20240308,20210725,1,16772,14238,12278,10719,8809,235,218,16,9,14994,2779,1834.0,2138.0,1337.0,44,43.0,0.0,0.0,0.0,7,7,7,7,7,7,7,7,7,7,7,7,7,7,7,7,1,1,1,37,0,4,7,7,7,8,0,4,0.0,-999999,2081,12,-999999,0,-999999,-999999,4,-999999,-999999,0,-999999.0,-999999,5490,0.0,0,7,7,7,7,380.0,,564.0,,209.0,,33535.0,,9975.0,,33930.0,,2396.0,2034.0,1754.0,1531.3,1258.4,33.6,31.1,-999999.0,-999999.0,2142.0,397.0,262.0,305.4,191.0,6.3,6.1,0.0,0.0,0.0
330285,NY,330285,STRONG MEMORIAL HOSPITAL,601 ELMWOOD AVE,ROCHESTER,14642,Short Term,36055,POINT (-77.623587 43.122832),[C330285-A],20240308,20210725,1,9352,8316,7378,6185,5183,44,33,7,-999999,8414,1127,931.0,871.0,725.0,4,4.0,0.0,0.0,0.0,7,7,7,7,7,7,7,7,7,7,7,7,7,7,7,7,7,7,7,10,0,-999999,4,0,0,-999999,-999999,-999999,0.0,-999999,37,8,0,4,-999999,0,-999999,-999999,-999999,0,0.0,4,2420,0.0,0,7,7,7,7,0.0,,24.0,,250.0,,15618.0,,3663.0,,16350.0,,1336.0,1188.0,1054.0,883.6,740.4,6.3,4.7,-999999.0,-999999.0,1202.0,161.0,133.0,124.4,103.6,-999999.0,-999999.0,0.0,0.0,0.0
050025,CA,050025,UC SAN DIEGO HEALTH HILLCREST - HILLCREST MED CTR,200 WEST ARBOR DRIVE,SAN DIEGO,92103,Short Term,06073,POINT (-117.165844 32.754258),"[C050025-A, C050025-B]",20230623,20210730,1,5810,5250,4508,4151,3922,249,209,0,0,5068,1183,707.0,840.0,611.0,68,66.0,0.0,0.0,0.0,7,7,7,7,7,7,7,7,7,7,7,7,7,7,7,7,7,7,7,14,0,4,-999999,-999999,4,-999999,-999999,0,0.0,0,524,19,0,-999999,9,-999999,0,5,-999999,0,0.0,0,1685,0.0,0,7,7,7,7,74.0,,140.0,,32.0,,10771.0,,2309.0,,231.0,,830.0,750.0,644.0,593.0,560.3,35.6,29.9,0.0,0.0,724.0,169.0,101.0,120.0,87.3,9.7,9.4,0.0,0.0,0.0
050262,CA,050262,RONALD REAGAN UCLA MEDICAL CENTER,757 WESTWOOD PLAZA,LOS ANGELES,90095,Short Term,06037,POINT (-118.44562 34.06617),[C050262-A],20230623,20210730,1,3199,2723,2492,2833,2474,207,200,5,5,2968,1085,763.0,972.0,719.0,90,89.0,0.0,0.0,0.0,7,7,7,7,7,7,7,7,7,7,7,7,7,7,7,7,7,7,7,0,0,0,0,0,0,0,0,0,0.0,0,163,0,0,0,0,0,0,0,0,0,0.0,0,966,0.0,0,7,7,7,7,7.0,,9.0,,9.0,,1909.0,,339.0,,102.0,,457.0,389.0,356.0,404.7,353.4,29.6,28.6,-999999.0,-999999.0,424.0,155.0,109.0,138.9,102.7,12.9,12.7,0.0,0.0,0.0
050373,CA,050373,LAC+USC MEDICAL CENTER,"1200 N STATE ST, ROOM C2K100",LOS ANGELES,90033,Short Term,06037,POINT (-118.208376 34.057996),[C050373-A],20230623,20210730,1,4338,3934,3790,3513,3294,148,133,-999999,-999999,4194,883,657.0,720.0,577.0,46,42.0,0.0,0.0,0.0,7,7,7,7,7,7,7,7,7,7,7,7,7,7,7,7,7,7,7,20,0,4,-999999,-999999,-999999,4,-999999,-999999,0.0,-999999,93,8,0,-999999,0,-999999,4,-999999,-999999,0,0.0,-999999,3092,0.0,0,7,7,7,7,75.0,,165.0,,15.0,,8001.0,,7070.0,,202.0,,619.7,562.0,541.4,501.9,470.6,21.1,19.0,-999999.0,-999999.0,599.1,126.1,93.9,102.9,82.4,6.6,6.0,0.0,0.0,0.0
050441,CA,050441,STANFORD HEALTH CARE,300 PASTEUR DRIVE,STANFORD,94305,Short Term,06085,POINT (-122.175944 37.433018),[C050441-A],20230623,20210730,1,4652,4533,4533,4498,4498,161,137,0,0,4533,833,833.0,626.0,626.0,42,38.0,0.0,0.0,0.0,7,7,7,7,7,7,7,7,7,7,7,7,7,7,7,7,7,7,7,27,0,-999999,6,5,5,5,-999999,0,0.0,0,86,269,-999999,24,48,28,32,52,44,39,0.0,-999999,1930,0.0,0,7,7,7,7,0.0,,71.0,,113.0,,28312.0,,4868.0,,79.0,,664.6,647.6,647.6,642.6,642.6,23.0,19.6,0.0,0.0,647.6,119.0,119.0,89.4,89.4,6.0,5.4,0.0,0.0,0.0
050454,CA,050454,UCSF MEDICAL CENTER,"505 PARNASSUS AVE, BOX 0296",SAN FRANCISCO,94143,Short Term,06075,POINT (-122.457544 37.762452),"[C050454-C, C050454-B, C050454-D, C050454-A]",20230623,20210730,1,5943,4235,4235,4634,3508,217,217,8,6,5943,1386,714.0,1088.0,534.0,108,108.0,24.0,0.0,148.0,7,7,7,7,7,7,7,7,7,7,7,7,7,7,7,7,7,7,7,9,0,-999999,0,4,-999999,0,-999999,0,0.0,0,43,0,0,0,0,0,0,0,0,0,0.0,0,1057,0.0,0,7,7,7,7,,,,,,,,,,,,,849.0,605.0,605.0,662.0,501.1,31.0,31.0,-999999.0,-999999.0,849.0,198.0,102.0,155.4,76.3,15.4,15.4,-999999.0,0.0,21.1
050625,CA,050625,CEDARS-SINAI MEDICAL CENTER,8700 BEVERLY BLVD,LOS ANGELES,90048,Short Term,06037,POINT (-118.380122 34.075496),[C050625-A],20230623,20210730,1,5913,5780,5780,5591,5509,437,362,9,0,5913,1155,756.0,958.0,721.0,124,105.0,0.0,0.0,0.0,7,7,7,7,7,7,7,7,7,7,7,7,7,7,7,7,7,7,7,41,0,4,7,7,6,4,8,5,0.0,0,120,19,0,0,0,-999999,-999999,4,7,5,0.0,-999999,1831,0.0,0,7,7,7,7,206.0,,246.0,,84.0,,15834.0,,3378.0,,247.0,,844.7,825.7,825.7,798.7,787.0,62.4,51.7,-999999.0,0.0,844.7,165.0,108.0,136.9,103.0,17.7,15.0,0.0,0.0,0.0
330005,NY,330005,KALEIDA HEALTH,100 HIGH STREET,BUFFALO,14210,Short Term,36029,POINT (-78.865984 42.900906),"[C330005-B, C330005-A]",20230623,20210730,1,6853,6853,6328,4440,4440,102,96,0,0,6328,1505,1505.0,902.0,902.0,28,28.0,0.0,0.0,0.0,7,7,7,7,7,7,7,7,7,7,7,7,7,7,7,7,7,7,7,12,0,-999999,-999999,-999999,-999999,-999999,-999999,-999999,0.0,0,90,-999999,0,-999999,0,0,0,0,-999999,-999999,0.0,0,2053,0.0,0,7,7,7,7,-999999.0,,-999999.0,,4.0,,4792.0,,1757.0,,420.0,,979.0,979.0,904.0,634.3,634.3,14.6,13.7,0.0,0.0,904.0,215.0,215.0,128.9,128.9,4.0,4.0,0.0,0.0,0.0
330024,NY,330024,MOUNT SINAI HOSPITAL,ONE GUSTAVE L LEVY PLACE,NEW YORK,10029,Short Term,36061,POINT (-73.953392 40.790390),"[C330024-B, C330024-A]",20230623,20210730,1,11291,10381,8645,7293,6640,450,221,56,6,9555,1028,881.0,850.0,713.0,55,28.0,0.0,0.0,0.0,7,7,7,7,7,7,7,7,7,7,7,7,7,7,7,7,7,7,7,22,0,-999999,4,4,-999999,-999999,-999999,5,0.0,-999999,879,18,0,-999999,-999999,-999999,-999999,7,-999999,-999999,0.0,-999999,4138,0.0,0,7,7,7,7,172.0,,306.0,,168.0,,17539.0,,10447.0,,471.0,,1613.0,1483.0,1235.0,1041.9,948.6,64.3,31.6,8.0,-999999.0,1365.0,146.9,125.9,121.4,101.9,7.9,4.0,0.0,0.0,0.0
330059,NY,330059,MONTEFIORE MEDICAL CENTER,111 EAST 210TH STREET,BRONX,10467,Short Term,36005,POINT (-73.879897 40.879872),"[C330059-C, C330059-B, C330059-A, C330059-D]",20230623,20210730,1,11473,10094,10094,9189,8266,219,219,14,5,11473,1442,861.0,1223.0,700.0,46,46.0,0.0,0.0,0.0,7,7,7,7,7,7,7,7,7,7,7,7,7,7,7,7,7,7,7,42,0,-999999,7,5,10,5,7,5,-999999.0,-999999,2026,0,0,0,0,0,0,0,0,0,0.0,0,5138,0.0,0,7,7,7,7,,,,,,,,,,,,,1639.0,1442.0,1442.0,1312.7,1180.9,31.3,31.3,-999999.0,-999999.0,1639.0,206.0,123.0,174.7,100.0,6.6,6.6,0.0,0.0,0.0
330101,NY,330101,NEW YORK-PRESBYTERIAN HOSPITAL,525 EAST 68TH STREET,NEW YORK,10065,Short Term,36061,POINT (-73.954509 40.764355),"[C330101-A, C330101-H, C330101-D, C330101-F, C330101-G, C330101-C, C330101-E]",20230623,20210730,1,22452,18287,16579,17311,14289,774,293,28,8,20436,3542,1983.0,3112.0,1774.0,123,61.0,,,,7,7,7,7,7,7,7,7,7,7,7,7,7,7,7,7,0,0,0,32,0,4,-999999,5,4,9,-999999,6,0.0,-999999,385,184,-999999,14,25,21,33,30,37,21,0.0,4,7187,,0,7,7,7,7,,,,,,,,,,,,,3207.4,2612.4,2368.4,2473.0,2041.3,110.6,41.9,4.0,-999999.0,2919.4,506.0,283.3,444.6,253.4,17.6,8.7,,,
330214,NY,330214,NYU LANGONE HOSPITALS,550 FIRST AVENUE,NEW YORK,10016,Short Term,36061,POINT (-73.974303 40.742311),"[C330214-B, C330214-A, C330214-C, C330214-D]",20230623,20210730,1,16772,14238,12278,10663,8676,238,225,14,11,14994,2779,1834.0,2163.0,1365.0,52,48.0,,,,7,7,7,7,7,7,7,7,7,7,7,7,7,7,7,7,0,0,0,48,0,12,7,7,5,8,4,5,0.0,-999999,2124,8,-999999,-999999,-999999,-999999,-999999,-999999,-999999,0,0.0,-999999,5377,,0,7,7,7,7,476.0,,619.0,,303.0,,33667.0,,9989.0,,34041.0,,2396.0,2034.0,1754.0,1523.3,1239.4,34.0,32.1,-999999.0,-999999.0,2142.0,397.0,262.0,309.0,195.0,7.4,6.9,,,
330285,NY,330285,STRONG MEMORIAL HOSPITAL,601 ELMWOOD AVE,ROCHESTER,14642,Short Term,36055,POINT (-77.623587 43.122832),[C330285-A],20230623,20210730,1,9352,8316,7378,6310,5276,62,48,5,-999999,8414,1127,931.0,876.0,715.0,9,8.0,0.0,0.0,0.0,7,7,7,7,7,7,7,7,7,7,7,7,7,7,7,7,7,7,7,13,0,-999999,-999999,-999999,-999999,-999999,-999999,0,0.0,-999999,34,11,-999999,-999999,-999999,0,-999999,-999999,0,0,0.0,-999999,2280,0.0,0,7,7,7,7,0.0,,24.0,,612.0,,16230.0,,3324.0,,16350.0,,1336.0,1188.0,1054.0,901.4,753.7,8.9,6.9,-999999.0,-999999.0,1202.0,161.0,133.0,125.1,102.1,-999999.0,-999999.0,0.0,0.0,0.0
